ID,Cliente,Producto,Region,Edad,Precio,Fecha,Ventas
8714,Alejandro Diaz,Silla,Norte ,48,920.36,2025-12-01,1724.72
6232,Carlos Ramirez,Monitor,Centro,33,$842.61,Marzo 2 2025,685.67
6208,Alejandro Diaz,Monitor,NORTE,30,sin dato,2024-09-11,1413.56
1264,Camila Reyes,Teclado,Norte,48,478.63,07-01-2024,1549.1
2129,Diego Romero,Mouse,,30,$795.32,2024-12-19,1886.58
7536,Valeria Mendoza,LAPTOP,Norte,51,$-454.28,Noviembre 26 2025,1474.7
5362,Jose Martinez,Camara,sur,360,1006.99,18/03/2026,1402.18
2779,Daniela Cruz, Monitor,Centro,33,$855.42,32/13/2026,1401.9
6590,Laura Sanchez,Tablet,Sur,49,907.75,Febrero 22 2026,1316.37
9700,Daniela Cruz,Laptop,Sur,42,$659.89,32/13/2026,1280.77
3688,Jorge Morales,Tablet,occidente,41,882.12,2025-10-11,1071.81
5605,Sofia Torres,Escritorio,Occidente,35,790.21,2026-05-18,1180.64
2953,Ana Garcia,Camara, Occidente,40,780.55,2026-01-21,831.26
5410,Valeria Mendoza, Mouse,Occidente,24,960.68,02-24-2024,1691.68
1091,Luis Hernandez,Monitor,norte,21,754.76,Octubre 25 2024,1468.46
5502,Isabel Guzman,Silla,Centro,20,458.16,02/11/2025,1043.32
2889,Miguel Flores, Escritorio,Occidente,55,$841.68,2025-07-17,1393.97
3269,Alejandro Diaz,Teclado,Centro,39,503.61,06/12/2024,1690.64
657,Maria Lopez,Laptop,Norte,70,549.88,2024-04-09,1203.97
3964,Paola Rios,Camara,NORTE,40,$195.45,Marzo 5 2024,1306.3
8857,Luis Hernandez,Teclado,Sur,30,sin dato,Marzo 18 2026,1690.45
4351,Pedro Aguilar,Tablet,occidente,23,578.38,2024-05-19,1578.03
763,Diego Romero,Silla,OCCIDENTE,50,"$1,676.62",11-03-2024,1236.92
6295,Jorge Morales,Mouse,,53,1147.80,Abril 26 2025,1248.87
609,Sofia Torres,MONITOR,Norte,10,1146.49,2026-01-07,1025.18
6255,Miguel Flores,Escritorio,Norte ,35,"$1,236.16",Octubre 28 2024,1454.78
7682,Laura Sanchez,Tablet,Norte,42,$811.21,32/13/2026,1715.7
6070,Daniela Cruz, Teclado,Norte,55,543.19,07-22-2024,1696.41
1244,Carlos Ramirez,Mouse,Occidente,21,"$1,249.93",03/04/2026,1517.36
8244,Pedro Aguilar,Laptop,Occidente,49,1016.41,2025-01-04,1824.47
8458,Miguel Flores,Mouse,Occidente,54,$705.06,2024-07-29,1254.46
4699,Diego Romero, Monitor, Norte,,$492.26,09/09/2025,1113.46
8775,Isabel Guzman,Laptop,sur,41,522.99,12/07/2024,797.64
9415,Jose Martinez,Teclado,Sur,61,"$1,047.31",Agosto 5 2025,1649.44
852,Pedro Aguilar,Escritorio,occidente,51,$669.93,04/10/2024,1327.54
6581,Valeria Mendoza,Monitor,Sur ,33,634.42,11-27-2025,1417.34
389,Maria Lopez,Monitor,Centro,40,$898.47,Agosto 17 2025,1874.07
2029,Valeria Mendoza,Laptop,Sur,20,$-509.53,2025-08-30,1706.43
3867,Andres Ortiz,Laptop,Centro ,39,$978.08,09-15-2024,2169.44
2574,Sofia Torres,Silla,norte,24,"$1,081.61",01-20-2024,1594.37
4523,Daniela Cruz, Impresora, Sur,50,1181.74,2026-06-12,1422.02
3993,Laura Sanchez,Tablet,Centro,58,"$1,450.32",21/06/2024,1894.15
7259,Fernanda Castro,Tablet,,27,658.75,04/10/2025,915.19
9131,Ana Garcia,Teclado,OCCIDENTE,45,624.11,03-19-2025,1226.07
883,Sofia Torres,TECLADO,NORTE,44,$815.77,03-01-2024,1779.27
8155,Daniela Cruz,Camara,centro,31,1240.09,30/08/2025,1944.1
1230,Ana Garcia,Bocina,NORTE,27,856.29,12-20-2025,1020.82
8493,Miguel Flores,Mouse,Occidente,41,$597.73,Mayo 22 2024,1534.38
4760,Alejandro Diaz,Escritorio,Sur,42,"$1,100.92",06-02-2026,1539.26
5737,Ana Garcia,Escritorio,Centro,34,$445.79,,1570.47
404,Andres Ortiz,Escritorio,Norte,38,$-667.47,10/09/2024,1198.38
7488,Isabel Guzman,Bocina,Centro,28,"$1,093.00",05-10-2024,1408.18
8575,Sofia Torres, Laptop,sur,25,1580.60,02-04-2025,1775.62
6888,Camila Reyes,Monitor,Norte,39,951.60,2025-11-24,1719.73
3617,Luis Hernandez,Laptop,norte,38,"$1,358.57",2024-02-03,1157.91
5614,Pedro Aguilar,Mouse,sur,41,$122.61,2024-10-27,1412.21
2406,Carlos Ramirez,Bocina,Occidente,14,456.28,,1341.82
4382,Paola Rios,Laptop,?,49,559.47,Agosto 5 2024,1011.01
6664,Diego Romero,ESCRITORIO,Norte,28,1185.79,03-18-2024,1999.27
5658,Maria Lopez,Tablet,Centro,37,1524.16,,1876.69
5331,Pedro Aguilar,Bocina,Sur,50,"$1,158.39",09-10-2024,1452.08
2863,Diego Romero,Teclado,Sur,40,1220.87,Marzo 6 2025,1572.24
3433,Maria Lopez,Tablet,Sur,21,$690.12,Junio 26 2025,804.34
5101,Diego Romero,Mouse,Centro,50,"$1,347.39",Enero 6 2026,833.02
6989,Andres Ortiz,Impresora,norte,36,$863.75,Agosto 29 2024,1612.7
5049,Sofia Torres,Impresora,norte,51,"$1,184.93",05/04/2025,1053.88
3276,Camila Reyes,Bocina,Norte,58,$985.43,25/06/2024,1001.99
8830,Jose Martinez,Impresora,Sur,49,"$1,216.38",07/08/2024,2122.65
3160,Isabel Guzman, Laptop,SUR,30,"$1,458.85",Enero 26 2026,1450.78
3318,Paola Rios,Impresora, Occidente,34,603.16,27/09/2024,1504.05
749,Laura Sanchez,Escritorio,Norte,33,$713.50,2025-03-28,1178.65
7409,Laura Sanchez, Tablet,Centro,43,"$1,151.32",24/11/2025,1509.22
5063,Sofia Torres,Impresora,Occidente,50,"$1,274.14",21/05/2025,1269.67
1773,Pedro Aguilar,Tablet,Norte,desconocida,$953.22,2025-10-18,2231.42
2730,Miguel Flores,Teclado, Centro,27,505.45,24/01/2024,768.47
4229,Sofia Torres,Bocina,Norte,26,"$-1,093.01",07-19-2024,897.97
8512,Daniela Cruz,Laptop,NORTE,35,$-776.22,07-21-2025,1533.26
4215,Valeria Mendoza,Mouse,Sur,36,"$1,396.09",02-01-2024,1246.58
5899,Isabel Guzman,Teclado,CENTRO,31,$753.84,05/08/2025,1610.95
3847,Diego Romero,Teclado,Norte,26,$823.25,07-21-2025,2066.33
6131,Sofia Torres,Mouse,Occidente,40,$694.01,Febrero 24 2025,1215.45
2209,Camila Reyes,Escritorio,Occidente,56,1214.32,05-07-2026,1969.37
2245,Carlos Ramirez,Bocina,Sur,30,1251.07,29/12/2024,1409.71
4252,Luis Hernandez,Impresora,norte,18,$687.21,32/13/2026,942.85
4165,Carlos Ramirez,Mouse,sur,28,1325.24,09-27-2025,1016.17
2898,Alejandro Diaz,TABLET,centro,44,"$1,195.94",27/05/2026,1733.78
2044,Carlos Ramirez,Impresora,Norte,22,886.44,Octubre 17 2024,1417.29
3561,Luis Hernandez,Tablet,Norte,52,$443.19,2025-08-01,1175.02
1749,Pedro Aguilar, Camara,N/A,26,$434.49,2025-08-04,1790.42
8531,Carlos Ramirez,Silla,Sur,59,846.88,30/04/2026,2277.28
2879,Valeria Mendoza,Monitor,Occidente,45,1116.44,03-02-2024,1469.83
5082,Andres Ortiz,Monitor,norte,26,$867.57,2024-10-14,1518.71
439,Camila Reyes,Mouse,Norte,42,"$1,586.80",2025-01-11,1823.01
9703,Ana Garcia,Laptop,Occidente,27,$560.67,2024-04-02,1199.63
8806,Ana Garcia,Teclado,Norte ,24,"$1,006.68",2026-01-02,939.81
6567,Valeria Mendoza,IMPRESORA,Centro ,54,sin dato,Septiembre 8 2025,1885.71
8804,Diego Romero,Teclado,Sur ,50,716.61,06-09-2026,620.41
8632,Alejandro Diaz,MONITOR,Occidente,42,190.34,Enero 27 2024,1902.72
3303,Miguel Flores,Laptop,occidente,25,945.18,19/02/2025,1075.45
4643,Camila Reyes,Monitor,Sur,43,$-912.68,2025-02-27,1681.34
4033,Jorge Morales,Monitor, Sur,32,511.77,,2153.98
1967,Ricardo Vargas, Laptop,Norte,49,324.76,2026-01-30,1789.66
1997,Jose Martinez,Laptop,SUR,36,517.55,2024-10-05,1468.67
5059,Pedro Aguilar,BOCINA,CENTRO,46,$431.58,Junio 2 2026,1260.73
3625,Diego Romero,Tablet,Norte,33,$725.91,2024-12-17,1423.24
7909,Sofia Torres,Impresora,Occidente,45,$763.91,04-29-2025,1172.39
6752,Alejandro Diaz,Bocina, Sur,40,694.64,03-16-2026,1132.79
4657,Andres Ortiz,Impresora,occidente,27,"$1,216.71",17/10/2025,1676.25
5645,Ana Garcia,Monitor, Occidente,32,$572.95,2024-12-13,746.48
5118,Pedro Aguilar,Silla,sur,,888.21,04-27-2025,1071.48
691,Isabel Guzman,BOCINA,sur,23,$845.85,30/06/2025,1136.49
632,Camila Reyes,Impresora,OCCIDENTE,47,$763.42,Agosto 20 2025,1294.78
8888,Daniela Cruz,Escritorio,CENTRO,34,$879.07,11-29-2024,1239.81
6022,Ricardo Vargas, Impresora,Centro ,58,sin dato,Abril 14 2026,1601.92
5776,Andres Ortiz,Mouse,OCCIDENTE,27,"$1,051.71",23/01/2026,1770.27
916,Miguel Flores,Tablet,Centro,27,1498.90,2025-10-18,1477.18
9227,Jorge Morales,Monitor,Occidente ,36,$981.58,09-19-2025,1215.52
3699,Diego Romero,Mouse,Sur,60,"$1,274.92",2024-07-03,1693.82
8230,Carlos Ramirez,Mouse,Sur,47,$561.71,2025-02-27,1293.7
3978,Carlos Ramirez,Teclado,Centro,45,324.56,08-27-2025,1449.51
9117,Jorge Morales,Impresora, Occidente,23,718.83,09-05-2024,1616.64
8561,Isabel Guzman,Impresora,Norte,52,$163.53,Agosto 4 2024,1634.92
6293,Jose Martinez,Impresora,Sur ,47,$723.18,Abril 13 2026,1197.99
869,Ana Garcia,Tablet,OCCIDENTE,45,875.46,,1185.06
8832,Daniela Cruz,MOUSE,Sur,42,925.31,Abril 27 2024,1351.97
5263,Fernanda Castro,Impresora,Occidente ,23,$992.22,2026-02-08,1501.26
9465,Ricardo Vargas,Escritorio,Centro,28,$311.35,2025-12-07,1793.34
9928,Andres Ortiz,Mouse, Sur,40,1157.10,21/03/2024,1562.29
3262,Miguel Flores,Silla,Centro,22,845.17,2026-03-18,1697.72
7614,Carlos Ramirez,ESCRITORIO,Norte,29,1280.00,2025-03-18,1375.27
1588,Fernanda Castro,LAPTOP,Sur ,31,663.05,26/10/2025,932.15
572,Jose Martinez,Monitor,Norte,31,$941.40,11/03/2024,1501.2
5278,Sofia Torres,SILLA,Norte,41,528.47,32/13/2026,1354.93
8537,Pedro Aguilar,Mouse,Sur,47,1078.00,2026-06-06,1571.62
3827,Laura Sanchez,Impresora,Centro,18,645.58,2025-12-04,848.9
6502,Isabel Guzman,Impresora,Norte,30,"$1,089.01",,1681.63
3406,Jose Martinez,Silla,OCCIDENTE,6,"$1,031.37",04-09-2026,546.79
6474,Pedro Aguilar,Bocina,Sur,14,890.05,Abril 27 2025,762.98
2978,Alejandro Diaz, Teclado,CENTRO,38,$629.67,Diciembre 4 2025,1266.43
9326,Daniela Cruz,Tablet, Centro,44,985.12,,1366.25
6441,Jorge Morales,Laptop,SUR,20,889.30,2025-02-17,1438.25
2499,Paola Rios,Silla,Norte,22,738.48,,1384.7
3172,Ana Garcia,Tablet,Norte,36,$420.38,2025-11-11,1897.13
1901,Alejandro Diaz,Teclado,Centro,45,"$1,423.64",Diciembre 5 2025,1678.16
9506,Isabel Guzman,Tablet,Occidente,50,628.59,2025-01-04,1743.97
871,Fernanda Castro,Silla,Centro,30,$839.84,Noviembre 6 2024,2001.29
63,Miguel Flores,Tablet,Norte,67,969.59,2024-11-30,1949.81
5374,Sofia Torres,LAPTOP,Norte,35,414.58,Octubre 24 2025,1466.2
3621,Camila Reyes,Mouse, Centro,38,sin dato,09-20-2024,745.5
2316,Alejandro Diaz,Teclado, Sur,33,sin dato,10-18-2024,1436.76
9557,Andres Ortiz,Teclado,Norte,38,"$1,238.77",17/05/2025,2050.9
3360,Andres Ortiz,Monitor,Occidente,29,1023.45,2025-04-16,1073.48
5822,Valeria Mendoza,Impresora,Norte,29,541.07,07/04/2024,1182.08
1268,Carlos Ramirez,TABLET,Norte,14,813.63,03-18-2025,1420.96
66,Ana Garcia,Silla,Sur,26,1181.30,Diciembre 3 2024,1086.27
7342,Jorge Morales,Tablet,Centro,44,$681.66,11-22-2024,1090.87
9383,Carlos Ramirez,Laptop,Occidente,42,1051.57,2024-04-15,966.82
1783,Valeria Mendoza,LAPTOP,centro,47,$520.60,05-23-2025,1156.88
8729,Laura Sanchez,Escritorio,Sur,28,$353.33,14/12/2024,1553.06
8884,Fernanda Castro,Silla,Centro ,33,1162.50,2026-06-12,1067.67
6017,Alejandro Diaz,Laptop,Occidente,27,"$1,064.76",11/01/2024,1557.19
9889,Alejandro Diaz,Escritorio,centro,45,"$1,257.44",03-15-2025,1605.21
4027,Maria Lopez,Monitor,N/A,37,447.21,Septiembre 2 2025,1452.49
8363,Luis Hernandez,Monitor, Centro,38,$571.14,11-29-2024,1691.13
7066,Ricardo Vargas,Camara,OCCIDENTE,30,sin dato,20/04/2026,1344.65
6081,Maria Lopez,Impresora,occidente,19,1094.23,09/05/2025,1336.33
2200,Maria Lopez,Monitor,?,36,$432.66,03-11-2025,1898.48
8841,Carlos Ramirez,Tablet,Norte,44,$736.12,2025-07-24,1107.35
9173,Diego Romero,Teclado,Centro,47,736.11,Febrero 3 2025,907.05
5012,Camila Reyes,Monitor,OCCIDENTE,29,846.42,2024-02-04,1627.68
6485,Paola Rios,Tablet,Occidente,49,907.12,Junio 12 2024,1297.47
2442,Valeria Mendoza,Escritorio,centro,34,283.92,32/13/2026,1967.43
2396,Isabel Guzman,Mouse,Centro,34,$859.63,2025-07-14,1339.5
1173,Andres Ortiz,Impresora,Centro,33,806.60,Junio 9 2026,1777.76
3107,Alejandro Diaz,Impresora,norte,45,"$1,018.37",01-22-2026,1651.54
7562,Alejandro Diaz, Silla,Occidente,33,1024.51,09-08-2025,1381.42
1408,Camila Reyes, Escritorio,norte,47,$341.13,03/11/2024,1458.98
7308,Sofia Torres,Laptop,Centro,42,"$1,520.54",2025-04-11,2043.37
53,Pedro Aguilar,Mouse,Centro ,49,$401.01,10/06/2024,1632.07
4918,Camila Reyes,Bocina,Centro,48,1020.24,Abril 21 2024,1374.67
5937,Jose Martinez,Camara,Centro,49,1150.87,11-26-2025,1749.14
2464,Sofia Torres,Monitor,Occidente,35,183.92,2025-09-16,1449.2
6260,Ana Garcia,Teclado,occidente,44,"$1,446.72",10/12/2024,1305.64
718,Jose Martinez,Camara,Sur ,29,$891.20,13/03/2025,1503.24
1181,Diego Romero,Mouse,Centro,29,sin dato,21/04/2024,1908.11
7945,Jorge Morales,Laptop,Norte,56,$50.00,21/07/2025,1902.52
8507,Laura Sanchez,Silla,Norte,27,$592.04,2024-05-30,1134.19
8531,Carlos Ramirez,Silla,Sur,59,846.88,30/04/2026,2268.96
3709,Luis Hernandez,LAPTOP,Sur,40,1223.37,05-14-2025,770.16
1731,Isabel Guzman,IMPRESORA,N/A,41,$468.67,03/06/2024,1857.62
4104,Andres Ortiz,Mouse,norte,31,1311.64,18/08/2024,1142.55
1978,Luis Hernandez, Impresora,Norte,53,$757.79,08-12-2025,1228.66
897,Maria Lopez,Laptop,Norte,37,$545.09,03-15-2025,1058.6
8241,Maria Lopez, Teclado,Centro ,36,814.33,Enero 24 2025,1263.43
9834,Maria Lopez,Tablet,Centro,-2,817.46,2024-08-04,1065.72
6018,Andres Ortiz,Mouse, Sur,43,$447.57,2025-09-03,1242.92
8122,Maria Lopez,Impresora,Centro,31,$576.97,10-20-2024,1439.88
2339,Ricardo Vargas,Teclado,occidente,28,928.36,20/01/2024,1210.57
501,Sofia Torres, Silla,Norte,53,$605.70,32/13/2026,1490.32
6310,Alejandro Diaz,Bocina,Centro,43,sin dato,10-22-2025,714.46
5354,Alejandro Diaz,Monitor,Norte,26,"$1,348.27",04-17-2026,2086.35
7189,Miguel Flores,Monitor,Centro ,49,686.30,Mayo 6 2025,1602.07
1253,Sofia Torres,Laptop,Occidente,32,$573.08,02-28-2025,986.12
2018,Maria Lopez,Tablet,Centro,42,568.20,05-27-2024,1843.2
8662,Carlos Ramirez,Monitor,NORTE,38,$834.31,10-19-2025,1323.75
7670,Diego Romero,Escritorio,centro,21,777.42,26/07/2025,1623.7
4800,Camila Reyes, Laptop,norte,42,$844.43,08/03/2025,919.85
7997,Alejandro Diaz,Impresora,Occidente,58,sin dato,05/05/2025,2310.06
4426,Pedro Aguilar,Escritorio, Centro,5,"$1,200.64",Mayo 4 2024,1156.72
6735,Laura Sanchez,Bocina,NORTE,18,$890.12,2026-02-09,798.57
3921,Daniela Cruz,Mouse,Sur,56,$646.92,Abril 11 2026,1145.59
4407,Jose Martinez,Monitor,sur,-4,"$1,003.01",04/05/2024,1292.62
9232,Fernanda Castro,Mouse,Occidente,57,$488.98,Noviembre 5 2024,1395.88
5949,Maria Lopez,Escritorio,occidente,32,869.41,12/02/2024,1247.52
379,Valeria Mendoza,Monitor,Norte,34,609.17,2024-07-18,1243.45
5616,Luis Hernandez, Tablet,Occidente,50,$681.29,29/01/2026,1912.78
7515,Laura Sanchez,Teclado,SUR,43,$707.83,08-05-2025,1226.31
9899,Luis Hernandez,Impresora, Centro,-6,$615.03,2025-07-16,1643.16
1392,Ricardo Vargas,Teclado,Norte ,41,$-907.18,05/11/2025,1699.32
6827,Andres Ortiz,Impresora, Centro,41,$771.10,Diciembre 29 2025,1751.58
8167,Maria Lopez, Monitor,occidente,38,"$-1,245.86",Agosto 24 2024,634.62
346,Fernanda Castro,Teclado,Centro ,10,1100.33,03-04-2024,1526.44
9055,Diego Romero,Monitor,Occidente,20,869.47,03-08-2026,1373.84
6767,Andres Ortiz,Bocina,Centro,-2,"$1,288.92",30/12/2024,1758.12
7913,Pedro Aguilar, Silla,OCCIDENTE,26,978.31,2024-09-30,2076.86
3024,Camila Reyes,Camara,Sur,37,"$1,238.71",32/13/2026,1188.75
1364,Paola Rios,Camara,Sur,29,$960.78,20/06/2024,1949.03
1720,Ana Garcia,Escritorio, Sur,51,704.60,Abril 28 2025,1545.52
1024,Diego Romero,Monitor,OCCIDENTE,34,726.59,04-24-2025,1204.62
1299,Sofia Torres,Tablet,Norte,11,"$1,137.12",,805.27
7328,Jose Martinez,Mouse,Norte,30,"$1,194.97",32/13/2026,1912.52
5179,Diego Romero,Laptop,Sur,19,"$1,121.57",2024-08-23,2091.68
8721,Ana Garcia,Monitor,Centro,44,873.19,Octubre 30 2025,1232.35
9460,Ana Garcia,Mouse,Occidente,72,900.65,09-15-2025,1801.91
9312,Daniela Cruz,MOUSE,Sur,27,974.94,Septiembre 11 2025,1593.37
3311,Diego Romero, Escritorio,Norte,47,$772.40,11-22-2024,1204.25
2435,Isabel Guzman,Impresora,CENTRO,45,"$1,340.79",04-23-2026,561.83
7712,Fernanda Castro,Bocina,sur,41,946.50,02-29-2024,1390.35
7611,Alejandro Diaz,Monitor,Centro,37,$606.43,Marzo 2 2026,1808.67
7955,Isabel Guzman,Tablet,Sur,40,624.10,2024-09-21,1852.17
4497,Carlos Ramirez,Escritorio,Sur,52,"$1,290.03",03-05-2025,1318.06
9203,Fernanda Castro,Impresora,Centro ,-3,$223.99,2024-03-29,1055.83
9373,Jose Martinez,LAPTOP, Sur,25,$968.49,02/03/2025,1058.18
6388,Fernanda Castro,Camara,Occidente,42,sin dato,2026-03-05,1555.33
164,Isabel Guzman,LAPTOP,Sur,25,909.07,09/06/2025,1276.29
7372,Daniela Cruz,Teclado,Occidente,23,$333.11,Marzo 16 2025,1340.04
2012,Paola Rios,TECLADO,sur,29,sin dato,19/12/2024,1090.55
8174,Maria Lopez,Tablet,Sur,desconocida,$552.06,15/06/2024,1630.8
1527,Miguel Flores, Camara,CENTRO,33,1174.31,22/03/2026,1327.95
2550,Valeria Mendoza,Monitor,Centro,37,1147.08,Junio 6 2026,1075.94
7171,Fernanda Castro, Impresora, Norte,22,1472.71,2026-02-26,1733.72
3476,Pedro Aguilar,Laptop,Sur,32,"$1,117.15",06/03/2024,1936.56
695,Carlos Ramirez,Impresora,Norte,69,$882.35,27/04/2025,1323.46
9312,Daniela Cruz,MOUSE,Sur,27,974.94,Septiembre 11 2025,1593.37
8084,Daniela Cruz,CAMARA,centro,36,795.76,04/01/2026,1492.59
5139,Carlos Ramirez,Teclado,Norte,35,$535.37,17/07/2025,1240.07
2710,Maria Lopez, Monitor,Norte ,63,$484.49,03/04/2025,1220.46
4707,Paola Rios, Mouse, Occidente,27,$377.45,08/02/2026,1170.42
8427,Andres Ortiz,BOCINA,NORTE,35,$917.99,29/12/2025,1692.5
7509,Valeria Mendoza,Mouse,Norte,53,1390.84,2024-10-17,1937.87
2996,Carlos Ramirez,Teclado,Norte,46,"$-1,191.20",Febrero 28 2025,1097.34
3998,Maria Lopez,Mouse,Norte,50,$524.19,2025-09-03,1414.3
2515,Miguel Flores,Impresora,Norte,31,sin dato,,1072.68
9178,Fernanda Castro,Escritorio,Occidente,47,sin dato,01-17-2024,597.91
1874,Pedro Aguilar,Impresora,occidente,36,635.22,2026-02-27,2037.47
2786,Andres Ortiz, Camara,centro,49,1027.13,05-04-2026,1555.92
9462,Luis Hernandez,Impresora,sur,36,$888.61,07-12-2024,1637.23
2606,Carlos Ramirez,Escritorio,Centro,-1,sin dato,05-09-2026,1343.97
4939,Camila Reyes,Teclado,Centro ,-9,$946.85,19/06/2025,1599.3
6572,Carlos Ramirez,Impresora,Centro,-8,683.71,2024-06-10,1549.78
98,Paola Rios,Impresora,Centro,45,$815.58,01-31-2025,1977.55
7013,Luis Hernandez,Laptop,Centro,48,$511.66,23/01/2024,1470.85
8399,Miguel Flores,Bocina,Centro ,38,1025.83,Octubre 14 2024,1000.58
5558,Alejandro Diaz,Impresora,Sur,23,111.34,2024-09-11,712.93
5787,Ricardo Vargas,Bocina,Occidente ,75,1296.11,03-12-2024,1680.03
5548,Andres Ortiz,Bocina,Centro,30,1036.10,,1411.23
9063,Miguel Flores,Monitor,norte,47,"$1,172.63",2024-09-01,1338.95
2452,Paola Rios,Tablet,Occidente,45,"$1,045.36",2024-11-05,1565.7
9548,Laura Sanchez,Monitor,Centro,41,$545.93,02-09-2025,1759.36
7703,Daniela Cruz,Laptop,norte,38,"$1,260.45",22/10/2024,1436.01
6808,Carlos Ramirez,Tablet,Sur,50,"$1,115.67",04/06/2024,1578.64
9023,Daniela Cruz,Silla,Centro,57,$260.23,2025-06-28,1439.04
141,Ana Garcia,Tablet,Occidente,52,915.45,Enero 9 2026,1906.97
6690,Fernanda Castro,Escritorio,centro,32,731.66,2026-01-09,2144.79
642,Pedro Aguilar,Escritorio,Centro,66,$177.08,2024-12-17,1557.4
5958,Jose Martinez,Escritorio,Occidente ,29,1177.80,Marzo 15 2024,1526.29
3450,Laura Sanchez,Teclado,norte,25,$849.56,2024-06-02,1460.58
8424,Andres Ortiz,Camara,Occidente,49,763.91,2025-02-07,1366.88
9589,Ana Garcia,Tablet,Centro ,29,"$1,209.76",2026-04-16,1889.12
8069,Valeria Mendoza,Teclado,Occidente,20,$922.94,04-07-2024,1072.38
3783,Diego Romero,IMPRESORA,,41,$963.82,08-27-2024,1138.69
63,Miguel Flores,Tablet,Norte,67,969.59,2024-11-30,1931.66
9843,Ricardo Vargas,Bocina,Sur,50,869.69,Julio 4 2025,611.36
1643,Jose Martinez,Silla,Occidente,43,$704.11,04-02-2026,1524.25
8540,Paola Rios,Laptop,Norte,20,"$1,094.17",Octubre 21 2024,1994.1
1281,Isabel Guzman,Silla,SUR,36,$891.39,Marzo 7 2026,1738.28
1522,Miguel Flores,Mouse,sur,43,$945.78,05-31-2025,1290.8
7214,Jose Martinez,Bocina,Norte,38,363.48,Abril 12 2024,1401.22
3530,Luis Hernandez,Camara,Occidente,24,863.43,2025-03-17,1719.46
5584,Laura Sanchez,Escritorio,Occidente,51,489.91,19/04/2025,1974.39
3951,Diego Romero,Impresora,Occidente,30,"$1,076.47",03/03/2025,1637.41
4924,Jose Martinez,Impresora,Centro,40,$583.10,Mayo 24 2026,1322.25
8796,Miguel Flores,Silla, Norte,33,$740.75,08/11/2025,1630.43
1153,Ana Garcia,Bocina,Sur ,29,747.84,2025-07-02,876.04
3774,Carlos Ramirez,Monitor,Norte,36,$676.06,13/05/2024,862.81
3186,Ana Garcia,Escritorio,Norte ,42,376.48,17/07/2025,1821.81
5898,Ana Garcia,Camara,Norte,30,487.91,2025-03-25,1175.38
271,Laura Sanchez,Impresora,Occidente,44,$50.00,Abril 5 2026,1339.12
7839,Camila Reyes,Camara,sur,53,897.92,2024-02-12,1466.94
9425,Fernanda Castro,Laptop,,43,$713.24,12/07/2025,2086.09
8340,Valeria Mendoza,Bocina,Norte,31,1615.57,2026-05-28,1423.51
2715,Laura Sanchez,Silla,Centro,31,635.59,29/01/2025,1035.89
7054,Carlos Ramirez,Mouse,occidente,55,$855.41,2024-05-24,1143.95
9677,Camila Reyes,Mouse,Centro,33,$959.79,2024-08-02,1007.83
4349,Jose Martinez,Laptop,Centro,39,$664.37,2025-03-05,556.5
9279,Andres Ortiz,Monitor,Centro ,62,$241.90,Enero 13 2025,1059.87
6484,Andres Ortiz,Escritorio,Norte,47,381.08,01-19-2024,1486.57
6444,Ana Garcia,Camara,Sur,14,"$1,137.99",2026-05-18,1174.92
836,Sofia Torres,Tablet,norte,32,414.32,05-23-2024,1904.52
6948,Ricardo Vargas,Camara,Sur,37,$267.84,2026-01-11,1662.63
3657,Miguel Flores, Impresora,Occidente,22,$793.75,02-01-2025,1141.52
2847,Jorge Morales,Teclado,Sur,57,$667.89,Diciembre 13 2025,1345.53
795,Diego Romero,Tablet,Centro,10,$664.46,27/01/2025,1889.18
3196,Ricardo Vargas,Tablet,Norte,36,1192.72,07/05/2025,1709.02
4425,Ana Garcia,Bocina,?,44,774.47,Julio 23 2024,1557.64
4925,Ricardo Vargas, Mouse, Occidente,18,$431.91,04/09/2024,1707.58
6841,Maria Lopez,Camara,Occidente,17,627.69,2024-09-26,1296.32
8810,Ricardo Vargas,Bocina,Occidente,51,"$1,058.38",24/02/2026,1178.79
37,Valeria Mendoza,Escritorio,norte,48,$-640.74,,955.02
4887,Fernanda Castro,Teclado,norte,44,353.55,05-10-2026,1466.22
6701,Camila Reyes,Tablet,Sur,32,516.72,Marzo 16 2025,1836.13
6657,Jose Martinez,Laptop,occidente,16,"$1,457.61",08-15-2024,1667.66
1877,Valeria Mendoza,Bocina,Occidente,17,$951.12,08-14-2025,1558.86
8491,Camila Reyes,Laptop,sin informacion,60,1160.79,2024-04-30,1381.02
5818,Andres Ortiz,Camara,Occidente,47,$554.29,Enero 8 2025,1246.86
5770,Camila Reyes,Camara, Norte,22,sin dato,32/13/2026,1137.1
4335,Ana Garcia,MONITOR,Norte,33,$811.29,Junio 9 2025,1870.86
5933,Daniela Cruz,Mouse,norte,43,1173.43,06-04-2025,746.46
9492,Jose Martinez,Impresora,SUR,24,$954.88,02-06-2024,922.71
4069,Daniela Cruz,Camara,Sur ,23,196.38,04-12-2026,1797.66
7788,Andres Ortiz, Escritorio,centro,33,$826.87,04/12/2025,1104.05
7538,Pedro Aguilar,Bocina,Sur,45,$830.19,2024-09-09,1133.6
7020,Maria Lopez,Silla,sur,42,1058.56,2025-11-11,1187.99
4401,Isabel Guzman,TECLADO,OCCIDENTE,37,$900.03,16/02/2025,1433.95
8208,Daniela Cruz,Bocina,sur,46,$999.33,Junio 8 2024,1403.03
4411,Maria Lopez,Silla,Sur,48,801.38,06-16-2025,1482.63
4218,Fernanda Castro,Bocina,sur,35,1153.21,Julio 20 2025,1515.79
7922,Valeria Mendoza,Tablet, Centro,32,1294.80,03-13-2026,1757.17
886,Jose Martinez,Bocina,Centro ,29,$806.22,Octubre 24 2025,1308.28
5668,Pedro Aguilar,Impresora,,36,$820.94,03-25-2026,1589.0
9511,Miguel Flores,Teclado,NORTE,48,1020.69,07-25-2024,1254.59
946,Alejandro Diaz,Camara,Sur ,40,837.72,05/03/2026,1240.89
9795,Fernanda Castro,MOUSE,Centro,36,403.42,2024-12-24,2019.3
4487,Daniela Cruz,Mouse,Occidente,43,801.71,Junio 21 2024,1397.79
7927,Maria Lopez,Bocina,Norte,47,778.34,32/13/2026,1528.3
5761,Diego Romero,Impresora,Sur,52,1249.18,24/02/2025,1917.67
6313,Pedro Aguilar,Teclado,Centro,32,"$1,067.29",06-24-2024,1334.92
6997,Ricardo Vargas,Camara,Centro,32,$819.09,2026-01-22,1189.24
9950,Luis Hernandez,Laptop,Occidente,30,843.75,Marzo 14 2024,877.11
4712,Carlos Ramirez, Mouse,SUR,36,$773.20,Febrero 3 2025,2035.63
12,Alejandro Diaz,Mouse,Sur,25,$628.81,2026-05-13,1201.25
2432,Valeria Mendoza,Escritorio,Sur,29,803.76,Julio 31 2025,1212.08
9455,Pedro Aguilar,TECLADO,Centro,32,698.47,2025-02-08,1054.54
1430,Daniela Cruz,Bocina,Sur,17,461.10,Enero 31 2026,1491.58
8807,Daniela Cruz,Mouse,N/A,14,764.12,13/03/2026,1070.49
4950,Paola Rios,Escritorio,Occidente,33,1007.19,Septiembre 11 2025,1441.98
2388,Miguel Flores,Mouse,SUR,55,$870.40,32/13/2026,1943.29
9996,Maria Lopez,Camara,Centro,-9,892.95,20/04/2026,1221.82
9485,Isabel Guzman,Bocina,Centro ,40,819.95,15/09/2025,1435.7
4310,Miguel Flores,Mouse,norte,30,767.73,Agosto 6 2024,1998.55
5688,Fernanda Castro,Mouse,centro,43,$999.48,32/13/2026,1787.14
4608,Carlos Ramirez,Teclado,sur,29,1065.01,10/05/2026,1385.16
4679,Paola Rios,Teclado,Centro,40,1430.93,07/08/2025,992.71
5190,Miguel Flores,SILLA,Norte,24,425.02,Febrero 27 2024,1622.4
4341,Sofia Torres,Monitor,Sur,43,"$1,043.14",2025-01-06,1472.15
7884,Alejandro Diaz,Bocina,SUR,37,782.80,14/01/2025,1592.57
4649,Fernanda Castro,TECLADO,Sur ,355,771.52,01/12/2025,727.05
6710,Jose Martinez,Laptop,Norte,46,sin dato,25/11/2025,1179.94
5195,Paola Rios,Silla,Sur,40,1216.29,18/12/2024,1679.53
681,Maria Lopez,Laptop,sur,55,1478.06,08-20-2025,1074.15
4821,Maria Lopez,CAMARA,occidente,44,1405.59,01/07/2025,1213.84
4706,Ana Garcia,Impresora,Centro,46,sin dato,32/13/2026,1378.18
5280,Isabel Guzman,Silla,Occidente,46,475.10,03-30-2026,1661.83
3583,Diego Romero,Monitor,Norte,-5,822.73,06/12/2024,1616.1
5365,Ricardo Vargas,Impresora,Norte,27,688.02,,1065.92
7954,Isabel Guzman,Teclado,Sur ,42,392.58,Julio 31 2024,1463.91
2116,Maria Lopez,TABLET,Occidente,32,"$1,192.46",2024-03-17,851.98
2067,Camila Reyes,BOCINA,Occidente,26,sin dato,Febrero 22 2026,732.55
4285,Pedro Aguilar,Silla,sur,18,$908.58,11/02/2024,1948.87
7450,Jorge Morales,Silla,Sur,35,$832.68,Octubre 27 2025,1124.96
7546,Daniela Cruz,Silla,Occidente,54,$393.58,16/05/2025,1376.61
3134,Jorge Morales,Monitor, Occidente,41,"$1,104.60",18/06/2026,1641.69
607,Ricardo Vargas,Teclado,OCCIDENTE,33,$769.81,2025-06-13,1755.68
4765,Daniela Cruz,ESCRITORIO, Sur,24,"$1,671.61",Agosto 18 2024,1111.81
3573,Ana Garcia,Tablet,Centro,40,$972.70,Junio 15 2025,1486.56
843,Paola Rios,Teclado,OCCIDENTE,23,$866.48,2025-06-25,1714.69
29,Jorge Morales, Mouse,Sur ,48,1061.79,2025-12-09,1927.83
100,Alejandro Diaz,Tablet,Occidente,27,$384.09,,1294.16
6781,Maria Lopez,Escritorio,Norte,36,628.66,2024-12-05,1434.49
9872,Sofia Torres, Escritorio,Norte,53,$528.57,Abril 29 2026,1468.28
7949,Ricardo Vargas,Escritorio,Occidente,11,sin dato,2026-02-20,1045.69
1803,Laura Sanchez,Silla,Centro,31,729.24,03-12-2025,1088.36
7826,Diego Romero,Mouse,Norte,43,1164.93,12-28-2024,1443.78
1658,Carlos Ramirez,Mouse,Centro,71,"$1,134.40",01-22-2026,1856.49
3629,Sofia Torres,Teclado,Occidente,35,347.93,06/03/2024,1341.69
2407,Camila Reyes,Laptop,norte,27,sin dato,2024-06-23,1145.93
5403,Alejandro Diaz,Monitor,Centro,33,"$1,057.47",02-08-2025,1133.31
9208,Alejandro Diaz,Camara,sin informacion,41,$860.14,06-21-2024,2370.75
9360,Miguel Flores,Monitor,Norte,32,$710.33,01-07-2026,1647.46
6290,Luis Hernandez,Laptop,Occidente,20,$888.71,02-16-2026,1359.58
2800,Luis Hernandez,Monitor,Centro,53,$807.09,2024-12-22,1215.04
733,Pedro Aguilar,Silla,SUR,48,856.40,Enero 14 2026,1905.7
7370,Camila Reyes,TABLET,Sur ,38,sin dato,06-14-2024,1238.57
6896,Isabel Guzman,Escritorio,centro,31,1090.41,01-31-2025,1036.53
5019,Jose Martinez,Silla,OCCIDENTE,41,1077.17,32/13/2026,1551.39
864,Luis Hernandez,Bocina,Sur,45,$287.45,32/13/2026,1210.61
1778,Fernanda Castro,Impresora,Occidente,62,"$1,093.93",Junio 14 2024,1580.78
9300,Laura Sanchez,TABLET,Occidente,33,$598.45,Diciembre 13 2024,1661.53
3868,Ricardo Vargas,Escritorio, Occidente,55,"$1,328.88",32/13/2026,2013.82
2600,Alejandro Diaz,Camara,Centro,46,"$1,156.09",21/08/2025,2095.82
3846,Carlos Ramirez,Mouse,Occidente,34,"$1,248.07",12-03-2024,988.38
8727,Paola Rios,Impresora,Sur,8,$569.96,25/09/2025,2077.91
1986,Andres Ortiz,Escritorio,Centro,45,$602.71,02/06/2026,1304.13
8699,Daniela Cruz, Escritorio,sur,47,"$1,049.62",30/11/2024,1092.04
2475,Ana Garcia,Escritorio,,37,1259.16,2026-05-01,1540.44
9015,Valeria Mendoza,Camara, Sur,44,1119.69,2025-06-19,337.91
3553,Valeria Mendoza,Escritorio,occidente,36,"$1,070.29",,740.13
8053,Camila Reyes,Tablet,occidente,41,"$1,023.91",Septiembre 17 2025,664.7
1739,Valeria Mendoza,Escritorio,Occidente,30,1360.16,05/10/2024,1484.27
9222,Alejandro Diaz,Camara, Sur,26,1193.63,10-20-2025,1709.93
5967,Andres Ortiz, Camara,Sur,54,862.14,,1525.73
7697,Carlos Ramirez, Silla,centro,41,$964.51,13/09/2025,1760.78
3485,Maria Lopez,Laptop,sur,43,$884.94,19/01/2026,1750.6
2968,Maria Lopez,Escritorio,Occidente,34,1179.65,04/04/2024,1485.58
6755,Ricardo Vargas,TABLET,Sur,21,837.83,04-27-2024,1451.58
5506,Andres Ortiz,LAPTOP,centro,45,546.98,,1059.04
2122,Valeria Mendoza,Camara,Sur,40,"$1,167.08",2025-02-25,1371.59
1290,Miguel Flores,Bocina,Centro,39,"$1,028.26",24/05/2024,1689.37
9160,Paola Rios,IMPRESORA,,15,$549.41,Junio 14 2025,1758.51
1386,Miguel Flores, Impresora,Centro,35,"$1,126.70",09/05/2026,1072.45
2769,Ana Garcia,Camara,occidente,31,"$1,442.30",2024-05-25,1705.21
8872,Maria Lopez,Escritorio,occidente,24,$907.07,Agosto 17 2024,793.49
6874,Andres Ortiz,Impresora,Norte,40,"$1,104.33",,1310.52
3394,Daniela Cruz,Escritorio,centro,37,$859.36,07-20-2024,1298.56
2539,Daniela Cruz, Silla,Norte,17,919.12,06/05/2025,1956.83
5002,Fernanda Castro,Mouse,Norte,25,$266.76,2025-07-22,1615.85
5954,Luis Hernandez,Laptop,,59,$733.70,07-28-2025,1340.96
2924,Ricardo Vargas,Impresora,Centro,39,636.40,2024-07-09,1356.96
6054,Miguel Flores,Mouse,Norte,41,$649.20,02-09-2025,1677.06
1897,Alejandro Diaz,Camara,Sur,42,818.19,01-22-2025,967.7
7301,Maria Lopez,Teclado,Norte,60,369.90,19/03/2024,1669.33
3835,Pedro Aguilar,Mouse,SUR,37,$301.83,2024-03-30,1919.42
5479,Laura Sanchez,Bocina,occidente,46,996.24,Enero 8 2026,1253.48
8213,Luis Hernandez,Impresora,Centro,40,724.92,06-13-2026,1467.22
2511,Diego Romero, Impresora,Sur,44,1266.02,Julio 21 2025,2313.52
4415,Alejandro Diaz,SILLA,Sur,35,1210.27,2025-02-08,1440.51
6585,Pedro Aguilar,Laptop,Occidente,58,"$1,130.43",15/03/2026,1477.57
9251,Jorge Morales,Silla, Sur,33,$448.82,32/13/2026,1079.9
6892,Jose Martinez,Bocina,Norte,53,1157.00,2024-09-18,1492.01
2283,Isabel Guzman,Monitor,Sur,28,$852.32,04-17-2024,1467.75
1103,Laura Sanchez,Silla, Sur,33,$864.10,Marzo 12 2026,1486.52
2747,Isabel Guzman,Bocina,Occidente,47,1175.40,2025-07-08,2180.04
5121,Sofia Torres,Monitor,centro,35,703.17,Mayo 23 2024,1077.77
6990,Sofia Torres,Mouse,Norte,48,1111.72,Septiembre 10 2025,1721.34
7781,Maria Lopez,Impresora,OCCIDENTE,desconocida,$683.25,10-03-2025,1410.01
9080,Sofia Torres,SILLA,Occidente,35,959.55,Diciembre 31 2025,1684.56
2920,Valeria Mendoza, Silla,Centro,54,"$1,182.54",Enero 4 2026,1859.79
2424,Luis Hernandez,Escritorio,Centro,40,1453.46,2024-12-09,1466.22
3606,Andres Ortiz,Tablet,norte,39,1116.52,2024-04-01,1690.58
6599,Valeria Mendoza,IMPRESORA, Norte,41,$952.55,2025-11-27,1070.37
5020,Pedro Aguilar, Tablet,Norte,33,$697.24,12-22-2024,1715.71
2684,Fernanda Castro,Silla,Sur,41,1056.61,Mayo 2 2025,1200.1
3271,Sofia Torres,IMPRESORA,OCCIDENTE,22,859.06,2026-04-26,1742.02
9372,Diego Romero,Teclado,Centro,53,"$1,003.61",2025-04-30,1865.34
5805,Luis Hernandez,Bocina,Norte,21,859.92,03-24-2024,1379.06
68,Jose Martinez,Escritorio,Centro,39,$681.64,09-07-2024,1098.07
2071,Ana Garcia,Laptop,NORTE,11,843.96,Febrero 1 2026,1997.38
3855,Carlos Ramirez,Silla,Centro,30,"$1,620.21",15/03/2025,1068.09
5259,Ricardo Vargas,Teclado,Sur,30,970.33,07-01-2024,1682.96
7482,Jorge Morales, Mouse,Norte,53,$735.07,07/02/2024,1164.78
57,Camila Reyes,Impresora,Sur,51,$997.25,09-29-2025,859.58
5945,Paola Rios,Bocina,NORTE,35,1054.37,20/12/2025,1161.67
4870,Fernanda Castro,Laptop,Norte ,51,1476.20,25/08/2025,1194.24
6354,Laura Sanchez,Laptop,Norte,46,$779.80,03/10/2024,1371.01
2036,Daniela Cruz,Tablet,Centro,36,sin dato,2025-11-04,1574.5
7051,Miguel Flores,Laptop,sur,42,$796.33,05-01-2026,1554.74
724,Paola Rios, Laptop,centro,35,278.19,Junio 12 2025,1172.29
3330,Ana Garcia,Impresora,occidente,30,718.01,02-14-2025,958.49
9981,Ricardo Vargas, Camara,NORTE,38,sin dato,06/04/2024,1125.61
6798,Paola Rios,Monitor,Centro,19,$400.29,Marzo 8 2025,1707.35
3773,Fernanda Castro,Mouse,Centro,52,$303.54,Mayo 13 2025,1486.9
2404,Valeria Mendoza, Monitor,SUR,41,721.62,Marzo 28 2025,1341.84
3991,Laura Sanchez,Mouse,centro,49,518.05,2026-05-11,1175.62
9720,Jorge Morales,Teclado,norte,42,460.16,Enero 2 2024,635.55
4234,Ricardo Vargas,Mouse,OCCIDENTE,27,805.41,2024-12-14,1530.41
4054,Luis Hernandez,Silla,Occidente,40,$745.08,05/03/2024,2054.48
3275,Maria Lopez,Teclado,Sur,45,$424.31,Febrero 6 2026,872.66
4353,Maria Lopez,Mouse,occidente,27,$914.42,2026-02-06,1121.72
6071,Camila Reyes,CAMARA,Centro,-9,$774.67,2025-09-14,1479.0
8568,Laura Sanchez,Mouse,Norte,22,1636.84,Octubre 10 2024,765.03
1137,Maria Lopez, Laptop,Sur ,43,$806.15,Junio 4 2024,1456.99
5611,Ricardo Vargas,MONITOR,Sur ,36,761.91,2026-05-12,1258.21
7229,Luis Hernandez,Bocina,Centro,38,$715.34,11-11-2024,1298.83
2941,Jorge Morales,MOUSE,Occidente,33,"$1,276.71",10-06-2024,1071.08
7591,Alejandro Diaz, Camara,centro,23,1054.77,25/04/2026,986.75
8815,Fernanda Castro,TECLADO,norte,39,$760.28,2024-12-08,1809.28
1196,Valeria Mendoza, Tablet, Sur,29,910.96,01/11/2025,1185.22
8620,Jorge Morales,Teclado,Centro,23,$802.32,07-12-2024,1490.98
7111,Laura Sanchez,Laptop,,28,$625.15,Mayo 12 2024,1617.43
9113,Maria Lopez,MONITOR,Norte,60,"$1,065.69",08/08/2025,1115.55
7367,Pedro Aguilar,Mouse,Occidente,35,$646.01,03-10-2025,1468.87
624,Miguel Flores,Mouse,NORTE,36,752.38,09-01-2024,1185.86
5437,Ricardo Vargas,Bocina,Norte,42,559.46,Julio 1 2025,663.73
8570,Camila Reyes,Camara,Norte ,35,$973.71,03-20-2025,1336.8
1925,Sofia Torres, Escritorio,Occidente,19,$931.21,14/04/2025,891.24
7260,Pedro Aguilar,Monitor,centro,55,$927.68,07-05-2025,1380.45
7246,Carlos Ramirez,Teclado,Centro,18,$703.55,2025-07-17,1598.15
3743,Camila Reyes,Laptop,Norte,58,1006.64,Noviembre 14 2025,1500.16
3716,Maria Lopez,Laptop,Occidente,46,1013.41,,1201.88
653,Daniela Cruz,Impresora,Occidente,45,843.51,08-01-2025,1344.68
6178,Laura Sanchez,MONITOR,Centro ,38,966.14,07/06/2024,1315.95
2135,Paola Rios,Escritorio,Centro,13,"$1,050.34",05-23-2024,1403.48
1437,Daniela Cruz,Monitor,Centro ,44,"$-1,170.59",Marzo 23 2024,1686.1
2442,Valeria Mendoza,Escritorio,centro,34,283.92,32/13/2026,1967.43
8237,Alejandro Diaz,Mouse,Centro,28,613.97,29/06/2024,1055.77
2793,Laura Sanchez,TABLET,Sur,11,"$1,175.48",11-08-2024,1257.25
3325,Daniela Cruz,Bocina,Sur,57,$635.54,2025-12-24,1079.88
5572,Andres Ortiz,Escritorio,occidente,39,220.95,2024-07-04,1166.0
2428,Isabel Guzman,Silla,Sur,50,$661.86,30/04/2024,1762.63
1814,Ana Garcia,Mouse,SUR,37,$774.90,01-27-2026,1027.45
2563,Isabel Guzman,Teclado,Occidente,60,$742.45,2024-10-24,1754.13
9923,Pedro Aguilar,Silla,centro,51,$807.35,10-14-2025,1455.58
9315,Isabel Guzman,Teclado,Norte,53,"$1,268.01",07-05-2025,1789.58
2645,Laura Sanchez,Escritorio,Norte,66,"$1,131.41",01-28-2026,703.28
4065,Daniela Cruz,Mouse,NORTE,,982.89,Abril 11 2024,1126.75
6063,Alejandro Diaz,Laptop,Occidente ,1,78.72,Julio 19 2024,1932.53
1649,Jorge Morales,Laptop, Centro,52,1012.65,27/04/2024,1202.48
9822,Andres Ortiz,Impresora,Centro,38,sin dato,2025-07-15,1437.77
8996,Jorge Morales,Teclado,Centro,41,956.71,01-24-2026,1793.29
8845,Paola Rios,Camara,Occidente ,44,sin dato,09/01/2024,1416.32
7508,Alejandro Diaz,Monitor,Sur ,19,$261.36,Mayo 10 2026,1351.06
858,Valeria Mendoza,Monitor,Centro,39,674.89,2025-05-23,1292.81
940,Valeria Mendoza,ESCRITORIO,Occidente,31,"$1,306.15",2024-04-07,1375.68
935,Luis Hernandez,Impresora,Sur,31,414.59,24/10/2025,2047.86
9050,Alejandro Diaz,Mouse,Centro,50,sin dato,Octubre 4 2024,773.64
9613,Luis Hernandez,Impresora,Sur,53,"$1,220.48",2025-05-03,1178.0
9284,Maria Lopez,Impresora,Norte,23,637.98,Marzo 8 2025,1607.79
2269,Laura Sanchez, Tablet,Centro,20,$253.56,10-31-2024,1682.51
3440,Carlos Ramirez,Tablet,Occidente,38,$833.65,13/06/2024,1226.73
5144,Alejandro Diaz,Bocina,OCCIDENTE,28,1058.06,2026-06-16,1054.0
8833,Diego Romero,Escritorio,Sur,59,"$1,022.01",Octubre 17 2024,1536.34
5663,Miguel Flores,Monitor,Sur,46,$-999.27,08-30-2025,1019.65
9154,Fernanda Castro,Laptop,SUR,51,1140.62,2026-03-15,1814.63
5823,Ricardo Vargas,Monitor,sin informacion,31,$706.96,2025-05-24,1531.62
7320,Isabel Guzman, Laptop,norte,40,1065.55,Mayo 27 2026,1004.08
2114,Paola Rios,Camara,Centro,34,1426.67,24/06/2025,772.16
3062,Daniela Cruz,Silla,Centro,53,736.33,2024-06-13,1504.21
9668,Isabel Guzman,Bocina,Occidente,46,953.43,2024-10-25,906.64
7881,Paola Rios, Tablet,Sur,26,"$1,065.12",02-04-2024,866.5
3409,Ricardo Vargas,Teclado,Occidente,35,$796.18,2025-05-19,1405.57
5203,Diego Romero,Monitor,Sur,34,963.70,03-12-2026,1717.45
5561,Paola Rios,Teclado, Norte,46,824.99,2025-10-16,1585.13
1678,Carlos Ramirez, Silla,Norte,44,$786.77,24/10/2025,1237.21
8697,Ricardo Vargas,Mouse,Sur,36,"$1,057.20",2024-02-03,1663.98
80,Jose Martinez,Camara,?,43,694.57,Septiembre 25 2024,1757.14
6052,Daniela Cruz,Mouse,Norte ,40,885.83,07-10-2025,1547.4
738,Alejandro Diaz,SILLA,Centro,53,$272.32,02-07-2024,1606.3
1724,Fernanda Castro,Teclado,Norte,59,770.93,16/10/2025,1376.3
3607,Miguel Flores,Camara,norte,25,977.91,01/10/2024,1741.84
4398,Jose Martinez,Mouse,NORTE,52,$849.46,32/13/2026,2016.81
2302,Miguel Flores,Laptop,Occidente,34,1440.52,06-08-2024,1407.47
6476,Jorge Morales,Monitor,Centro,57,$626.43,11/11/2025,1488.26
3658,Carlos Ramirez,Bocina,Occidente,41,"$1,083.55",2024-12-10,2309.79
3295,Pedro Aguilar,Teclado,Occidente,48,1429.87,Octubre 3 2025,1014.18
7756,Jorge Morales,Teclado,Occidente,54,sin dato,2026-06-13,1371.49
8671,Jose Martinez,Laptop,occidente,51,603.97,Mayo 14 2026,1413.97
7836,Ricardo Vargas,Tablet,centro,34,$704.93,01-26-2026,1841.09
1610,Diego Romero,Escritorio,Centro,46,"$1,048.76",01-17-2025,948.57
3707,Valeria Mendoza,Mouse,norte,43,"$1,253.84",03-23-2026,1683.25
2035,Carlos Ramirez,Camara,Occidente,32,706.35,Julio 19 2025,1170.63
844,Diego Romero,Camara,norte,36,$394.42,Agosto 4 2025,1492.2
6801,Fernanda Castro,Bocina,Occidente,45,sin dato,2024-01-14,1910.88
2632,Fernanda Castro,Silla,CENTRO,60,528.86,32/13/2026,1509.71
6190,Fernanda Castro, Mouse,Sur,-7,$418.21,18/07/2024,1776.01
3300,Valeria Mendoza,Tablet,Norte,47,1013.55,21/08/2025,1531.18
5455,Pedro Aguilar,Silla,norte,52,845.06,11-18-2024,1527.09
2828,Carlos Ramirez,Escritorio,Occidente,75,$-848.08,04-23-2024,807.78
4280,Jorge Morales,Teclado, Occidente,35,"$1,243.72",Mayo 24 2025,1515.8
8108,Camila Reyes,Impresora, Sur,35,$819.74,09/09/2024,1082.73
508,Laura Sanchez,Laptop,Occidente,56,$463.25,Marzo 22 2025,1119.42
182,Ana Garcia,Monitor,Norte ,35,$798.20,04-07-2026,2041.64
8812,Andres Ortiz,Camara,Sur,23,$713.60,18/07/2025,1347.44
3924,Daniela Cruz,Monitor,Sur,38,617.37,04/11/2025,1930.69
6751,Alejandro Diaz,TABLET,Occidente,41,$615.79,2025-04-16,1001.94
6596,Camila Reyes,Silla,centro,35,1219.15,05-11-2025,1249.89
2416,Ana Garcia,Laptop,N/A,42,940.97,Septiembre 21 2025,1222.75
176,Miguel Flores,Tablet,Occidente,43,$756.07,Mayo 21 2025,1315.27
9291,Andres Ortiz,Mouse,Occidente,53,547.10,Mayo 10 2024,1415.64
233,Valeria Mendoza,Teclado,Norte,40,$276.28,2024-07-29,1083.32
7852,Miguel Flores, Laptop,norte,43,$982.56,11/07/2025,1800.95
8407,Jose Martinez,Silla,Centro,37,"$1,172.54",2024-02-03,1703.38
1945,Laura Sanchez,Laptop,Sur,,$723.36,2025-11-24,973.59
7983,Valeria Mendoza,Bocina,Sur,46,$749.94,2025-11-29,1335.27
5445,Diego Romero, Bocina,OCCIDENTE,18,$50.00,09-18-2025,878.0
1298,Ana Garcia,IMPRESORA,Sur,56,249.41,23/12/2024,1642.84
5869,Camila Reyes,Silla,sur,31,sin dato,Enero 31 2024,1641.74
5001,Andres Ortiz,Laptop, Centro,40,"$1,430.28",08-20-2025,1567.73
5895,Pedro Aguilar,Mouse,Centro,45,$950.50,06/05/2024,1493.36
6038,Fernanda Castro,Monitor,Occidente,26,1057.51,12-29-2025,1500.99
9741,Jorge Morales,Bocina,Occidente,,$994.60,05-15-2024,2033.97
8905,Miguel Flores,Tablet,Centro,42,$502.15,06-10-2024,1226.27
949,Jorge Morales, Monitor,norte,42,1051.07,01/12/2025,1603.11
174,Ricardo Vargas,Camara,,25,$386.02,01/05/2025,1603.15
5769,Fernanda Castro,Camara,Sur,10,"$1,203.36",Diciembre 30 2024,1244.36
6483,Isabel Guzman,Teclado, Centro,50,$985.68,01-24-2025,898.35
6296,Alejandro Diaz, Laptop,SUR,29,"$1,191.24",12/02/2026,1267.26
375,Daniela Cruz,Laptop,Sur,64,621.86,2024-05-01,1327.47
9855,Andres Ortiz,Tablet,Centro,41,"$1,012.79",05-31-2024,1510.12
9262,Andres Ortiz,Escritorio,Occidente,22,$756.34,06-23-2024,1814.88
1562,Valeria Mendoza,Bocina,Sur,29,596.04,02/05/2025,986.03
8733,Sofia Torres,Teclado,norte,34,$753.53,2025-08-24,1546.69
1138,Daniela Cruz,Teclado,Norte,39,sin dato,02/10/2024,1794.17
617,Jorge Morales,Laptop,SUR,71,$781.39,11/09/2025,1423.36
602,Fernanda Castro,Laptop,Occidente,40,"$1,191.46",28/06/2025,1718.23
717,Isabel Guzman,Escritorio, Sur,50,sin dato,2025-09-13,1378.55
9970,Laura Sanchez,Bocina, Norte,51,$890.95,2025-11-25,1010.39
8455,Luis Hernandez,Tablet,occidente,39,976.82,10/03/2026,1687.12
5330,Sofia Torres,Teclado,Centro,32,"$1,284.73",03-28-2026,1253.95
7230,Ricardo Vargas,Laptop, Centro,43,1135.83,09-14-2025,978.58
2254,Alejandro Diaz,Teclado,Sur,40,1104.65,04-10-2024,1144.62
3912,Carlos Ramirez,Bocina,centro,21,$724.89,2026-02-11,1724.81
5992,Ana Garcia,Laptop,Occidente,44,sin dato,27/01/2026,1484.63
3917,Camila Reyes,Mouse, Norte,44,"$1,529.32",Septiembre 2 2024,1682.87
3984,Carlos Ramirez,ESCRITORIO,Centro,185,$719.48,2025-03-19,1186.72
232,Diego Romero,Impresora,NORTE,49,685.74,25/07/2025,1119.37
9309,Ricardo Vargas,Camara,Occidente,41,"$1,339.43",23/05/2026,763.13
4197,Andres Ortiz,Monitor,Centro,40,$815.27,07-11-2024,1508.83
9384,Daniela Cruz,Bocina,Occidente,37,$900.69,32/13/2026,1296.84
4372,Jose Martinez,Escritorio,Sur,33,$682.91,2024-09-16,1862.71
4938,Isabel Guzman,Tablet,SUR,49,1071.85,31/12/2024,1179.15
4287,Luis Hernandez,Escritorio,Occidente,42,1172.33,09/03/2026,1102.53
421,Ricardo Vargas,Bocina,sin informacion,30,518.85,Noviembre 28 2024,1251.35
1040,Fernanda Castro,Laptop, Sur,46,382.87,Diciembre 26 2025,2004.02
6507,Andres Ortiz,Impresora,Centro,39,839.17,2024-09-09,1197.92
8687,Alejandro Diaz,Tablet,Occidente,40,"$1,166.63",14/09/2024,1709.76
1936,Paola Rios,Monitor,Occidente,49,$755.91,09/01/2024,1382.69
2897,Camila Reyes,Tablet,occidente,51,$474.82,11-18-2024,1501.89
4524,Luis Hernandez,Silla,OCCIDENTE,38,1110.23,2025-12-07,1675.39
5313,Ana Garcia,Tablet,Centro,47,842.64,Julio 8 2024,868.47
1699,Jose Martinez,Teclado, Centro,54,717.40,2026-06-12,882.42
3776,Miguel Flores,Laptop,Occidente,37,$969.65,24/01/2026,1544.78
5639,Ricardo Vargas,Camara,OCCIDENTE,45,1384.61,06/03/2026,974.55
7916,Ricardo Vargas,Monitor,Norte,45,936.56,03-27-2025,954.43
3400,Camila Reyes,Tablet,Occidente,64,$951.58,2025-05-02,1807.49
1584,Ana Garcia,Silla,Occidente,37,"$1,627.17",23/10/2024,1427.81
6776,Fernanda Castro, Bocina,Centro ,18,sin dato,Diciembre 8 2025,1710.64
3270,Diego Romero,Bocina,SUR,35,1122.21,2024-11-11,2429.55
6589,Miguel Flores, Bocina,Centro,54,$546.45,18/04/2026,1477.18
7291,Maria Lopez,Bocina,SUR,26,$744.21,01-19-2024,1509.18
5027,Paola Rios,Camara,,48,399.82,2025-04-07,1360.25
9008,Daniela Cruz,Laptop,Sur,35,1000.24,Enero 11 2026,1106.86
1798,Fernanda Castro, Camara,?,22,857.08,Junio 24 2024,1258.1
5637,Jorge Morales, Bocina,Sur,34,1185.16,Julio 22 2025,1546.34
1742,Sofia Torres,Laptop,Norte,36,745.93,09-19-2024,1359.63
537,Camila Reyes,MOUSE,Norte,26,$816.01,04-09-2024,1677.15
907,Miguel Flores,IMPRESORA, Sur,26,$747.55,12-07-2024,1974.64
4593,Maria Lopez,TABLET,Occidente,45,$889.87,08-02-2024,1844.7
7634,Carlos Ramirez,Tablet,Norte,37,1203.24,10-26-2024,1161.51
9316,Alejandro Diaz,Impresora,Sur,66,"$1,385.92",Marzo 25 2024,1016.01
8585,Fernanda Castro,Teclado,Occidente,45,$742.42,02-28-2026,1095.41
7298,Luis Hernandez,Camara,occidente,,634.42,Enero 21 2025,1254.67
9567,Camila Reyes,Camara,Occidente,39,862.27,Marzo 27 2026,1578.74
3866,Sofia Torres,Impresora,Sur,22,1013.19,2024-04-08,1058.81
5998,Daniela Cruz,Camara,Sur,21,916.19,21/04/2025,1766.73
8397,Fernanda Castro, Impresora, Centro,37,728.45,02-14-2025,1470.26
5780,Isabel Guzman,Escritorio,Occidente ,31,$845.18,2026-04-14,1452.64
7180,Jose Martinez,Silla, Norte,40,"$1,100.33",32/13/2026,1377.56
563,Sofia Torres,Mouse,norte,26,660.49,2025-11-05,369.91
7658,Jorge Morales,Escritorio,occidente,52,643.28,Febrero 9 2024,1093.66
9850,Alejandro Diaz,Camara,Centro,33,$949.53,,1748.72
1970,Camila Reyes,Escritorio, Sur,32,926.18,Marzo 29 2025,1652.6
5811,Daniela Cruz,Mouse,Centro,51,1333.80,2024-07-05,1132.07
8239,Sofia Torres,Escritorio,NORTE,37,$870.96,11-06-2024,1872.55
4106,Ana Garcia,Mouse, Occidente,35,1349.46,2026-05-04,1825.97
4670,Camila Reyes,Bocina,norte,,"$1,113.38",2025-07-18,1381.65
5589,Luis Hernandez, Monitor,Occidente,26,774.12,25/01/2026,1886.77
7112,Miguel Flores,Laptop,OCCIDENTE,37,$511.33,Junio 18 2025,1755.3
3298,Laura Sanchez,Mouse,Sur,49,591.34,2026-04-19,1882.06
1916,Pedro Aguilar,Impresora,Centro ,32,$317.95,,1719.94
640,Diego Romero,Camara,Centro,25,1508.56,2024-07-20,638.65
6263,Alejandro Diaz,Silla,Norte,45,1249.45,08-10-2025,1296.3
2369,Fernanda Castro,Escritorio,Norte,31,"$1,221.98",30/04/2025,1145.29
8579,Maria Lopez,Teclado,Centro,43,1485.89,06/04/2026,920.66
3908,Valeria Mendoza,Impresora,Centro ,71,"$1,395.32",11/04/2024,1597.24
8605,Camila Reyes,Teclado,Centro,32,$513.58,11/02/2025,1945.36
4798,Andres Ortiz,IMPRESORA,Norte ,20,570.98,32/13/2026,1606.2
4822,Daniela Cruz,Impresora,centro,35,$932.44,11/08/2024,1595.52
7035,Pedro Aguilar,Tablet,Sur,29,893.94,01/04/2025,1023.65
5007,Laura Sanchez,Laptop,Occidente,28,"$1,348.57",Enero 22 2024,498.44
6639,Ricardo Vargas,Impresora, Sur,46,"$1,121.10",2026-05-20,1407.26
5934,Valeria Mendoza,TECLADO,Sur,27,630.86,2024-01-31,770.84
61,Carlos Ramirez,Escritorio,Occidente,48,688.35,Febrero 2 2026,1681.66
6387,Sofia Torres,Laptop,Sur,53,$768.06,Marzo 21 2024,1103.6
9583,Paola Rios,Laptop,Norte,51,811.62,11-04-2024,1396.25
534,Isabel Guzman,Camara,OCCIDENTE,46,1586.91,12-01-2025,2282.99
5115,Sofia Torres,Tablet,N/A,52,"$-1,194.54",2025-08-22,1929.92
676,Luis Hernandez,Silla,Occidente ,50,$719.22,03/04/2025,1646.62
7433,Isabel Guzman,Impresora,Norte,60,$855.41,2025-04-06,853.26
6082,Miguel Flores,Camara, Centro,23,725.05,Marzo 29 2024,1052.49
5636,Valeria Mendoza,Tablet,Sur,52,$995.39,18/04/2026,1758.29
4464,Laura Sanchez,Teclado,Norte,37,1036.40,17/07/2024,1595.63
9560,Jose Martinez,Tablet,Centro,50,"$1,048.84",Septiembre 17 2024,1306.53
2831,Carlos Ramirez,Bocina,norte,7,"$1,361.18",2026-05-05,1343.89
2162,Isabel Guzman,Monitor, Occidente,,995.11,04-30-2025,1683.31
8094,Jorge Morales,Silla,Sur,44,sin dato,2025-10-30,1465.29
113,Miguel Flores,Teclado,norte,45,"$1,301.92",Noviembre 6 2024,1946.05
4601,Carlos Ramirez,Camara,Norte,54,577.05,13/06/2024,925.11
3088,Laura Sanchez,Escritorio,Sur,390,1343.51,05-06-2024,734.82
4853,Sofia Torres,Escritorio,Occidente,39,$952.51,04-13-2024,1836.66
6908,Valeria Mendoza,Teclado,norte,39,$340.06,2025-07-06,1486.37
4780,Pedro Aguilar, Tablet,Occidente,33,1156.34,2025-01-30,452.42
9826,Ana Garcia,Teclado,Occidente,39,$-773.47,12/01/2026,1007.31
3245,Camila Reyes,Monitor,Norte,33,1240.50,Octubre 15 2024,1202.1
1782,Jose Martinez,Silla,Occidente,50,$776.81,11-13-2024,1635.87
2308,Pedro Aguilar,Monitor,sur,20,1264.69,05-08-2025,928.47
8890,Isabel Guzman,Laptop,Sur,44,$686.30,Marzo 19 2025,2079.98
8576,Maria Lopez,Camara,norte,43,$637.00,Diciembre 18 2025,1319.78
8879,Luis Hernandez,Teclado,Centro,25,"$1,028.14",01-16-2025,1643.47
9814,Isabel Guzman,Mouse,Occidente,32,1335.44,10/09/2024,1256.59
901,Jose Martinez,TECLADO,Norte,49,753.16,Marzo 18 2024,1010.64
5111,Fernanda Castro,Teclado,occidente,32,920.21,2025-04-10,1625.28
7437,Ana Garcia,ESCRITORIO,Centro,36,$701.05,04-11-2025,1249.77
1499,Paola Rios,Bocina,norte,27,"$1,177.44",01-14-2025,1291.9
6760,Diego Romero,CAMARA,Centro,51,1076.52,25/01/2025,1773.14
413,Laura Sanchez,BOCINA,Sur,48,sin dato,04-05-2024,1616.59
4797,Pedro Aguilar,Escritorio,Centro,44,$-855.78,07-07-2024,880.22
228,Isabel Guzman,LAPTOP,Occidente ,37,1188.98,02-07-2024,686.71
2701,Diego Romero,Escritorio,OCCIDENTE,53,645.20,Febrero 26 2024,1294.59
2058,Alejandro Diaz,SILLA,Centro,55,$812.70,Septiembre 25 2025,1397.48
9541,Jorge Morales,Impresora,Occidente,39,"$1,029.34",32/13/2026,1530.62
5651,Fernanda Castro,Camara,CENTRO,54,sin dato,16/02/2024,1196.88
670,Isabel Guzman,Escritorio,Centro,33,309.31,05-26-2024,1891.62
4377,Ana Garcia,Impresora,Occidente,57,1130.03,2024-03-10,667.2
6396,Camila Reyes,Escritorio,OCCIDENTE,26,1173.01,08-02-2024,957.91
5487,Jose Martinez,Tablet,norte,41,$793.83,04-24-2025,479.32
6857,Laura Sanchez,Impresora,CENTRO,39,767.27,2025-11-12,1759.4
8462,Fernanda Castro,Camara,Norte,35,$633.52,27/11/2025,1136.42
8409,Luis Hernandez,Laptop,Occidente,35,$806.92,Mayo 10 2026,1771.1
100,Alejandro Diaz,Tablet,Occidente,27,$384.09,,1324.64
2530,Pedro Aguilar,Impresora,Centro,45,1692.79,Junio 17 2024,1565.76
7463,Ricardo Vargas,Mouse,Sur,29,$610.11,10-09-2024,1441.28
8953,Andres Ortiz,Camara,Occidente ,20,$699.48,15/07/2024,1414.05
306,Andres Ortiz, Silla, Norte,27,$649.88,08-10-2024,1258.83
5980,Maria Lopez, Bocina,Centro,40,440.43,2025-08-26,1386.27
3980,Isabel Guzman,Laptop,Centro,42,900.95,11-30-2025,1599.9
7492,Miguel Flores, Laptop,Norte,29,$480.39,04-07-2026,1865.8
2199,Daniela Cruz,Teclado,Centro ,46,745.15,06-17-2024,1314.68
6683,Sofia Torres,Laptop,centro,38,719.96,10-03-2025,1235.49
4178,Valeria Mendoza,Escritorio,Sur,59,"$1,400.18",2025-08-28,1512.84
4732,Daniela Cruz, Laptop,Sur,30,1268.28,18/03/2024,2161.09
9,Luis Hernandez,Escritorio,Centro,36,947.96,32/13/2026,1819.78
8259,Daniela Cruz,Impresora,Norte,35,1067.50,05-05-2024,1202.63
3686,Sofia Torres,Silla,Centro,29,"$1,194.69",05/04/2026,1122.95
3872,Alejandro Diaz,Teclado,Sur,32,$743.90,2025-04-30,1000.11
6451,Andres Ortiz,Camara,norte,27,"$1,149.61",02-12-2026,1730.62
2425,Miguel Flores,Escritorio,Centro,39,1312.87,01-09-2025,1502.79
3040,Jose Martinez,LAPTOP,Norte,27,$770.85,Julio 14 2024,934.89
4161,Laura Sanchez,Camara,Sur ,40,$466.90,Abril 16 2025,1538.38
1385,Valeria Mendoza,Teclado,NORTE,21,782.61,26/02/2025,1562.14
1770,Ana Garcia, Bocina,Norte ,44,1269.71,13/05/2026,1344.03
6408,Carlos Ramirez,Escritorio,Sur,34,"$1,016.55",2025-06-09,1018.36
7151,Camila Reyes,Camara,Norte,30,$620.59,09-14-2025,1465.54
3030,Sofia Torres,Silla,Norte,19,"$1,016.36",2025-11-07,1420.36
1198,Andres Ortiz,Escritorio,Occidente,25,"$1,362.43",04-28-2025,1195.94
8715,Camila Reyes,Monitor,Norte,28,sin dato,2026-03-15,1802.31
2334,Carlos Ramirez,Escritorio, Sur,22,50.00,Abril 15 2024,1098.18
6538,Diego Romero,Mouse,centro,37,$895.75,2024-08-06,896.54
1280,Alejandro Diaz,Tablet,Centro,desconocida,543.08,11-11-2025,1466.75
8859,Pedro Aguilar,Mouse,occidente,41,752.47,Marzo 12 2026,1449.7
1200,Daniela Cruz,Monitor,norte,52,1452.85,2025-01-14,1047.73
5034,Daniela Cruz,Laptop,centro,24,654.06,27/01/2026,1593.74
4773,Carlos Ramirez,Monitor,Norte,49,$738.11,Octubre 9 2025,1210.57
1110,Jose Martinez,Silla,Sur,31,754.77,Diciembre 27 2024,1272.31
8282,Andres Ortiz,Silla,Centro,30,$773.12,02/01/2026,2290.8
4587,Andres Ortiz,Mouse,Centro,50,1099.23,2025-10-14,1174.72
2763,Laura Sanchez, Silla,Centro,36,1293.25,2025-09-15,1851.25
8912,Luis Hernandez,Mouse,Occidente,62,956.68,Abril 30 2026,829.39
9944,Pedro Aguilar,Tablet,Occidente,desconocida,$516.81,2024-08-24,981.17
4557,Paola Rios,Laptop,Centro ,44,711.01,Febrero 1 2025,1813.11
8394,Camila Reyes,Bocina,Occidente,51,$946.70,2025-09-10,1313.13
2368,Fernanda Castro,Bocina,norte,53,"$-1,121.67",Agosto 20 2025,1801.31
344,Fernanda Castro,Mouse,sur,46,$580.32,Enero 29 2026,1331.66
3966,Diego Romero,Laptop,Sur,34,$841.18,07-30-2025,1401.62
6769,Laura Sanchez,Mouse,,,$-500.23,Junio 3 2024,1827.81
359,Camila Reyes,Laptop, Norte,28,$817.89,2025-05-03,1135.98
753,Camila Reyes,Teclado,Sur,37,sin dato,2024-07-15,917.21
8441,Diego Romero,Bocina,Sur,9,$50.00,15/10/2025,1380.81
1932,Paola Rios,Silla,Sur,52,$966.44,Marzo 25 2025,1523.55
8004,Laura Sanchez,Impresora,Centro,38,871.97,2026-02-15,1567.38
1451,Valeria Mendoza, Mouse,Sur,34,"$-1,079.12",2026-03-20,1632.43
7325,Jorge Morales,Mouse,?,45,517.21,03-16-2025,772.4
9286,Valeria Mendoza,Laptop,Norte,41,$755.50,09/04/2026,622.31
5254,Alejandro Diaz,Mouse,centro,,"$-1,065.62",20/02/2025,1184.11
5217,Miguel Flores,Laptop,sur,38,801.10,03-07-2025,1941.23
414,Camila Reyes,Tablet,Norte,46,$406.52,2024-06-29,990.38
1484,Pedro Aguilar,Tablet,Sur,-8,$638.61,03-17-2026,1345.42
2268,Fernanda Castro,Bocina,Norte,40,$893.36,10/01/2025,1415.5
7147,Fernanda Castro,Bocina,Centro,50,920.73,26/05/2026,1586.76
4841,Ricardo Vargas,Bocina,Sur,62,1143.68,,1015.51
1833,Laura Sanchez,Mouse,Sur,15,$961.28,04/04/2026,1247.57
7354,Paola Rios,Silla,Centro,30,207.28,Abril 21 2024,1377.9
9653,Ricardo Vargas,Mouse,Sur,47,754.64,10/02/2026,1869.18
5785,Maria Lopez,TECLADO,centro,35,678.91,Enero 14 2025,835.09
1754,Valeria Mendoza,IMPRESORA,norte,28,"$1,343.23",Enero 18 2025,1963.99
4032,Isabel Guzman,Teclado, Norte,46,566.22,Mayo 2 2026,1641.48
1459,Paola Rios,BOCINA,Centro ,36,839.84,2025-04-18,1328.29
3654,Valeria Mendoza,Camara, Centro,19,792.12,2025-03-06,1162.95
6113,Carlos Ramirez,Impresora,Centro,32,"$1,383.07",2024-05-06,2027.21
4574,Camila Reyes, Escritorio,Norte,17,$865.26,2025-04-26,1307.46
7467,Jose Martinez,Impresora,Sur,68,771.82,03-02-2024,1393.46
4379,Alejandro Diaz,Tablet,Centro,11,470.44,09-17-2025,1411.63
8361,Laura Sanchez,Mouse,Occidente,34,743.34,2025-11-17,1423.95
459,Andres Ortiz,Laptop,Norte,59,702.16,2024-04-28,1464.23
4968,Alejandro Diaz,Mouse,Occidente,25,$653.12,2025-04-28,1674.65
9764,Carlos Ramirez,Impresora,N/A,51,1300.67,29/08/2025,418.58
4598,Isabel Guzman,LAPTOP,Norte,36,$923.44,Octubre 28 2025,1347.5
3565,Andres Ortiz,Camara,Sur,30,940.21,2024-03-12,1600.26
6783,Diego Romero,Teclado,Occidente,32,592.85,08/05/2025,804.86
8046,Diego Romero,Camara,Occidente,30,520.46,32/13/2026,1468.68
4128,Jose Martinez,Mouse,NORTE,25,804.45,22/05/2025,1612.86
9153,Sofia Torres,Mouse,CENTRO,31,1028.15,2024-03-10,1485.82
7363,Jose Martinez,Escritorio,Sur,46,$283.03,04-18-2026,1557.02
642,Pedro Aguilar,Escritorio,Centro,66,$177.08,2024-12-17,1557.4
9111,Paola Rios,Escritorio,Occidente,47,1134.45,01-24-2025,1228.68
8223,Alejandro Diaz,Silla,Sur,17,$976.69,11-02-2025,882.52
3985,Valeria Mendoza, Escritorio,Centro,35,897.40,2024-02-24,1576.21
4544,Ana Garcia,Bocina,Centro,28,$717.77,26/07/2025,1697.66
2597,Maria Lopez,Silla,Occidente,43,$723.48,Octubre 11 2024,1774.19
6191,Ana Garcia,Laptop,Centro,42,1057.84,,1150.98
6537,Carlos Ramirez,Impresora,,40,$-827.45,2025-04-17,1282.78
9468,Pedro Aguilar,Impresora,sur,35,1529.53,18/03/2024,1220.15
7065,Ricardo Vargas,Mouse,Sur,36,"$1,153.28",01-24-2025,1187.89
3232,Jose Martinez,Escritorio,Norte,59,844.83,10-21-2025,1545.55
2658,Diego Romero,IMPRESORA,sur,47,sin dato,Septiembre 4 2024,1543.46
9503,Jorge Morales,Mouse,Centro ,-7,sin dato,06-21-2024,1192.22
5950,Maria Lopez,Laptop,Occidente,51,$559.79,08-02-2025,1153.13
9692,Isabel Guzman,Mouse, Sur,53,386.34,17/09/2024,1546.27
8365,Fernanda Castro,Mouse,Norte,55,70.80,2026-05-05,1313.6
5649,Ana Garcia,Laptop,Centro,,519.55,01-12-2026,1673.52
7397,Carlos Ramirez,Escritorio,Norte,9,943.81,2025-02-01,1499.62
7102,Luis Hernandez,Silla,Centro,50,sin dato,03-09-2024,1472.56
3437,Andres Ortiz,Camara,centro,41,585.26,11-02-2024,1376.04
4431,Laura Sanchez,Laptop,Centro ,34,$931.33,Febrero 15 2024,1082.03
5288,Laura Sanchez,LAPTOP,occidente,11,1166.07,2026-01-24,1902.42
8556,Carlos Ramirez,LAPTOP,Occidente,49,"$1,110.21",Enero 3 2025,1375.37
3216,Daniela Cruz,Teclado, Occidente,29,1325.67,Febrero 25 2024,1366.97
6656,Luis Hernandez,Mouse,Sur,-4,678.95,2024-05-21,2142.3
3298,Laura Sanchez,Mouse,Sur,49,591.34,2026-04-19,1882.06
6897,Diego Romero,Laptop,Centro,32,917.03,03/04/2024,1200.09
3723,Laura Sanchez,Monitor,Sur,45,sin dato,Febrero 20 2026,1617.03
4192,Jorge Morales,ESCRITORIO,Occidente,40,1049.50,Julio 20 2025,1738.65
3031,Alejandro Diaz,Teclado,OCCIDENTE,51,1213.66,32/13/2026,1725.79
1294,Andres Ortiz,Impresora,Centro,44,739.31,06-09-2024,1924.64
8389,Ricardo Vargas,Monitor,OCCIDENTE,28,1118.43,09-22-2025,1729.52
7187,Fernanda Castro,Laptop,sur,39,$975.93,08-17-2025,1028.27
7977,Daniela Cruz,Monitor,Sur,30,$590.25,32/13/2026,1328.52
1671,Carlos Ramirez,Impresora,norte,30,$850.85,10-20-2024,1354.11
3648,Camila Reyes,Laptop,Centro,37,$906.50,Abril 29 2025,945.88
8145,Ana Garcia,BOCINA,Occidente,42,$395.12,2024-09-21,1546.36
6785,Valeria Mendoza,Silla,Sur,58,"$1,273.24",02-08-2026,507.96
3198,Laura Sanchez,Silla,Norte,19,$752.66,12/01/2025,1711.76
9399,Miguel Flores,Teclado,Sur,32,"$1,031.07",29/11/2024,1182.17
8519,Camila Reyes,Tablet,Centro,27,"$1,112.72",2026-01-11,1123.14
3525,Paola Rios,Laptop,occidente,67,880.23,Noviembre 5 2025,816.97
1321,Camila Reyes,Bocina,Norte,35,660.67,Mayo 27 2026,1887.74
5943,Paola Rios,Monitor,OCCIDENTE,19,"$1,504.28",Junio 1 2025,1437.27
5057,Luis Hernandez,Monitor,Norte,32,"$1,112.79",12-27-2024,1027.1
489,Ricardo Vargas,Escritorio,,,900.78,2025-06-15,1711.25
1436,Paola Rios,Laptop,Centro,35,$589.92,2024-06-26,1545.53
4039,Daniela Cruz,Teclado,,55,619.60,Agosto 16 2025,1323.39
3778,Diego Romero,Laptop,Centro,27,1013.58,Marzo 31 2024,1612.14
3436,Daniela Cruz,Tablet,Occidente,51,1021.75,05/11/2025,1848.01
9009,Ana Garcia,Tablet,Centro,30,835.14,04-12-2025,822.78
7419,Andres Ortiz,Bocina,NORTE,31,$701.41,2024-03-15,1245.81
7555,Ana Garcia,Laptop,SUR,21,1147.33,,1026.85
4516,Paola Rios,Escritorio,Occidente,22,sin dato,12-24-2024,1090.38
4244,Jorge Morales,Monitor,Centro,33,$903.41,2025-05-27,1085.89
81,Paola Rios,Monitor,Sur,54,sin dato,2025-06-12,969.38
1666,Sofia Torres,Tablet,NORTE,29,$631.62,10-03-2024,1876.98
5864,Miguel Flores,Laptop,SUR,27,$291.45,03-02-2024,1408.25
1,Isabel Guzman, Silla,occidente,34,747.10,2026-03-10,1495.42
4371,Sofia Torres,Camara,Norte,45,1170.19,Julio 14 2024,1207.48
8900,Ricardo Vargas,Tablet,Sur,14,1288.45,32/13/2026,1542.36
3358,Jose Martinez,Escritorio,norte,49,$773.88,07-13-2025,696.55
2776,Ana Garcia,Teclado,?,26,1099.23,06-29-2025,1491.36
8882,Luis Hernandez,Tablet,Centro,47,304.51,08-23-2024,2152.28
1018,Laura Sanchez,Escritorio,Centro,32,"$1,380.18",27/03/2025,1139.34
3456,Laura Sanchez,LAPTOP,SUR,28,1271.06,Octubre 18 2024,1707.42
5968,Isabel Guzman,Monitor,Norte ,60,"$1,313.78",16/01/2026,1524.24
6395,Laura Sanchez,Impresora,Centro,54,608.52,07/12/2025,937.51
2384,Paola Rios,Escritorio,Norte,32,$833.13,23/01/2025,1153.15
6152,Fernanda Castro,Mouse,Occidente,24,sin dato,2024-05-21,1205.48
6615,Valeria Mendoza,Escritorio,Norte,28,$665.84,32/13/2026,1499.67
9037,Carlos Ramirez,Laptop,Sur,36,693.91,Abril 10 2025,778.48
3420,Ricardo Vargas,Monitor, Occidente,15,$978.61,,1454.23
7169,Luis Hernandez,Escritorio,Occidente,26,621.99,2024-05-17,1098.3
1158,Diego Romero,Bocina,?,45,1063.11,,1010.28
7640,Jose Martinez,Monitor,OCCIDENTE,52,733.06,15/07/2025,553.92
1286,Fernanda Castro,Tablet,Sur,1,888.00,Marzo 12 2024,1601.86
1546,Sofia Torres,Monitor,Norte ,31,$824.88,18/09/2024,1066.73
9977,Jose Martinez,Bocina,Occidente,50,891.02,19/08/2025,1914.75
9615,Laura Sanchez,Silla,Sur,35,"$-1,204.60",2024-06-29,1509.53
4087,Alejandro Diaz,Monitor,Norte,40,$750.50,07/03/2025,882.0
3480,Laura Sanchez,Teclado,Centro,29,1215.37,Octubre 19 2024,1997.22
1741,Camila Reyes,Laptop,occidente,37,$857.03,,1329.78
8295,Carlos Ramirez,Mouse,Occidente,22,$887.29,Agosto 22 2024,1277.71
2409,Jorge Morales,LAPTOP,Norte,19,867.29,32/13/2026,1364.04
7736,Jose Martinez,MONITOR,sur,35,$990.17,2025-06-25,1651.3
6079,Valeria Mendoza,Escritorio,Norte,31,$981.70,04-22-2025,1725.54
5474,Isabel Guzman,Laptop,Sur,39,$843.61,2025-11-05,1302.15
379,Valeria Mendoza,Monitor,Norte,34,609.17,2024-07-18,1243.45
9124,Miguel Flores,Impresora,Centro,41,868.42,22/05/2025,1095.66
4469,Ricardo Vargas,Tablet,sur,35,866.07,Abril 2 2026,1231.88
9128,Camila Reyes, Monitor,Norte ,41,sin dato,15/04/2026,1126.07
5412,Luis Hernandez,Laptop,Centro,35,609.94,Agosto 17 2024,1122.11
6480,Diego Romero,Impresora,Centro ,40,764.41,Julio 5 2025,725.69
5345,Jorge Morales,Teclado,Centro,45,$814.44,2025-08-20,1608.24
5678,Daniela Cruz,Camara,sur,32,830.60,Agosto 30 2024,1266.08
6183,Sofia Torres,Laptop,Sur,,$877.67,,1854.76
6961,Valeria Mendoza,LAPTOP,Occidente,20,523.17,2024-03-12,1702.14
6547,Camila Reyes,Escritorio,OCCIDENTE,41,"$1,016.92",2024-10-09,1583.35
9252,Laura Sanchez, Monitor,Centro,13,"$1,399.14",Noviembre 22 2024,1235.89
9623,Alejandro Diaz,Escritorio,Sur,39,809.07,2024-06-05,1223.04
4345,Isabel Guzman,Tablet,Norte,44,$844.87,,1491.67
8113,Laura Sanchez,Monitor,occidente,54,sin dato,2025-07-30,805.35
5480,Daniela Cruz,Mouse,Sur,46,$727.66,Enero 19 2026,1953.35
4642,Luis Hernandez,LAPTOP,SUR,39,"$1,177.59",05-08-2025,1517.92
4770,Alejandro Diaz,Camara,Occidente,32,1082.71,11/09/2024,998.48
2832,Paola Rios,Escritorio, Norte,39,478.39,2025-03-31,1873.05
8173,Carlos Ramirez,Escritorio, Sur,31,"$1,096.16",Julio 26 2024,1193.88
7906,Isabel Guzman,Monitor,OCCIDENTE,29,725.60,05-10-2024,1264.13
762,Ana Garcia,Laptop,Sur,33,996.43,03-06-2026,1670.92
3364,Diego Romero,Tablet,Occidente,72,$351.06,09-17-2025,1855.97
8036,Laura Sanchez,Camara,Centro,44,$798.77,26/02/2024,825.7
1594,Jorge Morales,LAPTOP,Norte,357,sin dato,2025-12-26,1686.64
5306,Ana Garcia,Laptop,Sur,61,1014.81,2024-02-25,750.74
2060,Miguel Flores, Monitor,Centro ,42,"$1,061.32",Septiembre 27 2024,2092.83
5955,Ricardo Vargas,Monitor,norte,42,$616.02,11/06/2026,1619.21
3606,Andres Ortiz,Tablet,norte,39,1116.52,2024-04-01,1690.58
7083,Valeria Mendoza,Escritorio,occidente,37,693.86,2024-11-25,1837.59
8219,Paola Rios,Escritorio,SUR,35,$420.61,,1324.6
1168,Sofia Torres,Camara, Norte,25,944.51,2024-08-31,633.6
8164,Andres Ortiz,Silla,Centro,62,857.75,Mayo 14 2026,1260.13
95,Laura Sanchez,Silla,Centro,47,$465.11,19/03/2026,1664.18
3416,Carlos Ramirez, Bocina,Centro,26,$985.57,2026-02-02,1339.4
9474,Laura Sanchez,Impresora,centro,46,$806.96,07-16-2025,1759.53
4212,Sofia Torres,Silla,Occidente,36,818.92,01-13-2026,341.39
5847,Isabel Guzman,Bocina,Norte,56,451.49,21/12/2024,1491.08
4825,Miguel Flores,Silla,Occidente,43,$827.70,2024-09-18,1755.17
921,Daniela Cruz,Laptop,Occidente,14,$673.67,17/05/2026,1532.81
8910,Miguel Flores,Impresora,Norte,38,307.49,29/01/2025,1169.72
5319,Fernanda Castro,Escritorio,Sur,41,677.88,2026-01-26,1713.24
1226,Alejandro Diaz,Mouse,Occidente,22,808.78,,2051.93
5525,Fernanda Castro,Camara,OCCIDENTE,31,863.66,2025-10-02,1558.35
6355,Alejandro Diaz,Mouse,Norte,52,654.23,2025-03-02,1036.82
5862,Luis Hernandez,Teclado, Occidente,39,"$1,042.72",Julio 22 2024,1691.34
1687,Isabel Guzman,ESCRITORIO,Occidente,16,"$-1,162.06",04-22-2024,1272.32
3726,Paola Rios,Mouse,Occidente,40,$598.31,Marzo 19 2024,1582.74
6923,Camila Reyes,Monitor,Occidente,27,sin dato,Diciembre 24 2024,1276.1
9651,Carlos Ramirez,Mouse,Centro,37,843.49,25/05/2026,2048.9
3518,Pedro Aguilar,Silla,sin informacion,43,$849.58,2025-10-02,1703.09
9269,Sofia Torres,Impresora,SUR,35,sin dato,,1650.96
522,Luis Hernandez,Camara,Occidente,53,817.45,Febrero 15 2025,1242.38
8492,Daniela Cruz,Bocina,Centro ,46,950.68,Marzo 15 2025,1107.58
3235,Diego Romero,Mouse,Centro,38,886.16,Julio 31 2025,1029.87
856,Daniela Cruz,Tablet,Sur,28,1409.84,10/04/2025,1627.55
2795,Andres Ortiz,Monitor,Centro,29,$631.58,2025-09-20,1863.63
3224,Sofia Torres,Teclado,Centro,43,$917.69,11-02-2024,1353.91
3918,Alejandro Diaz,Tablet,Norte,47,$584.47,2026-05-06,1349.89
9464,Ana Garcia,Laptop,Norte,38,1154.79,2024-04-11,1765.52
6213,Sofia Torres,Monitor,Centro,58,400.19,2024-06-07,698.31
6740,Valeria Mendoza,Monitor,centro,18,1070.25,Octubre 8 2025,1382.64
5055,Fernanda Castro,Impresora,Centro ,51,$645.74,10-31-2024,1433.88
7594,Laura Sanchez, Teclado,Sur,31,693.34,2024-12-01,1285.48
9825,Alejandro Diaz, Tablet,Norte,41,"$1,052.65",Noviembre 6 2024,1739.75
671,Diego Romero,CAMARA,Centro,43,$943.96,09/03/2024,1492.24
923,Luis Hernandez, Mouse,Occidente,74,1117.28,05/07/2024,1040.68
1443,Camila Reyes,Camara,,53,$572.10,12-21-2025,1624.45
2937,Valeria Mendoza,Impresora,Occidente,11,670.04,2024-08-28,1228.0
1269,Valeria Mendoza,LAPTOP,Centro ,30,516.21,01-01-2026,1795.42
4491,Ricardo Vargas,LAPTOP, Norte,61,830.99,2024-02-17,899.59
9076,Jose Martinez,Bocina,Centro,36,821.75,Febrero 26 2024,1686.95
922,Jorge Morales,Bocina,Sur,36,1277.01,2026-05-13,1554.67
1662,Diego Romero,Mouse,norte,,"$1,180.66",05-01-2026,1879.19
4098,Alejandro Diaz,Silla,occidente,47,"$1,335.25",12-06-2025,1446.45
4267,Jose Martinez,Camara,Centro,23,600.29,Abril 29 2025,930.02
2795,Andres Ortiz,Monitor,Centro,29,$631.58,2025-09-20,1863.63
277,Pedro Aguilar,Escritorio,Sur,42,1066.19,03-07-2025,1355.27
1623,Andres Ortiz,Monitor,Norte,37,$940.08,Junio 23 2024,642.76
8952,Paola Rios,Bocina,Centro ,42,1511.04,32/13/2026,2207.13
2968,Maria Lopez,Escritorio,Occidente,34,1179.65,04/04/2024,1485.58
1858,Alejandro Diaz, Escritorio,Centro,12,963.14,2025-06-08,1601.34
2662,Andres Ortiz,Escritorio,norte,41,$361.58,18/06/2026,818.72
4485,Jose Martinez,Impresora,occidente,27,$207.67,09-07-2025,1494.96
3792,Paola Rios,Laptop,Sur,45,873.28,2025-01-24,953.76
6431,Jorge Morales,LAPTOP,Centro,64,1205.40,Enero 31 2026,1087.91
6720,Andres Ortiz,Bocina,Centro,25,$629.53,Diciembre 29 2024,1622.19
6849,Ricardo Vargas,Mouse,Centro,37,784.49,Julio 27 2024,952.03
5468,Isabel Guzman,Laptop,Occidente,39,371.02,Mayo 23 2026,2234.62
6655,Ricardo Vargas,TECLADO,Sur,40,$620.42,Julio 14 2024,1397.09
7925,Isabel Guzman,Mouse,Sur ,33,531.18,Julio 31 2024,2178.78
9199,Jorge Morales,Camara,Norte,49,$641.69,2024-07-24,1888.6
3758,Sofia Torres,Teclado, Norte,48,$707.55,13/10/2024,1588.25
5148,Valeria Mendoza,Bocina,Norte,296,"$1,050.26",12-04-2025,100.0
5622,Daniela Cruz,Mouse,Sur,34,$686.62,08-01-2024,1348.33
4551,Daniela Cruz,TECLADO,Sur,13,$981.12,16/04/2026,858.53
7541,Paola Rios,Laptop,Occidente ,57,sin dato,08-20-2025,1255.23
2171,Isabel Guzman,Teclado,Sur,36,$154.92,Agosto 7 2025,1662.0
4725,Valeria Mendoza,MONITOR,Sur,32,613.99,11-04-2024,1294.98
1011,Andres Ortiz,Tablet,Occidente,55,768.72,Diciembre 12 2025,911.11
2456,Carlos Ramirez,Escritorio,OCCIDENTE,42,"$1,056.67",2025-05-15,800.23
4043,Jose Martinez, Impresora,SUR,57,"$1,314.09",Octubre 30 2025,1013.96
4567,Diego Romero, Mouse,sur,41,"$1,491.96",Septiembre 11 2024,1242.53
1758,Laura Sanchez,MONITOR, Sur,42,$911.17,Diciembre 19 2024,1712.92
8217,Laura Sanchez,Laptop,Norte,56,sin dato,07-31-2025,1652.22
2394,Sofia Torres,Tablet,occidente,33,sin dato,2025-05-05,1418.38
8459,Andres Ortiz,Escritorio,Centro,18,611.99,Abril 24 2026,966.36
8826,Paola Rios,Impresora,sur,44,$-616.96,06-28-2024,1162.44
7526,Carlos Ramirez,Tablet,CENTRO,32,"$1,145.62",29/08/2025,2051.67
8262,Luis Hernandez,Impresora,sur,39,sin dato,Julio 4 2024,1451.86
2117,Valeria Mendoza, Bocina,Sur ,35,$813.43,01/01/2026,1166.41
966,Daniela Cruz,Silla,Sur,40,906.77,Noviembre 22 2024,1620.79
1647,Ana Garcia, Silla,Centro,42,sin dato,08-01-2025,1985.54
9607,Ana Garcia,Monitor,Norte,41,"$1,006.33",01/03/2025,1770.35
9877,Pedro Aguilar,Escritorio,centro,28,sin dato,17/11/2025,1277.33
2361,Jorge Morales, Laptop,Norte,43,$842.56,2025-04-10,1064.81
3200,Alejandro Diaz,Mouse,Centro,22,"$1,065.44",2024-04-05,2286.5
4393,Andres Ortiz,Camara,Sur ,55,"$1,096.85",11-30-2025,1076.73
3028,Ricardo Vargas,Tablet,Centro,56,sin dato,05/04/2024,906.07
8545,Ricardo Vargas,Laptop,Sur,41,$792.68,23/02/2025,1156.49
1544,Isabel Guzman,Teclado,Norte,23,1077.15,05/02/2025,1045.18
7447,Carlos Ramirez,Bocina,CENTRO,20,863.89,13/12/2025,1288.84
7623,Miguel Flores,Escritorio,Centro,55,"$1,101.43",04-23-2024,1185.13
3329,Ricardo Vargas,Monitor,Sur,37,$-570.13,32/13/2026,1345.35
9739,Paola Rios,Monitor,Centro,23,696.30,06/04/2024,1248.57
1842,Daniela Cruz,Bocina,Sur,29,431.57,Octubre 20 2025,1181.16
3560,Alejandro Diaz,Bocina,Occidente ,42,650.90,13/11/2025,793.41
1617,Laura Sanchez,Tablet,Sur,38,211.41,Septiembre 14 2024,2025.52
1638,Miguel Flores,Teclado,Centro,34,sin dato,15/03/2025,1899.99
7293,Jose Martinez,Escritorio,Occidente,33,$750.02,Abril 14 2024,989.59
6272,Valeria Mendoza,Impresora,Centro,51,$482.24,2026-06-16,1511.1
4453,Camila Reyes,Tablet,centro,52,$795.27,Julio 18 2024,1160.37
832,Andres Ortiz,Mouse,Norte,46,$933.63,Abril 4 2025,1312.91
4461,Isabel Guzman, Mouse,Sur,56,$765.84,2025-07-11,1456.91
4582,Diego Romero,MONITOR,OCCIDENTE,34,1093.96,2026-03-02,1216.68
3321,Jose Martinez,Monitor,Centro,45,$769.26,2025-05-06,1590.28
214,Ricardo Vargas,Camara, Occidente,42,917.90,01/03/2026,1361.42
7142,Alejandro Diaz,Mouse,Centro,56,$-407.41,09/03/2025,937.06
797,Miguel Flores,Teclado,occidente,29,881.40,23/10/2024,1050.27
9532,Daniela Cruz,Escritorio,Norte,18,817.39,Diciembre 17 2024,1288.31
3484,Ricardo Vargas,Silla,Norte ,36,"$1,073.51",2024-12-31,1726.83
5587,Miguel Flores,Laptop,NORTE,41,$509.25,2025-07-06,1192.06
2170,Luis Hernandez,Mouse,Norte,42,$639.86,06-24-2024,1992.98
3544,Camila Reyes,Impresora,Centro,45,$550.46,Abril 10 2026,1291.68
7364,Sofia Torres,Laptop,Centro,52,$390.37,20/01/2025,1449.95
8291,Valeria Mendoza, Silla,Centro,31,$-920.43,2025-06-22,1134.88
6876,Fernanda Castro,Laptop,Sur,36,$819.57,03-09-2025,1146.76
2589,Diego Romero,Mouse,Occidente,56,$760.72,20/11/2025,2058.56
6691,Ricardo Vargas,Impresora,Sur,17,$402.54,Agosto 22 2025,797.39
6682,Camila Reyes,Tablet,Centro,39,$772.24,20/05/2025,1441.92
9193,Maria Lopez,Tablet, Centro,46,946.82,2024-11-21,1289.59
6838,Luis Hernandez, Teclado,Norte,38,860.34,2025-09-19,1975.38
9966,Diego Romero,Teclado,Centro,31,1610.60,Febrero 20 2025,1725.69
492,Miguel Flores,Teclado,NORTE,51,"$1,305.01",04-02-2024,1762.39
6034,Miguel Flores,Laptop,centro,40,sin dato,2025-11-09,1282.69
2353,Jose Martinez, Laptop,centro,55,$997.26,01-13-2026,1708.3
4071,Fernanda Castro,Teclado,occidente,35,1293.83,13/03/2026,1206.27
8086,Maria Lopez,Bocina,Centro ,35,$743.70,28/06/2025,1665.0
6,Diego Romero,Silla,OCCIDENTE,50,$255.29,2024-03-15,787.46
4836,Laura Sanchez,Bocina,Centro,44,1361.31,Abril 1 2025,1012.55
6217,Maria Lopez,Escritorio,Sur,21,$844.93,01/04/2024,1095.96
3045,Fernanda Castro,Tablet, Norte,55,761.28,Noviembre 19 2024,1875.64
7478,Miguel Flores, Monitor, Norte,22,1382.98,Agosto 5 2025,1664.33
2791,Miguel Flores,Tablet,centro,57,817.18,09-14-2024,1727.84
5276,Pedro Aguilar,Silla,,19,837.03,06-04-2024,1679.43
5860,Laura Sanchez,Escritorio,Norte,48,"$1,015.45",Julio 23 2025,1643.26
4386,Miguel Flores,Monitor,Occidente,46,$722.00,2025-06-01,1647.34
4556,Luis Hernandez,Impresora,Norte ,23,1020.83,2024-12-27,1039.1
7519,Ricardo Vargas,Laptop,Sur,31,882.51,2025-05-16,1319.51
4906,Ricardo Vargas,Impresora,Sur,24,"$1,193.47",Marzo 26 2026,1580.36
806,Jose Martinez,Bocina,Centro,25,$967.35,Enero 11 2025,1556.29
7943,Maria Lopez,Bocina,Centro,47,sin dato,19/09/2025,1569.29
2774,Miguel Flores, Laptop,Occidente,33,993.75,Octubre 27 2025,1339.37
6987,Camila Reyes, Escritorio,Centro,26,1083.93,06/03/2025,1448.96
8363,Luis Hernandez,Monitor, Centro,38,$571.14,11-29-2024,1691.51
6526,Carlos Ramirez,Tablet,Sur,35,$436.98,Noviembre 30 2025,1835.92
2285,Luis Hernandez,Monitor, Centro,37,945.42,11/05/2026,1684.14
5112,Alejandro Diaz,Escritorio,Occidente,33,$811.49,06-16-2025,1674.51
8436,Miguel Flores, Silla,Norte,25,304.45,08-11-2024,1550.46
4935,Diego Romero,Tablet,Occidente,49,"$1,164.65",Septiembre 16 2024,1204.52
3923,Fernanda Castro,Impresora,Occidente,47,$702.29,02-27-2026,1436.41
8065,Valeria Mendoza,Impresora,Occidente,37,451.06,Diciembre 1 2024,1137.19
3453,Valeria Mendoza,Silla,Occidente,60,"$1,430.61",03-09-2024,999.05
1900,Valeria Mendoza,Mouse,Centro,40,714.40,25/10/2024,1401.44
8827,Valeria Mendoza,Laptop,Sur,32,812.28,Abril 18 2025,1375.99
3132,Alejandro Diaz,Camara, Occidente,31,$976.97,19/12/2025,1638.54
1412,Jose Martinez, Bocina,,39,1064.57,Septiembre 30 2024,1581.71
3086,Jose Martinez, Camara,Norte,41,$-715.56,Septiembre 4 2024,1439.32
2653,Andres Ortiz, Camara,OCCIDENTE,40,655.27,14/04/2024,933.06
8400,Daniela Cruz,Tablet,Norte,49,742.43,Abril 1 2025,1288.54
4688,Sofia Torres, Teclado,Centro,39,1007.77,03-17-2025,1243.79
4325,Luis Hernandez,Camara,Centro,19,$914.27,2026-01-21,1485.99
1764,Fernanda Castro,Monitor,N/A,45,sin dato,04-27-2024,1652.4
9520,Valeria Mendoza,Silla,Occidente,33,$728.76,2025-06-12,1211.34
480,Isabel Guzman,TECLADO,,13,sin dato,05-14-2026,1708.38
7338,Daniela Cruz, Escritorio,Occidente,42,$850.38,17/08/2024,1296.28
4316,Andres Ortiz,Silla,Norte,32,626.93,Enero 23 2024,1338.99
5213,Alejandro Diaz,Escritorio,CENTRO,52,793.49,21/10/2024,1360.26
4107,Maria Lopez,Camara,Centro,26,"$1,196.85",2025-03-06,1409.05
4511,Luis Hernandez,Laptop,Centro,17,"$1,099.04",2026-05-09,654.87
6704,Pedro Aguilar,Laptop,Sur,30,$691.00,15/04/2025,1089.63
4819,Valeria Mendoza,TECLADO,Occidente,13,802.53,Junio 14 2024,1493.7
5719,Alejandro Diaz,Teclado,Norte,46,$585.37,Junio 18 2026,874.86
624,Miguel Flores,Mouse,NORTE,36,752.38,09-01-2024,1185.86
195,Valeria Mendoza,Monitor,Centro,33,346.07,13/07/2024,1611.66
2349,Diego Romero,Impresora,occidente,35,983.48,Marzo 11 2025,2099.75
7504,Jose Martinez,Laptop,norte,38,$555.58,Diciembre 28 2024,1440.82
3813,Camila Reyes,Monitor,Sur,23,608.87,24/07/2025,2068.27
3675,Miguel Flores, Mouse,Norte,37,654.92,,2100.29
2709,Andres Ortiz,Monitor,Norte,21,$998.92,2024-08-30,1280.87
2905,Daniela Cruz,Silla,Occidente ,24,$710.26,16/12/2024,1809.04
3294,Paola Rios, Mouse,Centro,65,1040.17,32/13/2026,1200.4
9340,Ana Garcia,CAMARA,,28,$448.35,2024-05-03,1320.56
673,Camila Reyes,Laptop,Sur,68,477.93,10/06/2025,1484.75
4955,Fernanda Castro,Escritorio,Centro,43,"$1,185.36",2025-11-12,1754.82
9842,Diego Romero,Escritorio,Occidente,59,"$1,087.93",Febrero 26 2025,1264.54
2837,Camila Reyes,Laptop,occidente,50,$870.66,11-08-2025,909.95
6013,Daniela Cruz,Tablet,norte,36,$615.69,Marzo 19 2025,833.57
5060,Valeria Mendoza,Mouse,SUR,22,1053.31,2024-09-13,1930.5
245,Jorge Morales,MONITOR,centro,25,814.79,01-16-2026,1526.27
3577,Laura Sanchez,CAMARA,Norte ,42,816.80,19/03/2026,1490.57
5150,Pedro Aguilar,Teclado,sin informacion,49,630.17,2026-02-08,1018.95
5281,Carlos Ramirez,Escritorio, Norte,34,1055.28,2025-03-03,1386.99
4317,Paola Rios,Escritorio,centro,57,740.81,20/07/2024,1773.01
1112,Carlos Ramirez,Mouse,OCCIDENTE,31,729.38,06/12/2025,1125.04
857,Luis Hernandez,Escritorio,sin informacion,58,"$1,124.11",16/12/2024,1505.66
4573,Fernanda Castro,Laptop, Occidente,27,$898.93,2026-01-10,1159.91
6700,Ricardo Vargas,Mouse,Occidente,42,1109.70,Abril 12 2024,1295.32
5588,Camila Reyes,Impresora,Occidente,40,$637.60,2025-02-15,2067.94
5916,Maria Lopez,MOUSE,Norte,38,$628.17,11-27-2024,1711.74
1650,Andres Ortiz,Escritorio,Norte,59,437.97,21/01/2026,1497.21
2031,Pedro Aguilar,Mouse,Occidente,42,$684.96,06/02/2026,1832.54
4894,Jorge Morales,Tablet,Sur,40,1611.36,32/13/2026,1544.33
6983,Daniela Cruz,Teclado,Sur,20,$553.27,05-29-2024,1326.56
3568,Sofia Torres,Monitor,Sur,51,"$1,129.44",25/07/2024,2002.53
2533,Daniela Cruz,Teclado,Norte,28,413.98,07-11-2024,1782.03
5681,Maria Lopez,Mouse,Centro,30,$699.56,06-18-2024,1417.54
4580,Luis Hernandez,Escritorio,sur,42,610.70,2024-07-22,1627.88
1593,Isabel Guzman, Camara,Norte,55,$567.27,02-18-2024,1348.09
7970,Carlos Ramirez, Bocina, Sur,22,$339.55,17/08/2024,1661.94
4873,Pedro Aguilar,Bocina,Centro,30,$501.38,2025-04-10,1119.75
4923,Alejandro Diaz,Escritorio,NORTE,37,611.09,06/01/2024,1436.41
7911,Ana Garcia,Laptop,centro,28,"$1,264.08",10-30-2024,1905.45
4687,Sofia Torres,Teclado,SUR,35,$708.03,08-11-2024,1262.26
1236,Maria Lopez,Teclado, Occidente,9,$639.96,Julio 17 2024,1049.4
5531,Jose Martinez,Monitor,centro,,"$1,070.31",32/13/2026,1606.86
7139,Laura Sanchez,Monitor,Occidente,36,673.99,18/08/2025,1727.85
7964,Isabel Guzman,Bocina,Norte,25,1002.44,Diciembre 8 2025,1311.83
7204,Sofia Torres,Escritorio,SUR,33,$997.89,29/03/2025,1547.23
2893,Miguel Flores,Laptop,Sur ,49,$620.20,2024-08-21,1415.75
7528,Carlos Ramirez,Tablet,Centro,22,1210.28,2024-07-25,1326.79
336,Andres Ortiz,Tablet,Occidente,30,780.38,06/03/2024,1489.59
8471,Ricardo Vargas,ESCRITORIO,Centro ,40,1675.43,Agosto 20 2025,1372.77
9408,Camila Reyes,Impresora,,30,1001.95,Noviembre 13 2024,1415.91
7870,Andres Ortiz,Mouse,Norte,30,$280.93,,1371.35
4863,Ana Garcia,Bocina,Sur,42,953.99,2025-09-04,1445.05
7199,Maria Lopez,Teclado,occidente,30,"$-1,232.50",2024-04-20,1110.55
6724,Isabel Guzman,Bocina,,27,$395.58,Marzo 10 2025,996.81
543,Alejandro Diaz,Impresora, Sur,17,$923.27,04-09-2025,1739.71
738,Alejandro Diaz,SILLA,Centro,53,$272.32,02-07-2024,1606.3
1170,Ana Garcia,Laptop,centro,35,$908.26,2024-04-19,1499.63
7545,Laura Sanchez, Laptop,Centro,49,$457.66,Octubre 28 2025,1649.37
6523,Valeria Mendoza,Monitor,Sur,44,sin dato,2024-06-30,1501.43
8366,Ana Garcia,Tablet,Occidente,10,1006.36,2025-06-29,1708.82
8525,Fernanda Castro,Silla,Occidente,16,$483.83,23/04/2024,725.58
6586,Valeria Mendoza,Silla,SUR,17,$420.21,28/01/2024,1048.53
3842,Jorge Morales, Teclado,Norte,31,$746.82,32/13/2026,1072.45
1016,Paola Rios,Bocina,Norte,26,"$1,360.00",03-12-2025,1118.46
5620,Miguel Flores, Impresora,Centro,44,sin dato,14/08/2024,1652.14
5232,Alejandro Diaz,Monitor,SUR,59,$-626.19,02/06/2025,1640.22
7410,Paola Rios,Escritorio,Norte ,33,"$1,035.30",11-03-2025,1601.2
6869,Isabel Guzman,Tablet,Sur,27,1393.57,24/02/2024,2027.66
101,Andres Ortiz, Impresora,norte,39,862.55,25/03/2025,1267.88
1056,Pedro Aguilar,Escritorio,Centro,47,$493.13,19/03/2025,1251.9
7461,Miguel Flores,Mouse,Sur,26,"$1,038.46",26/08/2025,1568.4
8719,Luis Hernandez,Camara,Occidente,46,938.46,23/04/2024,1025.76
4123,Andres Ortiz,Laptop,Norte,31,"$1,216.72",Octubre 9 2024,1381.09
8302,Jorge Morales,Escritorio,Occidente,34,"$1,102.33",Octubre 28 2025,898.42
8128,Carlos Ramirez,Escritorio,Sur,41,$555.44,Abril 11 2026,1285.51
4480,Daniela Cruz,Mouse, Occidente,60,$560.63,Marzo 7 2024,1680.08
1761,Andres Ortiz, Camara,Centro,36,266.48,18/12/2025,948.99
2915,Ricardo Vargas,Escritorio,Sur,20,633.70,2026-05-01,1531.19
9388,Jose Martinez,Teclado, Norte,24,1049.10,32/13/2026,1571.22
9761,Diego Romero,Impresora,centro,36,779.28,11-04-2024,1059.9
2722,Sofia Torres,Teclado,Sur,31,"$1,172.97",Abril 21 2025,891.2
6220,Jorge Morales,Escritorio, Occidente,35,$965.27,2025-08-15,887.96
6631,Daniela Cruz, Teclado,norte,45,964.38,Marzo 5 2026,1562.64
1635,Daniela Cruz,Laptop,Sur,34,1013.41,2025-12-15,1688.45
4268,Alejandro Diaz,Bocina,Centro,27,50.00,Noviembre 24 2024,1404.14
2564,Maria Lopez,Teclado,SUR,26,50.00,Enero 3 2024,1204.68
5498,Luis Hernandez,Escritorio,Sur,34,$986.60,29/05/2024,1225.04
3167,Alejandro Diaz,Escritorio,Centro,39,840.07,02-08-2026,1242.18
8010,Sofia Torres,CAMARA,Norte,20,611.99,Junio 9 2025,1458.4
5273,Laura Sanchez,Monitor,occidente,39,465.24,04-29-2025,1875.7
5854,Fernanda Castro,Silla,Centro,22,609.49,32/13/2026,1265.61
8487,Valeria Mendoza,Camara,Centro ,24,$826.09,27/09/2024,1498.86
3340,Carlos Ramirez,Bocina,Centro,40,676.71,,1411.65
3975,Alejandro Diaz,SILLA,Occidente,33,741.53,2024-06-02,1078.73
9190,Fernanda Castro,Camara,Norte,52,793.93,Enero 8 2025,1257.01
1755,Alejandro Diaz,Monitor, Occidente,19,827.23,06-07-2026,1502.7
3664,Luis Hernandez,BOCINA,Centro ,31,565.69,07-05-2024,814.64
6007,Daniela Cruz, Tablet,Norte,51,613.60,Agosto 4 2024,1866.44
2983,Isabel Guzman,Monitor,Sur ,37,"$1,102.38",2025-01-24,1430.27
3880,Fernanda Castro,Escritorio,Occidente,,$996.65,Febrero 19 2026,1456.03
3793,Luis Hernandez,Monitor,Norte,29,$601.69,Mayo 9 2025,1443.75
4477,Miguel Flores,Laptop,Sur,19,$929.01,08-13-2025,1311.68
2706,Maria Lopez,Impresora,centro,55,$608.61,23/03/2025,1782.87
6765,Camila Reyes,BOCINA,Norte,56,$993.22,11/05/2024,1334.25
2736,Ricardo Vargas,Camara,Occidente,39,"$1,329.80",03/03/2026,2001.89
1042,Miguel Flores,Teclado,occidente,40,1394.24,15/01/2024,1863.9
7109,Ricardo Vargas,Impresora,centro,9,703.85,02-16-2026,1510.11
1590,Luis Hernandez,Laptop,Occidente,47,648.27,05/02/2024,1142.21
9756,Miguel Flores,Silla,Norte,44,"$1,015.29",2025-07-23,1065.04
122,Fernanda Castro,Tablet,Occidente,59,$629.29,2024-05-24,1459.95
3287,Luis Hernandez,Escritorio,norte,44,50.00,2024-03-30,854.79
2934,Jose Martinez,Camara,CENTRO,33,722.04,19/06/2024,1277.69
288,Alejandro Diaz,Mouse,Sur ,36,855.58,10-31-2025,1240.17
9876,Jose Martinez,Laptop,CENTRO,36,312.34,Marzo 23 2025,1216.65
943,Valeria Mendoza,Bocina,norte,33,$873.50,27/09/2024,1284.71
1819,Maria Lopez,Laptop,Centro,46,314.81,2026-04-04,1163.01
7264,Diego Romero,BOCINA,N/A,52,686.88,06/09/2024,1165.81
9797,Fernanda Castro,Laptop, Occidente,37,634.68,10-31-2025,1369.39
9146,Ricardo Vargas,Bocina,NORTE,43,1560.46,2025-08-19,1383.67
5230,Luis Hernandez,Escritorio,Norte,32,sin dato,Mayo 12 2025,1676.35
6001,Fernanda Castro,Monitor,CENTRO,39,"$1,055.74",2025-05-14,1446.51
6940,Fernanda Castro,Tablet,Centro,21,"$1,131.41",Julio 14 2024,1842.52
16,Camila Reyes,Laptop,N/A,48,1287.40,Enero 7 2026,1099.71
7359,Luis Hernandez,Camara,Centro,40,1149.95,09/09/2024,1928.97
4456,Paola Rios,Camara,Centro,25,830.05,08/07/2025,1226.1
2907,Diego Romero, Escritorio,Centro,20,$362.26,Enero 22 2026,1637.98
8433,Fernanda Castro, Bocina,sur,45,$810.94,12-29-2025,879.51
557,Luis Hernandez,Teclado,Centro,50,$674.68,Febrero 19 2026,1506.91
6124,Pedro Aguilar,Mouse,Occidente,19,570.77,2024-09-02,1419.77
1111,Isabel Guzman,Monitor,centro,28,702.19,2026-01-16,2003.39
9129,Maria Lopez,TABLET,Centro,70,$-710.69,02-03-2026,1379.48
2021,Isabel Guzman,Impresora,Occidente,31,981.00,27/08/2025,1597.02
4997,Sofia Torres,Silla,occidente,21,$832.10,27/03/2025,1724.06
2144,Alejandro Diaz,Silla, Norte,53,1232.90,09/04/2026,1397.28
6221,Daniela Cruz,Laptop,Norte,33,sin dato,08-15-2024,1390.16
3203,Fernanda Castro,Bocina,SUR,24,1187.51,32/13/2026,1526.22
3481,Andres Ortiz,Monitor,Occidente,46,$513.62,Julio 4 2024,1458.48
7405,Camila Reyes, Teclado,occidente,42,115.89,07-20-2025,1814.84
2038,Daniela Cruz,IMPRESORA,SUR,42,609.59,01-11-2026,698.02
2949,Andres Ortiz,Silla,Sur,54,$921.14,Noviembre 14 2024,1426.57
1344,Luis Hernandez, Bocina,occidente,28,$443.04,2024-06-14,1893.18
8133,Luis Hernandez,Impresora, Sur,34,684.47,10/10/2024,1953.72
4541,Isabel Guzman,Escritorio,sur,9,"$1,313.05",Noviembre 29 2025,1218.96
8261,Andres Ortiz,Bocina,Centro,24,$695.82,10-19-2025,1039.37
1872,Ana Garcia,Mouse,Norte,40,$-524.55,,1162.15
4363,Ana Garcia,Bocina,Centro,36,$970.20,2025-09-27,707.9
4016,Fernanda Castro,Escritorio,Norte,41,sin dato,2024-09-29,1359.95
6270,Ricardo Vargas,Tablet,NORTE,16,1097.61,2024-05-02,996.09
148,Andres Ortiz,Monitor,occidente,35,673.69,31/05/2024,1349.69
1407,Luis Hernandez,Silla,OCCIDENTE,32,"$1,101.60",24/04/2024,1367.66
8202,Ana Garcia,Escritorio,occidente,28,828.58,Julio 25 2024,1389.53
8229,Paola Rios, Camara,Centro,54,633.60,Noviembre 19 2025,641.67
209,Daniela Cruz, Monitor,Norte,36,881.83,2025-09-24,602.49
4279,Carlos Ramirez,Teclado,Centro,46,$303.26,2025-12-12,907.9
1210,Maria Lopez,Silla,Centro,25,$208.32,28/01/2026,1286.86
55,Camila Reyes,Tablet, Norte,62,325.54,03-01-2024,1373.75
1873,Miguel Flores,Tablet,Occidente,25,sin dato,12/02/2024,1730.98
356,Camila Reyes,Mouse,Occidente,28,$77.38,25/02/2026,1523.24
2655,Ana Garcia,Monitor,Occidente,39,sin dato,27/04/2025,1827.35
5035,Fernanda Castro,Laptop,sur,39,$846.40,01-30-2024,1440.05
6676,Sofia Torres,Tablet,,37,sin dato,04-12-2026,985.09
4495,Fernanda Castro, Bocina,Occidente ,54,$776.08,2026-02-09,1283.77
2532,Ana Garcia,Teclado,Sur,46,1009.67,11-05-2025,2062.69
3377,Andres Ortiz,Monitor, Occidente,30,998.11,Enero 31 2025,1822.04
7604,Alejandro Diaz,Tablet,Occidente ,56,$639.25,2024-10-28,1407.12
5952,Paola Rios,Tablet,SUR,71,474.33,2025-10-05,831.42
5205,Jorge Morales,Silla,Centro,34,973.75,11/01/2026,1159.44
4502,Carlos Ramirez,CAMARA,Centro ,33,$336.52,Enero 3 2026,1145.69
3728,Maria Lopez,Teclado,Centro,,"$1,046.43",03-02-2025,2076.66
3914,Camila Reyes,Camara,Sur,35,$924.81,04-18-2024,1847.42
9424,Camila Reyes,Silla,SUR,15,403.77,Junio 24 2024,1624.6
9164,Camila Reyes,Silla,?,31,$855.18,,1476.29
4202,Valeria Mendoza,Laptop,Sur,30,713.55,27/06/2024,1562.39
9621,Daniela Cruz, Camara,NORTE,30,$673.23,02-21-2024,1399.59
5095,Maria Lopez,Teclado,Sur,39,662.31,Diciembre 3 2024,1565.61
2398,Luis Hernandez,Mouse,CENTRO,31,712.39,2024-09-11,1062.76
7584,Ana Garcia, Bocina,Centro,39,$734.05,06/11/2025,2050.63
7523,Alejandro Diaz,Mouse,SUR,35,$880.72,2024-03-17,1053.51
6981,Camila Reyes,Tablet,Centro,23,956.76,Julio 13 2025,1685.43
740,Jose Martinez,BOCINA,Occidente,48,$558.63,Abril 20 2024,955.16
8709,Ana Garcia,Camara,sur,46,"$1,404.17",12-07-2025,1668.49
2022,Isabel Guzman, Teclado,Sur,41,783.31,2024-12-10,1355.34
9949,Maria Lopez,Mouse,,52,765.52,2024-03-13,1830.39
2999,Paola Rios,Impresora,Centro,8,515.37,Septiembre 4 2025,1001.14
9318,Daniela Cruz,Bocina,Norte,45,$730.84,2024-07-26,2169.74
5296,Paola Rios,Tablet, Centro,42,$543.36,10-05-2024,1547.67
3081,Pedro Aguilar,Monitor,Occidente,50,$294.08,Septiembre 10 2024,1714.37
3919,Valeria Mendoza,Teclado,Norte,46,sin dato,02-18-2024,1668.04
1876,Ricardo Vargas, Impresora,Centro,53,1116.10,2024-03-07,1892.21
118,Pedro Aguilar,Mouse,Norte,54,323.03,2024-05-10,1316.28
4048,Jose Martinez,Tablet,Norte,52,"$1,266.15",05-27-2024,1370.42
2548,Miguel Flores,Laptop,?,30,sin dato,05-08-2024,1469.97
8033,Luis Hernandez,Laptop,Occidente,43,907.91,Febrero 13 2026,2063.45
385,Laura Sanchez,Monitor,CENTRO,31,1454.67,2024-07-21,1399.81
8160,Daniela Cruz,Mouse, Centro,58,282.30,Agosto 3 2024,2255.76
5069,Miguel Flores,Teclado,Sur,33,$983.95,2026-02-12,1402.66
9084,Jorge Morales,Tablet,Sur,46,"$1,420.73",Enero 16 2026,1430.72
6125,Diego Romero,BOCINA, Centro,34,667.35,2025-11-17,1483.29
8215,Valeria Mendoza,Escritorio,Occidente,37,338.53,Diciembre 7 2024,1366.27
6307,Fernanda Castro,Teclado,Norte,48,$885.18,2025-10-14,1230.47
7869,Maria Lopez,Impresora,Sur,63,"$1,144.06",08-21-2025,2005.89
4899,Laura Sanchez,Laptop,Centro,23,$840.89,32/13/2026,1408.75
5929,Diego Romero,Tablet,NORTE,54,"$1,553.75",Noviembre 16 2024,1768.0
4549,Alejandro Diaz,Mouse,Norte,37,$327.01,32/13/2026,1040.37
976,Ricardo Vargas,Mouse,N/A,68,628.63,27/04/2026,1475.45
5965,Isabel Guzman,Mouse,SUR,39,434.29,25/07/2024,1883.7
3535,Jose Martinez,Impresora,Occidente,29,"$1,083.60",08-09-2025,1670.67
4276,Jose Martinez,Monitor,Centro,31,$922.47,,1751.23
3074,Jorge Morales,Camara,Sur,48,523.31,2025-08-05,1249.04
1545,Miguel Flores,Escritorio, Centro,38,$760.59,2024-01-06,923.79
1214,Sofia Torres,Teclado,NORTE,57,880.23,2025-06-09,1490.11
2807,Ricardo Vargas,CAMARA,?,38,$817.36,Julio 30 2024,1173.02
5011,Diego Romero,Teclado,norte,25,466.58,13/09/2025,1240.49
2668,Jorge Morales,Escritorio,Centro,57,"$1,009.12",2025-08-16,1110.46
3945,Miguel Flores,Silla,Centro,27,859.41,2025-06-15,814.09
2468,Isabel Guzman,Silla, Sur,44,$906.62,02-21-2025,1499.31
3177,Laura Sanchez,Camara,Norte,43,$403.98,04-24-2026,939.78
8384,Sofia Torres,Camara,Occidente ,60,641.57,2024-10-28,1670.51
7776,Carlos Ramirez,Impresora,Sur,49,649.64,Julio 4 2025,1111.89
9827,Ricardo Vargas,Escritorio,NORTE,36,622.09,2024-04-12,1567.91
4432,Diego Romero,Teclado,Sur,45,993.43,08/02/2024,906.48
516,Diego Romero,Teclado, Occidente,48,678.51,Enero 21 2026,1420.13
7021,Sofia Torres, Tablet,centro,35,"$1,323.13",2025-10-19,1819.25
8272,Fernanda Castro,Camara,CENTRO,25,sin dato,01/05/2024,786.94
1990,Pedro Aguilar,Teclado,Occidente,42,"$1,599.95",Abril 1 2024,1893.09
4914,Isabel Guzman,Impresora,Occidente,35,1069.09,2025-06-13,1302.9
8631,Alejandro Diaz,Teclado,Sur,33,$590.88,08-14-2024,125000.0
9985,Pedro Aguilar, Teclado,Occidente,48,769.99,12-04-2024,1049.44
1971,Andres Ortiz,Monitor,Occidente,38,844.24,,818.5
4756,Carlos Ramirez,Camara,Sur,35,770.14,30/01/2024,1134.04
9956,Pedro Aguilar,ESCRITORIO,Sur,44,1322.81,2024-09-06,824.79
3038,Sofia Torres,SILLA,Norte,58,"$1,194.89",2024-02-17,2251.75
4381,Fernanda Castro,Teclado,Sur,43,$711.96,28/02/2026,1675.85
411,Miguel Flores,Impresora,Centro,42,"$1,233.07",Mayo 7 2024,1006.48
28,Daniela Cruz,Bocina,Centro,25,770.05,Junio 18 2025,1493.93
7304,Daniela Cruz,Laptop,OCCIDENTE,40,1095.00,07-26-2025,1514.8
5312,Valeria Mendoza,Escritorio,Sur,24,"$1,202.09",Julio 14 2024,1363.55
3839,Jose Martinez,Laptop,SUR,desconocida,726.36,2024-06-14,1274.03
6136,Valeria Mendoza,Silla,NORTE,33,749.85,02-01-2024,1707.06
8754,Daniela Cruz,Impresora,Sur,42,618.53,01-16-2024,1340.45
7530,Jorge Morales,Camara,Norte,39,"$1,205.32",05-27-2026,1768.63
8518,Maria Lopez,Escritorio,Sur,30,$394.13,01/03/2026,1092.8
4896,Andres Ortiz,TABLET,Norte,43,253.59,08/02/2026,1147.91
6040,Valeria Mendoza,BOCINA,Occidente,desconocida,$634.91,29/07/2024,1398.07
3770,Daniela Cruz,Mouse,Centro,35,765.07,Abril 25 2026,912.49
4949,Andres Ortiz,Camara,Norte,37,"$1,040.03",2025-01-15,1988.41
2702,Alejandro Diaz,Tablet,Centro,46,$717.53,09/12/2025,1632.36
2009,Fernanda Castro,Escritorio,sur,39,$435.28,2024-12-09,1812.01
1303,Laura Sanchez,Tablet,Centro,45,712.06,2024-03-17,825.5
6672,Ricardo Vargas,Silla,Norte,-2,817.49,2025-05-06,826.87
1097,Luis Hernandez,Silla,Sur,9,916.20,,1767.71
4597,Pedro Aguilar,Laptop,occidente,53,692.20,07-30-2025,1695.06
5307,Fernanda Castro,MONITOR,Centro,45,$641.62,03-11-2026,1389.94
3637,Camila Reyes,Tablet,Sur,31,$594.86,01-31-2024,1635.7
1313,Daniela Cruz,Bocina,Norte,30,1060.46,06-19-2024,1339.39
8095,Miguel Flores,Monitor,occidente,34,680.74,Mayo 20 2024,1499.83
6154,Sofia Torres,Mouse,Sur,39,765.90,Agosto 20 2025,1387.53
9189,Andres Ortiz,Teclado,Sur,28,907.18,01-27-2024,1226.59
7531,Miguel Flores, Silla,Centro,32,$542.63,2025-03-22,1222.91
1155,Pedro Aguilar,Escritorio,Sur,27,$995.50,28/02/2024,1563.29
5828,Daniela Cruz,Mouse,Sur,20,"$1,412.04",Septiembre 23 2025,2086.26
3668,Valeria Mendoza,Teclado,Norte,,810.82,01-23-2026,1147.85
9636,Pedro Aguilar, Silla,Centro,46,$852.40,,1167.7
7196,Fernanda Castro,Bocina,Sur,18,998.45,2024-05-07,1650.88
8027,Isabel Guzman,Silla,SUR,30,"$1,136.43",01/02/2025,1499.16
9870,Ricardo Vargas,Teclado,Occidente,25,817.56,,1782.23
4545,Ana Garcia,Camara,SUR,25,$627.04,04-29-2026,1972.76
523,Jose Martinez, Tablet,Norte,41,$97.14,Julio 31 2025,1608.83
243,Alejandro Diaz,Monitor,?,42,877.30,Marzo 14 2025,1603.82
3268,Valeria Mendoza,Teclado,Centro,,807.46,05-09-2024,1255.27
5569,Carlos Ramirez,Silla,Centro,48,807.94,2026-04-26,2002.73
2864,Luis Hernandez,Silla,Occidente,39,116.45,07-26-2025,1329.95
780,Diego Romero,Bocina,Occidente,59,$342.67,13/01/2025,1317.41
2610,Andres Ortiz,CAMARA,Norte,26,456.11,Abril 21 2026,1923.01
6004,Camila Reyes,Bocina,Occidente,38,sin dato,2024-07-25,1299.42
9204,Jorge Morales,CAMARA,Norte,51,946.61,17/03/2025,1619.61
4490,Valeria Mendoza,Laptop, Occidente,49,"$1,423.29",Abril 21 2026,1235.22
5210,Fernanda Castro,TABLET,centro,39,686.24,Febrero 1 2025,1509.62
3029,Daniela Cruz,Impresora,Sur,54,$573.17,2026-06-17,1245.44
3694,Camila Reyes, Escritorio,Centro,36,678.40,19/06/2024,1387.27
6686,Maria Lopez,Laptop,Occidente ,37,967.96,Junio 2 2025,1551.29
6269,Fernanda Castro,Silla,centro,36,1125.73,2026-03-17,1533.83
6805,Ana Garcia,Tablet,SUR,38,"$1,183.84",Abril 19 2026,1249.86
4183,Daniela Cruz,Escritorio,Occidente,19,1018.87,2025-03-04,1401.48
326,Camila Reyes,Laptop,NORTE,43,$789.93,Noviembre 24 2025,1384.28
7537,Valeria Mendoza,TABLET,norte,29,568.63,Marzo 26 2024,1583.16
3063,Laura Sanchez,Tablet,norte,45,$-655.95,2025-02-07,1034.14
8730,Isabel Guzman,Monitor,SUR,38,1193.35,23/09/2025,1057.99
2727,Sofia Torres,Tablet,sur,32,493.07,2024-07-01,1197.24
9064,Paola Rios,Bocina,Norte ,38,$326.16,07-24-2025,704.56
9908,Carlos Ramirez,Bocina,sin informacion,18,$-50.00,29/04/2026,1301.48
4362,Miguel Flores,Camara,Sur,22,$756.97,Marzo 20 2025,1762.73
9374,Daniela Cruz,Monitor,Norte,46,490.80,10-16-2025,1365.79
2322,Camila Reyes,Mouse,Occidente,36,562.77,2026-04-24,1060.15
1391,Luis Hernandez,Laptop,Centro,54,$561.82,Mayo 17 2026,1327.61
2182,Sofia Torres,Mouse,Sur,58,$779.29,07-27-2024,1786.28
7428,Andres Ortiz,Bocina,Centro,36,"$1,322.18",2024-10-11,1224.68
1366,Miguel Flores, Impresora,Norte,50,76.42,Agosto 1 2024,1246.65
7452,Andres Ortiz,Mouse,Norte,33,856.14,10-04-2025,1909.16
2980,Andres Ortiz,Mouse,Sur,33,1146.16,16/03/2024,2475.36
3784,Daniela Cruz, Monitor,Occidente,41,631.75,19/05/2026,1740.71
6753,Luis Hernandez,Mouse,Centro,33,1235.52,2025-09-07,1307.32
1193,Carlos Ramirez,Escritorio,Sur,20,$807.08,06/12/2024,1462.83
1847,Miguel Flores,Tablet,occidente,29,989.70,10-19-2024,1031.13
7616,Miguel Flores,Bocina,OCCIDENTE,,1220.49,Noviembre 6 2024,1525.46
8137,Maria Lopez,Tablet,centro,40,$905.83,19/04/2025,1867.86
4022,Laura Sanchez,Bocina,OCCIDENTE,58,sin dato,2024-05-18,1537.02
6637,Luis Hernandez,Teclado,Centro,37,$360.68,Agosto 31 2024,916.35
9245,Daniela Cruz,Laptop,Centro,-1,585.89,2024-01-27,1216.48
1142,Camila Reyes,IMPRESORA,centro,,"$1,010.25",24/01/2025,1491.27
3250,Valeria Mendoza,Camara,norte,40,"$1,126.47",08-29-2024,1282.52
4595,Daniela Cruz,Escritorio,centro,,985.41,2025-06-06,1858.72
5777,Pedro Aguilar,Tablet,Sur,51,"$1,099.77",2024-09-07,1598.56
1433,Diego Romero,Bocina,Centro,60,919.41,05-05-2024,1546.59
5081,Andres Ortiz,Escritorio,Centro,46,839.22,09-04-2024,1039.61
2540,Paola Rios,Bocina, Occidente,35,"$1,051.20",Marzo 30 2024,1489.7
5961,Diego Romero,MONITOR, Centro,36,$716.19,Diciembre 28 2024,939.3
7310,Maria Lopez,Silla,sin informacion,37,1082.71,05-21-2026,1211.67
6600,Sofia Torres,Silla,Sur,43,806.74,Agosto 20 2024,1249.45
9628,Miguel Flores,Tablet,Occidente,17,817.63,07/09/2024,722.76
2444,Maria Lopez,Bocina,Norte,53,$707.58,Junio 6 2025,1336.16
6844,Paola Rios, Camara,Occidente,38,"$1,033.73",Septiembre 7 2025,1255.76
9599,Daniela Cruz,MOUSE,Norte,47,1069.85,32/13/2026,1495.21
1832,Ana Garcia,Laptop,Occidente,39,1088.64,06-13-2024,1393.42
2508,Luis Hernandez,Tablet,SUR,47,$694.82,32/13/2026,2080.88
722,Carlos Ramirez,Bocina,NORTE,,1422.04,09-13-2025,1402.47
2173,Sofia Torres,Silla,Sur,desconocida,1294.14,2025-12-16,1668.07
3724,Isabel Guzman, Monitor,OCCIDENTE,17,440.23,2025-03-18,1417.47
8975,Sofia Torres,Mouse,Occidente ,55,815.82,10-28-2024,1590.06
668,Jose Martinez,Tablet,Centro ,-7,$790.87,04-21-2025,1385.27
6360,Daniela Cruz,Escritorio,Norte,71,851.10,2025-04-03,1919.89
4278,Fernanda Castro,Laptop,Occidente,22,$573.03,2024-05-31,1704.36
664,Daniela Cruz,Impresora,Sur,283,1507.04,22/08/2024,1185.71
2726,Valeria Mendoza,Escritorio,,56,50.00,20/06/2024,1380.91
9150,Miguel Flores,Bocina,Norte,33,542.22,Abril 6 2025,1618.04
4709,Valeria Mendoza,Teclado,Sur,47,570.90,03/08/2025,1292.46
4648,Ana Garcia,Monitor,Sur,7,1314.17,Agosto 28 2024,1288.3
6851,Jorge Morales,Monitor,centro,29,"$1,520.73",Mayo 24 2025,538.0
6203,Laura Sanchez,Impresora,Occidente,46,981.27,2025-08-21,768.36
450,Fernanda Castro,Laptop,Sur,29,$791.99,09-14-2025,1686.27
4240,Sofia Torres,Escritorio,Norte,54,702.84,05-16-2025,1764.94
1412,Jose Martinez, Bocina,,39,1064.57,Septiembre 30 2024,1581.71
6913,Miguel Flores,Monitor,Centro,38,"$-1,311.31",Enero 28 2026,1587.73
596,Camila Reyes,Silla, Occidente,28,sin dato,03/06/2026,1201.24
4618,Maria Lopez,Mouse,?,50,$816.05,Enero 27 2024,1740.61
2927,Andres Ortiz,Monitor,Centro,,684.36,05/07/2024,1351.62
7046,Alejandro Diaz,Mouse, Occidente,39,1105.10,18/09/2024,927.04
4971,Ana Garcia,Impresora,Occidente,63,$193.23,2025-06-22,978.74
1058,Carlos Ramirez,Impresora,CENTRO,52,897.20,02-28-2024,647.26
8851,Daniela Cruz,ESCRITORIO,Sur,55,sin dato,Marzo 20 2024,1179.74
7828,Isabel Guzman,Laptop,CENTRO,49,735.47,11/12/2024,1556.21
4561,Isabel Guzman,Tablet,sur,30,sin dato,06-11-2025,1262.56
9904,Alejandro Diaz,Silla,Sur,55,$-916.40,2026-02-25,1333.15
7141,Maria Lopez,Monitor,Norte,54,$783.57,2025-07-12,1219.62
5564,Isabel Guzman,Laptop,CENTRO,34,$702.38,07/01/2024,1747.76
4886,Camila Reyes,Monitor,Norte,46,988.63,19/02/2025,2048.19
7825,Jorge Morales, Impresora,Norte ,49,"$1,037.13",Marzo 22 2024,1172.24
8856,Maria Lopez,Teclado,Norte,29,$650.80,04/05/2024,1964.4
3327,Andres Ortiz,Camara,Norte,-2,$423.54,Junio 9 2026,683.7
8051,Luis Hernandez,Laptop,Norte,55,439.20,03/12/2025,1055.73
2169,Daniela Cruz,Tablet,Centro,38,"$1,022.95",12-26-2024,1283.36
40,Pedro Aguilar,LAPTOP,Sur,24,$729.12,Octubre 23 2025,1315.71
8633,Fernanda Castro,Tablet,SUR,33,710.91,2024-10-28,1236.73
9390,Daniela Cruz,Escritorio,NORTE,49,$671.58,2025-03-14,1548.68
9450,Fernanda Castro,ESCRITORIO,Centro,34,764.55,22/06/2025,1215.54
6243,Paola Rios,Monitor,Centro,46,"$1,055.76",32/13/2026,1707.01
8944,Jose Martinez,Camara,SUR,42,$-885.73,,1628.45
9856,Jorge Morales,Monitor,norte,19,904.58,,1010.85
514,Luis Hernandez,Camara,Occidente,38,581.80,26/06/2025,1668.98
5938,Camila Reyes,Impresora,Sur,45,$651.80,Agosto 13 2024,696.62
1143,Andres Ortiz,Camara,Norte ,46,sin dato,2024-05-07,1625.34
7625,Jorge Morales,Impresora,Centro,57,sin dato,28/01/2024,1412.74
1180,Andres Ortiz, Teclado,Occidente,33,654.36,Marzo 21 2026,904.87
7915,Isabel Guzman,Tablet,Norte ,19,"$1,147.89",27/03/2024,909.88
8312,Ricardo Vargas,Monitor,Norte,55,"$1,247.60",,1824.63
1926,Luis Hernandez,Tablet,Sur,52,1210.57,06-16-2024,1409.09
3307,Luis Hernandez,Silla,occidente,44,1115.64,Abril 10 2025,1514.84
9622,Jorge Morales,Teclado,Sur,55,$943.53,06-28-2025,1199.71
6568,Isabel Guzman,Laptop,CENTRO,38,sin dato,10-27-2024,1470.44
4530,Alejandro Diaz,Mouse,norte,,513.61,01/04/2026,1486.64
271,Laura Sanchez,Impresora,Occidente,44,$50.00,Abril 5 2026,1339.12
64,Laura Sanchez, Impresora,Sur,34,1313.62,Diciembre 20 2024,1605.01
1461,Andres Ortiz,Mouse, Sur,32,782.77,04-27-2025,1170.8
6693,Maria Lopez,MONITOR,Occidente,41,$889.36,32/13/2026,2114.12
1330,Jorge Morales,Escritorio,Sur,-3,50.00,,1338.46
2238,Pedro Aguilar,Mouse,sur,27,1279.18,2025-06-08,1919.21
222,Diego Romero,Monitor,occidente,37,595.44,Agosto 1 2025,1271.74
5076,Daniela Cruz,MOUSE,Sur,35,$902.26,2025-09-24,1417.6
577,Laura Sanchez,Mouse,NORTE,42,"$1,228.76",Junio 29 2024,1885.82
583,Alejandro Diaz,Mouse,sur,-7,$388.01,17/06/2024,1141.09
4644,Jorge Morales,Laptop,centro,30,"$1,197.74",05/11/2024,1647.63
4080,Diego Romero,Silla,Norte,30,589.17,2025-04-12,956.97
211,Andres Ortiz,Laptop,sur,45,"$1,148.42",06-23-2025,1227.54
6139,Luis Hernandez,Bocina,,39,$760.50,Abril 18 2025,1547.93
4796,Diego Romero,Mouse,Centro,43,$708.50,06-23-2025,1150.37
9731,Carlos Ramirez,Escritorio,Centro,56,$421.94,09-28-2024,1182.77
7603,Valeria Mendoza,Tablet,Occidente,29,$-486.57,06-07-2026,1739.82
3926,Jose Martinez,Tablet,centro,32,541.04,2025-09-10,1099.3
8277,Miguel Flores,Camara,Occidente,31,$609.69,,1745.49
8032,Alejandro Diaz,Tablet,sur,41,622.47,Julio 4 2025,1768.42
9698,Sofia Torres,Impresora,NORTE,64,"$1,320.83",Noviembre 19 2025,1368.56
7896,Paola Rios,Teclado,Sur,27,$850.16,2025-05-26,1289.94
1415,Diego Romero,Laptop,Occidente,53,$792.35,21/05/2025,1568.83
2778,Andres Ortiz,Laptop,Sur ,26,$959.26,2025-07-30,718.76
891,Valeria Mendoza,Monitor,Occidente,45,552.28,09-02-2024,1634.43
7643,Alejandro Diaz,TECLADO,sur,34,$828.63,2024-06-13,1561.09
5378,Maria Lopez, Mouse, Occidente,40,675.22,32/13/2026,1316.08
3410,Laura Sanchez,Bocina,CENTRO,-3,$789.17,Mayo 27 2025,1525.99
4292,Carlos Ramirez,Tablet,Occidente,32,sin dato,2025-07-18,1516.34
2929,Pedro Aguilar,Teclado,Norte,30,$664.90,21/05/2026,1436.28
6374,Jose Martinez,Teclado,Centro,57,460.63,Febrero 5 2024,752.41
4726,Carlos Ramirez, Escritorio,Centro,54,1053.04,Mayo 18 2024,1559.0
4779,Jose Martinez, Teclado,Centro,15,$929.99,11/04/2024,1243.96
2903,Camila Reyes,Teclado,Sur ,35,$741.65,2025-01-12,1782.22
969,Paola Rios,Teclado, Norte,55,226.84,Agosto 31 2024,1293.85
805,Ricardo Vargas,Monitor, Norte,54,802.28,10/12/2025,1702.93
6450,Fernanda Castro,Impresora,Centro,28,sin dato,25/04/2024,1360.79
7974,Jose Martinez,Impresora,Norte,64,730.02,04-22-2024,1560.47
1838,Laura Sanchez, Laptop,Norte,42,819.84,02-11-2024,1425.39
2572,Camila Reyes,Monitor,Centro,32,"$1,122.19",2025-11-24,1074.3
1855,Andres Ortiz,Silla,Occidente ,56,1127.92,Mayo 12 2024,1741.31
5158,Carlos Ramirez,Laptop,Sur ,31,"$1,311.60",11/05/2024,1119.62
6723,Fernanda Castro,Silla,Centro,22,$569.18,Junio 6 2026,694.52
4778,Isabel Guzman,Tablet,Norte,20,1272.98,2024-11-23,1315.69
2568,Carlos Ramirez, Monitor,Norte,25,$816.40,01-04-2026,1095.17
7772,Andres Ortiz,Bocina,Occidente,21,$208.65,19/01/2026,1895.21
6910,Miguel Flores,Impresora,Sur,47,"$1,160.48",Junio 11 2025,1099.55
1597,Daniela Cruz,Camara,Norte,38,sin dato,11/07/2025,1182.85
9547,Isabel Guzman,CAMARA,Norte,39,1470.68,02/05/2025,1505.11
4904,Camila Reyes,Tablet,NORTE,50,865.61,Junio 24 2025,1816.62
5790,Paola Rios,Impresora,Sur,34,$994.61,2026-04-11,1016.42
6909,Pedro Aguilar,Camara,Norte,36,1065.16,02-07-2024,1087.71
7438,Carlos Ramirez,Mouse, Occidente,44,$928.95,2024-04-28,1722.79
2690,Ana Garcia,MONITOR,Norte,37,1144.95,2025-07-18,988.13
5099,Carlos Ramirez,Mouse,Occidente,39,sin dato,07-16-2024,2032.75
5903,Diego Romero,Monitor,Centro ,60,985.71,2026-02-09,1650.72
6853,Jorge Morales,Silla,Occidente,37,$612.64,22/05/2025,1171.53
7290,Fernanda Castro,Tablet, Centro,25,$429.90,15/09/2025,1777.49
6335,Ana Garcia,Silla,Centro,37,"$1,064.98",02-04-2024,1416.53
7462,Ana Garcia,Silla,occidente,42,921.71,Mayo 6 2025,1570.36
3204,Paola Rios,Escritorio,Occidente,41,$368.03,2026-03-05,1069.76
325,Camila Reyes,Teclado,Centro,58,"$1,406.53",Febrero 15 2024,1682.73
7858,Ana Garcia,Mouse,sur,28,895.47,05-22-2025,1854.58
276,Paola Rios,Camara,Centro,42,sin dato,32/13/2026,1110.74
3231,Valeria Mendoza,Bocina,Norte,14,832.32,Julio 3 2024,1395.17
2524,Sofia Torres,Monitor,Sur,34,802.24,2024-07-11,1493.61
7180,Jose Martinez,Silla, Norte,40,"$1,100.33",32/13/2026,1377.56
7589,Ricardo Vargas, Escritorio,Centro,41,1015.66,27/11/2024,1571.77
150,Maria Lopez,Camara,Norte,29,$778.17,2025-08-11,1300.2
3909,Valeria Mendoza,Laptop,NORTE,30,"$1,119.14",04-17-2025,1424.82
9381,Miguel Flores,Escritorio,sur,24,1069.85,06-26-2025,1021.59
9773,Laura Sanchez,Mouse,centro,30,$847.97,29/04/2026,1432.84
296,Daniela Cruz,Bocina,N/A,44,$954.21,09-19-2025,1715.09
2517,Valeria Mendoza,Escritorio,Sur,33,1159.87,01-01-2025,1417.06
4472,Pedro Aguilar,Tablet,Norte,40,421.25,09-23-2024,1199.47
9971,Isabel Guzman,TABLET,CENTRO,27,sin dato,2026-04-20,2163.47
2894,Maria Lopez,Tablet,occidente,34,419.16,12-20-2024,712.51
3764,Sofia Torres,Monitor,Sur,25,"$1,247.07",10/06/2025,1831.41
3034,Fernanda Castro,Teclado,Centro,-5,706.03,Julio 29 2025,1442.75
5032,Laura Sanchez,Mouse,Centro,34,"$1,288.16",2024-10-30,1867.7
7981,Ricardo Vargas,Bocina, Sur,13,$761.87,12-29-2025,1460.77
4628,Laura Sanchez, Laptop,Centro,53,$-820.81,17/07/2024,1772.96
3613,Pedro Aguilar,Mouse,Occidente,41,146.03,17/12/2025,1967.41
4077,Isabel Guzman,Silla,Centro,45,$773.07,Noviembre 20 2024,1986.24
8148,Pedro Aguilar,Bocina,Sur,34,694.30,24/05/2025,1324.31
1861,Pedro Aguilar,MOUSE,Centro,51,$630.12,2024-05-03,1679.08
1422,Camila Reyes,Camara,Centro,45,444.63,Julio 24 2024,1419.42
1546,Sofia Torres,Monitor,Norte ,31,$824.88,18/09/2024,1066.73
2248,Ricardo Vargas,Camara,Sur,,$793.93,Septiembre 4 2024,1251.01
4463,Camila Reyes,Teclado,Norte,44,188.10,30/07/2024,1108.71
8163,Fernanda Castro,Tablet,Occidente,31,$958.35,27/01/2024,1364.39
5746,Jorge Morales,Bocina,Sur ,5,sin dato,Marzo 19 2026,826.68
5577,Maria Lopez,Teclado,sin informacion,43,$848.94,08/05/2025,1736.08
7795,Ana Garcia,Laptop,SUR,48,1434.77,Noviembre 22 2024,933.78
5857,Diego Romero,Silla,Sur,42,"$-1,189.93",,1345.72
5846,Isabel Guzman, Mouse,Centro,30,$511.28,30/04/2024,2101.12
9965,Luis Hernandez,LAPTOP,norte,51,"$-1,020.71",30/07/2024,1926.71
48,Ana Garcia, Impresora, Centro,46,681.53,27/01/2024,1420.11
2154,Sofia Torres,Silla,OCCIDENTE,32,425.54,30/05/2024,1475.88
2335,Sofia Torres,Escritorio,Sur,42,"$1,036.14",05-23-2024,1718.55
180,Laura Sanchez,Camara,Norte,35,839.05,Agosto 5 2024,1515.77
5871,Luis Hernandez,Laptop,Occidente,30,$719.36,05-17-2026,1172.96
6096,Diego Romero,Silla,Sur,40,$250.30,21/03/2025,329.52
9268,Alejandro Diaz,Bocina,Sur,38,819.24,10-28-2025,1407.09
8539,Ana Garcia,CAMARA,Occidente,33,"$1,201.06",30/04/2025,1634.94
2194,Ana Garcia,Mouse,Norte,30,$376.49,Julio 23 2025,802.18
6688,Miguel Flores,ESCRITORIO,Centro,29,393.91,Octubre 30 2025,1412.27
4831,Luis Hernandez,Escritorio,NORTE,45,"$1,130.80",03-07-2024,1704.8
9528,Jose Martinez,Silla,Occidente,33,1244.38,2025-11-17,1167.5
5768,Andres Ortiz,Monitor,centro,34,$531.29,10/12/2024,1640.49
8146,Ricardo Vargas,Tablet,CENTRO,42,"$1,114.84",,830.42
9166,Ricardo Vargas,Monitor,occidente,36,"$1,049.57",Junio 9 2025,2097.26
7950,Diego Romero,Laptop,?,33,449.50,12-10-2025,601.53
4533,Jorge Morales,Teclado,Occidente,40,786.02,07-23-2024,1766.84
4476,Valeria Mendoza,Teclado,Occidente,48,906.60,Junio 14 2024,1762.31
7349,Paola Rios,Bocina,norte,53,809.24,2026-05-27,1755.81
4804,Laura Sanchez,Tablet,Centro,36,"$1,084.23",2025-12-02,1582.12
4338,Maria Lopez,Escritorio,Norte,48,"$1,046.17",Junio 13 2024,1440.01
7128,Jose Martinez,Mouse,Norte,40,"$1,458.67",05-28-2024,1318.5
6049,Carlos Ramirez,Silla,Occidente ,34,$957.39,32/13/2026,1902.12
7251,Paola Rios,Camara,Norte,47,sin dato,2024-05-01,729.56
9737,Laura Sanchez,Teclado,Sur,44,399.68,2025-01-06,1757.64
5758,Sofia Torres,Silla,Centro,37,"$1,099.93",02/04/2024,1782.73
6091,Camila Reyes,MOUSE,Centro,60,$-986.20,2024-04-17,1132.6
223,Diego Romero,Camara,sur,29,$854.89,16/05/2024,1518.3
2601,Andres Ortiz,Camara,Norte,39,$565.47,Septiembre 12 2024,1292.65
8267,Miguel Flores, Bocina,Sur,45,1059.01,2026-01-20,1171.25
5243,Miguel Flores,SILLA,Norte,45,"$1,160.94",02/09/2024,1266.65
3507,Alejandro Diaz,Tablet,NORTE,24,"$1,286.08",Febrero 27 2024,1133.57
1681,Andres Ortiz,Silla,Centro,27,923.64,2025-12-29,1110.77
163,Diego Romero,Mouse,Norte,67,1008.90,2024-12-28,1210.55
8058,Pedro Aguilar,Tablet,Occidente,,$931.23,,1309.21
5187,Pedro Aguilar,Monitor,Occidente ,,$425.28,2025-07-01,1353.61
9926,Camila Reyes,Monitor,centro,47,$-908.17,2026-05-12,1236.81
3003,Sofia Torres,Impresora,Centro,24,441.16,25/10/2024,1411.08
7661,Laura Sanchez,Silla,occidente,9,$906.26,19/02/2026,1239.21
7445,Sofia Torres,Monitor,SUR,35,921.99,01-15-2025,1518.49
4990,Paola Rios,IMPRESORA,occidente,31,"$1,154.48",25/02/2026,1255.4
4074,Laura Sanchez,Camara,Centro,48,1144.93,2025-10-23,1154.62
7257,Paola Rios, Silla, Occidente,51,916.32,07-04-2025,1648.64
2954,Jorge Morales,Teclado,Norte,55,$814.66,07-17-2025,1870.26
9099,Diego Romero,Impresora,Occidente,49,$865.98,08-01-2024,1557.74
4116,Alejandro Diaz,Mouse,sur,38,"$-1,151.15",02-12-2025,929.51
6467,Miguel Flores,Bocina,CENTRO,25,$653.01,04-30-2026,1769.84
2259,Alejandro Diaz,Impresora,NORTE,36,$898.15,08-18-2024,1371.84
4007,Jorge Morales,Camara,Sur,42,965.46,2025-01-03,890.52
975,Laura Sanchez,CAMARA,Centro,38,794.49,2024-07-31,1219.88
4322,Valeria Mendoza,IMPRESORA,Occidente,35,1291.62,06/02/2024,1240.58
5424,Daniela Cruz,Laptop, Norte,-1,$967.82,07/04/2025,2061.08
2418,Miguel Flores,Teclado,Sur,46,1139.23,2025-11-21,1651.23
3677,Ricardo Vargas, Teclado,Occidente,28,$501.84,05-25-2025,1201.01
904,Fernanda Castro,Bocina,occidente,52,1184.46,09/09/2025,1593.88
995,Laura Sanchez,Monitor,occidente,36,sin dato,17/02/2025,1171.86
1478,Daniela Cruz,IMPRESORA,Norte,314,$452.77,11/04/2026,1589.04
7846,Alejandro Diaz,IMPRESORA,N/A,25,"$1,234.16",2024-09-20,1466.38
9258,Daniela Cruz,Escritorio,NORTE,29,780.28,28/02/2026,1072.13
1629,Valeria Mendoza,Mouse,Sur,31,"$-1,012.19",06-18-2024,1622.68
7279,Ana Garcia,Silla,Sur,59,602.60,Febrero 23 2025,1312.24
5450,Ricardo Vargas,Camara,Sur,55,$894.95,,1542.78
2714,Maria Lopez,Mouse,occidente,41,$359.28,19/04/2025,1031.58
6041,Diego Romero,Escritorio,Occidente,21,sin dato,09-24-2024,1876.0
5493,Carlos Ramirez,Monitor,Sur,50,"$1,022.17",2025-07-31,1842.83
3388,Pedro Aguilar,Camara,Occidente,19,$892.55,01-18-2026,760.15
9788,Alejandro Diaz,Mouse,OCCIDENTE,52,166.08,Junio 15 2024,1103.99
8554,Laura Sanchez,Tablet,Occidente ,46,"$1,072.31",2025-09-09,1733.66
5820,Daniela Cruz,Impresora,Sur ,71,692.55,32/13/2026,1455.91
6932,Ana Garcia,Impresora,Norte,61,"$1,195.24",09/08/2024,2005.41
3165,Ana Garcia, Laptop,Centro,39,$589.67,01-09-2024,1774.46
3547,Maria Lopez,MOUSE,Sur,-2,830.91,2024-09-05,1396.43
6457,Sofia Torres,Laptop,Sur,22,1065.16,Marzo 18 2026,1198.94
8126,Jorge Morales,Laptop,Sur ,37,1138.92,12/09/2024,998.18
5130,Daniela Cruz,Silla,Sur,42,$784.89,Abril 15 2025,1253.82
7841,Valeria Mendoza,Impresora,Norte,271,$-775.43,Marzo 15 2025,1689.73
47,Maria Lopez,Escritorio,NORTE,43,816.83,10-31-2024,1705.1
8170,Laura Sanchez, Monitor,Sur,16,1080.54,Agosto 30 2024,950.63
9294,Ana Garcia,Teclado,SUR,56,1357.23,07/02/2024,1340.01
1921,Miguel Flores,Silla,centro,36,$360.55,25/02/2026,1194.45
6772,Valeria Mendoza,IMPRESORA,occidente,43,1005.47,2026-03-04,2042.26
5648,Andres Ortiz,Camara,N/A,18,850.08,Julio 28 2025,1162.95
9969,Miguel Flores,Teclado, Sur,38,1288.96,18/05/2024,1089.68
5087,Jose Martinez,Teclado, Centro,43,$324.80,01-24-2025,1266.51
6329,Isabel Guzman,Teclado,Centro,55,657.98,2025-12-09,2080.91
5133,Laura Sanchez,Mouse,OCCIDENTE,28,50.00,16/01/2025,1495.15
8350,Carlos Ramirez,Camara,Occidente,51,986.04,09-25-2024,1405.38
7848,Carlos Ramirez,TECLADO,centro,40,$818.02,Marzo 16 2026,954.29
393,Luis Hernandez,Impresora,N/A,30,$-696.08,2024-01-25,1411.97
3831,Pedro Aguilar,Mouse,Centro,48,"$1,451.60",28/08/2024,1045.47
2093,Ricardo Vargas,Tablet,NORTE,43,$422.16,21/12/2024,1293.74
1389,Jose Martinez,Laptop,occidente,49,787.05,32/13/2026,1801.69
7577,Carlos Ramirez, Escritorio,Occidente,52,$527.74,2024-11-11,1341.34
2085,Isabel Guzman,Impresora,Occidente,21,698.95,Mayo 13 2026,1151.01
9840,Pedro Aguilar,Camara,CENTRO,32,sin dato,2025-04-01,1929.91
2739,Carlos Ramirez,Silla,sin informacion,26,737.11,05-02-2026,1300.78
1420,Fernanda Castro,Monitor,Norte,31,550.12,2024-09-24,1530.99
1486,Diego Romero,Tablet,Occidente,53,$984.88,Abril 7 2024,1766.47
5308,Valeria Mendoza,Escritorio,Occidente,44,928.31,Junio 1 2024,2005.5
7456,Pedro Aguilar,Teclado,Sur ,21,"$1,210.22",Abril 23 2024,1633.35
3612,Laura Sanchez,Mouse,Centro,37,1101.18,21/07/2025,1475.77
4921,Ricardo Vargas,Escritorio,Occidente ,56,$679.51,Agosto 1 2024,1166.75
5551,Pedro Aguilar,Camara,Sur,54,"$1,310.10",2026-05-08,1039.46
453,Jorge Morales,Bocina,sur,36,$747.95,16/04/2024,1350.78
2255,Jorge Morales,Silla, Occidente,25,$617.27,Mayo 30 2025,2057.83
9144,Alejandro Diaz,IMPRESORA,Sur,34,491.11,06-29-2025,1620.71
991,Maria Lopez,Tablet,Norte,34,"$1,191.59",25/05/2024,1363.0
8207,Luis Hernandez,Camara,CENTRO,37,704.05,10/01/2025,1173.12
117,Ricardo Vargas,Mouse,Centro,50,"$1,094.97",2025-09-04,954.49
7105,Valeria Mendoza,Monitor,occidente,46,$900.10,08-20-2024,1894.31
7485,Fernanda Castro,Teclado,CENTRO,31,702.43,2025-08-10,1527.92
4214,Paola Rios,Teclado,Norte,42,901.53,Mayo 27 2026,1363.35
616,Daniela Cruz,Teclado, Norte,16,736.68,2025-02-05,1458.26
9436,Fernanda Castro,Monitor,Occidente,36,928.18,Julio 28 2024,1307.68
5646,Miguel Flores,Silla,Norte,37,"$1,009.96",25/01/2026,1473.63
2688,Ricardo Vargas,Bocina,Occidente,63,"$1,379.89",25/05/2025,1329.24
876,Fernanda Castro,Monitor,OCCIDENTE,,1037.34,Mayo 4 2024,1620.6
8901,Laura Sanchez,BOCINA,Sur,45,"$1,368.75",26/01/2024,1674.26
5015,Daniela Cruz,Escritorio,Occidente,47,714.59,Febrero 19 2025,1608.51
5147,Diego Romero,Escritorio, Norte,38,812.19,04-27-2024,1202.02
6893,Alejandro Diaz,Camara,SUR,44,369.52,10/06/2026,2109.92
2451,Ana Garcia, Camara,Centro,44,sin dato,06-24-2024,1354.87
1763,Jose Martinez,Escritorio,occidente,29,$847.27,Septiembre 22 2025,1762.59
5431,Andres Ortiz,LAPTOP,Sur ,41,493.92,2024-04-30,1906.94
8893,Alejandro Diaz,TECLADO,Norte,24,$779.24,01-31-2026,1804.59
6209,Valeria Mendoza,Escritorio,Occidente,57,$492.74,10/09/2025,1737.12
8747,Ricardo Vargas,Laptop,Sur,30,$388.78,2024-11-16,1156.02
719,Jose Martinez,Silla,Centro,29,1280.07,2024-01-10,2359.84
3118,Sofia Torres,Silla,Occidente,38,691.84,2026-03-31,1508.04
1166,Maria Lopez, Impresora, Occidente,55,360.08,25/02/2024,1118.07
2401,Valeria Mendoza,LAPTOP,Centro,30,648.48,Junio 17 2026,1038.89
3284,Jorge Morales,Monitor,norte,20,"$1,236.63",Enero 10 2025,1723.63
7797,Fernanda Castro,LAPTOP,Centro,36,937.93,2024-08-01,1861.4
4024,Diego Romero,Tablet,centro,43,953.71,06-05-2024,1016.17
5875,Paola Rios,Impresora,SUR,19,$642.83,29/01/2024,1851.57
739,Miguel Flores,Mouse,Occidente,16,519.62,28/12/2025,1700.08
159,Carlos Ramirez,Silla,centro,50,$806.71,2024-04-30,993.24
4250,Ana Garcia,Impresora,Occidente,44,$384.53,Julio 9 2024,1792.72
3214,Luis Hernandez,Impresora,Norte,31,801.76,Octubre 23 2025,1620.98
9803,Carlos Ramirez,Impresora,Sur,36,$698.15,02/11/2024,1234.52
4304,Valeria Mendoza,Tablet,Norte,30,"$1,089.23",01/07/2025,1232.03
3871,Ricardo Vargas,Monitor,NORTE,38,$976.27,Septiembre 6 2025,1110.26
8741,Miguel Flores,Escritorio,OCCIDENTE,38,$785.69,06/07/2024,1822.88
7543,Jorge Morales,Mouse, Sur,37,952.60,Noviembre 9 2024,1716.33
5498,Luis Hernandez,Escritorio,Sur,34,$986.60,29/05/2024,1225.04
3301,Miguel Flores,Tablet,Occidente,69,$740.33,17/05/2024,556.51
6944,Camila Reyes,Monitor,CENTRO,48,651.79,Octubre 2 2025,1132.56
4238,Valeria Mendoza, Bocina,Sur,39,$619.74,10-05-2025,1358.8
9231,Daniela Cruz,Laptop,Sur,47,"$1,088.84",06/02/2024,1332.97
8211,Diego Romero,Camara,Norte,11,$-252.48,Mayo 20 2024,1575.53
8002,Camila Reyes,TECLADO,Centro,31,823.65,2025-09-21,1655.53
3468,Daniela Cruz,Bocina,Occidente,59,$817.25,2026-05-23,1182.4
2247,Carlos Ramirez,Camara,Sur,37,"$1,454.83",Abril 16 2026,1166.35
9676,Daniela Cruz,Silla,Occidente,42,"$-1,148.70",17/03/2025,986.31
9085,Isabel Guzman,Escritorio,Norte,38,$593.69,2026-01-06,1035.61
1502,Jorge Morales,Laptop,Occidente,32,892.99,10-06-2024,1063.41
3482,Andres Ortiz,Impresora,Sur,38,$949.07,2026-06-10,1182.71
8396,Sofia Torres,Silla,norte,,sin dato,Diciembre 5 2025,1761.32
6738,Isabel Guzman,Laptop,Sur,38,"$1,173.10",2025-09-05,1485.08
6810,Paola Rios,Bocina,N/A,26,"$1,213.27",Julio 30 2025,1185.6
2805,Jose Martinez,Silla,Sur,-4,497.89,Febrero 25 2026,1120.0
4629,Carlos Ramirez,Impresora,Occidente,15,955.88,Septiembre 1 2025,1690.11
6671,Sofia Torres,Escritorio,sin informacion,47,$591.80,11/11/2024,1995.02
9052,Laura Sanchez,Teclado,occidente,54,$752.75,Marzo 28 2026,1451.71
7727,Isabel Guzman,Laptop,Centro,37,647.35,30/07/2024,1778.24
941,Alejandro Diaz,Impresora,norte,29,1020.35,14/06/2025,1289.49
4445,Miguel Flores, Escritorio,Centro,17,"$1,051.59",08-29-2025,1800.04
9527,Fernanda Castro,Monitor,Sur,47,$893.48,02-24-2024,2106.81
7499,Andres Ortiz,Teclado,norte,53,$586.18,Enero 6 2026,704.57
5241,Andres Ortiz,Camara, Centro,33,$876.84,Abril 7 2026,2036.09
2846,Alejandro Diaz,Mouse,centro,34,$709.77,20/11/2024,1443.1
5348,Pedro Aguilar,Escritorio,Occidente,30,90.50,Octubre 21 2025,1439.01
3432,Jorge Morales, Impresora,NORTE,25,$800.59,11/03/2025,1130.19
5449,Ana Garcia,Camara,occidente,,"$1,513.30",Septiembre 29 2025,1294.85
4017,Valeria Mendoza,Mouse,Centro,34,$800.45,28/01/2024,1205.75
7534,Daniela Cruz,Tablet,occidente,43,"$1,227.17",2024-09-20,775.85
3881,Daniela Cruz,Teclado,Norte,,sin dato,2026-05-21,1255.73
1114,Pedro Aguilar,Tablet,Norte,40,"$1,161.05",03-30-2024,1000.14
5979,Maria Lopez,Mouse,Occidente,4,"$1,179.18",Enero 20 2024,1901.75
3193,Luis Hernandez,Monitor,Centro,35,921.17,02/03/2024,921.43
7106,Daniela Cruz,SILLA,Centro,34,$601.88,32/13/2026,1253.31
686,Valeria Mendoza,Silla,Sur,23,sin dato,06/01/2026,2016.42
5519,Miguel Flores,Laptop,Sur,19,sin dato,Septiembre 17 2025,1023.52
8354,Laura Sanchez,Tablet,norte,37,722.05,27/05/2025,1361.68
3156,Jorge Morales,Teclado,Norte,22,"$1,385.44",Abril 26 2024,1466.29
1904,Laura Sanchez,Mouse,Centro,-8,858.17,12/03/2025,1017.76
6715,Laura Sanchez,Silla,OCCIDENTE,37,$995.80,09-22-2025,1740.27
9313,Daniela Cruz,Laptop,Occidente,46,$407.21,28/05/2026,1512.66
7232,Andres Ortiz,Camara,NORTE,60,"$1,207.40",Octubre 2 2025,1386.2
9570,Fernanda Castro,Bocina,sur,50,$648.89,16/01/2025,1061.11
1792,Diego Romero, Escritorio,Norte ,32,$434.00,2024-07-22,1402.25
5928,Alejandro Diaz,Bocina,Sur,42,$891.35,03-18-2025,1709.73
5292,Daniela Cruz,TECLADO,SUR,32,834.70,2024-11-11,2233.45
8345,Diego Romero,Bocina,occidente,24,$711.47,07-26-2025,1252.89
2032,Jose Martinez,Silla,Centro,32,784.79,2024-12-17,1590.45
3608,Sofia Torres,Tablet,Occidente,29,$815.40,10-20-2025,1429.5
9308,Luis Hernandez,Teclado,Sur,46,866.29,13/05/2024,1449.36
4383,Maria Lopez,Escritorio,Occidente,45,$620.46,06-03-2024,1333.23
2675,Sofia Torres,Camara,Occidente,47,215.50,07/06/2026,1960.6
3048,Fernanda Castro,Bocina,Centro ,18,501.31,2024-08-06,1240.17
485,Alejandro Diaz, Mouse,Norte,44,$800.23,2024-04-20,817.91
9922,Ana Garcia,Laptop,Norte,29,751.52,14/05/2025,1750.76
1185,Jose Martinez,Silla,Norte,30,$904.05,Marzo 12 2026,1228.4
2374,Jose Martinez,Escritorio,Occidente,26,1005.85,12-04-2025,1888.5
1096,Daniela Cruz,Monitor,Centro,47,$793.62,2024-12-25,1460.18
661,Paola Rios,Tablet,Centro,30,$764.47,04-04-2025,1900.05
2000,Laura Sanchez,Teclado,Occidente ,40,"$1,635.51",,1167.79
3587,Laura Sanchez,Camara, Norte,20,969.60,Octubre 27 2025,1613.81
1084,Andres Ortiz,Teclado, Occidente,76,346.51,Julio 18 2024,1080.12
4965,Daniela Cruz,MOUSE,sur,50,874.95,2024-07-08,1073.94
6563,Carlos Ramirez, Camara,Centro,33,679.56,07-09-2024,1506.9
734,Miguel Flores,Impresora,Centro,42,1167.92,19/07/2024,508.27
1418,Jose Martinez, Laptop,Centro,32,852.85,28/03/2025,1471.06
8521,Ana Garcia,Impresora,Occidente,33,1259.49,09/01/2024,1526.45
2585,Valeria Mendoza,Laptop,Norte,56,639.03,2025-02-02,1066.87
1498,Alejandro Diaz,Tablet,centro,29,$801.42,2026-01-09,1203.2
1067,Pedro Aguilar,Teclado, Centro,24,$709.72,Marzo 20 2025,1132.56
7853,Carlos Ramirez,Camara,norte,32,1287.70,Noviembre 18 2024,1113.7
5642,Sofia Torres,Impresora,Occidente,44,$843.11,2025-03-15,2057.33
6120,Fernanda Castro,Laptop,Sur ,48,"$1,046.19",16/06/2025,1657.12
7473,Jorge Morales,Tablet,SUR,34,762.79,27/11/2024,1878.17
972,Daniela Cruz,Teclado,,42,sin dato,Mayo 25 2024,1028.43
9694,Carlos Ramirez,Impresora,Norte,46,"$1,640.38",2024-05-08,1745.84
977,Diego Romero,Camara,Occidente,19,1279.89,08-11-2024,1407.67
9531,Valeria Mendoza,Bocina,Norte,34,$648.26,2024-02-18,1629.3
188,Paola Rios,Teclado,sur,34,$547.69,32/13/2026,1400.14
458,Camila Reyes,Camara,Sur,41,832.33,2024-10-08,873.46
2295,Camila Reyes,BOCINA,Centro,28,$749.38,2025-04-07,1497.69
5058,Maria Lopez,Tablet,centro,46,$576.01,Noviembre 5 2025,1799.49
3953,Daniela Cruz,Impresora,Occidente,16,$739.50,2026-06-15,1224.46
3078,Paola Rios,Tablet,?,55,1444.17,05-23-2024,1502.16
8278,Andres Ortiz,Silla,sur,33,$744.81,10/04/2024,1725.56
5408,Ricardo Vargas,ESCRITORIO,Occidente,23,518.32,,1053.69
9126,Luis Hernandez,MONITOR,Norte,42,1301.82,Abril 25 2024,1799.97
831,Ana Garcia,Camara,sin informacion,52,sin dato,Diciembre 24 2025,944.37
5627,Jose Martinez,Mouse,Centro,26,647.28,01/11/2024,1344.17
7317,Ana Garcia,Laptop,Centro,48,"$1,181.71",15/10/2025,1423.42
1285,Isabel Guzman,Bocina,Sur,62,453.11,2025-04-06,1231.88
4121,Ricardo Vargas,Escritorio,Norte,36,sin dato,19/04/2026,1383.54
3578,Sofia Torres,Bocina,Centro,58,570.06,2026-06-17,1701.85
1398,Fernanda Castro,Silla,occidente,30,952.10,Octubre 4 2025,1252.82
3775,Andres Ortiz,Laptop,Sur,49,"$1,138.79",06-08-2024,936.66
5256,Luis Hernandez, Tablet,Occidente,41,1047.58,,1222.26
5066,Isabel Guzman,Camara,centro,,sin dato,32/13/2026,1192.46
8048,Carlos Ramirez,Laptop,Occidente,31,$767.48,2024-02-18,1538.44
3712,Fernanda Castro,Silla,Occidente,35,"$1,068.18",2024-10-13,1643.69
4808,Isabel Guzman,LAPTOP,SUR,36,"$1,333.97",2025-09-09,959.6
2860,Miguel Flores,Impresora,Sur,47,$591.21,Enero 5 2026,1471.83
9322,Carlos Ramirez,Monitor,Norte,35,$354.20,2026-05-11,1358.92
6447,Maria Lopez,Silla,Occidente,43,257.13,2025-07-16,1096.49
5285,Paola Rios,Tablet,Norte,53,904.51,2025-05-09,1748.81
54,Jorge Morales,Silla,Centro,28,351.80,Marzo 14 2024,779.5
1686,Ricardo Vargas,Escritorio,Norte,43,1030.27,2025-08-06,888.01
7313,Ricardo Vargas,Impresora,Sur,45,$788.54,04/11/2025,1881.21
9772,Daniela Cruz,Impresora,Sur,58,"$1,230.19",32/13/2026,1598.43
4318,Camila Reyes,IMPRESORA,Norte,29,$-732.71,,1149.02
2303,Paola Rios,Bocina,Sur,55,1050.21,03-28-2025,1056.78
2962,Luis Hernandez,Laptop,occidente,49,478.35,Julio 19 2025,1232.36
7423,Paola Rios,Teclado,occidente,52,$899.38,2025-10-30,1515.42
7315,Miguel Flores,Mouse,SUR,34,1349.46,2024-06-23,1011.96
9221,Diego Romero,Impresora,CENTRO,44,874.82,2025-09-08,1897.17
9869,Isabel Guzman,Tablet,norte,52,$428.01,Diciembre 17 2024,1727.13
5420,Paola Rios,Silla,Occidente,35,$773.43,2024-12-22,1537.43
2817,Isabel Guzman,Tablet,Sur,18,1367.39,Mayo 25 2025,1146.7
3385,Camila Reyes,Mouse,Occidente,65,"$1,206.22",18/02/2025,1523.78
3706,Fernanda Castro,Bocina,Centro,20,$531.83,19/06/2025,1576.36
1674,Andres Ortiz,Laptop,Sur ,67,"$1,000.48",Febrero 6 2026,585.34
8929,Fernanda Castro,Tablet,occidente,31,"$1,204.52",Octubre 21 2025,906.75
3996,Alejandro Diaz,Camara,Norte,60,991.29,Julio 19 2024,1153.73
564,Miguel Flores,Tablet,?,23,"$1,287.43",2026-01-25,1698.52
912,Daniela Cruz,Camara,Norte,45,$989.47,16/10/2024,1840.56
2175,Maria Lopez,Laptop,Centro,49,$537.15,2024-07-09,719.31
2412,Isabel Guzman,Camara,CENTRO,39,$970.01,10-17-2024,1489.17
7920,Carlos Ramirez,Silla,centro,32,$442.86,13/03/2024,1901.58
8615,Andres Ortiz,Escritorio,Centro,28,$591.10,,862.22
7677,Miguel Flores,Camara,SUR,38,$-453.70,32/13/2026,2159.09
4817,Jorge Morales,Laptop,Occidente,35,$528.84,06-29-2024,1361.03
7489,Andres Ortiz,Silla, Occidente,46,$-673.58,2025-05-07,1352.25
8557,Maria Lopez,Mouse,Occidente ,60,715.79,2025-12-26,986.35
1057,Sofia Torres,Tablet,Occidente,37,$892.50,2024-08-09,1504.6
9156,Daniela Cruz,Camara,Centro,44,$842.36,2024-09-28,1433.46
7366,Isabel Guzman,Camara,Norte,40,$-589.65,27/09/2025,1649.25
541,Jorge Morales, Teclado,Sur ,43,747.84,Noviembre 9 2024,1438.71
3815,Luis Hernandez,Bocina,CENTRO,33,$633.04,Noviembre 6 2025,1405.56
4885,Diego Romero,Camara,,32,$632.48,2025-08-18,1658.1
7706,Paola Rios,Camara,Occidente,52,$863.06,Julio 10 2025,1686.33
5368,Alejandro Diaz,Bocina,Occidente,6,"$-1,098.01",32/13/2026,1598.24
8421,Isabel Guzman, Monitor,occidente,15,$874.17,Octubre 7 2025,1329.77
2142,Paola Rios,Bocina,Occidente,22,$813.59,29/01/2024,1223.63
9086,Fernanda Castro, Tablet,Norte,49,$888.77,25/11/2024,1351.39
9590,Sofia Torres,ESCRITORIO,OCCIDENTE,50,$799.11,2024-06-11,1155.2
7213,Sofia Torres,Mouse, Norte,20,949.45,2024-03-25,2042.48
7261,Camila Reyes,IMPRESORA,Occidente,36,642.05,Agosto 1 2025,1721.56
1178,Fernanda Castro,Camara,Occidente,52,$65.46,2025-09-13,1106.61
246,Diego Romero,Laptop, Norte,57,"$1,075.73",17/05/2025,1275.02
3937,Diego Romero,Silla,sur,32,365.02,2024-11-24,999.19
6132,Sofia Torres, Camara,Sur,36,830.08,Julio 15 2025,1889.49
8333,Maria Lopez,Monitor,Centro,54,sin dato,24/01/2026,1193.71
3146,Diego Romero,Silla,sin informacion,45,"$1,142.82",30/05/2025,1960.24
3882,Miguel Flores,Camara,Norte ,32,$828.24,09-25-2024,1450.84
4459,Ricardo Vargas,Silla,Occidente,58,519.45,2025-04-09,1222.4
8356,Maria Lopez,SILLA,sin informacion,36,$868.24,31/03/2024,1959.61
9682,Laura Sanchez,Tablet,Norte,,$558.88,Abril 14 2025,1662.93
4775,Jose Martinez,Monitor, Sur,18,$406.01,2026-05-15,1673.75
7389,Daniela Cruz,Monitor,sur,35,"$1,431.07",Marzo 2 2025,1265.79
5684,Valeria Mendoza,Impresora,Sur,39,1321.25,11/03/2024,1433.93
1355,Camila Reyes,Impresora,Centro,41,1208.41,16/06/2024,1431.77
43,Camila Reyes,Impresora,Occidente,47,$596.64,2024-05-21,1206.36
6046,Alejandro Diaz, Camara, Centro,43,824.48,Marzo 15 2025,1999.67
4761,Andres Ortiz,TABLET,SUR,46,$767.74,10-23-2024,1444.12
2278,Camila Reyes, Mouse,Sur ,50,"$1,103.98",2025-10-22,1389.57
6811,Andres Ortiz,Camara,Sur,54,$572.85,01-05-2026,1684.7
7934,Jose Martinez,Escritorio,OCCIDENTE,34,$664.25,Agosto 29 2024,1728.41
5842,Pedro Aguilar,Camara,Sur,50,"$1,182.54",Diciembre 27 2025,1422.8
7168,Pedro Aguilar,Camara, Centro,40,889.73,Julio 21 2024,1386.97
8268,Daniela Cruz,Mouse,Norte,38,1365.82,Enero 24 2024,1695.13
9254,Laura Sanchez, Camara,occidente,38,732.77,32/13/2026,1760.1
8846,Laura Sanchez,Teclado,Norte,36,784.92,Noviembre 28 2025,1708.48
1403,Andres Ortiz,Teclado,Sur,22,928.43,2024-04-07,1600.82
5904,Luis Hernandez, Monitor,Sur,32,$523.29,Septiembre 7 2025,1641.31
6199,Alejandro Diaz, Camara,Norte,42,550.59,32/13/2026,1696.92
2291,Luis Hernandez,Camara,N/A,30,$805.05,Octubre 19 2024,1841.8
1898,Fernanda Castro,Teclado,OCCIDENTE,22,$964.83,2024-02-10,1571.91
520,Carlos Ramirez, Impresora,sur,27,$688.15,02-07-2024,1557.25
9656,Andres Ortiz,Monitor,Norte,46,467.35,2024-10-06,1557.07
8422,Paola Rios,Bocina,Occidente,40,826.47,32/13/2026,1255.02
6433,Daniela Cruz,Camara,Centro,53,$-568.17,32/13/2026,1558.6
3504,Isabel Guzman,Silla,Norte,36,982.50,2026-04-03,1989.11
4402,Ricardo Vargas,Tablet,SUR,37,899.92,Junio 7 2026,1060.04
4667,Paola Rios,Teclado,centro,48,$411.96,2024-11-27,1564.51
6116,Ricardo Vargas,MOUSE, Occidente,50,"$1,135.69",28/10/2024,1750.12
422,Sofia Torres,Camara,Norte,37,"$1,176.89",05/04/2025,996.28
6162,Jorge Morales, Mouse,Centro,22,sin dato,2025-04-14,1636.28
174,Ricardo Vargas,Camara,,25,$386.02,01/05/2025,1584.42
7340,Fernanda Castro,Monitor, Centro,39,"$-1,209.91",2026-03-27,1015.37
7357,Paola Rios,Bocina,centro,27,"$-1,105.04",Febrero 23 2026,2160.43
6460,Ricardo Vargas,Impresora,Norte,25,709.18,11/01/2024,1833.9
5750,Ricardo Vargas,Teclado,Sur,22,"$1,109.35",2025-07-17,1880.57
3091,Paola Rios,Monitor,Sur,59,$-209.55,Febrero 4 2026,693.3
86,Paola Rios,ESCRITORIO,Occidente,44,$902.89,2026-03-19,1660.76
4412,Diego Romero,Teclado,,55,$441.00,08-28-2024,1410.65
131,Miguel Flores,Impresora,Norte,57,$587.74,,1718.04
3316,Paola Rios,Tablet,sin informacion,28,$904.78,2024-12-27,958.91
1902,Ricardo Vargas,Mouse,Occidente,28,$502.99,14/09/2025,1077.63
4088,Ricardo Vargas,TECLADO,NORTE,18,"$1,137.43",13/01/2025,1755.1
7514,Diego Romero,Laptop,Occidente,30,1192.35,2024-07-09,1389.75
8649,Alejandro Diaz,Silla,Occidente ,40,"$1,233.49",2024-08-02,971.52
7178,Miguel Flores,Teclado,Sur,36,sin dato,11/11/2024,1413.79
3339,Fernanda Castro,Silla,SUR,46,"$1,725.04",18/11/2025,1545.07
5415,Diego Romero,Laptop,norte,37,231.81,05-31-2025,1596.64
7751,Luis Hernandez,Teclado,Occidente,52,1467.57,2026-01-09,1812.52
4880,Alejandro Diaz,Tablet,Occidente,22,$784.03,25/02/2024,1745.59
2387,Jose Martinez,Silla,Centro,41,"$1,170.39",02-13-2026,1646.81
3661,Maria Lopez,LAPTOP,centro,54,"$1,199.25",Abril 5 2025,1413.98
6832,Maria Lopez,Impresora,OCCIDENTE,48,1071.27,Julio 10 2025,1613.53
855,Jorge Morales,Mouse,Sur,47,$748.54,2026-02-14,1352.74
1947,Pedro Aguilar, Impresora,Centro,50,$473.60,Mayo 20 2026,1529.86
3546,Isabel Guzman,CAMARA,Centro,38,$987.84,Septiembre 26 2024,1598.77
2143,Miguel Flores,BOCINA,Centro,19,"$1,198.18",Marzo 31 2024,1346.21
6946,Ricardo Vargas,Mouse,Sur,59,$384.63,12/05/2025,894.76
942,Ana Garcia,Laptop,Occidente,24,$573.45,Noviembre 26 2024,1616.81
248,Paola Rios,Teclado,centro,38,"$1,059.56",07/02/2025,1309.68
8035,Andres Ortiz,TABLET,Sur,34,"$1,078.23",2025-05-12,1498.83
5610,Jose Martinez,Escritorio,SUR,-4,$771.32,26/03/2024,1792.0
4155,Alejandro Diaz,Escritorio,Sur,43,666.82,2026-02-21,1127.55
7442,Sofia Torres,Mouse, Sur,40,846.63,18/03/2024,1477.1
2324,Jorge Morales,Escritorio,Norte,24,723.21,23/05/2024,985.98
4228,Valeria Mendoza,Laptop,Norte,30,894.07,Enero 28 2025,1549.71
3554,Isabel Guzman,Escritorio,Occidente,36,383.29,2026-05-20,1528.9
9091,Sofia Torres,Bocina,Norte ,46,530.55,21/02/2024,1906.62
2282,Paola Rios,Mouse,Sur,27,"$1,162.85",10-19-2024,1198.51
1924,Andres Ortiz,Bocina,Occidente,20,$965.39,05-06-2026,1255.39
4784,Andres Ortiz,Teclado,sur,47,$280.63,Marzo 5 2025,828.76
4119,Ana Garcia,Teclado,Occidente,37,958.65,2025-02-22,1685.62
9510,Valeria Mendoza, Teclado,Centro,45,1050.88,Noviembre 8 2025,1381.76
6962,Carlos Ramirez,Impresora,Occidente,20,$368.69,Septiembre 25 2025,1163.23
893,Camila Reyes,Tablet,?,52,$542.42,03/04/2026,1050.16
1336,Isabel Guzman, Silla,norte,24,1036.99,Mayo 26 2025,1594.4
3749,Daniela Cruz,Mouse,Sur,27,$926.67,,1421.55
8181,Miguel Flores,Silla,Occidente,27,1279.05,23/12/2025,1047.92
2520,Isabel Guzman,Monitor,Norte,,sin dato,Junio 9 2024,2178.82
5225,Valeria Mendoza,Teclado,Centro ,48,$633.20,10/11/2025,1171.75
397,Ricardo Vargas,TABLET,Occidente,363,$934.18,2024-04-20,1038.03
9867,Jose Martinez,Mouse,Sur,24,929.90,Abril 19 2024,1929.73
7255,Isabel Guzman,TECLADO,occidente,41,sin dato,Agosto 17 2025,1345.9
9177,Valeria Mendoza, Camara,Occidente,43,718.55,Octubre 24 2025,1939.7
8803,Andres Ortiz,Silla,NORTE,21,"$1,037.52",21/08/2024,1048.75
8460,Ana Garcia,Tablet,Occidente,24,$226.46,06-13-2026,1231.01
9429,Jose Martinez,LAPTOP,Norte,37,$736.93,2025-12-05,1614.89
2330,Maria Lopez,Mouse,Norte,54,948.35,16/11/2025,1231.06
1788,Sofia Torres,CAMARA, Occidente,35,1113.98,22/10/2025,1391.32
3810,Isabel Guzman,Impresora, Occidente,38,691.35,17/11/2024,1395.44
7138,Fernanda Castro,Teclado,Norte ,26,462.75,Junio 30 2024,810.22
3254,Andres Ortiz,Tablet,centro,32,$-913.47,2026-02-10,1651.94
5478,Camila Reyes,TECLADO,Occidente,33,326.04,Noviembre 2 2025,1344.89
6341,Daniela Cruz, Mouse,Norte,50,"$1,008.14",13/08/2025,1815.18
7565,Miguel Flores,Monitor,Occidente,41,575.68,Septiembre 22 2024,931.42
6328,Alejandro Diaz,Escritorio,Norte,37,$964.23,27/01/2026,1689.41
906,Camila Reyes,Camara,Occidente,37,$810.14,Agosto 23 2025,713.38
4759,Valeria Mendoza,Escritorio,Norte,desconocida,807.27,15/02/2025,1375.5
2141,Pedro Aguilar,Monitor, Sur,30,632.33,Enero 8 2026,2012.9
2716,Miguel Flores,Mouse, Centro,-6,"$1,179.72",Febrero 21 2026,1484.9
9083,Pedro Aguilar,Mouse,Norte,27,959.97,2026-02-20,1515.72
3017,Luis Hernandez,TABLET,Occidente,36,1666.71,32/13/2026,1207.37
2857,Paola Rios,Silla,Occidente,52,$669.98,11/02/2024,964.25
2140,Valeria Mendoza,Escritorio,centro,52,1150.84,01/01/2026,1370.11
2342,Luis Hernandez,Laptop,Norte,44,790.44,02-26-2024,1621.97
7231,Jose Martinez,TECLADO,sur,33,901.65,2024-06-04,815.33
6679,Maria Lopez,Impresora,Sur,17,$751.77,05-11-2025,1609.02
3266,Andres Ortiz,Camara,centro,42,$803.11,2026-02-17,1156.24
6575,Sofia Torres,Bocina,Occidente,-7,730.02,2026-04-08,935.33
4774,Daniela Cruz,Teclado,occidente,32,855.53,01/06/2026,1081.71
3611,Luis Hernandez,Laptop,Sur,44,$574.01,13/11/2025,1449.66
7081,Camila Reyes,Camara,Occidente,45,$446.46,08/05/2025,1374.99
3683,Valeria Mendoza,MOUSE,Occidente,48,$376.98,12-14-2024,998.21
4711,Valeria Mendoza,Mouse,Sur,26,$595.86,2026-01-27,98000.0
1884,Daniela Cruz,Bocina,OCCIDENTE,,$-624.32,Marzo 23 2024,1759.58
4538,Andres Ortiz, Escritorio,Occidente,52,50.00,2025-01-24,1087.71
6030,Laura Sanchez,Monitor,SUR,38,850.79,10-11-2024,1147.62
2477,Miguel Flores,Escritorio,Occidente,25,$-842.71,12/11/2024,1093.07
4094,Jose Martinez,Monitor,Sur ,37,838.41,15/10/2024,1679.44
5251,Andres Ortiz,Silla,OCCIDENTE,38,635.48,Abril 21 2026,1059.96
2884,Sofia Torres,Tablet,Centro,34,$797.38,Diciembre 3 2025,1785.59
3747,Maria Lopez,Camara,norte,49,$866.78,Abril 26 2025,1447.62
1232,Diego Romero,TABLET,occidente,27,$668.87,06/05/2026,838.9
6978,Maria Lopez, Laptop,NORTE,39,1284.39,2024-08-10,1506.02
5935,Sofia Torres,Mouse,Sur,48,607.01,10/05/2024,1356.32
9479,Daniela Cruz,Tablet,Occidente,49,307.85,Marzo 16 2024,1081.11
2210,Carlos Ramirez,Laptop,Occidente,45,1450.89,06/09/2025,1462.06
5357,Jose Martinez,Monitor, Centro,59,"$-1,171.74",Diciembre 21 2024,953.21
9670,Luis Hernandez,TECLADO,Centro,37,817.31,,994.72
4868,Daniela Cruz, Impresora, Sur,30,637.22,2024-07-01,1308.77
1302,Valeria Mendoza, Mouse,Occidente,26,"$1,012.13",04-25-2026,1350.19
4037,Laura Sanchez,Bocina,centro,21,$87.30,03/03/2024,1243.68
2106,Fernanda Castro,Mouse,occidente,53,617.99,02-02-2024,1049.48
6750,Miguel Flores,Laptop,Sur,24,530.35,,1732.64
4897,Fernanda Castro,Mouse,Sur,26,205.98,05-17-2024,1568.6
5367,Luis Hernandez, Teclado,sur,29,1368.56,30/11/2024,1919.82
6288,Daniela Cruz,Teclado,centro,29,"$1,285.84",2026-03-25,1816.86
5071,Miguel Flores,Laptop,Norte,31,$955.38,Junio 16 2026,98000.0
8768,Camila Reyes,Laptop,Centro,36,$678.22,06/06/2024,1608.23
4000,Luis Hernandez,Laptop,Sur,42,$783.17,Enero 12 2024,1605.81
155,Fernanda Castro,Tablet,Sur ,17,1060.22,04-27-2024,781.2
5016,Jose Martinez,Laptop,Centro,49,995.94,10-11-2025,1493.2
1726,Valeria Mendoza,Mouse,Sur,-9,$77.26,05/01/2024,1228.47
9288,Andres Ortiz,Escritorio,Centro,22,$-991.42,2025-11-22,1073.19
1335,Alejandro Diaz,Impresora,Centro,43,1057.82,12-31-2024,1366.24
8562,Miguel Flores,Bocina,CENTRO,40,594.62,2024-09-11,1331.02
8962,Jose Martinez,Escritorio,Sur,53,$956.52,,966.44
2951,Alejandro Diaz,Bocina,Centro,19,"$1,200.69",2026-03-12,790.03
7400,Carlos Ramirez,TECLADO,SUR,56,$632.84,28/11/2024,1951.53
3992,Miguel Flores,Mouse,Occidente,42,$796.98,Abril 6 2026,1353.5
7490,Jorge Morales,Escritorio,sur,49,$418.01,09-11-2024,1145.95
3180,Sofia Torres,Tablet,Occidente,24,1451.54,15/05/2026,1027.24
3058,Andres Ortiz,BOCINA,CENTRO,49,$832.53,Junio 9 2026,1132.06
9041,Luis Hernandez,Impresora,SUR,32,1203.54,2024-04-20,2098.99
8269,Daniela Cruz,Escritorio, Centro,30,821.99,06-17-2026,991.05
7487,Isabel Guzman,Silla,Centro,46,478.11,12-25-2024,1513.17
8551,Andres Ortiz,Escritorio,Sur,36,966.13,2025-10-22,2320.91
9296,Laura Sanchez,Bocina,Occidente,43,"$1,027.29",32/13/2026,2038.41
3754,Miguel Flores,Escritorio,,33,721.90,2026-05-10,682.26
2105,Luis Hernandez,Teclado,norte,-7,503.92,2026-02-16,1844.38
1683,Valeria Mendoza,Bocina,Norte,64,$711.55,Noviembre 15 2025,1267.2
9011,Valeria Mendoza,Camara,Sur,33,1271.61,25/12/2024,1136.89
5988,Jorge Morales, Tablet,centro,40,$447.64,Septiembre 8 2024,1669.77
8327,Laura Sanchez,Silla,Norte,,$406.82,Abril 7 2025,1225.49
76,Ana Garcia, Monitor, Centro,35,$-955.06,Septiembre 27 2024,1087.19
5772,Luis Hernandez,Laptop,Norte,,1047.22,Junio 10 2024,2205.49
1990,Pedro Aguilar,Teclado,Occidente,42,"$1,599.95",Abril 1 2024,1974.28
877,Luis Hernandez,Laptop,Sur ,19,sin dato,08-26-2024,1137.65
2125,Camila Reyes,IMPRESORA,Centro,53,sin dato,Abril 16 2024,712.45
6610,Jorge Morales,Teclado,Occidente,44,222.50,2025-11-30,1343.45
1374,Camila Reyes,Bocina,Centro,26,823.41,21/08/2024,1424.96
8074,Diego Romero,Monitor, Centro,47,$481.02,20/03/2024,1274.66
4762,Andres Ortiz,Teclado,norte,39,$934.42,27/03/2024,1664.4
6706,Ana Garcia, Teclado,Norte,59,$994.29,21/07/2024,1591.37
2839,Miguel Flores,Monitor,Norte ,30,"$1,229.25",Febrero 14 2025,1568.2
8842,Ana Garcia,Silla,Sur,36,1066.82,29/03/2024,1058.23
6231,Carlos Ramirez,Laptop,Occidente,46,$639.75,Diciembre 19 2025,1806.22
6066,Carlos Ramirez,Escritorio,Centro,55,"$1,123.63",17/01/2025,1561.17
1569,Jose Martinez,Camara,Occidente,38,"$1,258.96",21/05/2025,1110.77
7248,Maria Lopez, Impresora,Norte,33,1231.20,Abril 23 2024,970.36
7696,Miguel Flores,Bocina,Centro,37,$854.33,Septiembre 30 2024,1664.66
1198,Andres Ortiz,Escritorio,Occidente,25,"$1,362.43",04-28-2025,1184.04
7876,Alejandro Diaz,Camara,Sur,48,sin dato,,1225.94
1911,Pedro Aguilar, Impresora,Norte,-8,$407.68,Agosto 18 2024,1239.96
6662,Valeria Mendoza,Camara,Sur,45,$654.99,27/05/2024,954.41
6097,Ricardo Vargas, Laptop,Sur,30,$773.95,Agosto 2 2024,1106.91
7075,Luis Hernandez,Mouse,Occidente,17,$943.34,18/09/2024,1640.96
4467,Jose Martinez,Monitor,Sur,30,988.26,27/02/2026,1669.31
1875,Valeria Mendoza,Camara,Occidente,45,$995.66,26/12/2024,923.74
349,Valeria Mendoza,Laptop,Centro,35,711.54,03-04-2025,1305.02
5638,Fernanda Castro,Camara,Sur ,29,$868.14,2026-05-08,1657.96
9852,Diego Romero,Tablet,sur,18,1288.79,05-17-2024,1334.94
7606,Diego Romero,TABLET,Norte,31,803.28,08-18-2025,747.19
5315,Valeria Mendoza,Mouse,occidente,40,"$1,146.82",2025-08-16,1227.34
4004,Jorge Morales, Mouse,Norte,39,$739.43,Febrero 8 2025,609.29
7219,Carlos Ramirez,Teclado,sur,50,819.60,Mayo 17 2024,1422.45
5711,Alejandro Diaz,Bocina,Sur,26,$847.79,05-15-2026,1141.53
4427,Jorge Morales,Escritorio,occidente,42,"$1,188.53",Mayo 27 2024,2000.55
7784,Carlos Ramirez, Teclado,Sur,43,631.22,2025-09-14,1607.68
6947,Laura Sanchez, Mouse,Centro,23,$964.95,Septiembre 9 2025,1163.67
9507,Daniela Cruz,Teclado,Occidente,52,$423.65,2024-11-07,1129.6
5317,Ricardo Vargas,Tablet,Norte,35,909.41,2024-04-03,959.56
2760,Valeria Mendoza,Camara,Centro,53,$677.22,Enero 23 2025,1545.14
7687,Isabel Guzman,Escritorio,occidente,23,"$1,003.78",2024-10-10,1024.31
5162,Jorge Morales,Impresora,Sur,35,"$1,268.79",2025-07-24,1557.99
1966,Isabel Guzman,Bocina,Occidente,39,1282.17,2024-10-30,98000.0
452,Luis Hernandez,Tablet,norte,46,$664.37,2025-03-06,1832.72
8811,Carlos Ramirez,Impresora,Norte,45,564.79,2024-03-24,2010.72
2785,Carlos Ramirez, Mouse,Occidente,37,574.39,Febrero 8 2026,1488.64
5872,Camila Reyes,Escritorio,Norte,39,$907.51,03-13-2024,1465.36
9420,Pedro Aguilar,Camara,Centro ,28,1315.73,01-29-2026,1639.99
4730,Diego Romero,Teclado,Norte,25,1049.78,04/06/2025,1303.15
3837,Alejandro Diaz,Teclado,Sur,45,1071.53,27/11/2024,1023.56
7025,Jorge Morales,Tablet,Occidente,27,"$1,021.11",2024-04-09,1375.18
7235,Luis Hernandez,Laptop,occidente,26,sin dato,32/13/2026,1344.99
5212,Camila Reyes,TECLADO,Centro ,33,1037.97,25/10/2025,1200.53
103,Fernanda Castro,SILLA,occidente,35,$529.65,06-30-2025,1310.88
3997,Daniela Cruz,BOCINA,Occidente,34,1179.06,Noviembre 26 2025,1171.43
3674,Isabel Guzman,Tablet,N/A,24,$861.17,03/09/2024,979.79
1334,Valeria Mendoza,Tablet,Sur,30,"$1,247.77",02/09/2024,913.57
5707,Alejandro Diaz,Bocina,occidente,36,"$1,256.20",29/10/2025,1644.31
1592,Ricardo Vargas,MOUSE,Occidente,53,sin dato,2026-02-21,1555.4
9833,Carlos Ramirez,Monitor, Centro,30,$774.91,29/07/2024,1550.52
5977,Daniela Cruz,Camara,OCCIDENTE,37,$680.00,32/13/2026,2085.92
184,Alejandro Diaz,Laptop,Occidente,14,sin dato,Julio 3 2024,1838.92
6494,Paola Rios,BOCINA,Norte,30,"$1,260.39",Marzo 24 2024,990.66
8959,Alejandro Diaz,Silla,norte,44,494.10,2025-06-09,1418.47
1229,Miguel Flores,Teclado,Occidente,30,"$1,298.11",04-05-2024,1368.3
1127,Jose Martinez,Camara,,52,$699.07,11-03-2025,1535.7
4010,Ricardo Vargas,Escritorio,Centro,43,1008.76,16/02/2026,1399.07
952,Andres Ortiz,Impresora,Norte,43,sin dato,2025-08-23,2013.11
4560,Fernanda Castro,LAPTOP,SUR,25,633.11,05-30-2025,1602.64
4747,Alejandro Diaz,Camara,Centro,57,543.35,11-27-2025,903.3
1095,Isabel Guzman,Camara,Norte ,20,$711.44,16/06/2024,826.59
9553,Maria Lopez,Tablet,SUR,43,550.93,2025-04-01,2207.72
6903,Fernanda Castro,Escritorio,Norte,36,1004.24,09-30-2024,986.15
3853,Andres Ortiz,Mouse,?,31,$495.68,Febrero 17 2025,1029.37
1131,Diego Romero,Mouse,Norte,54,561.64,Noviembre 3 2025,1974.82
1261,Ricardo Vargas,Tablet,NORTE,38,$677.58,2026-01-17,880.88
2588,Pedro Aguilar,Impresora,centro,29,$622.39,11-20-2025,1433.38
2360,Maria Lopez,Laptop,Sur,27,850.13,17/09/2024,1541.02
7408,Camila Reyes,Monitor,Centro,30,1079.26,Agosto 29 2025,934.0
6773,Jorge Morales,Silla,Occidente,4,930.82,11/01/2025,1671.51
9024,Luis Hernandez,Bocina,occidente,21,1313.66,22/08/2024,1309.19
675,Maria Lopez,Camara,Centro,29,703.61,14/04/2024,1664.28
9702,Fernanda Castro,TABLET,OCCIDENTE,27,$444.88,18/07/2025,1226.22
6491,Ana Garcia,Camara, Centro,-1,$705.85,04/06/2024,1580.65
2261,Carlos Ramirez, Teclado,sur,,$477.77,02-06-2026,1160.15
7601,Diego Romero,Bocina,CENTRO,44,"$1,149.22",Enero 7 2026,1410.64
2262,Carlos Ramirez,LAPTOP,norte,40,880.06,2026-02-03,912.69
388,Ricardo Vargas,ESCRITORIO,Centro,38,"$1,161.98",07-10-2025,1324.29
6694,Pedro Aguilar,Bocina,Occidente,47,$974.96,,1876.15
5072,Alejandro Diaz,Silla, Centro,48,642.79,Abril 19 2025,1992.0
9983,Daniela Cruz,Bocina,Occidente,39,$641.67,2025-08-24,1086.63
2790,Jorge Morales,Laptop,Norte,37,$671.86,04-14-2024,991.02
7718,Maria Lopez,BOCINA,Sur,24,$797.66,Septiembre 6 2024,2293.97
5332,Maria Lopez,Mouse,Norte,32,"$1,154.69",07/01/2024,1285.53
1474,Paola Rios,Escritorio,Norte,48,791.44,2024-08-13,1578.28
7071,Alejandro Diaz,Camara, Centro,36,$378.73,Agosto 7 2024,1515.63
6087,Isabel Guzman,Camara,Occidente ,16,$686.85,Noviembre 6 2024,1286.73
6464,Maria Lopez,Escritorio,Norte,37,809.54,Abril 16 2024,1539.83
5200,Ana Garcia,TECLADO,Centro,47,$946.72,2024-04-18,1793.43
6226,Ana Garcia,Bocina,Sur,197,832.89,,1984.66
461,Miguel Flores,Escritorio,Centro,43,$719.21,04/12/2025,1424.56
1194,Ana Garcia, Mouse,Sur,43,sin dato,Marzo 27 2024,1558.51
2822,Valeria Mendoza,Laptop,norte,51,758.79,32/13/2026,1734.64
7593,Jose Martinez,Teclado,Sur,12,"$1,384.56",32/13/2026,2043.72
4422,Carlos Ramirez, Laptop,centro,,"$1,127.05",Octubre 29 2024,1714.04
6597,Valeria Mendoza,Teclado,Centro,46,$852.96,02-27-2025,1164.9
2467,Luis Hernandez,Escritorio,Sur,38,"$1,206.48",20/06/2025,1509.43
2092,Sofia Torres,Camara,Sur,46,903.55,Enero 6 2026,1932.43
9226,Isabel Guzman,Bocina,Occidente,37,"$1,112.82",Marzo 24 2026,950.08
2946,Carlos Ramirez,Silla,Sur,52,1277.39,Diciembre 20 2024,1559.14
3624,Andres Ortiz,Tablet,Sur,40,$965.68,2025-03-30,1981.19
5669,Maria Lopez, Camara,Occidente,30,1182.64,Noviembre 14 2024,1680.54
315,Fernanda Castro, Bocina, Norte,57,$674.07,,916.23
9893,Ana Garcia,Laptop,centro,19,$999.00,Junio 4 2025,1743.82
3739,Miguel Flores,Impresora,Occidente,24,sin dato,Septiembre 4 2025,1091.56
2917,Fernanda Castro,Teclado,Norte ,,1026.05,2025-11-27,1237.32
9905,Isabel Guzman,Mouse,Norte,41,$786.67,,736.22
3503,Paola Rios, Bocina,Sur ,34,$911.75,22/04/2025,1544.1
1697,Laura Sanchez,Monitor, Occidente,40,$649.01,Marzo 14 2024,1805.28
3854,Carlos Ramirez, Camara, Occidente,45,926.70,Julio 29 2024,1316.76
6858,Diego Romero,Camara,Norte,37,581.25,2024-08-19,463.78
6561,Luis Hernandez,Mouse,Norte,53,605.87,2025-09-27,852.4
5744,Fernanda Castro,Camara,Sur,27,$528.89,Mayo 23 2024,1319.43
3020,Ana Garcia,Bocina,centro,53,846.44,,1789.9
1325,Jose Martinez,Monitor,Occidente,34,sin dato,Mayo 5 2026,1624.83
5268,Fernanda Castro,Silla,Occidente,31,721.40,2025-10-22,1297.75
6345,Ana Garcia,Mouse,Norte,55,$845.15,2024-04-04,2152.65
7865,Sofia Torres,Escritorio,sur,307,877.47,2024-03-03,1756.14
7464,Luis Hernandez,Escritorio,Centro,31,$958.28,30/01/2025,1649.22
7465,Diego Romero,Camara,Occidente,189,1429.90,Julio 17 2024,1490.48
3370,Laura Sanchez,Camara,Occidente,33,139.78,04-05-2026,1929.25
102,Miguel Flores,Camara,Sur,27,$800.00,2024-01-19,1900.52
1315,Miguel Flores,Monitor,Centro,31,"$-1,129.74",28/03/2026,773.76
6135,Fernanda Castro,Mouse,CENTRO,32,"$1,056.97",2026-04-14,1784.1
1441,Maria Lopez,Monitor,norte,45,$489.73,16/07/2024,1668.11
8902,Laura Sanchez,Monitor,Occidente ,-5,201.54,2025-09-09,1717.84
4096,Sofia Torres,Laptop,Occidente,25,"$1,240.56",03/05/2025,1421.42
4565,Maria Lopez,Bocina,OCCIDENTE,41,$438.75,17/09/2024,1218.14
776,Diego Romero, Laptop,Norte,35,$741.78,2025-10-18,1237.4
221,Paola Rios,Escritorio,Norte,55,$928.68,10-10-2025,1109.83
7980,Paola Rios,Camara,NORTE,31,1051.33,04-19-2025,929.14
7734,Jose Martinez,Laptop,CENTRO,33,$360.80,Febrero 17 2025,1457.61
9757,Andres Ortiz,Silla,CENTRO,23,429.71,Julio 15 2024,1801.31
1573,Jose Martinez,Laptop,NORTE,250,$-647.91,07-25-2024,1167.93
1164,Alejandro Diaz,Escritorio,Occidente,32,517.93,2025-10-26,1666.57
3362,Diego Romero,Silla,Centro ,38,$491.23,Agosto 14 2025,1256.74
2767,Diego Romero,Tablet,Occidente,37,$732.77,08-30-2025,957.89
5662,Luis Hernandez,Tablet,Centro,25,1101.63,Junio 3 2026,1118.69
6401,Valeria Mendoza,Silla,Sur,35,$701.10,05-09-2025,1946.02
7253,Daniela Cruz,BOCINA,Occidente ,38,1203.20,2024-05-17,1468.79
2347,Jorge Morales,Camara,norte,36,$930.85,05-03-2026,1082.12
3223,Carlos Ramirez,Bocina,norte,,$532.13,Febrero 24 2025,1355.77
3018,Andres Ortiz,Escritorio,NORTE,44,936.85,,1819.62
9334,Alejandro Diaz,Silla,Sur,58,$989.82,2024-10-10,1369.15
540,Camila Reyes,Silla,Sur ,50,854.55,2026-04-06,1258.45
684,Sofia Torres,Mouse,CENTRO,34,573.63,Noviembre 19 2024,1469.43
7407,Maria Lopez,Laptop,Centro,52,$649.94,10-07-2025,1682.79
9139,Laura Sanchez,Silla,Sur,19,"$1,167.86",2025-11-01,1152.13
2591,Ana Garcia,Bocina,Centro,17,"$1,113.74",23/08/2024,1434.03
5879,Miguel Flores,Bocina,Centro,19,$664.88,07-02-2024,1075.36
6061,Ricardo Vargas,Mouse,Centro,42,sin dato,2025-01-31,1187.63
162,Jose Martinez,Camara,Norte,40,827.06,09/12/2025,1422.47
7346,Daniela Cruz,Monitor, Occidente,55,768.24,12-03-2024,1080.04
7944,Luis Hernandez,Camara,Norte,48,"$1,026.31",08-26-2025,1358.65
6802,Alejandro Diaz,Camara,sur,-4,939.68,05/02/2026,1685.13
7092,Carlos Ramirez,Laptop,Occidente,37,$799.49,14/06/2024,966.36
7416,Luis Hernandez,Tablet,Sur,51,$603.79,Mayo 31 2025,1288.88
2039,Andres Ortiz,Teclado,sur,37,950.47,31/01/2026,895.0
3881,Daniela Cruz,Teclado,Norte,,sin dato,2026-05-21,1255.73
6142,Maria Lopez, Silla,Occidente,25,$702.74,2024-05-27,1304.55
925,Alejandro Diaz, Escritorio,Sur,41,sin dato,03-21-2024,1766.23
4721,Alejandro Diaz, Monitor,Sur,30,1044.70,17/11/2025,753.58
7785,Alejandro Diaz,Camara,OCCIDENTE,30,805.11,04/09/2025,1476.49
771,Isabel Guzman,Impresora,Norte ,39,50.00,2025-09-03,513.13
6205,Valeria Mendoza,Camara,,41,1066.86,2025-06-09,1421.58
7971,Laura Sanchez,Impresora, Centro,24,$409.49,03/10/2025,1543.71
6253,Alejandro Diaz,Mouse,Centro,43,1041.20,02-07-2024,1758.36
3862,Camila Reyes,Monitor, Centro,49,"$1,177.18",2025-04-30,1813.16
2659,Miguel Flores,Tablet,Sur ,,$880.03,32/13/2026,1319.0
696,Isabel Guzman,Camara,,53,643.95,29/10/2025,1701.5
7337,Jose Martinez,Monitor,NORTE,32,820.95,03/08/2025,1872.95
3711,Ana Garcia,Bocina, Sur,33,"$1,308.23",12-31-2025,916.98
7951,Jorge Morales,SILLA,Occidente ,46,501.57,2025-11-24,1547.67
1220,Carlos Ramirez,Impresora,,29,1378.92,16/04/2025,1037.43
4198,Diego Romero,Tablet,SUR,63,"$1,105.64",02-02-2024,1915.42
8473,Daniela Cruz,Camara,Sur ,44,619.63,2026-06-02,1752.79
3237,Jorge Morales,SILLA,Occidente,27,$218.10,22/09/2024,1742.77
4160,Miguel Flores,Mouse,Occidente,42,1008.92,Diciembre 27 2024,1255.13
4957,Andres Ortiz,Mouse,sin informacion,40,$-804.52,07-28-2024,1401.08
7097,Maria Lopez,Mouse,sur,35,1536.07,25/10/2024,1358.65
2732,Diego Romero, Impresora,Occidente,29,842.80,2024-12-06,1334.15
8097,Paola Rios,Teclado,Occidente,50,"$1,030.23",09/01/2025,1411.69
2669,Sofia Torres, Teclado,Norte,47,997.79,08-08-2024,1533.61
9709,Maria Lopez,Silla,occidente,38,$705.65,02/12/2025,1777.21
8429,Miguel Flores,Silla,Sur ,27,1209.30,Octubre 23 2025,1712.68
9239,Maria Lopez,Silla,Sur,47,$-707.62,2024-04-12,1765.78
5515,Jose Martinez,Mouse,sur,45,411.15,09/09/2025,1840.77
4996,Carlos Ramirez, Tablet,sur,42,650.81,26/01/2026,1550.85
4292,Carlos Ramirez,Tablet,Occidente,32,sin dato,2025-07-18,1473.01
2756,Alejandro Diaz,Bocina,Occidente,32,1202.38,22/08/2025,1234.78
5044,Valeria Mendoza,Camara, Sur,,1035.41,02-26-2024,1305.88
8498,Alejandro Diaz,Escritorio,Sur,35,$861.60,Septiembre 17 2025,1499.0
1376,Jorge Morales,Laptop,Norte,69,325.33,18/01/2024,1204.15
1815,Maria Lopez,Teclado,SUR,47,769.45,,1471.15
9925,Valeria Mendoza,Monitor,norte,30,sin dato,25/11/2024,1574.88
1993,Fernanda Castro,Impresora,,25,631.44,Enero 7 2024,2258.06
3016,Pedro Aguilar,Bocina,occidente,27,sin dato,,1183.4
7774,Valeria Mendoza,Teclado,Occidente,55,"$1,222.48",Noviembre 28 2025,1236.23
5295,Valeria Mendoza,Bocina,Sur,18,646.36,Octubre 1 2025,830.45
6238,Maria Lopez,Bocina,CENTRO,33,920.17,Febrero 4 2025,1835.96
6880,Diego Romero,Camara,occidente,32,1112.00,2024-05-22,1156.26
5039,Jorge Morales,Escritorio, Centro,28,sin dato,2024-11-03,1932.91
1225,Miguel Flores,Teclado,Sur,19,1024.57,06-14-2026,1165.96
3679,Laura Sanchez,Tablet,occidente,34,"$1,042.44",32/13/2026,1520.08
3941,Camila Reyes,Bocina,NORTE,50,594.54,Diciembre 9 2025,1412.81
685,Daniela Cruz,Escritorio,norte,21,942.72,03-20-2026,1189.07
4248,Laura Sanchez,Teclado,Centro,36,878.93,06-01-2026,1294.79
9771,Isabel Guzman,Laptop,norte,49,1242.17,2025-09-24,1112.85
7406,Daniela Cruz,Monitor,Centro,45,835.17,12-19-2025,1404.05
8143,Ana Garcia,Teclado,norte,42,342.06,32/13/2026,775.78
82,Carlos Ramirez,Bocina,Sur,37,$743.85,2026-02-04,1745.22
8543,Maria Lopez,Monitor,,31,$896.08,2026-01-14,1503.21
9215,Daniela Cruz,Camara,occidente,-8,635.41,2025-09-06,1257.32
2462,Miguel Flores,Impresora,occidente,54,"$1,152.71",03-25-2024,889.58
1270,Diego Romero,Mouse,centro,34,747.22,01-05-2026,1939.43
5826,Maria Lopez,Impresora,Sur,24,"$1,131.05",08-31-2024,1936.76
5690,Ricardo Vargas,Mouse,Occidente,16,536.23,31/10/2024,1549.34
5993,Ricardo Vargas,Camara,Occidente,4,340.17,2024-02-08,1405.7
7387,Pedro Aguilar,Impresora,SUR,23,1021.61,09/04/2025,1664.38
1790,Luis Hernandez,Laptop,N/A,31,633.24,2026-03-20,1009.36
1434,Miguel Flores,Escritorio,Centro,39,$930.50,Enero 1 2025,1922.6
698,Laura Sanchez,Laptop,Norte,60,"$1,126.78",2024-07-11,841.55
9863,Pedro Aguilar,Laptop,Norte,218,1277.94,11-25-2025,1354.68
3640,Carlos Ramirez, Monitor,occidente,50,"$1,063.51",2025-01-24,1293.82
3287,Luis Hernandez,Escritorio,norte,44,50.00,2024-03-30,854.79
2992,Diego Romero,MONITOR,occidente,36,$437.92,02-07-2026,1494.0
8085,Paola Rios,Mouse, Centro,54,328.51,Mayo 18 2026,1561.32
2757,Valeria Mendoza,Mouse, Centro,48,$288.25,Abril 19 2024,1531.22
5363,Jorge Morales,Bocina,?,52,"$1,052.76",27/08/2024,1299.66
7578,Andres Ortiz,Escritorio,norte,49,$665.54,Noviembre 9 2024,973.28
9181,Jose Martinez,Camara,occidente,43,$832.68,2025-06-06,1204.65
7414,Maria Lopez,Escritorio,Sur,59,$521.94,02/07/2024,1343.75
3084,Luis Hernandez,Silla,Centro ,24,$491.97,08/10/2024,1703.5
7351,Paola Rios,Monitor,Sur,36,1133.41,24/02/2026,781.0
9051,Luis Hernandez,Silla,Norte,51,978.79,Agosto 15 2025,1268.76
3922,Miguel Flores,Tablet,NORTE,48,$802.68,2024-02-08,1142.87
1969,Carlos Ramirez,Laptop,Sur,48,880.52,27/10/2025,1404.18
6900,Carlos Ramirez,Mouse,Sur,39,620.80,32/13/2026,1626.08
836,Sofia Torres,Tablet,norte,32,414.32,05-23-2024,1904.52
7095,Fernanda Castro,Bocina,Sur,41,"$1,210.48",Marzo 17 2025,1640.03
2126,Pedro Aguilar,Escritorio,Occidente,55,$333.15,28/07/2024,1599.25
1813,Laura Sanchez,Mouse,Centro,41,"$1,258.31",32/13/2026,1894.49
9614,Miguel Flores,Monitor,Sur,33,1072.17,Febrero 7 2024,1719.68
4966,Luis Hernandez,Camara,centro,47,719.16,11/05/2026,1099.85
6498,Diego Romero,Tablet,Sur,48,693.71,Septiembre 15 2024,1621.42
416,Pedro Aguilar,Laptop,CENTRO,30,874.56,2026-05-22,1478.37
6282,Ana Garcia,TECLADO,NORTE,41,$668.39,04/03/2026,1005.87
6130,Ricardo Vargas,Bocina,Occidente ,39,"$1,122.22",15/03/2026,1537.4
1087,Camila Reyes,Escritorio,SUR,68,$695.85,Abril 9 2024,1020.09
8506,Laura Sanchez,MOUSE,Norte,47,992.28,12/01/2026,1235.6
8195,Daniela Cruz,Impresora, Centro,38,"$1,308.69",2025-12-17,1275.24
110,Sofia Torres,Teclado,Occidente,42,1263.44,Agosto 28 2025,1820.17
8047,Laura Sanchez,MONITOR,Centro,28,"$1,237.59",,1130.34
9498,Ricardo Vargas,Impresora,Occidente,38,$858.79,,1202.64
6618,Pedro Aguilar,Tablet,Centro ,35,$965.48,Mayo 17 2024,1246.98
8034,Laura Sanchez,ESCRITORIO,Sur,16,1074.63,Febrero 12 2026,1513.9
8310,Sofia Torres,Monitor,Centro,56,539.08,Septiembre 8 2024,1031.79
4641,Sofia Torres,Impresora,CENTRO,15,"$1,114.63",2025-08-05,100.0
6839,Andres Ortiz,Camara,Occidente,55,$883.83,Marzo 20 2024,1563.68
3602,Ricardo Vargas,Teclado,Sur,17,779.90,,1174.77
9724,Carlos Ramirez,Silla,?,,$769.94,Noviembre 30 2024,2061.04
4000,Luis Hernandez,Laptop,Sur,42,$783.17,Enero 12 2024,1605.81
6267,Sofia Torres,Bocina,SUR,22,sin dato,2024-11-14,1507.36
5789,Valeria Mendoza,Monitor,Occidente,40,$592.40,2024-05-31,1654.53
2865,Diego Romero,Tablet,CENTRO,31,427.23,19/06/2024,1159.16
4366,Carlos Ramirez,Laptop,sur,42,$674.59,2025-09-07,1498.5
5372,Isabel Guzman,Silla,centro,39,$851.02,Diciembre 12 2025,837.47
1707,Diego Romero,Camara,Centro,58,622.75,2026-03-19,959.97
1243,Laura Sanchez,Monitor,occidente,36,778.78,22/02/2025,1323.27
9389,Valeria Mendoza,Escritorio,Norte,27,$339.84,2025-10-10,826.74
7843,Paola Rios,Impresora,SUR,40,1079.70,2024-07-27,1757.77
9591,Jorge Morales,Teclado,Sur,-1,$640.10,28/05/2025,1394.7
4269,Andres Ortiz,Escritorio,Centro,34,$927.07,2025-12-15,1312.98
2421,Sofia Torres,Silla,Centro,-2,938.41,2026-05-18,1508.03
7274,Andres Ortiz,Laptop,Norte,25,1029.15,06-21-2025,1347.73
2990,Daniela Cruz,Tablet,Centro,26,$774.74,16/03/2024,1506.88
4928,Alejandro Diaz,Tablet,Sur,43,sin dato,Mayo 12 2024,1866.68
5375,Diego Romero,Silla,SUR,56,$790.78,,1568.64
8848,Sofia Torres,Laptop,Occidente ,30,1238.86,2025-05-08,1694.91
5466,Valeria Mendoza,Tablet,Norte,56,"$1,183.53",22/06/2025,1076.72
8296,Andres Ortiz,Camara,Sur,35,849.39,05-04-2025,602.53
4291,Pedro Aguilar,Laptop,Centro,32,948.87,2025-12-13,1741.26
2055,Daniela Cruz, Laptop,SUR,53,"$1,010.41",2024-07-02,1302.22
7746,Paola Rios, Teclado,Sur,34,$813.25,2025-02-22,1511.26
5286,Ana Garcia,Mouse,Occidente,49,401.77,2024-02-11,1486.06
7059,Carlos Ramirez,Impresora,occidente,48,$260.69,2024-05-15,2038.2
5371,Pedro Aguilar,Escritorio,Norte,31,"$1,440.27",2024-10-20,1071.28
365,Valeria Mendoza,Impresora,OCCIDENTE,47,$947.08,2025-03-03,1271.67
4989,Alejandro Diaz,Silla,Norte,39,sin dato,Marzo 1 2026,1281.64
730,Fernanda Castro, Teclado,Occidente,62,774.34,Febrero 7 2025,1443.05
6158,Camila Reyes,Mouse,Norte,30,373.22,Marzo 14 2026,1803.52
6757,Pedro Aguilar,Bocina, Sur,26,$896.90,,1018.85
8993,Diego Romero,Teclado,sur,38,902.18,24/03/2026,963.13
3175,Daniela Cruz,Mouse,Norte,46,912.51,Septiembre 4 2024,812.62
9913,Andres Ortiz, Teclado,Centro,30,734.24,05/06/2026,1078.58
5748,Carlos Ramirez,Laptop,Centro,48,sin dato,Enero 11 2025,1329.16
8956,Jose Martinez,Tablet,occidente,,860.64,03/10/2025,1540.48
3627,Ana Garcia,Laptop,Centro,24,750.13,08-12-2024,1332.83
6579,Daniela Cruz,Impresora,NORTE,19,$-660.33,08/12/2025,1610.54
1122,Jorge Morales, Teclado, Norte,37,$878.02,Enero 16 2024,1437.38
5592,Ana Garcia,Mouse,Occidente,50,$819.72,06-02-2024,802.91
7554,Isabel Guzman,Monitor,Occidente ,50,1167.26,26/07/2025,1439.0
8647,Ricardo Vargas,Escritorio,Norte,202,$994.69,Septiembre 5 2025,1617.23
2536,Jose Martinez,Mouse,Norte,30,$697.72,Octubre 22 2025,1846.42
7382,Alejandro Diaz, Bocina,CENTRO,25,$641.04,2025-06-09,1832.93
3748,Carlos Ramirez,Camara,Sur,35,$824.79,13/04/2026,1879.44
4842,Miguel Flores,Bocina,Norte,46,1257.06,12/01/2026,1025.89
542,Fernanda Castro,Laptop,Sur,51,$347.72,Mayo 31 2024,1602.91
390,Jose Martinez, Silla,NORTE,54,"$1,208.58",2024-06-12,1385.81
9220,Diego Romero,Monitor,Sur ,40,$988.34,Abril 2 2026,2130.99
3605,Laura Sanchez,Impresora,occidente,48,943.14,10-18-2025,1593.36
1684,Daniela Cruz,BOCINA,sur,50,866.88,,1656.5
7533,Valeria Mendoza,Camara,SUR,27,50.00,16/05/2026,1478.2
588,Fernanda Castro,Teclado,Occidente,-2,$814.17,Junio 12 2025,1756.8
630,Miguel Flores,Bocina,Occidente,22,"$-1,374.93",2025-06-24,1267.95
512,Jorge Morales,Mouse,Centro,25,"$1,203.67",20/05/2025,2081.92
800,Ricardo Vargas,Laptop,Occidente,17,1006.78,2024-05-20,845.94
8785,Ana Garcia,ESCRITORIO, Occidente,46,828.70,12/04/2024,1056.26
679,Jose Martinez,BOCINA,Norte,37,$100.99,07/08/2024,1563.39
2656,Luis Hernandez, Camara,Sur ,36,50.00,2025-09-14,1384.63
4296,Miguel Flores, Mouse,?,41,"$1,023.73",2025-11-22,1497.86
9377,Maria Lopez,Silla,Occidente,41,"$1,391.14",22/04/2024,970.21
8640,Laura Sanchez,Silla,Norte,32,1145.43,,1726.77
902,Jorge Morales,IMPRESORA,Occidente ,36,615.42,2024-02-02,1193.84
7268,Diego Romero, Tablet,Sur,42,818.60,13/02/2026,1359.92
6421,Isabel Guzman,Impresora,Norte,34,$804.45,2025-06-20,1943.68
460,Camila Reyes,Teclado,Sur,36,$378.22,2025-05-05,1496.66
755,Valeria Mendoza,Bocina,Occidente,25,$860.76,12-08-2025,869.64
1495,Carlos Ramirez,Camara,Norte,47,"$1,033.65",2025-05-31,1672.84
6624,Luis Hernandez, Monitor,,,834.12,05-20-2024,1774.47
9114,Andres Ortiz,Silla,Occidente,47,sin dato,10/08/2025,805.44
1512,Carlos Ramirez,Teclado,Sur,37,"$1,166.70",29/01/2025,1397.3
6960,Camila Reyes,Monitor,Sur,25,595.90,14/04/2026,1412.83
7805,Andres Ortiz,Camara,Norte,42,646.26,2025-03-03,1205.95
5088,Carlos Ramirez,Escritorio,Occidente,22,1445.65,2026-06-09,1733.21
7937,Alejandro Diaz,Mouse,CENTRO,50,"$1,326.75",11-09-2025,1736.09
1464,Jorge Morales,Monitor,Sur,46,721.64,25/08/2024,1323.07
8206,Valeria Mendoza,Escritorio,Sur,71,"$1,187.85",08-02-2024,1557.62
1242,Laura Sanchez,Camara,SUR,29,$956.18,Junio 4 2026,1780.74
5462,Luis Hernandez, Laptop, Centro,20,$732.44,05-27-2024,1669.29
5184,Maria Lopez,LAPTOP,Norte,52,"$1,597.02",23/11/2024,1663.44
2751,Ana Garcia,Silla,Occidente,20,1381.29,02/05/2026,1061.88
6428,Jose Martinez,Laptop,Sur,49,"$1,038.28",Febrero 6 2025,2023.04
9972,Jorge Morales,Mouse,Norte,45,1363.06,20/02/2024,1359.57
3243,Daniela Cruz,Monitor,Occidente,50,815.31,31/05/2024,1063.4
7711,Ana Garcia,Silla,Centro,29,1083.76,09-18-2024,1669.78
2346,Luis Hernandez,Escritorio, Occidente,38,"$1,427.98",2025-02-27,1016.08
7753,Pedro Aguilar, Silla,Centro ,42,"$1,021.29",27/04/2026,1934.8
8494,Ana Garcia,Laptop, Sur,51,595.29,Enero 29 2026,1222.87
5991,Jose Martinez,MOUSE,sur,58,$512.25,01-10-2026,1030.63
1740,Laura Sanchez,Escritorio,Sur,49,"$1,062.61",Abril 22 2024,1547.47
8304,Carlos Ramirez,Monitor,OCCIDENTE,25,1162.82,Febrero 20 2026,1436.61
267,Maria Lopez,Tablet,Sur ,35,465.49,Julio 14 2024,1113.1
4604,Luis Hernandez, Bocina,Sur,48,756.76,17/07/2025,2092.02
9854,Luis Hernandez,IMPRESORA, Occidente,52,$758.84,Mayo 5 2026,1680.18
2297,Paola Rios,Escritorio,Centro,52,"$1,175.80",2025-03-13,953.54
7149,Carlos Ramirez, Tablet,OCCIDENTE,37,533.17,06-16-2025,1494.34
3614,Carlos Ramirez,Bocina, Sur,47,"$1,353.39",31/12/2024,1637.41
6975,Isabel Guzman,Tablet,Norte,33,"$1,353.03",14/09/2024,1331.25
1539,Alejandro Diaz,Silla,Occidente,47,830.35,Enero 10 2026,819.79
8055,Laura Sanchez,Bocina,Occidente,43,1027.51,,1169.54
5427,Sofia Torres,MOUSE,Occidente,21,755.20,Marzo 24 2026,776.48
2457,Miguel Flores,Laptop,Norte,41,sin dato,32/13/2026,1975.98
6446,Ricardo Vargas,Teclado,norte,36,675.17,21/04/2026,1284.81
7885,Ana Garcia,Impresora,Norte,39,sin dato,2025-02-08,1236.61
5423,Andres Ortiz,Mouse,Norte,,958.38,Marzo 29 2025,1649.28
8325,Jorge Morales, Camara,norte,51,sin dato,Junio 23 2024,1798.77
2496,Fernanda Castro,MOUSE, Occidente,47,1139.11,2025-09-17,1197.17
1509,Jorge Morales,Mouse,occidente,32,"$1,127.43",Marzo 6 2025,2010.96
729,Valeria Mendoza,Bocina,Norte,29,"$1,221.57",01-06-2025,1644.07
1171,Alejandro Diaz,Tablet, Sur,54,399.08,,1213.67
8549,Daniela Cruz,Monitor,Occidente,34,"$1,153.78",2025-08-31,797.23
2336,Camila Reyes,Escritorio,SUR,,952.56,05-04-2026,1552.74
7287,Maria Lopez,Mouse,sur,44,$237.23,,1582.33
7479,Diego Romero,Impresora,Occidente,57,668.36,Noviembre 21 2024,2166.4
4475,Valeria Mendoza,Monitor,Occidente ,50,765.26,Mayo 17 2024,1421.75
3039,Alejandro Diaz,Camara,Norte,51,$762.87,10/04/2025,2169.35
5815,Maria Lopez,Bocina,OCCIDENTE,44,"$1,120.12",Mayo 9 2024,1136.09
9053,Daniela Cruz,TABLET,Norte,33,"$1,095.68",2025-11-12,1305.44
3874,Alejandro Diaz,Escritorio,Norte,47,598.78,25/08/2024,1155.95
2576,Fernanda Castro,Bocina,norte,46,$711.91,10-21-2024,1791.47
9840,Pedro Aguilar,Camara,CENTRO,32,sin dato,2025-04-01,1982.48
5533,Sofia Torres,Laptop,Centro ,40,656.04,2024-02-27,1190.41
6613,Pedro Aguilar,Silla,Sur,42,1042.23,23/11/2025,1772.65
8920,Sofia Torres, Laptop,Sur,31,$873.12,2025-05-04,1243.56
7767,Andres Ortiz,Silla,Centro,27,$872.22,05-15-2024,1352.32
6133,Camila Reyes,Impresora,Norte,36,796.94,07/09/2024,1441.17
4152,Maria Lopez,Escritorio,Occidente,-3,1057.58,03/07/2024,949.26
5544,Ricardo Vargas,Laptop,Centro,16,$406.83,20/05/2026,1409.8
9382,Carlos Ramirez, Bocina,Centro,-1,sin dato,Agosto 21 2025,1587.07
3278,Ana Garcia,Laptop, Norte,39,$638.59,Octubre 17 2024,888.48
6496,Ricardo Vargas,Laptop,norte,34,sin dato,03/08/2024,1059.54
5107,Isabel Guzman,Camara,occidente,50,319.19,03-26-2024,1514.15
1602,Pedro Aguilar,Silla,Occidente,35,$917.59,Junio 23 2024,1893.09
193,Luis Hernandez,Laptop,occidente,59,772.10,29/03/2024,1649.26
2569,Diego Romero,Monitor,Norte,62,782.66,Agosto 23 2024,1389.01
9753,Maria Lopez,Laptop,Norte ,56,484.97,Agosto 22 2024,1536.53
2218,Diego Romero,Camara,norte,24,"$1,020.91",Octubre 16 2024,1856.46
1676,Diego Romero,Teclado, Occidente,58,"$-1,253.89",03-24-2025,1613.83
8751,Laura Sanchez,Tablet,Occidente ,54,"$1,107.50",20/09/2025,1625.43
2375,Fernanda Castro,Silla,Centro,35,$915.21,01-25-2024,887.57
2123,Camila Reyes,Teclado,SUR,21,902.14,13/02/2026,758.12
8526,Camila Reyes,Bocina,Norte,37,230.02,05-05-2026,1765.62
1711,Ricardo Vargas,Monitor,Sur,57,1090.23,Abril 28 2024,1368.07
4563,Laura Sanchez,Monitor,Occidente,26,"$1,036.07",24/01/2026,1145.99
1831,Andres Ortiz,Impresora,Centro,53,$753.70,Julio 18 2024,1439.12
4748,Valeria Mendoza, Silla,sur,49,$541.49,2025-03-06,1112.8
1035,Maria Lopez,Teclado,centro,40,596.47,23/02/2024,1194.32
7082,Daniela Cruz, Teclado,Centro,30,429.99,05-22-2026,807.71
2615,Isabel Guzman,Laptop,occidente,35,626.51,09-12-2025,1676.97
6259,Ana Garcia,Monitor,Norte,48,sin dato,06/02/2026,1479.35
3117,Fernanda Castro,Monitor,Norte,43,$478.44,10-12-2024,1205.49
4180,Camila Reyes,Tablet,Centro,27,$926.82,2025-02-28,1246.18
3222,Miguel Flores,Silla,Sur,30,sin dato,2025-01-27,1146.69
2642,Valeria Mendoza,Tablet,Centro,37,sin dato,Enero 31 2024,1664.46
6963,Pedro Aguilar,Silla,NORTE,44,$745.20,32/13/2026,1359.25
2293,Daniela Cruz,Escritorio, Sur,52,$780.80,17/08/2025,1264.97
7011,Ana Garcia,Tablet,sur,47,$558.66,01-03-2026,1543.74
9042,Jose Martinez,Laptop,centro,28,$847.03,18/05/2024,1337.1
9278,Diego Romero,Silla,Occidente,60,$824.15,Noviembre 14 2024,1283.17
6192,Isabel Guzman,Mouse,occidente,34,"$1,030.27",06/04/2025,1290.58
2449,Laura Sanchez,Teclado,N/A,34,1058.22,10-07-2024,1388.77
674,Diego Romero,Escritorio,Centro,38,$650.27,15/03/2025,1449.43
3292,Andres Ortiz,TABLET,Centro,25,727.18,08-10-2025,1009.1
378,Carlos Ramirez,Tablet,Norte,47,783.54,03-17-2024,916.26
759,Paola Rios,Impresora,,41,$513.92,Mayo 18 2026,1607.55
751,Andres Ortiz,Escritorio,Norte,31,949.23,32/13/2026,627.63
3542,Sofia Torres,Teclado,Centro,43,$659.29,,1639.06
8858,Fernanda Castro,Mouse,centro,49,$810.71,Octubre 28 2025,2294.99
2754,Fernanda Castro,Escritorio,Centro,37,sin dato,18/05/2024,1543.24
4203,Valeria Mendoza, Laptop,SUR,60,881.15,19/11/2024,1767.24
2558,Jorge Morales,Camara,Centro,35,$752.34,15/05/2024,1059.72
2704,Miguel Flores,Teclado,Norte,39,$970.80,04-24-2024,1590.68
8313,Jorge Morales,Escritorio,Occidente ,37,677.92,2025-05-02,1220.62
4329,Maria Lopez, Impresora,centro,43,"$1,295.26",32/13/2026,1302.62
6294,Miguel Flores,SILLA,norte,47,518.02,30/04/2026,1617.44
4166,Ricardo Vargas,Monitor,Centro,43,$360.27,Marzo 22 2024,1748.93
7356,Daniela Cruz,Bocina,Norte,31,$874.42,2026-04-24,1337.47
8434,Miguel Flores,Monitor,Centro,66,"$1,180.95",08/01/2025,1090.77
8063,Laura Sanchez,Escritorio,centro,37,"$1,281.04",02-26-2026,1505.0
8309,Valeria Mendoza,Impresora,Centro,19,1089.60,30/05/2026,1708.29
6364,Fernanda Castro,Tablet,SUR,51,812.23,Mayo 15 2025,1203.42
8008,Ricardo Vargas,Camara,Norte,37,"$1,176.60",21/01/2026,1705.16
8339,Ricardo Vargas,Bocina,Centro ,37,825.11,10-01-2024,1288.5
6758,Diego Romero,Tablet,Norte,34,$579.43,16/10/2025,1058.92
7312,Carlos Ramirez,Impresora,norte,8,$998.94,07/03/2026,1760.76
3528,Jorge Morales,BOCINA, Sur,61,$285.74,2026-04-10,1164.66
5604,Pedro Aguilar,Silla,Norte,21,1618.48,02/01/2026,1244.65
6863,Pedro Aguilar,Mouse,Sur,47,862.55,2024-05-02,1906.15
3032,Miguel Flores,Silla,Sur,24,749.35,2024-08-29,1362.7
241,Pedro Aguilar,Camara,OCCIDENTE,42,$477.55,05/04/2025,1011.68
6770,Miguel Flores,Impresora,Centro,25,795.85,2025-03-15,1766.91
3226,Miguel Flores,Laptop,OCCIDENTE,49,"$1,170.11",2026-02-05,1572.24
6051,Ricardo Vargas,Silla,CENTRO,37,933.48,Marzo 10 2026,1404.45
2560,Carlos Ramirez,Laptop,Norte,32,"$1,152.73",Febrero 5 2024,1472.01
2040,Laura Sanchez,Tablet,Centro,27,896.81,25/02/2025,693.34
4937,Valeria Mendoza,Laptop, Centro,40,sin dato,,1709.11
8770,Camila Reyes,Tablet,Centro,36,837.46,2024-08-02,1026.88
5520,Ricardo Vargas,Mouse,Centro,31,846.16,Febrero 26 2024,798.46
1345,Miguel Flores,Mouse,Norte,30,1214.80,Abril 18 2025,1158.37
3382,Ana Garcia,Escritorio,Occidente,,1033.92,Abril 25 2025,1146.56
9188,Laura Sanchez,Laptop,Centro,30,$666.57,Abril 30 2026,1633.94
1791,Andres Ortiz,Silla,Sur,42,1225.06,26/09/2024,1159.31
5186,Carlos Ramirez,Monitor,NORTE,56,$323.22,05-12-2024,1313.98
3905,Maria Lopez,Camara,CENTRO,27,sin dato,Agosto 17 2025,1254.4
7026,Laura Sanchez,Impresora,occidente,54,$844.99,05-01-2024,1933.84
4978,Fernanda Castro,SILLA,Centro,,1532.06,Diciembre 2 2024,1549.91
672,Laura Sanchez,Tablet,Occidente,32,$543.26,09-09-2025,1245.98
8587,Paola Rios,Teclado,Centro,48,$960.47,2025-05-12,1293.32
7352,Fernanda Castro,Teclado,Norte,19,943.15,Abril 29 2025,850.24
9478,Camila Reyes,Laptop,Norte,42,$428.81,,1359.96
5304,Pedro Aguilar,Impresora,Norte,32,$-419.39,2024-10-14,1251.63
1892,Jose Martinez,Laptop,SUR,49,684.85,07-25-2024,826.3
1145,Fernanda Castro,ESCRITORIO,,35,"$1,344.74",Mayo 13 2024,1503.68
853,Diego Romero,Camara,Norte,36,644.14,2025-04-01,706.9
446,Ricardo Vargas,Monitor,Centro,27,$998.95,Octubre 26 2025,1128.93
2521,Daniela Cruz,Impresora,Sur,52,$603.70,10/07/2025,1404.13
4803,Andres Ortiz,BOCINA,occidente,54,1136.29,Enero 10 2026,949.67
5621,Fernanda Castro,Camara,Sur,45,$761.10,Febrero 17 2025,1797.64
8412,Ana Garcia, Teclado,OCCIDENTE,30,1104.52,Febrero 14 2026,1045.43
4508,Alejandro Diaz,Monitor,Centro,27,"$1,134.46",Agosto 22 2024,1092.54
7062,Ana Garcia,Mouse,Norte,32,642.44,2025-09-28,1612.36
447,Miguel Flores,Bocina,Occidente,49,834.99,2024-05-25,1584.02
4370,Isabel Guzman,Bocina, Norte,43,$891.53,02-05-2026,1841.65
8825,Jose Martinez,MONITOR,Occidente,24,956.37,2025-09-16,2023.01
7033,Sofia Torres,Camara,Sur,38,$670.19,01-21-2025,1595.01
2931,Alejandro Diaz,TECLADO,Sur,48,$997.44,10/04/2026,1427.61
2265,Andres Ortiz, Escritorio,Norte,25,707.27,04-18-2024,930.45
8790,Diego Romero,LAPTOP,norte,50,767.51,05-19-2026,1307.4
478,Ricardo Vargas,Teclado, Norte,-8,$420.46,Mayo 24 2026,1686.16
4315,Miguel Flores,Escritorio,Occidente,26,$650.77,25/05/2025,744.83
530,Maria Lopez,Laptop,occidente,32,1071.11,Enero 1 2025,1568.21
9551,Jose Martinez,Monitor,SUR,302,1114.22,06-24-2025,685.49
5463,Fernanda Castro,Monitor,Occidente,37,906.73,2024-07-31,1259.01
6822,Ana Garcia,Tablet,,38,$549.03,07-30-2024,1882.59
5050,Pedro Aguilar,Teclado,Sur,17,636.56,2026-05-15,1681.9
2647,Maria Lopez,Monitor,Centro,25,$835.76,2025-02-17,2054.47
798,Isabel Guzman,ESCRITORIO, Centro,-8,$527.32,02/04/2025,1473.26
7996,Laura Sanchez,Silla,centro,29,$579.09,2025-12-20,1134.09
8233,Pedro Aguilar,Escritorio,,29,$980.88,05-19-2026,1024.39
4025,Jorge Morales,Tablet,Centro,41,1252.17,Septiembre 11 2025,1031.99
5439,Jose Martinez, Camara,Norte,,867.35,23/01/2025,1458.78
1101,Miguel Flores,Camara,Centro ,34,305.08,29/11/2025,1281.01
5,Ricardo Vargas,Impresora,norte,34,1205.99,,1176.04
5683,Maria Lopez,Mouse,Centro,41,517.05,2024-11-28,1159.34
1219,Ana Garcia,Monitor,Occidente,41,975.13,05-09-2026,1244.28
2232,Alejandro Diaz,Tablet,Sur,59,1374.25,19/01/2026,1475.94
4273,Camila Reyes,Camara, Sur,37,200.04,Abril 1 2024,1533.61
3994,Laura Sanchez, Silla,OCCIDENTE,34,1380.04,11/03/2025,2088.04
9095,Daniela Cruz,Bocina,norte,33,$879.62,04/07/2024,1359.6
14,Ana Garcia,Silla,Sur ,desconocida,1067.48,04/01/2026,1133.11
8574,Daniela Cruz, Camara,Sur,55,"$1,050.02",2025-12-22,1022.33
2455,Diego Romero,Teclado,Sur,17,638.18,01-16-2025,1495.26
8651,Ana Garcia,Camara,Occidente,49,$574.25,2024-04-02,1333.73
2734,Maria Lopez,TECLADO,centro,,$633.21,01-03-2025,1403.56
8598,Camila Reyes,Tablet,Occidente ,31,939.40,21/03/2024,1525.92
5647,Laura Sanchez,Laptop,Norte,52,623.60,Julio 25 2025,1077.26
6960,Camila Reyes,Monitor,Sur,25,595.90,14/04/2026,1412.83
807,Carlos Ramirez,SILLA,Norte,42,$907.50,Julio 15 2025,1113.22
3030,Sofia Torres,Silla,Norte,19,"$1,016.36",2025-11-07,1420.36
3572,Sofia Torres,Laptop,centro,30,$908.81,25/03/2025,945.93
1709,Jose Martinez,Escritorio,Norte,51,554.86,20/02/2024,1018.01
7360,Camila Reyes,Mouse,Occidente,46,1008.36,Junio 19 2025,1166.0
7788,Andres Ortiz, Escritorio,centro,33,$826.87,04/12/2025,1104.05
1907,Daniela Cruz,Tablet,OCCIDENTE,39,$614.66,05/08/2024,1405.06
699,Luis Hernandez,Laptop,NORTE,55,"$1,164.80",03-21-2024,1141.41
4867,Jose Martinez,TABLET,Sur,18,811.52,Junio 9 2025,1238.34
2737,Miguel Flores,Bocina,Centro,28,$-581.66,07/02/2025,1352.61
9180,Sofia Torres,Impresora,Norte,34,$384.02,,1347.42
714,Alejandro Diaz,Camara,Sur,30,$196.89,2026-06-03,1056.62
4703,Daniela Cruz,Escritorio,Sur,374,$653.52,19/05/2025,2204.09
5834,Daniela Cruz,Mouse,Sur,42,1440.37,28/04/2024,941.28
8064,Ricardo Vargas,Mouse,Occidente,25,1169.36,Octubre 27 2025,1550.68
7728,Luis Hernandez,Silla,Occidente,36,"$1,276.96",2024-04-03,1889.86
3461,Diego Romero,Teclado,Centro,30,"$1,122.07",01-17-2025,1296.07
6095,Diego Romero, Escritorio,occidente,61,1591.05,2026-03-02,1637.16
2689,Fernanda Castro,Mouse, Norte,46,$794.32,,1772.35
9518,Fernanda Castro,Escritorio,Sur,21,1367.65,Enero 28 2024,1747.54
8821,Fernanda Castro,MONITOR,Centro,19,561.00,2026-05-09,1652.03
9486,Laura Sanchez,Tablet,Occidente,58,"$-1,177.45",03/06/2026,1264.8
4700,Andres Ortiz,IMPRESORA,Occidente,46,$813.27,Julio 23 2025,790.49
3601,Diego Romero,Impresora, Occidente,47,1477.32,01-01-2025,76000.0
611,Laura Sanchez,Bocina,occidente,25,1496.85,2024-03-09,1169.04
5925,Ricardo Vargas,Silla,Occidente,43,$846.28,18/10/2024,1113.58
2555,Diego Romero,Silla,Centro,43,"$1,507.28",2025-12-03,1299.18
2351,Carlos Ramirez,Tablet,Sur,50,$732.80,21/09/2025,1758.16
3753,Sofia Torres,Tablet,Norte,41,$231.24,01/03/2025,1574.96
4713,Camila Reyes,Monitor,Occidente,32,$794.37,2024-01-01,1443.1
434,Alejandro Diaz,Escritorio,Centro,50,832.47,Agosto 20 2024,1432.12
7000,Laura Sanchez,Laptop,sur,,$971.71,2025-11-28,975.23
7803,Maria Lopez,TABLET,NORTE,38,1353.65,Noviembre 12 2025,1500.58
4005,Daniela Cruz,Teclado,Occidente,34,772.89,Octubre 17 2025,1195.19
552,Valeria Mendoza,Teclado,Norte,53,851.92,Enero 30 2025,1330.38
971,Sofia Torres,Escritorio,norte,64,sin dato,11/09/2024,1816.19
8037,Pedro Aguilar,Impresora,Sur,57,675.10,Julio 9 2024,1859.22
6530,Jose Martinez,Escritorio,Norte,20,803.90,Diciembre 17 2025,1535.77
1859,Alejandro Diaz,Mouse, Occidente,34,sin dato,Marzo 5 2026,1367.92
341,Diego Romero,Silla,Norte,4,662.76,12-24-2025,1617.88
3954,Diego Romero,Monitor,Occidente,31,$441.66,Noviembre 2 2025,947.54
1100,Maria Lopez,Teclado,OCCIDENTE,44,1319.26,03-06-2024,1381.6
313,Carlos Ramirez,Monitor,NORTE,36,$551.38,01/11/2025,1395.58
5873,Alejandro Diaz,Impresora,sur,22,817.81,09-07-2024,2232.21
4246,Andres Ortiz,Escritorio,Sur,23,1081.64,11-20-2025,2243.05
52,Paola Rios,CAMARA, Occidente,2,"$1,194.26",08-31-2025,1898.68
7242,Pedro Aguilar,Mouse, Norte,30,$676.83,04/05/2025,1581.88
6297,Isabel Guzman,Silla,Occidente,37,$932.98,2024-07-10,965.85
786,Andres Ortiz,TECLADO,norte,55,sin dato,2024-02-18,783.22
7339,Pedro Aguilar,Bocina,Occidente,22,770.56,Julio 14 2025,1147.74
39,Sofia Torres,Bocina,Occidente,38,707.23,2024-05-20,1177.45
6402,Alejandro Diaz,Tablet, Sur,61,879.94,14/06/2026,1199.64
6920,Miguel Flores, Silla,Centro ,32,1366.43,Abril 6 2024,1556.67
5235,Pedro Aguilar,SILLA,Sur,,$954.90,Junio 7 2025,1592.1
4471,Pedro Aguilar,Impresora,NORTE,29,$777.36,Noviembre 26 2025,1022.62
6973,Jorge Morales,Mouse,Centro,48,$-580.98,Marzo 8 2025,1720.41
997,Paola Rios, Escritorio, Sur,27,"$1,154.73",Marzo 16 2025,1009.2
9647,Alejandro Diaz,Laptop,Occidente,200,908.91,08-13-2025,1540.87
2802,Jorge Morales, Escritorio,Sur,37,762.19,2024-10-19,1031.11
2133,Alejandro Diaz,Silla,Sur,43,"$1,040.47",08-12-2024,1303.38
9995,Camila Reyes,ESCRITORIO,Occidente,50,$772.46,Mayo 4 2026,1031.64
5070,Alejandro Diaz,Mouse,Occidente,30,"$1,100.48",01/03/2024,1404.15
8312,Ricardo Vargas,Monitor,Norte,55,"$1,247.60",,1788.99
1123,Camila Reyes,Mouse,Norte,19,471.67,05-09-2026,1160.67
9900,Jose Martinez, Escritorio,OCCIDENTE,41,972.85,27/03/2026,1633.93
6979,Sofia Torres,Mouse,Centro,43,$902.83,Junio 13 2024,1688.24
6035,Luis Hernandez,Tablet,Sur,62,"$1,274.76",10/05/2026,895.09
4927,Daniela Cruz, Escritorio,Sur,21,$791.51,Diciembre 18 2024,1525.71
9740,Luis Hernandez,Teclado,Occidente ,24,$693.43,Febrero 26 2026,1568.16
8592,Andres Ortiz,TECLADO,OCCIDENTE,34,1680.76,2026-06-12,1484.33
2552,Jorge Morales,Tablet,Sur,28,"$1,097.91",2026-05-17,1554.28
2676,Andres Ortiz,Teclado, Centro,55,632.58,09-07-2024,1817.04
2400,Laura Sanchez,Camara,norte,37,$374.14,28/05/2026,1828.6
8916,Andres Ortiz,Monitor,Occidente ,41,730.00,Abril 6 2025,1751.51
6623,Miguel Flores,Tablet,N/A,58,795.01,2026-05-11,1044.15
8292,Maria Lopez,Camara,,27,$771.74,06-19-2024,1513.54
8192,Luis Hernandez,Monitor,Norte,38,1080.53,2025-01-25,1982.96
4805,Valeria Mendoza,Mouse,Occidente,49,"$-1,355.57",05/05/2024,1309.52
3791,Laura Sanchez,Tablet,Sur,34,801.94,2026-04-15,1696.81
5065,Jorge Morales,Bocina,centro,53,"$1,542.58",07/04/2026,781.62
8947,Ana Garcia,Tablet, Sur,29,1273.11,15/07/2024,1112.43
2422,Diego Romero, Tablet,Norte,35,$757.86,32/13/2026,1947.69
5469,Paola Rios,Silla,Centro ,48,566.40,Abril 9 2024,1974.7
1818,Luis Hernandez,Teclado,Centro,29,877.87,2025-06-06,1880.62
937,Pedro Aguilar,SILLA,Occidente,25,767.99,Marzo 27 2025,1204.08
9588,Sofia Torres,Camara,centro,31,359.26,05-30-2025,932.74
1718,Pedro Aguilar,Monitor,Sur,46,"$-1,083.77",Agosto 8 2024,1271.4
808,Paola Rios,Escritorio,Occidente,45,$181.07,Mayo 9 2024,1710.43
5495,Valeria Mendoza,Laptop,Centro,53,$-649.55,2025-11-12,1730.76
917,Jose Martinez, Bocina,Occidente,23,50.00,Noviembre 21 2024,1343.79
3509,Pedro Aguilar,Laptop,Centro,49,$-638.29,07/03/2024,956.72
1266,Luis Hernandez, Silla,Centro,desconocida,1145.34,32/13/2026,1550.79
1405,Diego Romero,Escritorio, Occidente,11,$-506.20,2024-06-04,2045.85
2730,Miguel Flores,Teclado, Centro,27,505.45,24/01/2024,768.47
4143,Pedro Aguilar,Mouse,Centro,45,902.34,,1434.31
9438,Luis Hernandez,Laptop,Norte,38,$725.61,19/07/2024,1311.7
1167,Carlos Ramirez,Camara,Occidente,64,$596.82,05-19-2026,1715.94
2910,Sofia Torres,Silla,Norte,41,899.34,14/12/2025,1197.47
9545,Laura Sanchez,Bocina,,37,939.79,2025-07-06,1156.55
5859,Paola Rios,Laptop,Occidente,30,1329.41,03-28-2026,1487.13
784,Camila Reyes,Impresora,Centro,31,909.15,10/03/2024,1934.76
6564,Jorge Morales, Escritorio,Occidente,35,$698.03,,759.33
3535,Jose Martinez,Impresora,Occidente,29,"$1,083.60",08-09-2025,1670.67
7587,Miguel Flores,Silla,CENTRO,32,$50.00,2026-04-02,1823.8
2843,Pedro Aguilar,Impresora,Centro,31,756.52,08/01/2026,778.27
213,Luis Hernandez,Monitor,Centro,16,$647.82,04/11/2025,816.57
9980,Valeria Mendoza,Bocina,Centro,46,"$1,313.20",10-14-2025,1427.46
6490,Jose Martinez,Teclado,Norte,58,$-949.97,06-12-2024,757.77
7946,Paola Rios,Mouse,Occidente,25,1087.37,2025-08-11,1243.19
5215,Valeria Mendoza,Laptop,Sur,35,883.83,09/01/2026,1506.05
5228,Jose Martinez,Monitor,Centro ,48,sin dato,2025-12-28,1310.4
7333,Alejandro Diaz,Silla,Occidente,15,$772.38,2025-08-08,1804.94
6319,Jorge Morales,Bocina,Norte,237,"$1,186.51",20/10/2025,1498.04
9175,Diego Romero,Impresora,Centro ,39,"$1,135.00",13/05/2026,1400.57
1637,Laura Sanchez,Silla,norte,39,"$1,262.50",Abril 27 2024,1124.81
8201,Camila Reyes,Bocina,Norte,28,$990.20,2026-02-09,1589.1
8802,Carlos Ramirez,Impresora,OCCIDENTE,35,"$1,166.95",Junio 13 2026,1702.29
8336,Camila Reyes,Silla,Occidente,48,429.15,2024-03-10,1370.77
3645,Luis Hernandez,Impresora,SUR,38,"$1,181.12",08/10/2025,1416.38
9882,Alejandro Diaz,Tablet,sur,40,709.39,2025-05-03,1037.32
7072,Isabel Guzman,Camara,Centro,,1035.61,14/03/2025,1425.36
1516,Laura Sanchez,Teclado,Norte,65,842.09,Febrero 2 2025,1553.49
758,Jorge Morales,Teclado,SUR,49,832.12,Mayo 12 2026,385.25
3023,Laura Sanchez,Silla,Occidente,47,$-925.02,06/05/2026,1620.01
6936,Pedro Aguilar,Bocina,OCCIDENTE,39,$673.64,2026-05-28,1999.08
2921,Jorge Morales,Camara,Occidente,56,500.85,Agosto 15 2024,1460.99
1339,Luis Hernandez,Tablet,Norte,33,878.68,06-08-2025,1801.47
6188,Laura Sanchez,Escritorio,NORTE,40,95.60,07-04-2025,933.87
1548,Valeria Mendoza,Camara,Centro ,22,"$1,230.48",2025-09-13,1346.09
8440,Ana Garcia,Teclado,Sur,44,$721.83,2025-11-29,1833.33
7806,Fernanda Castro,IMPRESORA,Sur,desconocida,$-543.01,Mayo 2 2025,1015.1
6086,Sofia Torres,IMPRESORA,Sur,55,$986.09,Enero 29 2024,1159.76
4559,Camila Reyes,Camara,CENTRO,35,"$1,081.69",2025-03-19,1508.01
1998,Pedro Aguilar,Bocina,Sur,38,780.34,Agosto 27 2024,1651.88
3458,Miguel Flores,Tablet,sur,41,881.85,01-25-2025,1462.38
8371,Ricardo Vargas,Bocina,Norte,34,sin dato,Abril 17 2025,951.97
5284,Laura Sanchez,TECLADO,Occidente,36,$947.92,2025-01-10,1460.99
2430,Pedro Aguilar,Mouse,,27,827.43,04-15-2025,1639.79
3341,Carlos Ramirez,Mouse,Occidente,51,$490.76,09/09/2025,825.88
7739,Fernanda Castro,Teclado,CENTRO,16,693.91,Marzo 29 2026,1167.35
375,Daniela Cruz,Laptop,Sur,64,621.86,2024-05-01,1327.47
7714,Ana Garcia,Teclado,Occidente,5,$372.53,07-27-2024,1195.84
3178,Luis Hernandez,Silla,sur,54,354.62,04-29-2026,1515.22
381,Isabel Guzman,Camara,sur,24,"$1,501.41",02-29-2024,1301.76
9558,Isabel Guzman,Camara,Norte,11,$838.25,2025-05-19,1615.11
6999,Alejandro Diaz, Tablet,OCCIDENTE,33,$910.93,2025-06-20,1338.48
4340,Pedro Aguilar,Mouse,,20,938.68,03-12-2026,874.3
3127,Laura Sanchez,Impresora,Centro,216,1168.46,Noviembre 3 2024,1262.31
8669,Diego Romero,Silla,Occidente,30,$796.03,09-20-2024,1495.21
6383,Maria Lopez,Escritorio, Sur,45,$724.78,Diciembre 17 2025,925.3
7745,Jorge Morales,Bocina,Centro,16,$869.24,24/03/2024,1259.35
1667,Sofia Torres,Tablet,norte,45,996.47,26/04/2024,1208.81
7481,Carlos Ramirez,Silla,Norte,40,889.62,Enero 5 2024,1924.26
4584,Ricardo Vargas, Bocina,Sur,37,"$1,295.64",08-23-2025,1535.3
3449,Paola Rios,Laptop,Occidente,49,$895.81,09-03-2024,1549.59
9786,Laura Sanchez,Camara,Norte,30,$465.63,2024-12-04,1401.81
3567,Valeria Mendoza,Teclado,Centro,37,1353.97,Junio 4 2026,1571.75
8451,Ricardo Vargas,Monitor,Occidente ,30,$834.00,Abril 14 2026,1970.02
2314,Fernanda Castro,Teclado,Centro,45,1266.37,11-12-2024,1756.97
5297,Diego Romero,SILLA,centro,40,693.62,Febrero 17 2024,1358.43
702,Laura Sanchez,Laptop,?,35,1152.62,Mayo 13 2024,1286.02
1307,Jorge Morales,Mouse,Norte,48,617.92,,1385.26
5644,Alejandro Diaz, Impresora,Centro,32,476.48,2025-05-30,1337.65
4783,Pedro Aguilar,Camara,Centro,24,$610.27,07-26-2024,1410.26
2972,Laura Sanchez,Escritorio,Occidente,161,"$1,057.83",28/05/2026,1721.06
4742,Luis Hernandez,Impresora,Centro,31,"$1,184.05",2024-05-01,1018.85
3571,Maria Lopez, Impresora,Norte,34,1306.59,07/08/2024,1714.86
3701,Ana Garcia,Bocina,Norte ,32,"$1,346.02",Octubre 27 2025,1297.72
4049,Isabel Guzman,Teclado,norte,31,871.68,Agosto 28 2024,1411.9
8432,Carlos Ramirez,Tablet,occidente,13,1131.08,04-24-2025,1581.37
2700,Andres Ortiz, Silla,,52,468.69,Mayo 23 2026,1805.22
6843,Ricardo Vargas,TECLADO,Centro,30,$573.97,28/11/2024,1485.48
2466,Maria Lopez,Escritorio,NORTE,44,$936.90,Diciembre 18 2025,1950.86
7078,Ana Garcia,Camara,Centro ,48,sin dato,01-25-2024,1420.29
5453,Maria Lopez,Mouse,Occidente,30,$484.03,06-03-2025,1343.85
7298,Luis Hernandez,Camara,occidente,,634.42,Enero 21 2025,1278.85
7689,Fernanda Castro,Escritorio,Sur,29,820.53,Diciembre 30 2025,1504.99
4028,Diego Romero,Escritorio,Centro,42,1249.30,Mayo 18 2025,1492.54
6939,Ana Garcia,Silla,Centro,44,747.21,2025-09-22,1601.69
6607,Laura Sanchez,Bocina,CENTRO,37,$966.74,23/04/2026,1208.53
1004,Camila Reyes,Camara,Centro,41,483.52,04-04-2024,1295.09
6977,Isabel Guzman,IMPRESORA,Norte,37,1007.33,20/02/2026,1775.85
5115,Sofia Torres,Tablet,N/A,52,"$-1,194.54",2025-08-22,2015.45
2982,Sofia Torres, Escritorio,Sur,52,1231.00,14/03/2024,900.25
562,Andres Ortiz,Bocina,NORTE,66,844.21,26/12/2024,1333.24
1449,Miguel Flores,Bocina,centro,40,$-677.78,2025-03-05,1195.62
9691,Andres Ortiz,ESCRITORIO,Sur,55,$980.85,07-01-2024,1824.42
731,Jorge Morales,Bocina,occidente,56,1150.27,2025-02-08,1333.41
5732,Ricardo Vargas,Mouse,Norte ,29,810.30,Marzo 7 2026,1587.21
9643,Diego Romero,Bocina,Sur,21,754.33,Mayo 1 2024,1011.64
7719,Jorge Morales,Impresora, Sur,19,772.62,2024-10-13,1577.99
9207,Jose Martinez,Silla,Centro,55,1592.26,28/04/2025,1187.52
8690,Ricardo Vargas,Teclado,norte,34,$457.30,06/03/2026,1375.39
8387,Jose Martinez,Impresora,Occidente,26,1130.52,10-13-2024,1487.45
1390,Luis Hernandez,Impresora,Norte,22,$161.62,16/08/2024,1589.34
9763,Carlos Ramirez,Laptop,Sur,178,$859.27,03-04-2025,1312.24
9844,Maria Lopez,Teclado, Occidente,48,1144.32,Julio 11 2024,870.54
3886,Alejandro Diaz,Mouse,Centro ,39,792.66,19/09/2024,1193.89
6882,Miguel Flores,Tablet,Centro,29,"$1,310.17",Abril 4 2024,1357.62
3548,Fernanda Castro,Monitor,sur,27,sin dato,Noviembre 18 2024,1372.03
38,Fernanda Castro,Mouse,norte,43,"$1,247.84",,1457.23
1129,Ana Garcia,Bocina,Sur,20,$970.23,Julio 14 2025,746.53
84,Alejandro Diaz,Laptop,OCCIDENTE,33,328.27,20/01/2026,1955.08
9320,Maria Lopez,Silla,norte,49,$715.11,Agosto 20 2024,1557.83
3124,Carlos Ramirez,Silla,Sur,34,815.08,2024-04-07,1079.05
1992,Alejandro Diaz,Monitor,Norte,19,110.45,2025-08-14,1729.5
2110,Alejandro Diaz,TECLADO,Sur ,39,586.85,2026-02-22,580.13
7899,Luis Hernandez,Mouse,occidente,43,"$1,114.49",2024-10-18,1688.04
1995,Camila Reyes,Teclado,Occidente,-5,1218.54,2026-01-18,1475.51
8941,Maria Lopez,Monitor,Sur,28,"$1,546.56",2025-04-17,1233.31
3184,Valeria Mendoza,Bocina,Norte,68,"$1,650.06",2024-12-29,1967.81
7327,Andres Ortiz,Camara,sur,31,$50.00,24/09/2024,1609.88
3048,Fernanda Castro,Bocina,Centro ,18,501.31,2024-08-06,1240.17
7053,Sofia Torres,Tablet,?,48,1019.45,Febrero 5 2025,1600.54
6384,Pedro Aguilar,Bocina,occidente,21,$682.56,Marzo 25 2026,1695.69
6306,Laura Sanchez,Silla,Centro,11,$460.34,21/04/2026,1088.39
4231,Laura Sanchez,Tablet,Sur,36,$623.75,02-23-2025,1509.39
1356,Ricardo Vargas,Impresora,,31,678.44,11/09/2025,1908.12
5154,Jose Martinez,Silla,OCCIDENTE,25,$498.27,27/09/2024,973.13
2393,Paola Rios,Tablet,Sur,32,"$1,290.76",Agosto 6 2024,1674.4
9240,Valeria Mendoza,Monitor,Centro,42,sin dato,05-26-2024,1846.99
7430,Luis Hernandez,Teclado,sur,35,"$1,350.97",Febrero 11 2025,1673.52
1650,Andres Ortiz,Escritorio,Norte,59,437.97,21/01/2026,1497.21
90,Fernanda Castro,Silla,Sur,27,"$1,008.81",2026-04-05,1473.4
846,Luis Hernandez, Mouse,Occidente,74,sin dato,2024-03-09,1460.41
5855,Valeria Mendoza,Monitor,Occidente,41,"$1,109.31",Mayo 6 2024,2182.31
4521,Miguel Flores,Teclado,Centro,54,722.62,01/08/2024,1109.17
6050,Pedro Aguilar,CAMARA,norte,18,1223.49,09-18-2025,1567.21
5705,Ana Garcia,Teclado,Norte,65,$782.97,08/12/2025,1304.78
6906,Miguel Flores,Laptop,Sur ,35,466.94,10-15-2025,1995.86
2224,Paola Rios,LAPTOP,centro,40,992.46,2026-04-24,1178.63
3878,Valeria Mendoza,Mouse,occidente,32,$752.77,32/13/2026,1664.98
1065,Fernanda Castro,Laptop,OCCIDENTE,56,720.02,05/11/2025,824.92
4333,Pedro Aguilar,Bocina,Occidente,39,1149.21,06-08-2024,815.51
4969,Camila Reyes,Monitor,Occidente,41,$688.56,,1506.59
781,Camila Reyes,Mouse,OCCIDENTE,37,"$1,131.84",18/07/2024,1851.25
9125,Andres Ortiz,Teclado,Sur,18,"$1,027.53",32/13/2026,1299.47
4854,Carlos Ramirez,Silla,Sur,35,$849.14,2025-09-09,1298.52
2271,Isabel Guzman, Silla,sur,41,665.69,Enero 14 2026,788.29
4011,Jorge Morales,Impresora,Sur,20,780.00,07-20-2024,1391.9
9196,Miguel Flores, Monitor,Sur,21,$-943.68,02/08/2025,1228.81
3378,Daniela Cruz,IMPRESORA,Sur,38,sin dato,,1311.26
1435,Andres Ortiz,SILLA,Centro ,33,1016.51,2024-09-21,849.53
3597,Ana Garcia,Escritorio,centro,29,$-709.43,Marzo 2 2024,1302.89
7299,Alejandro Diaz, Escritorio,sur,38,$696.38,2025-05-20,1311.84
5373,Carlos Ramirez,Camara,OCCIDENTE,33,$990.48,Mayo 11 2025,1949.47
7618,Miguel Flores,Tablet,occidente,,"$1,284.00",31/12/2025,794.33
3595,Alejandro Diaz,Bocina,Norte,32,$813.98,22/07/2024,1781.97
8731,Alejandro Diaz,Silla,Norte,26,1272.31,08/08/2025,1606.26
5198,Luis Hernandez,Bocina,Occidente,42,"$1,084.87",2024-08-30,992.38
7008,Isabel Guzman,TABLET,Occidente,62,649.83,Julio 23 2024,1276.84
6437,Miguel Flores,Escritorio,NORTE,49,957.99,05/03/2026,1471.24
8824,Sofia Torres,Tablet,centro,34,"$1,158.50",32/13/2026,1960.91
649,Miguel Flores,Impresora,Occidente,62,718.64,2025-05-19,1132.88
5778,Laura Sanchez,LAPTOP,Occidente,41,1171.47,29/04/2025,1373.37
3962,Ricardo Vargas,TECLADO,NORTE,40,86.36,26/04/2024,1778.59
7663,Ricardo Vargas,Silla,sur,46,593.52,2026-05-18,1642.03
6725,Jose Martinez,Escritorio,Occidente,47,"$1,260.30",2024-08-02,1978.49
457,Isabel Guzman,Tablet,Occidente,40,$852.13,Octubre 8 2024,1096.86
6382,Andres Ortiz,LAPTOP,sur,42,824.38,25/09/2025,1444.61
8112,Carlos Ramirez,Tablet,occidente,37,$-339.53,2026-03-12,1935.46
9568,Alejandro Diaz,Silla,OCCIDENTE,18,"$1,175.41",Abril 14 2025,1637.14
6812,Valeria Mendoza,Tablet,Centro,30,$327.61,Marzo 26 2025,1467.15
8099,Ana Garcia,Monitor,OCCIDENTE,31,$798.98,Enero 1 2025,905.64
8725,Miguel Flores,Bocina,Norte,33,$443.41,05-31-2026,1735.68
6654,Camila Reyes,Bocina,,52,$866.75,Julio 16 2025,1501.88
8606,Maria Lopez,Teclado,sur,29,"$-1,069.00",2024-10-01,830.69
6375,Maria Lopez,Impresora, Norte,42,$564.52,01-26-2024,1304.99
5219,Jorge Morales,TECLADO,Sur,54,627.92,2025-11-26,1745.21
8420,Maria Lopez,Monitor,OCCIDENTE,40,"$1,052.67",06/02/2025,160.91
4307,Ana Garcia, Mouse, Norte,53,634.94,Enero 23 2026,1593.23
8963,Laura Sanchez,Tablet,Centro,46,566.60,2024-09-23,1963.93
5369,Jose Martinez,Camara,Centro,39,"$1,097.26",2024-09-05,1551.69
1809,Isabel Guzman,Mouse,centro,31,"$-1,078.29",2025-02-14,1977.65
2984,Miguel Flores,Monitor, Norte,26,396.64,Septiembre 20 2025,1707.33
1442,Maria Lopez,Camara,Occidente,13,$619.44,06-03-2026,979.22
2417,Carlos Ramirez,Tablet,Sur ,15,297.90,05-22-2024,1778.16
109,Ricardo Vargas,MOUSE,Centro,29,1027.04,02-25-2025,1907.55
8672,Laura Sanchez,Bocina,Occidente,42,779.44,04-15-2025,2025.32
744,Maria Lopez, Tablet,norte,33,"$1,524.29",Septiembre 22 2024,1377.74
392,Andres Ortiz,Teclado,Sur,42,$660.01,24/02/2025,1561.25
3895,Pedro Aguilar,Camara,Occidente,31,$829.97,06-30-2025,1153.21
6638,Daniela Cruz,Camara,Sur,29,832.41,19/03/2024,1083.95
178,Daniela Cruz,MONITOR, Occidente,32,760.28,Abril 18 2025,1458.03
8860,Luis Hernandez,Teclado,Centro,28,977.06,2024-02-16,1612.44
3384,Carlos Ramirez,Bocina, Norte,57,$946.75,09-22-2024,1445.7
2204,Andres Ortiz,Camara,Occidente,46,$615.83,10-04-2024,1515.9
3983,Fernanda Castro,Escritorio,Norte ,30,"$1,373.71",Diciembre 30 2024,971.9
5010,Miguel Flores,Bocina,Norte,24,$546.47,Mayo 28 2026,1133.82
4550,Valeria Mendoza,Silla,Centro,30,"$1,246.14",Agosto 5 2024,1162.15
6800,Paola Rios,TECLADO,Occidente,36,$909.64,2024-05-31,1813.73
5404,Valeria Mendoza,Teclado,centro,17,$806.34,10-15-2025,1516.81
2721,Laura Sanchez,Escritorio,CENTRO,32,$312.85,24/12/2025,1944.36
153,Jorge Morales,ESCRITORIO,Sur,34,sin dato,2026-02-23,1414.81
4185,Diego Romero,Laptop,Centro,39,981.25,29/07/2024,857.8
2956,Andres Ortiz,Laptop,Occidente,30,$798.86,2024-06-03,976.8
403,Daniela Cruz,Mouse,Norte,36,$890.21,,1339.44
2743,Miguel Flores,Impresora,Sur,37,$470.83,2025-08-18,1396.03
8923,Diego Romero, Camara,Norte,,$428.38,,696.75
8445,Laura Sanchez,Monitor,Sur,30,$973.04,2025-01-28,1522.26
2994,Luis Hernandez,Bocina,Sur,23,$440.84,Abril 2 2025,1576.09
7782,Carlos Ramirez,Silla,Norte,44,$968.61,2026-02-02,1462.05
2587,Diego Romero,LAPTOP,Sur ,27,$712.18,2025-06-20,1195.77
918,Valeria Mendoza,Laptop,Sur,35,786.88,03-23-2024,1319.15
9163,Ricardo Vargas,Bocina,Norte,24,$464.63,Julio 22 2025,960.01
3522,Sofia Torres,Silla,NORTE,48,1104.93,14/07/2025,409.57
3354,Daniela Cruz,Teclado,Norte,43,$954.68,Marzo 9 2025,1613.95
5623,Miguel Flores,TECLADO,Sur,31,$933.01,17/08/2024,1445.06
6741,Ana Garcia,Laptop,Centro,11,$643.09,18/04/2024,1448.73
4001,Ricardo Vargas,Teclado,centro,47,$284.25,Junio 7 2025,2002.2
3179,Miguel Flores,Tablet,Norte,35,$513.21,08-10-2025,1219.98
1108,Maria Lopez,Mouse,Occidente,32,966.32,01/03/2026,1294.17
352,Daniela Cruz,Laptop,Centro,16,1230.05,Junio 14 2025,1120.94
4571,Maria Lopez,Tablet,OCCIDENTE,42,"$-1,218.56",2025-02-21,1128.74
7582,Luis Hernandez,Laptop, Norte,34,$677.63,28/08/2024,576.38
9561,Pedro Aguilar,Impresora,Centro,44,$878.14,Marzo 25 2026,1352.83
8915,Valeria Mendoza,Teclado,Norte,19,764.67,20/11/2025,1526.45
3264,Ana Garcia,Mouse,Norte,46,1142.78,2025-12-11,1261.24
8066,Laura Sanchez,Teclado,NORTE,46,401.79,2025-05-04,1342.73
3471,Andres Ortiz,Silla,Occidente,35,$883.82,08/01/2025,1109.33
4848,Daniela Cruz,Silla,Occidente,39,"$1,044.60",07-08-2024,1630.62
5430,Daniela Cruz,Bocina,Norte,27,339.38,32/13/2026,1441.2
334,Ricardo Vargas,Tablet,Occidente,26,1290.49,2024-08-03,1541.07
2505,Pedro Aguilar,Silla,Norte,31,$777.76,05-20-2024,576.62
4689,Carlos Ramirez,Silla, Sur,67,$805.43,07-07-2024,1056.88
1685,Isabel Guzman,Tablet,Occidente,47,1069.47,2025-09-05,1448.09
3720,Pedro Aguilar,Silla,,29,$966.15,24/04/2025,1720.03
2902,Daniela Cruz,Monitor,Norte,40,"$1,010.50",2024-02-23,1440.47
1750,Daniela Cruz,Camara,CENTRO,42,$446.64,02/01/2026,2171.3
3434,Jorge Morales,Monitor,sur,24,$-826.88,2026-01-30,1751.35
9185,Diego Romero,Camara,Centro,51,$-259.73,12-17-2024,1064.1
3285,Miguel Flores,Monitor,centro,50,$964.13,04-12-2025,665.47
8555,Camila Reyes,Teclado,occidente,42,734.88,Junio 13 2024,1672.34
9402,Sofia Torres,Mouse,Occidente ,57,$486.76,14/05/2025,893.35
6185,Camila Reyes,Monitor,Occidente,54,$-520.13,06-09-2025,1365.31
4251,Jose Martinez,TABLET, Sur,28,$950.42,03-02-2024,588.34
6094,Miguel Flores,Impresora,Sur,42,"$1,079.31",Marzo 27 2026,1465.29
7817,Alejandro Diaz,Impresora,Centro,39,771.23,2025-11-02,1224.34
3004,Valeria Mendoza,Silla,Sur,50,"$1,052.78",Noviembre 12 2024,1685.48
3351,Camila Reyes,Bocina,occidente,36,$-620.58,26/04/2025,983.84
408,Jose Martinez,Escritorio,Sur,50,663.89,12-01-2024,1723.58
1041,Miguel Flores,Silla,,50,$916.17,14/01/2024,1442.4
2484,Luis Hernandez,Tablet,centro,41,962.33,Octubre 14 2025,1708.78
83,Pedro Aguilar,Silla,Occidente ,48,947.77,Mayo 15 2025,1878.38
6289,Jorge Morales,Laptop, Sur,40,1178.60,2024-09-28,302.36
3061,Alejandro Diaz,Monitor,Norte,43,$971.27,07/04/2026,1295.99
96,Paola Rios,Camara,Occidente,55,"$1,063.71",16/04/2024,1495.78
9781,Andres Ortiz,Silla,NORTE,72,$511.88,2025-10-13,1614.25
9287,Pedro Aguilar,Impresora,Occidente,40,$675.22,02/12/2024,1018.84
135,Camila Reyes,Escritorio,Occidente,41,$889.12,02/05/2025,1896.79
9041,Luis Hernandez,Impresora,SUR,32,1203.54,2024-04-20,2117.43
5222,Isabel Guzman,Impresora,Sur,67,$951.47,,1069.32
4668,Isabel Guzman,Bocina,CENTRO,27,1347.75,2024-07-05,1411.86
8184,Ricardo Vargas, Impresora,Sur,37,"$1,079.51",12-30-2025,1378.17
1864,Carlos Ramirez,Silla, Occidente,44,626.38,Diciembre 7 2024,1466.06
9376,Carlos Ramirez,Tablet,Sur,34,$637.14,Octubre 11 2024,729.94
8367,Carlos Ramirez,MONITOR,Centro,18,"$-1,349.02",06/03/2025,2161.99
4716,Alejandro Diaz,Impresora,norte,49,sin dato,22/02/2026,1472.8
5481,Ana Garcia,Camara,Sur,48,$952.73,2024-07-11,1312.28
9482,Maria Lopez,Teclado,Sur,31,522.91,21/06/2024,1326.19
688,Jorge Morales,Tablet,Norte,36,809.33,Agosto 30 2025,1341.89
4509,Daniela Cruz,Teclado,SUR,,881.97,08-20-2025,1570.44
6487,Carlos Ramirez,Tablet,Sur,40,289.74,Noviembre 9 2024,1445.24
597,Luis Hernandez,Camara,,24,"$1,260.46",32/13/2026,1338.54
6719,Fernanda Castro,Bocina,Occidente,23,$337.88,03-07-2025,1672.61
5216,Pedro Aguilar,Escritorio,Sur ,32,1062.75,26/11/2024,1793.4
9799,Jorge Morales,Laptop,centro,26,768.61,2025-11-20,1757.3
8054,Fernanda Castro,Escritorio,OCCIDENTE,67,$840.69,31/01/2026,1454.44
2005,Luis Hernandez,Laptop,sur,46,840.66,,1645.47
5674,Maria Lopez,Impresora,Occidente,38,$528.10,12/06/2026,2130.92
5541,Sofia Torres,Impresora,Occidente,32,$961.28,12/05/2024,1993.74
7665,Diego Romero,MONITOR,Centro,17,$782.28,Febrero 18 2025,1505.41
4953,Sofia Torres, Mouse,,315,"$1,105.89",2026-05-15,1141.04
2504,Maria Lopez,Escritorio,sur,52,$884.99,06-23-2025,1234.72
6195,Carlos Ramirez,MOUSE,Sur,53,726.40,Agosto 31 2024,1197.25
1603,Fernanda Castro,Camara,Norte,32,983.84,11-15-2025,1430.04
951,Camila Reyes,Laptop,Sur ,44,"$1,270.03",23/06/2025,646.9
4722,Diego Romero,Tablet,Occidente,63,854.73,2024-09-13,1445.96
9481,Jorge Morales,Laptop, Occidente,53,1355.74,,1121.22
3259,Ricardo Vargas,Tablet,Occidente,63,853.07,Junio 7 2026,1753.61
8978,Camila Reyes,Mouse,,34,458.55,,1142.45
1708,Laura Sanchez,Impresora,centro,43,$802.69,18/03/2026,1537.42
742,Maria Lopez,Camara,Sur,30,$908.93,03-27-2024,1185.39
3319,Miguel Flores,Tablet,Norte,371,1231.22,Octubre 14 2024,1169.43
2202,Alejandro Diaz,Tablet,Occidente,36,633.79,2026-02-20,1824.25
6698,Isabel Guzman,Mouse,norte,10,$317.50,03/03/2026,1600.3
896,Valeria Mendoza,Silla,Norte,44,"$1,637.04",2025-04-05,1251.4
2681,Sofia Torres,Camara,Occidente,26,$693.82,30/08/2024,1131.96
3361,Carlos Ramirez,Monitor,Occidente,39,$940.26,Junio 12 2024,1008.23
4232,Ricardo Vargas,Silla,Occidente,34,715.79,32/13/2026,1189.71
7374,Miguel Flores,Impresora,Sur,36,1096.74,2025-03-29,1422.02
247,Pedro Aguilar, Camara,Sur ,27,$860.77,2025-09-09,910.88
2251,Valeria Mendoza,Teclado,Norte,45,1409.05,2025-01-11,1286.38
9776,Jose Martinez,Escritorio,Sur,37,938.24,04-29-2024,1331.64
950,Ricardo Vargas,Tablet,Norte,48,sin dato,04-09-2026,1371.79
250,Valeria Mendoza,Teclado,Occidente,16,958.81,01-08-2024,611.89
2070,Maria Lopez, Bocina,CENTRO,59,sin dato,2025-05-30,1826.13
4046,Andres Ortiz,Silla,Norte ,59,$774.68,12-14-2025,1288.72
4489,Maria Lopez,Bocina,Norte,27,$786.37,Febrero 10 2025,1709.96
7469,Ricardo Vargas,BOCINA,Norte,46,758.90,32/13/2026,902.26
5175,Jose Martinez,Impresora,Occidente,,$-820.58,03-29-2024,1874.17
789,Sofia Torres,Camara,Centro,22,$835.81,22/09/2025,1356.1
2629,Diego Romero,Monitor,Norte,32,$885.81,12-21-2025,1332.83
4380,Camila Reyes,TECLADO,N/A,30,526.89,32/13/2026,1114.62
8478,Alejandro Diaz,Mouse,sin informacion,42,789.91,02/09/2025,1840.31
5358,Camila Reyes,Escritorio,NORTE,35,1184.11,Febrero 15 2024,1238.33
9758,Carlos Ramirez,Silla,Occidente,28,1101.54,2026-01-12,1025.01
140,Laura Sanchez,Escritorio,Norte,29,497.72,22/06/2025,1567.24
9032,Luis Hernandez,Monitor,occidente,46,765.16,2025-12-03,1230.37
4052,Miguel Flores,Escritorio,Occidente,37,848.13,2025-05-21,1359.97
4455,Isabel Guzman,Teclado,NORTE,38,sin dato,05/11/2025,1594.33
8951,Valeria Mendoza,Camara,Occidente,24,391.82,22/01/2025,1799.17
3781,Valeria Mendoza,Impresora,Occidente,45,$705.69,03-10-2026,1281.15
8538,Paola Rios,Laptop,Sur,40,$595.39,12/03/2025,1891.02
1618,Jorge Morales,Silla,Norte,35,$755.96,2024-03-25,1664.66
2380,Pedro Aguilar,Teclado,OCCIDENTE,46,882.29,Enero 2 2026,1426.7
6451,Andres Ortiz,Camara,norte,27,"$1,149.61",02-12-2026,1730.62
8968,Camila Reyes,Bocina,Sur,33,"$1,185.20",12-29-2025,1605.56
8906,Miguel Flores,Tablet, Occidente,29,$553.69,2026-06-07,1340.04
4410,Sofia Torres,Teclado,Sur,12,"$1,110.06",12/02/2024,1557.71
373,Jose Martinez,Camara,occidente,29,701.35,2024-11-01,866.08
4072,Paola Rios,Monitor,norte,49,581.07,03-24-2025,1479.61
3211,Daniela Cruz,Camara,Centro,-7,332.45,2025-02-24,1800.28
9444,Carlos Ramirez,Laptop,Sur,33,134.79,Febrero 14 2025,1685.87
308,Valeria Mendoza,Camara,Sur,,sin dato,Julio 28 2025,1552.54
8410,Diego Romero,Mouse,occidente,44,"$1,331.38",Febrero 7 2024,1160.53
1128,Jose Martinez,Impresora,centro,30,585.18,06/12/2024,1277.15
3676,Laura Sanchez,Impresora,Sur ,46,$-864.61,2026-02-04,1857.6
4984,Jorge Morales,Laptop,CENTRO,33,$832.59,19/10/2025,1496.06
8139,Paola Rios,Silla,NORTE,49,$429.00,2026-02-27,1953.72
4579,Laura Sanchez,Bocina,sur,31,"$1,162.42",24/01/2024,1628.86
5733,Isabel Guzman,Laptop, Norte,20,$468.48,2024-01-28,1586.39
8894,Sofia Torres,Laptop,Occidente,31,"$1,104.14",Agosto 8 2025,1371.91
5120,Laura Sanchez,MOUSE,norte,43,$514.29,11-22-2025,1620.05
3273,Luis Hernandez,Camara,Centro,47,"$1,000.55",2025-12-28,1381.48
2482,Ana Garcia,Impresora,Centro,52,1226.90,28/02/2025,1768.99
200,Maria Lopez,Escritorio,Norte,35,$683.13,01-24-2024,900.85
3115,Daniela Cruz,Impresora,Norte ,30,$816.13,Agosto 5 2024,1521.95
8225,Alejandro Diaz,Bocina,Norte,30,1080.65,2024-10-24,1432.71
5538,Paola Rios,Impresora,SUR,61,$702.57,2024-11-09,864.75
2272,Ana Garcia,Tablet,norte,46,"$1,042.08",11/07/2025,1411.7
6901,Alejandro Diaz,Mouse,Norte,40,1305.56,Abril 7 2026,1217.32
8203,Ana Garcia, Camara,Centro,37,266.55,,1053.68
5603,Miguel Flores,Impresora,Sur,47,772.38,32/13/2026,1376.41
5397,Pedro Aguilar,Mouse,Centro,20,50.00,2025-10-28,1463.35
5630,Maria Lopez,Monitor,Occidente,45,"$1,055.47",18/03/2024,548.89
4204,Andres Ortiz,TABLET,OCCIDENTE,39,"$1,364.86",24/10/2024,1455.86
2114,Paola Rios,Camara,Centro,34,1426.67,24/06/2025,810.29
3398,Jose Martinez,Escritorio,Occidente,23,$779.61,14/06/2026,789.08
8674,Valeria Mendoza,Bocina,sur,35,"$-1,036.15",Mayo 2 2026,1799.25
3731,Luis Hernandez,Impresora,Occidente,38,$750.42,2026-05-19,1983.13
2095,Camila Reyes,Laptop,Sur,51,493.73,2026-05-08,1302.9
7936,Carlos Ramirez,Teclado,Norte,47,1075.42,07/02/2026,1632.28
6116,Ricardo Vargas,MOUSE, Occidente,50,"$1,135.69",28/10/2024,1750.12
2646,Luis Hernandez,Monitor,Sur,14,805.46,04-10-2025,1387.66
3317,Carlos Ramirez,Silla, Sur,41,$606.14,Marzo 10 2025,1321.21
3334,Laura Sanchez,Teclado,Sur,50,1083.96,,1116.82
1878,Luis Hernandez, Monitor,Occidente,29,504.69,12-15-2024,1375.36
4930,Jose Martinez,Impresora, Occidente,40,$884.91,03/10/2024,865.5
4097,Laura Sanchez,Teclado,Centro,47,$479.38,2026-06-15,1580.88
5868,Ricardo Vargas,Camara,Norte,30,922.90,Junio 29 2024,125000.0
494,Maria Lopez,Monitor,,48,"$1,036.46",2025-01-20,1536.16
2672,Andres Ortiz,Tablet,occidente,43,$989.31,10/06/2026,1207.27
5629,Maria Lopez,Monitor,Norte,32,$619.42,10-10-2025,1376.26
1964,Fernanda Castro,Escritorio, Occidente,38,778.25,2025-06-25,1158.39
9544,Valeria Mendoza,Mouse,Sur,32,$512.86,Octubre 6 2024,1444.83
9249,Sofia Torres,Teclado,Sur,42,$-780.86,Febrero 26 2025,1799.82
5352,Maria Lopez, Impresora, Occidente,30,903.76,Noviembre 2 2024,1407.26
2874,Daniela Cruz, Impresora,Centro,37,$475.47,02-22-2024,1529.95
9394,Camila Reyes,Mouse,Sur,-6,"$1,191.25",2024-04-24,1750.1
9717,Miguel Flores,Camara,Sur,23,$451.81,03-29-2024,1580.85
124,Fernanda Castro,Teclado,Occidente,22,sin dato,11-10-2025,2116.68
2611,Paola Rios,Laptop,Centro,,643.90,Septiembre 17 2025,1496.56
655,Andres Ortiz,BOCINA,OCCIDENTE,27,493.39,2024-04-19,988.83
899,Daniela Cruz,Escritorio,Norte,43,717.00,15/12/2025,1239.44
6301,Paola Rios,Monitor,Occidente,38,743.52,2024-05-02,1698.26
9638,Camila Reyes,Impresora,Occidente,43,$685.67,Mayo 1 2025,1310.14
9839,Ana Garcia,Laptop,Occidente,45,1313.21,32/13/2026,1106.23
1001,Pedro Aguilar,Impresora, Sur,49,$805.81,10-09-2025,945.15
406,Fernanda Castro,Camara,Centro,31,1358.60,Marzo 9 2025,1441.22
62,Jorge Morales,Monitor,Centro,30,"$1,342.33",2024-01-12,1081.26
8351,Maria Lopez,Mouse,Occidente,29,$380.21,2024-09-16,2109.16
1075,Ana Garcia,Laptop,Occidente,40,sin dato,2025-10-30,1023.37
2964,Jorge Morales,TABLET,Occidente ,46,$736.83,Abril 11 2026,1565.28
2718,Jorge Morales,Tablet,Norte ,50,635.96,08-06-2024,1606.63
913,Maria Lopez,Impresora,Norte,37,1376.38,13/08/2024,1231.64
1931,Diego Romero,Bocina,NORTE,31,586.65,12-03-2024,1431.05
6670,Isabel Guzman,Mouse,OCCIDENTE,42,618.96,Febrero 7 2025,1738.31
6029,Diego Romero,Monitor,,17,1301.85,25/03/2024,1515.33
841,Ana Garcia,Mouse,Centro ,18,831.54,2026-02-06,1634.98
4892,Jose Martinez,Mouse,NORTE,15,1234.30,Junio 7 2024,1213.82
2236,Ricardo Vargas,Laptop,Occidente,39,$962.04,08-27-2024,1391.75
9145,Luis Hernandez, Escritorio,norte,30,sin dato,16/12/2024,1731.47
9648,Camila Reyes,Tablet,Norte,40,992.90,08/10/2024,1155.58
7068,Carlos Ramirez,Bocina,Centro,48,999.93,Abril 15 2026,1062.55
3353,Jose Martinez,Monitor,norte,-4,"$1,127.58",2024-06-24,1833.84
1079,Miguel Flores,Laptop,NORTE,27,828.68,2024-05-11,1069.44
5672,Carlos Ramirez,Tablet,NORTE,46,"$1,075.31",Julio 21 2025,1291.11
6650,Miguel Flores,Camara,NORTE,44,$977.86,18/02/2026,1766.52
4809,Camila Reyes,Bocina,Sur,47,$710.55,09-02-2024,1645.6
1282,Carlos Ramirez, Tablet,Centro,40,408.72,Agosto 17 2025,1325.32
890,Jose Martinez,Monitor,norte,49,858.30,Diciembre 31 2025,1185.87
1906,Camila Reyes, Laptop,Centro,46,645.27,13/09/2025,1125.64
701,Valeria Mendoza, Silla,Centro,56,440.59,07-29-2024,1406.81
7550,Paola Rios,Teclado,CENTRO,40,$645.05,32/13/2026,1710.01
8664,Maria Lopez,Mouse,Centro,45,"$1,419.59",2024-08-06,1675.67
8611,Paola Rios,Laptop,Occidente,39,$698.26,03/01/2026,1348.94
8861,Jorge Morales,Silla,Occidente,49,1023.40,2026-05-07,1625.58
2290,Luis Hernandez, Impresora,Norte,63,879.25,Febrero 12 2024,1774.61
1621,Jorge Morales, Impresora,Norte ,56,828.51,Marzo 10 2024,1159.83
6593,Carlos Ramirez,Impresora,Norte,48,565.58,Agosto 25 2025,1427.49
7672,Camila Reyes, Teclado,Centro,25,460.29,Junio 26 2024,1587.78
5920,Jorge Morales,Escritorio,Sur,61,"$1,031.46",2024-08-01,1031.45
5797,Carlos Ramirez,MONITOR,Centro,29,580.48,08-22-2024,1500.79
2806,Camila Reyes, Camara,Occidente,57,$526.64,Junio 4 2025,971.64
9410,Luis Hernandez,Escritorio,Occidente,20,"$1,040.98",Agosto 21 2024,1546.15
3649,Carlos Ramirez,Escritorio,?,36,876.62,18/03/2025,907.26
5892,Carlos Ramirez,Camara,Occidente,36,$764.91,2024-11-10,1218.09
6976,Paola Rios,Tablet,norte,52,$567.41,Junio 2 2025,1389.37
4933,Miguel Flores,Silla,SUR,28,753.47,2025-12-23,1374.78
2696,Miguel Flores,Monitor,Centro,29,958.99,2025-01-14,1881.04
4512,Pedro Aguilar,Laptop,Norte ,44,918.16,Octubre 6 2025,1201.9
8470,Ana Garcia,Tablet,Sur,53,$829.30,Enero 24 2024,1362.91
6612,Isabel Guzman,Tablet, Centro,30,$862.69,Abril 19 2025,1858.41
6115,Paola Rios,Mouse,Norte,18,786.48,Julio 28 2024,1380.76
7183,Ricardo Vargas,MOUSE,Centro,49,$956.03,Marzo 7 2025,1457.93
2987,Maria Lopez,Monitor,Sur,31,$591.79,12-09-2025,1023.32
7175,Jose Martinez, Escritorio,CENTRO,47,1063.30,23/07/2025,1133.21
9805,Alejandro Diaz, Mouse,Sur,26,$557.69,19/11/2025,1511.97
5680,Miguel Flores,Tablet,SUR,35,$680.93,2024-07-27,1356.54
3144,Sofia Torres,Tablet,Occidente,40,$-796.78,2024-03-02,1319.73
4715,Laura Sanchez,Escritorio,occidente,55,$418.60,2024-05-26,1262.65
6378,Miguel Flores,Teclado,Norte,49,$699.95,04-07-2024,1277.93
8279,Isabel Guzman, Impresora,Sur,16,"$1,189.74",08-28-2025,1461.42
9948,Pedro Aguilar,IMPRESORA,Occidente,20,"$1,260.97",12-07-2024,1081.14
1883,Andres Ortiz,Monitor,Sur,32,sin dato,2024-05-10,1555.64
511,Alejandro Diaz,Teclado,Occidente,41,"$1,347.77",2024-10-25,1443.02
6068,Jose Martinez,Bocina,Norte,38,317.48,07/06/2025,1141.4
992,Luis Hernandez,Silla,Sur,37,"$1,114.92",11/10/2025,1278.53
2054,Valeria Mendoza,Monitor,Occidente,42,"$1,007.73",Diciembre 2 2024,1903.07
1258,Paola Rios,Monitor,Norte,52,"$1,092.33",07-14-2025,1234.49
6235,Isabel Guzman,Silla,Sur ,54,$977.10,13/06/2025,1453.17
4916,Alejandro Diaz,Tablet,Norte,42,1155.78,Enero 9 2026,1292.71
4111,Maria Lopez,Camara,norte,62,1080.40,Septiembre 12 2024,1014.65
9236,Fernanda Castro,Impresora,NORTE,59,771.95,,1761.45
3893,Andres Ortiz,Tablet,Sur,32,869.52,Mayo 23 2025,656.86
5696,Isabel Guzman,Teclado,,39,1173.22,2024-08-11,1414.82
6287,Sofia Torres,Escritorio,Centro,50,915.14,12-22-2024,2014.11
4105,Ricardo Vargas,CAMARA,Sur ,32,1250.59,26/03/2024,1379.92
4790,Jorge Morales,Camara,Centro,49,1080.66,Diciembre 26 2024,980.91
7586,Jose Martinez,Teclado,Sur ,desconocida,583.28,2025-08-15,890.06
3067,Paola Rios,Impresora,Centro,45,$610.60,10-30-2025,976.05
3057,Paola Rios,Monitor,Centro,63,584.72,03-03-2024,1341.39
1208,Luis Hernandez,Laptop,Norte,26,$936.74,Octubre 6 2025,1569.19
8814,Ricardo Vargas,Laptop,CENTRO,37,315.35,2025-05-01,739.88
8007,Jose Martinez,Mouse,Sur,42,$-996.96,09-09-2024,881.5
1203,Pedro Aguilar,Laptop,Sur,35,722.98,2025-01-16,1759.74
5757,Maria Lopez,Impresora,Occidente ,45,921.71,Enero 3 2025,528.29
8119,Paola Rios,Laptop,Sur,35,sin dato,Agosto 26 2024,1986.69
581,Ricardo Vargas,Mouse,Centro,35,1485.76,2025-09-04,1796.01
2894,Maria Lopez,Tablet,occidente,34,419.16,12-20-2024,712.51
1265,Paola Rios,Teclado,Sur,47,767.62,2024-07-02,1068.81
7258,Andres Ortiz, Tablet,occidente,25,443.94,Junio 8 2024,988.75
4956,Miguel Flores,Bocina,Centro,32,1319.13,27/05/2024,1350.2
706,Ana Garcia,Mouse,Centro,23,$880.79,07-03-2024,1592.74
9456,Sofia Torres,Impresora,Sur,,$290.81,,1714.03
7735,Sofia Torres,Tablet,Occidente,39,$900.02,06/06/2024,1336.63
1025,Paola Rios,TABLET,Centro,40,$980.90,24/12/2025,1233.36
2649,Valeria Mendoza, Escritorio,CENTRO,20,"$1,202.65",2025-08-07,1072.96
2102,Maria Lopez,Bocina,Norte,25,$997.53,01-09-2026,1493.49
728,Paola Rios,MOUSE,norte,30,$880.13,Abril 17 2025,810.08
8691,Jorge Morales,Teclado,Occidente,46,$289.08,11/03/2024,1376.55
3145,Fernanda Castro, Escritorio,N/A,,$480.09,Enero 6 2024,1873.14
8853,Paola Rios,Bocina,Sur ,54,$645.79,2024-09-23,1301.62
8102,Jose Martinez,IMPRESORA,Occidente,57,$515.80,19/02/2024,798.4
9148,Isabel Guzman,Mouse, Norte,54,905.59,Octubre 28 2025,1810.66
6008,Alejandro Diaz,Camara,Norte,35,1135.10,Noviembre 1 2025,2234.63
5539,Maria Lopez, Monitor,Centro,56,$778.64,06-26-2025,1375.51
1292,Valeria Mendoza,Laptop,OCCIDENTE,20,640.45,Febrero 11 2024,800.47
5799,Luis Hernandez,Mouse,centro,23,$860.98,29/02/2024,1610.86
6419,Ricardo Vargas, Tablet,Norte,32,870.84,Mayo 24 2026,1962.79
5578,Jorge Morales,MONITOR,Sur,56,203.24,,846.57
6355,Alejandro Diaz,Mouse,Norte,52,654.23,2025-03-02,1036.82
5207,Diego Romero,TECLADO,Norte,36,1271.87,2024-11-25,1030.88
6422,Camila Reyes,Silla,sur,39,"$1,118.20",Marzo 27 2024,1251.63
2811,Camila Reyes,Impresora,N/A,65,348.24,2025-10-23,1483.91
4153,Camila Reyes,Monitor,Occidente ,,"$1,321.67",Noviembre 29 2025,1157.6
3332,Jorge Morales,ESCRITORIO,?,26,135.30,10-04-2025,1988.51
7185,Daniela Cruz,Escritorio,Occidente,48,$665.63,07-08-2025,1451.47
5759,Diego Romero,Escritorio,sur,desconocida,"$1,128.07",2024-12-28,1784.34
2685,Ana Garcia,Monitor,Sur,12,1032.89,12/04/2025,2256.94
5524,Laura Sanchez,Mouse, Centro,53,397.66,Marzo 31 2026,987.03
7654,Sofia Torres,Bocina,SUR,18,$820.75,06-20-2024,1100.67
5885,Laura Sanchez,Monitor,Occidente,42,977.10,2026-01-18,2130.76
3022,Carlos Ramirez,Tablet,Occidente ,35,"$1,327.84",17/11/2025,1649.3
6988,Luis Hernandez,Teclado,Centro ,49,668.77,10-08-2025,1654.61
8678,Luis Hernandez,Tablet,Centro,,$865.18,Mayo 19 2024,1314.05
5793,Daniela Cruz,Silla, Norte,-6,741.39,28/07/2025,1461.77
5192,Daniela Cruz,Bocina,Sur,24,367.71,09-13-2024,1225.02
7521,Andres Ortiz, Tablet,Sur ,49,"$-1,345.96",Marzo 21 2024,1460.4
8075,Miguel Flores,Silla,sur,50,"$1,269.72",14/06/2024,1348.87
5767,Carlos Ramirez,Monitor,centro,,$480.33,Mayo 7 2025,1469.33
2906,Maria Lopez,Laptop,occidente,29,"$1,425.37",17/04/2026,2014.78
3650,Camila Reyes,Camara,Sur,21,$854.22,22/04/2025,1492.14
1657,Paola Rios,ESCRITORIO,Norte,45,$679.96,08-18-2024,1449.89
1019,Paola Rios,Teclado,Norte,50,823.84,01-31-2026,1588.22
8946,Pedro Aguilar,Tablet,Centro,23,737.80,Diciembre 23 2024,1348.15
9202,Sofia Torres,Laptop,Sur,14,506.44,2025-06-06,1482.26
6343,Ricardo Vargas,Impresora,Sur,58,"$1,087.92",2024-04-05,998.95
7297,Pedro Aguilar,MOUSE,Centro,18,815.44,10-26-2024,1665.78
8527,Alejandro Diaz,Camara,Occidente,32,$673.37,06/01/2026,887.94
3397,Jose Martinez,Impresora,Norte,35,348.21,Abril 14 2025,1660.27
4151,Paola Rios,Teclado,Centro,6,$834.84,07/12/2024,1679.25
7984,Pedro Aguilar,Camara,Occidente,45,1156.93,11/12/2025,1118.87
9817,Andres Ortiz,Mouse,NORTE,41,600.49,29/11/2024,1246.09
4320,Paola Rios,Escritorio,Sur,44,1352.03,12/08/2024,1011.75
7368,Maria Lopez,Escritorio,Occidente,27,1468.10,19/05/2026,1292.22
7201,Alejandro Diaz,Laptop,Norte,42,$630.79,31/07/2024,1532.75
2823,Jorge Morales,Laptop,sur,6,1224.98,Enero 20 2024,1158.52
9255,Pedro Aguilar,Impresora,occidente,31,$699.09,30/11/2024,1709.17
5047,Alejandro Diaz, Monitor,Occidente,28,$963.52,02-07-2025,1488.91
165,Laura Sanchez,Tablet,Centro ,24,1194.97,24/11/2025,1154.5
9936,Diego Romero,Tablet,Sur,12,964.84,24/03/2026,1573.65
1920,Luis Hernandez,Silla,Sur,37,$706.54,32/13/2026,1135.41
8779,Alejandro Diaz,CAMARA,NORTE,38,$999.59,Enero 4 2026,1171.3
2474,Alejandro Diaz,Tablet,Norte,50,785.25,12/12/2025,1315.86
9333,Alejandro Diaz,Laptop,Centro,30,1041.64,2024-10-14,1795.46
5634,Daniela Cruz,MONITOR,Occidente,43,"$1,237.10",09-14-2025,1385.59
6854,Alejandro Diaz,Laptop,Centro,38,sin dato,Octubre 21 2024,1693.15
7831,Paola Rios,Tablet,Norte,26,$559.54,06/10/2025,1717.24
6992,Fernanda Castro,TABLET,Sur ,30,800.27,03/07/2024,1396.44
5692,Andres Ortiz,Monitor,SUR,49,1528.01,11/05/2025,1664.36
5731,Daniela Cruz,Laptop,Norte ,41,sin dato,2026-02-06,1155.5
139,Pedro Aguilar,MONITOR,Centro,62,$528.50,21/04/2024,1311.65
5944,Alejandro Diaz, Camara,Centro,37,1306.69,2026-06-16,518.01
7940,Alejandro Diaz,Tablet,occidente,44,$468.37,2026-04-10,1384.19
4661,Fernanda Castro,Camara,Norte,34,$767.70,28/04/2025,1047.58
3960,Pedro Aguilar,LAPTOP,Sur,19,sin dato,15/06/2026,1466.02
1387,Ana Garcia,Camara, Occidente,38,212.05,Julio 27 2025,1541.13
6251,Ricardo Vargas,Escritorio, Norte,45,948.73,11/03/2026,1422.49
6104,Andres Ortiz,Silla,Norte,44,"$1,041.83",12-10-2024,843.55
2079,Ricardo Vargas,Escritorio,CENTRO,16,$705.13,02-11-2024,1028.43
3312,Carlos Ramirez,Laptop,centro,30,847.57,,1236.6
9480,Maria Lopez,Silla,Occidente,36,"$1,015.09",2025-07-26,1696.19
2001,Fernanda Castro,Bocina,Sur,37,$884.49,Agosto 21 2024,1728.05
3244,Camila Reyes,Tablet,Sur,47,$723.73,07-17-2024,1525.55
3314,Daniela Cruz,Bocina,Norte,52,$-170.02,09-04-2024,1493.84
27,Pedro Aguilar,Tablet,Norte,55,511.84,06/06/2026,1794.71
301,Valeria Mendoza,Impresora,Sur,30,547.64,18/07/2024,1822.28
1705,Valeria Mendoza, Escritorio,Sur,60,619.07,2025-04-26,1573.03
9618,Daniela Cruz,Impresora,,17,$669.89,Enero 22 2026,1031.65
4201,Daniela Cruz, Monitor,centro,31,"$1,253.82",2025-06-12,1064.51
3493,Sofia Torres,Laptop,Occidente,25,564.03,04-05-2025,1321.37
5919,Isabel Guzman,Escritorio,Norte ,-7,957.87,28/08/2024,867.17
7378,Andres Ortiz,Laptop,Norte,27,418.62,Octubre 10 2025,1493.46
2908,Maria Lopez,Impresora,occidente,40,980.48,12-12-2024,1448.55
3710,Paola Rios,TABLET,Sur,43,"$1,155.15",06-04-2024,1567.5
5609,Ana Garcia,Escritorio,Sur,35,$717.28,2024-10-25,1317.89
3183,Ricardo Vargas,Teclado,Centro,46,547.19,2025-04-18,975.7
5339,Valeria Mendoza,Teclado,?,48,1028.80,15/07/2025,1186.69
1133,Paola Rios,Mouse,N/A,28,$712.70,Febrero 27 2024,1459.89
509,Laura Sanchez,Laptop,Norte,30,$741.55,32/13/2026,1211.34
2556,Miguel Flores,Teclado,OCCIDENTE,46,"$-1,182.51",Agosto 17 2024,400.63
9837,Pedro Aguilar,Silla,SUR,40,852.28,Febrero 3 2025,1201.86
2216,Maria Lopez,Mouse,Occidente,42,$882.11,27/03/2024,1951.88
9174,Ana Garcia,Camara, Norte,45,$475.92,06-25-2024,1572.23
792,Jose Martinez,Teclado,norte,23,704.09,05/01/2024,1614.34
8723,Alejandro Diaz,Escritorio,Sur,37,786.55,09-16-2025,1494.57
2523,Alejandro Diaz,Silla,,,669.66,2025-07-23,1863.27
6161,Diego Romero,Laptop,Centro,47,$-734.91,2025-12-07,882.33
6024,Ricardo Vargas,Teclado,NORTE,49,1410.27,32/13/2026,1219.56
2851,Ricardo Vargas,Mouse,Occidente,28,619.19,06-19-2025,896.69
9807,Diego Romero,Monitor, Occidente,38,$912.77,09-29-2024,1516.71
5030,Isabel Guzman,Bocina,Sur,42,sin dato,2025-03-28,1471.42
1514,Luis Hernandez,Impresora,Occidente,24,1080.38,21/07/2025,1858.72
8983,Andres Ortiz,LAPTOP,Norte,16,$439.27,03-25-2025,1294.27
4826,Alejandro Diaz,Silla,Centro,46,719.76,Febrero 26 2025,1053.19
2258,Valeria Mendoza,SILLA,Occidente,43,1139.02,30/05/2026,1562.33
9393,Paola Rios,Mouse,Centro,34,528.95,Julio 10 2025,1296.43
6406,Andres Ortiz,Bocina,N/A,41,989.47,Noviembre 27 2025,1573.12
1870,Luis Hernandez,Laptop,Sur,45,1208.92,06-08-2024,1435.99
2909,Paola Rios,BOCINA,Occidente,37,1421.58,25/11/2024,969.76
2663,Daniela Cruz, Silla,norte,33,1152.54,02-25-2024,1177.33
2735,Carlos Ramirez,Teclado,Occidente,38,624.37,Enero 16 2026,1312.97
3369,Andres Ortiz,Teclado,occidente,,sin dato,12-13-2024,1161.71
8234,Diego Romero,Impresora, Norte,42,$689.66,08-11-2025,1860.75
4542,Pedro Aguilar,Monitor,Centro,25,$911.40,Abril 26 2025,1643.92
2094,Maria Lopez,Escritorio,Norte,56,857.90,25/08/2024,1347.51
9748,Pedro Aguilar,Teclado,OCCIDENTE,30,sin dato,2024-01-11,1596.89
5788,Jorge Morales, Impresora,?,59,1020.37,13/04/2025,1988.5
7969,Maria Lopez,Mouse,Sur,14,$816.39,Abril 23 2024,1339.01
1275,Ricardo Vargas,Mouse,Centro,15,735.83,2026-02-16,974.83
3479,Valeria Mendoza,Bocina,Sur,28,$764.12,Junio 11 2025,1655.59
1929,Valeria Mendoza,Monitor,centro,25,659.46,2025-07-21,1811.85
8472,Valeria Mendoza,Tablet,norte,33,1255.07,Noviembre 13 2025,1910.76
8140,Paola Rios,Monitor,Occidente,35,694.31,Junio 24 2025,1816.75
994,Alejandro Diaz,Impresora,sin informacion,31,1133.44,11-12-2025,1222.28
25,Valeria Mendoza,Teclado,centro,51,801.55,04-22-2024,2082.38
2925,Isabel Guzman,ESCRITORIO,sur,28,"$1,159.82",Mayo 9 2026,1511.6
645,Sofia Torres,TECLADO,CENTRO,42,sin dato,2025-01-08,1801.54
7867,Valeria Mendoza,Escritorio,Norte,39,594.70,2024-11-26,1019.94
3655,Luis Hernandez,Mouse,centro,44,1022.77,10/05/2026,1627.43
4627,Diego Romero,Laptop,centro,47,$422.35,25/10/2024,1742.37
9688,Alejandro Diaz,Silla,Occidente,37,sin dato,Marzo 26 2025,1378.19
3506,Isabel Guzman,Escritorio,sin informacion,48,1270.10,2024-09-07,1403.9
3789,Pedro Aguilar,Teclado,Norte,57,212.71,Septiembre 4 2025,1286.98
8600,Jose Martinez,Teclado,Occidente,32,573.33,04/05/2024,1213.34
6425,Sofia Torres,Escritorio,sur,39,"$1,075.26",2024-08-02,783.51
146,Alejandro Diaz,Silla,Sur,62,710.05,04-09-2026,1866.75
3475,Fernanda Castro,Escritorio,N/A,24,1137.92,Octubre 14 2024,1120.08
2538,Jorge Morales,Mouse,Centro,40,"$1,387.97",11/05/2026,787.23
6026,Luis Hernandez,Mouse,Centro,38,$627.67,Octubre 7 2024,1401.03
9549,Pedro Aguilar,Mouse,NORTE,33,1108.87,2026-03-17,1596.17
579,Fernanda Castro,CAMARA,Occidente,34,1120.08,,1242.94
2157,Alejandro Diaz,LAPTOP, Occidente,29,686.49,Mayo 3 2026,1894.79
3641,Laura Sanchez,Mouse,Occidente,24,$563.63,19/02/2025,1590.99
1507,Jorge Morales,Bocina,Occidente,24,839.80,2024-09-03,1845.15
1682,Ana Garcia,Monitor,Centro,20,$225.90,2024-06-23,1569.65
128,Jose Martinez, Impresora,Norte,36,"$1,262.59",26/10/2024,1960.87
5586,Fernanda Castro,Monitor,norte,47,sin dato,16/06/2025,1587.03
2812,Camila Reyes,Tablet,Norte,40,"$1,330.82",2025-06-02,1585.74
8132,Andres Ortiz,Mouse,Norte,34,$521.92,,1466.02
8781,Isabel Guzman,Mouse,NORTE,26,1254.82,03-17-2025,1314.78
2287,Diego Romero,Teclado,Occidente,34,111.91,32/13/2026,1687.22
7676,Miguel Flores,Silla,centro,31,"$1,102.13",29/03/2025,1833.11
4702,Isabel Guzman,Camara,Sur,38,760.80,30/04/2025,1220.08
6353,Daniela Cruz,Teclado,Centro,18,270.19,,1351.28
2128,Valeria Mendoza,Teclado,Norte ,64,1203.98,Mayo 6 2024,1101.5
5309,Alejandro Diaz,Impresora,Sur,41,$882.67,08-01-2025,2021.09
6539,Ricardo Vargas,Laptop,occidente,46,1036.54,09/10/2024,2073.75
7602,Jorge Morales,Monitor,Norte,43,1118.75,30/05/2025,1325.32
3068,Jorge Morales,CAMARA,centro,30,$861.42,05/09/2024,1464.81
2307,Maria Lopez,Monitor,Occidente,36,sin dato,Enero 25 2024,1154.79
6201,Laura Sanchez,Mouse,centro,26,$886.59,03/02/2025,1004.85
3588,Ana Garcia,CAMARA, Norte,35,$577.68,09/06/2025,1116.29
9071,Ana Garcia,Tablet,Centro,57,104.57,10/02/2025,1455.16
8927,Diego Romero,Monitor,Centro,53,870.05,10-13-2024,1629.53
2289,Valeria Mendoza,Camara,Norte,36,1384.38,16/11/2024,1046.99
2870,Paola Rios,Mouse,Norte ,40,$146.57,2024-03-04,1378.53
8246,Jose Martinez,Silla,Norte,53,523.50,04-10-2024,1429.24
894,Diego Romero,Mouse,Centro,26,748.75,27/03/2025,1512.34
957,Miguel Flores,MOUSE, Norte,45,$682.96,2025-06-14,1549.25
6651,Jorge Morales,Mouse,Sur,27,225.91,03-10-2026,1803.96
2573,Maria Lopez,Monitor,Norte,37,"$1,250.45",2026-05-26,1358.0
6339,Paola Rios,Impresora,Occidente ,47,415.94,Agosto 17 2024,1800.25
4655,Miguel Flores,Impresora,Occidente,45,$-738.85,12-15-2025,1140.62
282,Valeria Mendoza,Bocina,Sur,34,1168.13,31/10/2024,1043.81
9801,Alejandro Diaz,Teclado,Sur,30,$849.87,10-25-2025,1616.99
8281,Jorge Morales,Tablet,Occidente,39,sin dato,Agosto 12 2025,1009.37
7103,Maria Lopez,Escritorio,Centro,28,662.76,Febrero 18 2025,1313.69
900,Camila Reyes,Teclado,Sur,54,960.88,03-05-2025,1486.35
7642,Jose Martinez,Laptop,Norte,41,$609.97,Octubre 8 2024,1741.17
9607,Ana Garcia,Monitor,Norte,41,"$1,006.33",01/03/2025,1803.17
1716,Pedro Aguilar,Monitor,Sur,28,sin dato,Junio 16 2025,1089.48
8529,Carlos Ramirez,Bocina,Sur,31,"$1,262.21",Febrero 22 2025,1067.1
5475,Diego Romero,Escritorio,occidente,25,$811.46,2024-03-25,1388.32
8942,Ana Garcia, Monitor,Occidente,39,1057.94,2025-02-20,1225.69
7050,Pedro Aguilar, Silla,OCCIDENTE,45,876.27,Agosto 26 2025,756.28
4663,Paola Rios,Monitor,Sur,30,871.47,12-23-2025,1651.01
8876,Jorge Morales,Laptop,Occidente,,663.79,Agosto 18 2024,1569.5
5635,Andres Ortiz,Bocina,Sur,27,708.97,32/13/2026,1215.7
5383,Daniela Cruz,Camara,Centro,40,$847.58,12-16-2025,991.26
5018,Ana Garcia,MOUSE,Norte,29,1185.36,07/08/2024,1151.54
134,Daniela Cruz, Escritorio,Sur,39,509.95,06/05/2025,934.24
3369,Andres Ortiz,Teclado,occidente,,sin dato,12-13-2024,1163.16
3171,Luis Hernandez,Camara,Centro,22,508.65,03-07-2024,1611.81
5446,Andres Ortiz,Teclado,Centro,47,sin dato,Junio 15 2024,1467.89
2318,Valeria Mendoza,Laptop,Norte,24,$882.40,01/05/2026,1283.82
3215,Diego Romero,Escritorio,Norte,44,708.12,Enero 15 2024,1089.79
260,Sofia Torres,Escritorio,OCCIDENTE,51,647.16,12-14-2024,1534.11
585,Luis Hernandez,Escritorio,Occidente,57,904.89,2025-04-22,1330.47
476,Laura Sanchez,Silla,,50,$777.47,08-23-2024,1278.21
9431,Luis Hernandez,Laptop,Sur,51,$374.23,21/12/2024,1240.48
5305,Maria Lopez,Escritorio,CENTRO,46,989.93,09/08/2024,975.11
5376,Ricardo Vargas,SILLA,Norte ,49,990.02,2024-04-05,1574.54
3682,Alejandro Diaz,Laptop, Occidente,33,$522.52,21/02/2024,1575.0
442,Alejandro Diaz,Laptop,Norte ,43,$-986.33,19/12/2024,944.79
8829,Pedro Aguilar,Bocina,Occidente,51,"$1,384.39",,1279.17
8087,Luis Hernandez,Bocina,Norte,,1669.24,Marzo 14 2025,1542.05
4669,Pedro Aguilar, Tablet,norte,37,567.11,21/04/2026,694.25
3539,Miguel Flores,Laptop,Centro,37,$788.02,2026-02-05,1610.12
9938,Jorge Morales,Mouse,CENTRO,42,$566.97,04-17-2026,1458.5
7477,Andres Ortiz,Tablet,norte,46,"$1,302.84",Mayo 29 2025,1818.55
2458,Pedro Aguilar,Tablet,Norte,38,935.26,02-01-2024,2021.68
185,Ricardo Vargas,Mouse,Sur,35,$189.65,2026-03-30,1360.73
7285,Daniela Cruz,Tablet,Centro,21,1130.14,2026-04-18,1805.64
1641,Valeria Mendoza,Monitor,Sur,32,864.22,Julio 21 2025,1111.23
3499,Ricardo Vargas,Monitor,Norte,,$720.49,2024-12-30,1054.85
1996,Jose Martinez,ESCRITORIO,Centro,39,980.18,Abril 13 2026,1356.78
7832,Ana Garcia,Tablet,Centro,39,$-457.84,05-28-2025,1973.99
9039,Ana Garcia,Escritorio,SUR,50,511.27,Julio 26 2024,617.98
705,Daniela Cruz,Laptop,Sur,45,452.05,2024-07-31,1720.13
5326,Ana Garcia,Silla,Centro,25,$691.41,07/04/2025,1403.31
5794,Camila Reyes,Mouse, Centro,54,"$1,135.73",,1226.73
3187,Carlos Ramirez,Teclado,Occidente,15,$707.16,2026-03-26,1890.56
9792,Andres Ortiz,IMPRESORA,Sur,40,603.10,2025-03-02,1511.38
433,Andres Ortiz,Impresora,Sur,49,718.90,Noviembre 2 2024,1440.59
5349,Jorge Morales,IMPRESORA,Centro,53,$698.53,2024-02-03,1573.49
4326,Pedro Aguilar,Monitor,,38,413.73,Septiembre 11 2024,1246.67
4569,Camila Reyes,Tablet,Occidente,42,$282.73,Septiembre 26 2024,1329.93
3208,Laura Sanchez, Escritorio,Sur,22,$645.57,07-25-2024,1631.75
6699,Ricardo Vargas,Mouse,Sur,53,"$1,285.84",25/07/2024,1250.57
9778,Laura Sanchez,Tablet,Norte,40,"$1,040.12",,1705.35
9945,Camila Reyes,Mouse,Centro,18,608.54,Octubre 6 2024,1235.23
1882,Paola Rios,Silla,Sur,46,"$1,571.76",2024-11-24,1753.73
905,Ana Garcia,Escritorio,Occidente,38,337.84,2024-08-25,2135.66
2377,Diego Romero,Camara,Occidente,55,$978.06,Enero 1 2024,420.36
7425,Jose Martinez,Mouse,Centro,58,810.46,Diciembre 30 2025,1665.86
5433,Luis Hernandez, Mouse,Norte,-9,760.30,2024-09-13,2011.77
4763,Laura Sanchez,SILLA, Sur,57,"$1,333.12",Enero 2 2024,1361.92
5077,Paola Rios,Tablet,sur,14,sin dato,04/05/2026,1694.15
9943,Alejandro Diaz,Tablet, Occidente,43,$648.06,2026-05-21,1316.19
9172,Alejandro Diaz,Silla,OCCIDENTE,37,504.87,Febrero 23 2026,1109.0
3407,Jorge Morales,Teclado,Centro,23,$425.86,05/04/2024,465.69
3967,Miguel Flores,Silla,Centro,36,$-619.36,02/03/2025,1399.86
8456,Isabel Guzman,Monitor,Occidente,33,$579.45,2024-09-02,1734.91
8880,Carlos Ramirez,Impresora,NORTE,,$852.11,2025-06-04,1559.45
7286,Camila Reyes,Laptop,Sur,53,$725.45,Septiembre 17 2024,1331.86
6884,Carlos Ramirez,Escritorio,Norte,32,261.87,21/04/2024,2159.21
6197,Miguel Flores,Monitor,Sur,40,406.99,14/06/2025,1122.76
2626,Luis Hernandez,Escritorio,Norte,35,446.07,27/08/2025,1271.93
1179,Diego Romero,Mouse, Norte,45,791.81,27/02/2025,1615.82
8939,Valeria Mendoza,Laptop,Norte,45,$950.88,2025-10-29,1203.75
454,Andres Ortiz,Laptop,Norte,34,1053.40,2025-05-16,1240.93
2411,Alejandro Diaz,Monitor,Norte,31,$799.88,04-22-2026,1625.62
8072,Maria Lopez,Mouse,,46,1361.33,17/02/2025,813.56
1277,Miguel Flores,Escritorio,OCCIDENTE,29,1377.49,Septiembre 11 2024,1076.47
4365,Camila Reyes,Silla,occidente,37,$413.42,Noviembre 2 2024,1420.97
8683,Camila Reyes,CAMARA,Sur,47,719.04,2025-03-31,1881.54
2512,Jose Martinez,Impresora,centro,44,665.98,Septiembre 24 2024,841.67
8089,Pedro Aguilar,Camara,Norte,-2,$453.76,Octubre 17 2025,1243.48
2723,Pedro Aguilar,Bocina,norte,35,$934.01,11/06/2025,2064.85
6736,Valeria Mendoza,Escritorio,CENTRO,27,833.39,Mayo 11 2025,1011.77
5360,Carlos Ramirez,Camara,Sur,30,$622.26,07/12/2025,1556.31
4568,Luis Hernandez, Tablet,Norte,300,873.98,15/02/2026,1467.97
7512,Daniela Cruz,Silla,sur,28,$879.60,,1621.53
2225,Ana Garcia,IMPRESORA,Norte,28,$376.50,08-29-2025,1991.28
256,Miguel Flores,Monitor,sin informacion,12,606.85,Marzo 29 2025,1116.16
1525,Valeria Mendoza,Impresora,occidente,11,$836.64,2025-12-27,1217.39
1186,Pedro Aguilar,Tablet,Centro,78,$-529.95,10-25-2025,1478.72
7098,Carlos Ramirez,Silla,Sur,35,210.14,,1252.34
2306,Ricardo Vargas, Tablet,Occidente,19,"$1,339.02",14/03/2026,346.68
8301,Sofia Torres,Tablet,OCCIDENTE,46,$750.70,2026-02-28,818.81
1429,Sofia Torres,SILLA, Sur,36,399.64,Enero 3 2026,1350.32
5434,Camila Reyes,Monitor,centro,41,$488.76,08/02/2026,1173.29
2026,Ana Garcia, Tablet,Norte,36,1033.36,10/04/2025,1319.42
7569,Camila Reyes,Tablet,sur,31,$-908.16,Enero 5 2026,1642.19
8696,Ricardo Vargas,Bocina,Occidente,66,837.83,2024-03-30,1188.71
1427,Camila Reyes,Impresora,SUR,29,"$1,042.94",,1859.44
2614,Luis Hernandez,Laptop,sur,35,$427.84,2025-04-21,1354.44
1497,Jorge Morales,Silla,sur,49,923.31,17/12/2025,1468.52
9496,Sofia Torres,Camara,Centro,37,"$1,049.06",2026-01-10,1392.18
2443,Fernanda Castro,Laptop,Occidente,27,1002.84,Febrero 19 2026,1352.73
5549,Fernanda Castro, Escritorio, Norte,32,685.29,2026-05-15,663.89
3733,Paola Rios,Teclado, Occidente,43,796.31,2024-07-05,1268.22
9987,Jorge Morales,Laptop,Occidente,59,$779.27,03/01/2026,1771.62
3112,Laura Sanchez, Tablet,Occidente,28,851.14,15/01/2025,1235.68
5178,Ricardo Vargas,MOUSE,Occidente,19,$966.00,2025-07-05,1735.56
9608,Diego Romero,Silla,Occidente ,23,235.42,25/03/2024,1193.85
5986,Valeria Mendoza,Impresora,Occidente,50,384.09,23/01/2026,2174.48
4237,Carlos Ramirez,Laptop,Norte,58,$781.65,2025-08-25,1458.66
2315,Alejandro Diaz,Silla,NORTE,26,$50.00,Abril 26 2025,1346.59
9627,Pedro Aguilar,Laptop,Norte,48,782.14,09/03/2025,1226.37
432,Sofia Torres,Laptop,Occidente,48,$699.25,2026-04-27,1892.53
8197,Jorge Morales,Impresora,centro,53,$781.01,07/08/2025,1394.65
6503,Luis Hernandez,Laptop,sur,21,$744.94,2024-03-19,718.74
6456,Laura Sanchez,Escritorio,Centro,40,$842.39,2026-02-18,276.51
4570,Valeria Mendoza,Camara,Occidente,48,sin dato,Diciembre 19 2025,1718.41
4084,Camila Reyes,LAPTOP,Sur ,55,811.63,Julio 1 2024,1063.95
2888,Sofia Torres,Mouse,occidente,36,393.93,32/13/2026,1308.81
5837,Luis Hernandez,Monitor,Occidente,51,1669.11,2025-04-19,1390.31
9782,Jorge Morales,Mouse,Centro,56,sin dato,2024-06-20,1718.1
1846,Paola Rios,Bocina,Centro,36,$907.45,2026-04-18,1284.71
8563,Luis Hernandez,Teclado,Occidente,47,640.53,03/02/2024,2163.46
9405,Ana Garcia,Tablet,,43,536.55,05-17-2025,1194.45
7449,Paola Rios,Tablet,Sur ,55,$-703.35,16/06/2024,1675.7
3286,Jose Martinez,Camara,Sur ,30,$961.53,2024-11-24,1239.68
4175,Sofia Torres, Laptop,Centro,23,$649.01,Agosto 23 2024,1102.15
1027,Jose Martinez,Monitor,Norte,,1299.83,16/01/2026,974.87
8550,Jose Martinez,Impresora,CENTRO,42,$713.34,08-25-2024,745.46
986,Alejandro Diaz, Silla,OCCIDENTE,22,$886.33,32/13/2026,1698.45
1982,Fernanda Castro,Silla,Centro,34,1206.49,32/13/2026,1499.87
1033,Laura Sanchez, Laptop,Norte ,46,470.47,Junio 1 2026,1410.71
4675,Ricardo Vargas,Escritorio,Sur,45,$487.27,,806.26
7168,Pedro Aguilar,Camara, Centro,40,889.73,Julio 21 2024,1386.97
2579,Alejandro Diaz, Camara,Occidente,52,116.32,32/13/2026,1317.01
6312,Laura Sanchez,Tablet,occidente,-2,"$1,297.21",15/12/2024,1520.45
8414,Miguel Flores,Escritorio,Centro,3,662.07,Agosto 3 2024,1647.53
7047,Isabel Guzman,Silla,SUR,17,777.77,2024-03-22,1229.06
6557,Sofia Torres,Camara,NORTE,49,$772.87,01-29-2026,1360.1
8746,Maria Lopez,Monitor,NORTE,41,197.82,2025-10-22,1308.75
6495,Carlos Ramirez,CAMARA,centro,38,675.46,24/03/2026,1378.92
6935,Ana Garcia,TABLET,Occidente,38,$576.47,2024-08-06,1499.72
8110,Ana Garcia,Monitor,Occidente,38,sin dato,2024-09-04,1347.83
9006,Fernanda Castro,Escritorio, Occidente,,742.83,05-12-2026,1692.19
3282,Carlos Ramirez,Camara,Centro,25,"$1,166.27",05/08/2024,2003.5
4313,Camila Reyes,Mouse,Norte ,51,608.22,Agosto 10 2025,1804.53
6581,Valeria Mendoza,Monitor,Sur ,33,634.42,11-27-2025,1415.01
4092,Laura Sanchez,Escritorio,Occidente,58,710.05,27/01/2026,1454.79
9147,Valeria Mendoza,Escritorio,Sur,30,"$1,032.84",2024-01-26,1441.1
3660,Paola Rios,Silla,NORTE,54,$674.29,2024-03-10,1500.07
6173,Carlos Ramirez,Camara,Centro,42,1065.25,2025-11-08,699.08
5853,Laura Sanchez,Camara,Occidente,46,$868.23,02/10/2025,1158.21
1939,Alejandro Diaz,Teclado,,37,"$1,352.10",Marzo 6 2025,1351.84
9445,Maria Lopez,MOUSE, Norte,37,768.83,06-16-2026,1373.1
3657,Miguel Flores, Impresora,Occidente,22,$793.75,02-01-2025,1141.52
5238,Isabel Guzman,Bocina,Centro,28,860.49,Abril 30 2026,1726.62
1723,Alejandro Diaz,Laptop,centro,49,$550.51,06-14-2025,1598.13
7422,Isabel Guzman,Mouse,NORTE,60,$696.87,Diciembre 11 2024,1721.92
4505,Carlos Ramirez,Mouse,Norte,12,1016.21,Marzo 3 2024,1737.24
3788,Alejandro Diaz,Tablet,Sur,47,799.94,Marzo 1 2024,1393.48
8949,Carlos Ramirez,Laptop,Norte,25,$489.86,13/06/2024,1494.36
2682,Sofia Torres,Bocina,Centro,42,$607.53,2024-09-25,1797.06
3064,Fernanda Castro,Bocina, Occidente,30,1224.13,Diciembre 19 2024,1484.7
2671,Fernanda Castro,Laptop,Occidente,41,$620.96,2025-06-28,1760.45
5084,Andres Ortiz,Mouse, Norte,33,1155.46,Junio 15 2024,1569.49
1515,Alejandro Diaz,Mouse,Norte,60,849.43,Diciembre 28 2024,1238.0
6955,Isabel Guzman,Impresora, Occidente,49,"$1,165.08",06-06-2024,1173.44
1886,Pedro Aguilar,Bocina,sur,24,sin dato,06-17-2024,520.35
1061,Laura Sanchez,Escritorio,Centro,31,946.54,21/01/2024,865.91
9864,Pedro Aguilar,Laptop,Occidente,58,$200.74,Julio 23 2024,1961.24
1404,Diego Romero,Camara,Occidente,41,601.46,Febrero 13 2024,1586.19
2220,Daniela Cruz,Laptop,CENTRO,36,719.07,Marzo 22 2026,1630.84
9994,Pedro Aguilar,Laptop,norte,35,$825.44,2024-05-07,2431.64
1978,Luis Hernandez, Impresora,Norte,53,$757.79,08-12-2025,1228.66
3751,Sofia Torres,LAPTOP,CENTRO,43,776.69,,1424.19
9247,Camila Reyes,Monitor,Occidente,46,479.80,06/04/2025,1511.25
7718,Maria Lopez,BOCINA,Sur,24,$797.66,Septiembre 6 2024,2297.85
6174,Miguel Flores,Laptop,Centro,47,$431.91,12-06-2024,1581.05
2414,Carlos Ramirez,Silla,Centro,44,$815.50,07/01/2026,1754.46
3818,Isabel Guzman,Tablet,Norte,34,$754.77,2026-04-11,1716.08
2328,Carlos Ramirez,SILLA,Sur,38,790.35,05/07/2024,1953.08
4576,Luis Hernandez,Mouse,NORTE,49,892.29,2026-05-04,1098.81
6274,Fernanda Castro,Escritorio,Centro,37,568.52,2024-12-20,733.53
1176,Pedro Aguilar,Teclado, Norte,52,$810.78,31/08/2024,1502.79
7100,Valeria Mendoza,Silla, Occidente,41,$387.59,Julio 6 2024,1243.04
3258,Carlos Ramirez, Bocina,Norte ,31,976.98,Septiembre 22 2025,896.66
9664,Valeria Mendoza,Bocina,Occidente,62,$897.11,2025-01-06,1273.19
1107,Camila Reyes,Silla,SUR,29,1186.65,2025-01-25,1594.56
6852,Isabel Guzman,Bocina,Occidente,53,$439.41,10/08/2024,1140.43
595,Diego Romero, Monitor,Norte,37,$984.35,11-27-2024,1410.09
4241,Ana Garcia,Escritorio,Sur,26,$553.89,Julio 7 2025,992.45
8125,Ricardo Vargas,Escritorio,Occidente ,51,sin dato,17/06/2025,1758.91
8334,Sofia Torres,Bocina,Centro,10,682.96,,1246.66
3151,Paola Rios,Impresora,Centro,25,1422.90,07-12-2024,2059.49
3363,Daniela Cruz,Mouse, Occidente,50,"$1,231.42",2026-03-18,1228.93
132,Laura Sanchez,Tablet,sur,40,355.29,02/04/2026,1417.16
9005,Pedro Aguilar,Bocina,centro,28,$755.04,30/04/2024,2125.35
7679,Pedro Aguilar,Bocina,Norte,43,$977.10,2024-09-11,1527.09
9762,Laura Sanchez,IMPRESORA, Norte,26,612.84,Mayo 7 2024,1513.83
7413,Valeria Mendoza,Tablet,Norte,51,$943.79,Noviembre 28 2024,1858.45
5127,Miguel Flores,Teclado,occidente,60,$908.47,09-05-2025,2035.55
2332,Camila Reyes,Monitor,Norte,20,$705.74,11-09-2024,1180.26
9846,Daniela Cruz,Impresora,CENTRO,60,"$1,434.15",30/08/2024,1884.13
1027,Jose Martinez,Monitor,Norte,,1299.83,16/01/2026,978.63
9534,Isabel Guzman,Escritorio,Norte,47,902.92,32/13/2026,1564.09
2352,Sofia Torres,Laptop,centro,46,1454.87,03/01/2026,1206.89
1147,Laura Sanchez,Camara,Occidente,47,1449.66,21/09/2024,1652.62
9968,Fernanda Castro, Laptop,NORTE,43,$387.74,2024-06-10,761.89
2652,Isabel Guzman,CAMARA,Occidente,38,763.95,11/11/2025,1462.78
8635,Pedro Aguilar,Tablet,Centro,49,518.57,29/09/2024,98000.0
1797,Andres Ortiz,Impresora,occidente,43,$889.70,32/13/2026,1333.96
2288,Carlos Ramirez,Teclado,Occidente,63,1127.57,2024-12-28,1467.67
9422,Laura Sanchez,Silla,Sur ,25,$788.93,06-23-2025,1094.64
7101,Ricardo Vargas,Impresora,Sur,50,$850.75,Abril 26 2026,2062.9
7037,Isabel Guzman, Bocina,OCCIDENTE,42,751.50,32/13/2026,1653.61
5220,Miguel Flores,Teclado,sur,38,730.72,2024-02-12,906.05
3891,Jose Martinez,Monitor,Occidente,29,915.75,02-19-2024,1431.84
4343,Fernanda Castro,Mouse,Occidente,36,$54.05,2025-10-06,1257.41
8618,Sofia Torres,Bocina,Centro,31,1093.64,11-05-2024,1461.78
9672,Jose Martinez,Mouse,occidente,50,686.97,Abril 28 2026,974.93
3130,Diego Romero,Escritorio,Occidente,,428.99,07/02/2024,1523.29
5380,Paola Rios,Silla, Sur,59,638.24,Agosto 16 2024,1075.89
2192,Ricardo Vargas,Silla,Sur,41,647.96,Junio 6 2025,942.71
3735,Ana Garcia,Impresora,Norte,50,$496.53,17/04/2025,1393.29
5917,Maria Lopez,Impresora,Norte,25,$749.23,2025-04-28,1721.12
4642,Luis Hernandez,LAPTOP,SUR,39,"$1,177.59",05-08-2025,1517.92
5706,Diego Romero,Silla,Centro,34,sin dato,,1009.2
6506,Camila Reyes,Monitor,Norte,29,1367.37,19/11/2025,1409.87
9501,Pedro Aguilar,Mouse,Norte,35,$736.12,2024-11-11,1683.42
7693,Laura Sanchez,Camara,Sur,desconocida,$326.40,Abril 12 2024,1388.0
410,Ricardo Vargas, Monitor,CENTRO,34,$-507.53,02-10-2026,948.47
6576,Jose Martinez,Impresora,CENTRO,9,"$-1,289.13",2024-09-02,1789.18
8663,Carlos Ramirez,Impresora,Sur,19,949.41,05/12/2024,1728.15
7210,Alejandro Diaz,Monitor,Sur,16,"$1,169.73",04-03-2026,1602.52
9883,Ricardo Vargas,Bocina,Norte,23,sin dato,06-19-2025,1586.0
8408,Paola Rios,Bocina,sin informacion,53,$934.77,Mayo 20 2026,1686.27
7548,Sofia Torres,Laptop, Norte,41,$821.22,17/01/2024,1991.21
8628,Paola Rios,Mouse,Centro,36,sin dato,32/13/2026,1715.95
9187,Luis Hernandez,Laptop,Occidente,58,1154.99,Enero 30 2026,1255.9
8123,Alejandro Diaz,Silla,sur,55,563.87,07-14-2024,1317.73
8293,Fernanda Castro,MONITOR,Norte ,22,668.88,Septiembre 10 2024,899.59
5045,Laura Sanchez, Bocina,Occidente,46,$-497.32,06-24-2025,1667.72
6216,Daniela Cruz,Bocina,Sur,54,$719.82,Enero 12 2025,1322.2
7678,Fernanda Castro, Mouse, Norte,22,1287.30,30/10/2025,1952.5
5202,Andres Ortiz,Laptop,Occidente,53,472.04,07-20-2025,1711.01
2593,Camila Reyes,Laptop,SUR,38,827.59,Noviembre 17 2025,1556.99
2672,Andres Ortiz,Tablet,occidente,43,$989.31,10/06/2026,1223.18
187,Diego Romero, Silla,Centro ,15,1169.69,,1450.22
8466,Maria Lopez,Escritorio,Sur,43,$940.58,2024-01-03,1416.35
318,Laura Sanchez,Mouse,Centro,50,"$1,218.45",Mayo 13 2025,1100.93
5435,Luis Hernandez,Impresora,SUR,27,"$1,281.70",2024-04-20,1426.09
9430,Daniela Cruz,Monitor,Sur ,51,"$1,235.38",,1577.84
1196,Valeria Mendoza, Tablet, Sur,29,910.96,01/11/2025,1185.22
3899,Valeria Mendoza,TABLET,sur,38,486.71,02-09-2025,1643.75
2250,Alejandro Diaz,Tablet,Centro ,39,sin dato,Enero 6 2025,1415.48
3550,Miguel Flores,Escritorio, Centro,41,"$1,309.14",11-28-2024,1273.8
1612,Alejandro Diaz,Escritorio,Centro,12,"$1,003.98",Marzo 14 2025,1652.86
5129,Jose Martinez,Escritorio,norte,32,"$1,077.25",Diciembre 21 2024,867.34
3740,Ana Garcia,Silla,Occidente,41,$691.98,Diciembre 28 2025,1084.63
2719,Maria Lopez,Monitor,Sur ,42,648.18,Febrero 18 2024,1156.55
7269,Jose Martinez,Escritorio,Sur,,989.72,19/10/2025,1427.91
1032,Daniela Cruz,Laptop,sur,22,$647.01,2025-08-05,2135.44
7600,Diego Romero,Escritorio,Norte,41,$388.65,05/07/2024,1681.77
4876,Ricardo Vargas, Silla,SUR,53,$626.55,26/07/2025,1706.61
8026,Maria Lopez,Mouse,Norte ,43,$713.13,Agosto 19 2025,1282.72
6101,Jorge Morales,LAPTOP,Occidente,32,$519.85,06-21-2024,1349.75
8124,Jose Martinez,Teclado,sur,42,888.06,Marzo 27 2026,1675.38
5530,Sofia Torres,Tablet,Sur,32,560.97,11-01-2025,898.78
8708,Diego Romero,Mouse,CENTRO,66,"$1,148.39",32/13/2026,1025.78
4620,Valeria Mendoza,Camara,Occidente,,566.71,10-24-2024,1202.31
1151,Sofia Torres,Mouse,Sur,50,861.18,06-24-2024,1399.45
9818,Jose Martinez,MONITOR, Occidente,32,$700.79,04-11-2026,889.62
4282,Sofia Torres,Silla,Occidente,30,$940.21,28/04/2025,921.52
3346,Luis Hernandez, Silla, Norte,54,$777.46,10-29-2024,1566.92
4,Alejandro Diaz,Tablet,Occidente,,757.85,Octubre 11 2025,962.0
5100,Laura Sanchez,Tablet,Sur,56,$615.41,15/10/2024,895.89
6902,Fernanda Castro,Monitor,Sur,67,$871.16,26/09/2024,942.65
9205,Sofia Torres,Mouse,Sur,41,$849.72,06-16-2025,1266.83
8135,Alejandro Diaz,Camara,Centro,54,sin dato,Febrero 25 2024,1556.15
6381,Luis Hernandez,Impresora,Occidente,26,$582.23,Junio 4 2026,1438.0
5771,Ana Garcia,Escritorio,Centro,30,"$1,206.02",02-10-2025,2113.45
9941,Carlos Ramirez,Monitor,Occidente,25,1132.59,2024-06-22,1396.34
4665,Diego Romero, Escritorio,Centro,42,"$1,126.59",2024-07-30,1488.66
4746,Miguel Flores, Laptop, Sur,37,"$1,396.40",12/04/2025,1812.27
1885,Isabel Guzman,Bocina,Occidente,39,619.32,Junio 22 2025,674.4
1003,Carlos Ramirez,Escritorio,Norte,34,"$1,310.52",Noviembre 30 2025,853.67
633,Carlos Ramirez,Monitor,Norte,39,1488.91,Noviembre 16 2025,1454.58
7829,Luis Hernandez,Impresora,sin informacion,71,1159.32,,1278.19
5301,Jose Martinez,Tablet,Sur,67,"$-1,104.21",Marzo 26 2025,1220.52
7794,Luis Hernandez, Bocina,Sur,25,$431.59,02-16-2026,1504.19
9494,Camila Reyes,TABLET,OCCIDENTE,53,927.86,09-10-2025,1313.77
2014,Carlos Ramirez,Tablet,Norte,35,996.88,2024-01-15,1981.91
8212,Laura Sanchez,Impresora,Centro,33,sin dato,06/11/2025,1899.2
3228,Fernanda Castro,Camara,occidente,46,sin dato,,2216.59
5163,Camila Reyes,Impresora,Sur,22,"$1,157.59",2025-04-13,613.95
6729,Ana Garcia,Camara,Norte,31,$673.67,17/01/2025,1359.07
423,Camila Reyes,TABLET,Sur,34,1010.14,22/03/2026,1291.8
2171,Isabel Guzman,Teclado,Sur,36,$154.92,Agosto 7 2025,1662.0
8870,Pedro Aguilar,Impresora,Occidente,-1,461.39,Mayo 20 2025,1250.48
6932,Ana Garcia,Impresora,Norte,61,"$1,195.24",09/08/2024,2005.41
4931,Jose Martinez,Bocina,CENTRO,48,"$1,021.89",05-04-2024,1295.15
8199,Jorge Morales,Bocina,CENTRO,43,681.41,Febrero 18 2024,1884.32
2003,Carlos Ramirez,Camara,OCCIDENTE,32,"$1,002.46",04-17-2025,924.91
1333,Miguel Flores,Mouse,occidente,43,$-623.60,05/05/2026,1036.5
6093,Miguel Flores, Laptop,OCCIDENTE,31,$721.34,10/10/2025,854.77
2886,Pedro Aguilar,Tablet, Norte,62,1040.91,Febrero 4 2026,1087.35
1351,Camila Reyes, Teclado,Norte,35,1267.79,2025-12-28,1407.05
6836,Carlos Ramirez,Teclado,sur,38,"$1,306.73",Septiembre 20 2025,2307.3
9028,Carlos Ramirez,Camara,SUR,47,"$1,352.77",2024-01-22,1621.06
5413,Laura Sanchez,Impresora,,28,667.38,2024-04-23,1297.13
3836,Isabel Guzman,Impresora,Norte,18,318.43,2025-06-03,1385.14
5580,Luis Hernandez, Tablet,Sur,52,"$1,040.67",11/09/2024,1720.58
1431,Daniela Cruz,Teclado,centro,38,1002.58,02-20-2026,1384.95
3817,Ricardo Vargas,Escritorio,occidente,44,864.18,Junio 21 2024,1412.35
1445,Andres Ortiz,Impresora,Occidente,47,"$1,297.84",Agosto 1 2025,1635.24
9562,Diego Romero,Tablet,Norte,49,"$1,038.77",2025-09-04,2087.49
2745,Pedro Aguilar,Laptop,SUR,32,1721.97,2026-01-10,1243.48
2960,Diego Romero,Tablet,Occidente,41,586.21,11-28-2024,1930.35
4176,Sofia Torres,Impresora,Sur,44,947.35,Junio 15 2025,1002.02
8533,Daniela Cruz,Escritorio,Norte,54,"$1,179.04",30/11/2024,1250.9
2912,Daniela Cruz,Bocina,Centro ,33,$851.38,14/02/2025,1360.0
4504,Isabel Guzman,SILLA,centro,41,$888.00,2024-05-09,1458.14
3622,Miguel Flores, Bocina, Norte,29,"$1,040.05",05-05-2024,1083.21
7162,Carlos Ramirez,Monitor,Norte,desconocida,733.47,2026-06-04,1248.08
218,Miguel Flores,Mouse,norte,58,sin dato,06-08-2026,1292.8
7838,Maria Lopez,Silla, Occidente,51,609.73,03-22-2026,1115.29
5741,Valeria Mendoza,Tablet,SUR,44,"$1,063.08",2024-08-25,992.02
9611,Laura Sanchez,Escritorio, Sur,14,765.39,04-07-2026,1704.63
3680,Camila Reyes,Monitor,Norte,47,$584.26,2026-02-21,1012.63
1312,Alejandro Diaz,Laptop,Sur,44,$903.59,Noviembre 18 2025,1063.3
7517,Ana Garcia,BOCINA,sur,29,"$1,259.35",Septiembre 9 2025,1175.85
9143,Miguel Flores,Mouse,Centro,39,$815.72,15/03/2024,1362.24
7032,Maria Lopez,MOUSE,Centro,40,810.42,Marzo 15 2025,1518.38
3672,Ana Garcia,Escritorio,sur,55,675.85,03-19-2025,970.88
651,Carlos Ramirez,Tablet,Norte,26,sin dato,Diciembre 4 2024,1355.35
2489,Jose Martinez,Silla,N/A,49,$770.43,Octubre 31 2024,1581.73
4540,Valeria Mendoza,Tablet, Centro,38,$491.45,Diciembre 27 2024,1442.06
7960,Miguel Flores, Escritorio,Centro,43,sin dato,Abril 30 2025,1438.05
5999,Jorge Morales,Mouse,Occidente,55,1190.88,Marzo 31 2025,1289.85
1582,Isabel Guzman,Mouse,Norte,42,"$1,288.25",01-08-2024,1580.87
4446,Luis Hernandez,Camara,Occidente,42,482.63,,1602.7
7726,Carlos Ramirez,Tablet,Occidente ,27,589.34,2026-04-03,1563.48
6856,Isabel Guzman,Monitor,Centro,18,688.08,01-29-2024,1350.94
4697,Ana Garcia,Silla,Sur,59,398.95,22/04/2025,1893.04
2899,Ricardo Vargas,Monitor,centro,43,1053.04,05/03/2024,1464.95
360,Maria Lopez,Impresora,Centro,46,765.02,Diciembre 15 2025,1481.92
4311,Paola Rios,Bocina,Centro ,22,sin dato,2025-01-09,1552.92
1961,Fernanda Castro,Bocina,sur,41,sin dato,04-21-2025,2056.77
8298,Fernanda Castro,Bocina,Occidente,24,$955.19,2024-08-29,1749.08
6177,Luis Hernandez,Teclado,OCCIDENTE,19,761.09,28/09/2025,1759.86
6186,Jorge Morales,Escritorio,OCCIDENTE,32,382.58,Enero 15 2026,1685.97
2205,Carlos Ramirez,TECLADO,Occidente,52,$863.77,04-18-2025,1664.6
7016,Jose Martinez,Camara,Centro,33,$949.54,28/04/2026,1801.66
420,Luis Hernandez,Escritorio,OCCIDENTE,24,883.35,09-20-2025,1693.0
4299,Alejandro Diaz,Impresora,sur,41,416.13,11/03/2025,1582.45
181,Valeria Mendoza,Escritorio,Norte,38,$983.44,Noviembre 28 2025,1343.68
9538,Fernanda Castro,Bocina,NORTE,51,$727.83,2024-01-18,1542.93
9122,Isabel Guzman,Silla,centro,37,"$1,351.49",2024-11-06,1722.27
4284,Carlos Ramirez,Escritorio,Norte,27,$984.90,Julio 16 2024,695.27
4057,Fernanda Castro,ESCRITORIO,Occidente,37,1173.59,2024-06-03,1645.82
9097,Valeria Mendoza, Impresora,Occidente,26,$959.06,2024-07-03,1114.75
6548,Laura Sanchez,Tablet,Centro,55,$50.00,07-12-2025,936.73
978,Isabel Guzman,Teclado, Sur,20,464.59,25/04/2026,1231.8
787,Pedro Aguilar,Tablet,Sur,45,554.06,Febrero 4 2024,1360.34
1958,Carlos Ramirez,Monitor,Sur ,36,601.05,13/05/2024,1246.9
371,Carlos Ramirez,IMPRESORA,Centro,34,$523.40,10-26-2024,2153.96
3428,Jorge Morales,Monitor,Norte,30,$477.45,08-14-2025,1269.29
5661,Laura Sanchez,Mouse,NORTE,31,"$1,287.95",04-14-2025,1027.04
9634,Isabel Guzman,Teclado,Sur,28,791.82,01-06-2024,1212.51
4883,Andres Ortiz,Monitor,Centro,44,$711.64,,1808.91
8688,Laura Sanchez,Mouse,occidente,27,$440.41,2024-01-25,1402.55
1183,Miguel Flores,Bocina,SUR,52,$610.90,10/05/2025,1171.25
4348,Jorge Morales,Camara,Occidente,36,661.51,2025-06-01,995.14
4095,Pedro Aguilar,Laptop,Centro,39,689.50,08-11-2025,1501.74
8919,Laura Sanchez,Camara,Occidente,63,868.03,Abril 18 2025,870.3
9029,Jose Martinez,LAPTOP,Occidente,58,474.26,2026-03-17,1766.35
3415,Andres Ortiz,Teclado,occidente,56,$681.51,2024-11-12,1271.39
9663,Laura Sanchez,Silla,Centro,48,458.25,2025-11-12,2142.34
2186,Camila Reyes,Escritorio,Sur,45,859.02,Junio 11 2026,2210.53
9474,Laura Sanchez,Impresora,centro,46,$806.96,07-16-2025,1759.53
8115,Valeria Mendoza,Mouse,Sur,22,$703.46,2025-05-16,1816.51
5971,Jose Martinez,Monitor,Centro,45,$900.46,12-05-2024,939.16
9626,Ricardo Vargas,Teclado,Norte,57,1125.37,2025-03-27,1534.49
5321,Alejandro Diaz,Bocina,Norte,42,$-352.36,11/04/2026,1350.72
1071,Camila Reyes,Tablet,Norte,36,$666.81,08-13-2024,1095.81
8044,Laura Sanchez, Tablet,Centro,25,$794.21,28/03/2026,1627.94
1556,Fernanda Castro,Mouse,occidente,51,"$1,674.84",Febrero 8 2024,1408.68
4450,Pedro Aguilar,IMPRESORA, Sur,43,1226.00,08/10/2024,1303.02
4283,Camila Reyes,Bocina,Centro,56,1289.42,Diciembre 27 2024,1308.48
3323,Paola Rios,Impresora,Centro,28,488.74,03-12-2025,1664.84
2977,Andres Ortiz,Laptop,NORTE,39,382.72,Agosto 1 2025,1790.36
4913,Isabel Guzman,Tablet, Occidente,37,"$1,103.74",09-22-2025,1563.35
6870,Andres Ortiz,MONITOR,Norte,35,"$1,742.82",2024-10-26,1453.34
2770,Isabel Guzman,Escritorio,Centro,33,1090.99,05-11-2025,1124.59
7296,Miguel Flores,TABLET,NORTE,31,1511.95,12/11/2025,1192.77
503,Andres Ortiz,Silla,sur,28,828.45,02/03/2026,1288.02
757,Daniela Cruz,Camara,Norte,27,$393.16,2024-04-05,1278.69
4076,Laura Sanchez, Impresora,Sur ,25,$525.55,07-31-2024,819.62
6434,Pedro Aguilar, Mouse,,60,58.58,11-23-2024,1808.85
7755,Alejandro Diaz,IMPRESORA,centro,47,$533.10,Marzo 25 2024,1270.07
2928,Ana Garcia,Impresora, Norte,59,929.47,Abril 25 2025,1134.9
2243,Diego Romero,Monitor, Centro,36,677.61,03-01-2025,1519.87
3335,Valeria Mendoza,Laptop,Norte,41,1055.10,Septiembre 25 2025,1575.36
532,Luis Hernandez,Mouse,Sur,16,$964.10,,1952.64
2087,Paola Rios,Silla,Sur,33,1222.56,Octubre 2 2024,1243.24
3304,Valeria Mendoza,Impresora,Sur,35,488.38,2026-05-25,1224.19
7667,Carlos Ramirez,Impresora,occidente,21,751.29,2025-06-02,850.4
5303,Ricardo Vargas, Monitor,Centro,29,$936.30,21/07/2025,1250.41
5346,Ana Garcia,Laptop,Centro,24,"$1,317.89",Marzo 20 2026,1602.55
4339,Ricardo Vargas,Impresora,Norte,37,1402.59,2025-10-04,1635.33
510,Sofia Torres,Tablet,Centro,46,871.54,2025-02-04,1973.08
1056,Pedro Aguilar,Escritorio,Centro,47,$493.13,19/03/2025,1251.9
7474,Andres Ortiz,Tablet, Sur,47,818.46,12-06-2025,1319.23
8597,Miguel Flores,Bocina,Sur,63,891.03,22/03/2025,1605.73
8500,Luis Hernandez,Escritorio,OCCIDENTE,32,$753.51,14/11/2025,732.83
1060,Sofia Torres, Monitor,Sur,46,1281.07,Mayo 30 2025,1599.43
9815,Maria Lopez,Escritorio,occidente,197,$939.04,Septiembre 26 2024,1425.17
7513,Miguel Flores,Impresora,CENTRO,31,"$1,120.11",,1174.83
7962,Ricardo Vargas,Bocina,Norte,34,$926.37,01-02-2024,1770.64
963,Fernanda Castro,Teclado,?,39,983.99,Octubre 31 2024,1174.81
5974,Sofia Torres,Escritorio,SUR,66,$746.60,26/01/2024,1620.37
6331,Fernanda Castro,Camara,Occidente,43,$601.89,2024-04-19,1318.37
6304,Andres Ortiz,Tablet,Centro,43,$865.60,09-28-2024,894.19
2065,Fernanda Castro,CAMARA,Centro,44,608.58,13/07/2025,1829.92
6076,Jorge Morales,Impresora,Norte ,31,"$1,193.34",Junio 26 2025,1534.86
626,Paola Rios,Teclado,norte,39,866.20,Septiembre 16 2025,1222.94
7592,Luis Hernandez, Silla, Occidente,37,sin dato,2024-06-13,1174.55
7495,Alejandro Diaz,Laptop,Centro,32,$516.66,Abril 25 2025,2024.36
6202,Ana Garcia,Laptop,Occidente,43,$672.16,Agosto 5 2025,1022.8
3718,Pedro Aguilar,Escritorio,Norte,53,652.97,13/04/2025,805.43
5779,Valeria Mendoza,Laptop,Sur,27,$566.18,08/02/2026,2043.32
4525,Andres Ortiz,Escritorio,Centro,50,sin dato,02-27-2025,796.28
1565,Alejandro Diaz,Silla,Centro,36,614.22,2024-08-17,1187.57
4843,Fernanda Castro,Mouse,Centro,31,$693.78,2025-05-02,1965.78
8317,Sofia Torres, Mouse,SUR,41,815.02,2026-06-15,879.33
9230,Laura Sanchez,Mouse,Centro,38,611.21,2024-05-17,1195.73
1116,Ana Garcia,Silla,Norte,36,644.03,Octubre 4 2025,1929.15
622,Paola Rios,Impresora,Occidente,55,"$1,066.24",Abril 4 2024,1716.02
7355,Sofia Torres,Laptop,Centro,26,1080.62,16/09/2024,1763.66
5472,Jorge Morales,Bocina,Sur,49,$757.00,,1510.73
2270,Isabel Guzman,Mouse,SUR,35,$650.28,11-30-2025,1155.94
6351,Fernanda Castro, Teclado,Sur,20,$838.48,19/01/2024,1448.97
5723,Camila Reyes, Teclado,Norte,25,$949.77,12-05-2024,1570.31
713,Ricardo Vargas,Camara,Norte,55,sin dato,Octubre 23 2025,997.96
3071,Alejandro Diaz,Silla,Sur ,17,sin dato,12/11/2025,832.35
327,Ricardo Vargas,Silla,Norte,39,sin dato,Mayo 5 2025,1807.36
2789,Laura Sanchez,Monitor,Centro,26,sin dato,2025-12-17,1331.93
7560,Sofia Torres,Teclado,N/A,29,1096.25,Mayo 29 2025,1290.11
3274,Fernanda Castro, Laptop,Occidente,33,sin dato,14/09/2025,1336.8
3946,Alejandro Diaz,Escritorio,centro,29,779.79,,1303.85
8158,Camila Reyes,Tablet,Centro,36,1110.54,17/05/2024,2220.54
6012,Laura Sanchez,Mouse,Norte,318,1185.14,12-14-2024,1921.91
3435,Luis Hernandez,Camara,Centro,26,501.15,18/01/2025,706.26
7631,Ricardo Vargas,Camara,Norte ,39,"$1,165.95",12/04/2024,1468.45
9487,Pedro Aguilar,Monitor,Occidente,25,833.10,Febrero 6 2026,1960.71
5451,Sofia Torres,Escritorio,Occidente,,329.35,03-17-2026,1284.23
6891,Daniela Cruz,Laptop,Norte,42,436.01,Diciembre 5 2024,960.16
2972,Laura Sanchez,Escritorio,Occidente,161,"$1,057.83",28/05/2026,1721.06
8569,Laura Sanchez,Bocina,Occidente,62,$566.71,Junio 8 2024,1473.21
1811,Fernanda Castro,Impresora,Sur,38,$605.10,12-31-2024,1472.22
2821,Jose Martinez,LAPTOP,Norte,37,1230.45,Agosto 22 2025,2015.11
9587,Carlos Ramirez,SILLA,Occidente,54,"$1,117.97",2026-05-10,999.6
8972,Laura Sanchez,CAMARA,centro,51,564.08,08-30-2024,1283.28
8595,Luis Hernandez,Teclado,Centro,33,"$1,243.43",2026-05-21,1391.43
5747,Jose Martinez,Camara,Norte,35,483.00,02/02/2026,1799.9
9666,Miguel Flores, Impresora,SUR,35,981.56,,1367.58
7887,Pedro Aguilar,Escritorio,Occidente,33,885.88,2025-03-15,1107.1
2712,Alejandro Diaz,Camara,occidente,59,"$1,055.10",2026-02-09,1361.76
2733,Andres Ortiz,Tablet,Centro,33,$891.07,2026-06-03,875.43
173,Ricardo Vargas,Impresora,norte,32,662.02,Noviembre 20 2025,1260.95
4499,Andres Ortiz,SILLA,centro,48,967.93,,1721.44
8098,Ricardo Vargas,Escritorio,Centro ,300,"$1,314.10",04-19-2026,1476.93
866,Ricardo Vargas,Monitor,Occidente,23,$907.52,07/04/2025,1586.59
7507,Carlos Ramirez,Monitor,norte,172,$86.68,30/09/2024,1422.2
3884,Diego Romero,Silla,Norte,40,$605.40,Enero 19 2024,837.65
6959,Ana Garcia,Impresora,OCCIDENTE,41,$845.72,28/04/2025,2006.93
1752,Laura Sanchez,Mouse,sur,40,$-626.67,29/12/2024,1572.85
2559,Isabel Guzman,Monitor,Norte,32,1138.98,32/13/2026,1049.46
9521,Alejandro Diaz,Monitor,Occidente,22,591.85,10/12/2024,1184.95
1760,Pedro Aguilar,Laptop,Norte,50,1245.88,2026-03-26,1543.34
1550,Carlos Ramirez,SILLA,Sur,43,$-825.55,09/01/2024,761.02
8019,Ana Garcia,TABLET,occidente,47,$846.22,2025-08-09,1624.33
1209,Daniela Cruz,Monitor,,48,1291.24,20/03/2026,1408.35
4056,Maria Lopez,Mouse,Centro ,56,716.39,Junio 18 2025,1068.83
1140,Daniela Cruz,Teclado,Occidente,41,1320.10,2026-02-16,783.32
9355,Camila Reyes,Laptop,sur,58,"$1,070.06",03/12/2024,950.38
6330,Carlos Ramirez, Escritorio,Centro,40,778.99,2025-12-13,1114.86
6731,Pedro Aguilar,Silla,Occidente,39,560.26,Junio 17 2025,1160.49
8560,Miguel Flores,Silla,norte,25,$636.58,Mayo 29 2024,1010.05
3041,Alejandro Diaz, Laptop,Centro,40,763.63,12/02/2026,2264.82
9514,Carlos Ramirez,Tablet,occidente,3,$387.65,29/03/2024,1041.92
7426,Fernanda Castro, Teclado,Centro ,45,$580.90,08/05/2025,1682.63
9377,Maria Lopez,Silla,Occidente,41,"$1,391.14",22/04/2024,988.76
3642,Camila Reyes, Mouse,Sur,17,493.04,Agosto 21 2024,1382.12
6196,Ana Garcia,Monitor,Norte,27,$791.25,32/13/2026,1617.45
6622,Camila Reyes,Mouse,Sur,36,1148.58,09-29-2025,1313.78
7108,Carlos Ramirez,Escritorio,Occidente,63,489.69,Diciembre 2 2025,1540.26
7466,Luis Hernandez,SILLA,Sur,60,$971.63,25/02/2026,1561.72
9379,Carlos Ramirez,LAPTOP,NORTE,26,sin dato,04-09-2024,1563.41
6501,Isabel Guzman,Tablet,Centro,37,"$1,155.51",05-08-2024,1188.52
192,Diego Romero,Silla,occidente,43,870.08,Diciembre 28 2025,1037.67
5884,Camila Reyes,Laptop, Occidente,23,560.83,05/12/2024,1599.46
7886,Laura Sanchez,Monitor,Sur,33,1003.32,2025-08-31,1000.11
9018,Maria Lopez,Mouse,SUR,29,1330.04,2025-03-24,882.21
8017,Pedro Aguilar,TECLADO,Occidente,31,1309.73,Marzo 8 2026,1158.85
440,Diego Romero,Monitor,Sur,41,$741.27,2025-04-25,1043.12
7738,Paola Rios,IMPRESORA,Sur,3,$720.97,2025-08-02,1516.9
1555,Sofia Torres,Mouse,Sur,23,338.98,01-11-2026,1650.82
3894,Jose Martinez,Tablet,Norte,41,1173.10,Febrero 22 2025,1173.09
665,Isabel Guzman,SILLA,Sur,40,$577.68,2025-08-07,2300.53
1425,Camila Reyes,TABLET, Occidente,47,sin dato,09-04-2025,1468.63
3169,Jose Martinez,ESCRITORIO,Norte,33,1046.74,24/05/2025,1620.82
9325,Diego Romero,Escritorio,Centro ,50,650.71,Febrero 16 2026,1323.26
6595,Miguel Flores,Impresora,Centro ,-2,$89.17,12/10/2024,1418.89
5054,Diego Romero,Escritorio,Centro,40,$748.46,Enero 3 2024,1095.63
6937,Jose Martinez,Camara,Centro,27,"$1,031.54",2025-03-11,882.41
1115,Laura Sanchez,Bocina,N/A,32,1005.66,Marzo 16 2026,1015.62
9371,Valeria Mendoza,Teclado,Centro ,32,$950.77,32/13/2026,726.59
8908,Paola Rios,SILLA,Norte,21,"$1,172.37",Abril 3 2024,1563.77
2317,Jose Martinez,SILLA,Norte,63,sin dato,2024-08-30,791.69
6941,Carlos Ramirez,Camara,Norte,35,$655.22,02-25-2024,1212.04
5989,Fernanda Castro,Silla,Occidente,50,1348.34,2026-02-17,1639.69
474,Andres Ortiz,Escritorio,Centro,41,678.17,Febrero 18 2025,1129.56
8586,Andres Ortiz,Monitor,centro,39,$617.41,32/13/2026,1921.72
496,Andres Ortiz,Bocina,Sur,22,573.50,07/10/2025,964.59
2131,Camila Reyes,Camara,Sur,32,759.38,Enero 6 2025,1362.65
707,Pedro Aguilar,Camara,Centro,32,"$1,030.58",12-15-2024,1019.13
7388,Diego Romero,BOCINA,norte,23,"$1,344.14",10/02/2025,1128.39
9133,Pedro Aguilar,MONITOR,Sur,52,sin dato,2024-12-10,1886.34
4099,Ricardo Vargas,Camara,centro,42,615.75,05/05/2026,1098.57
8643,Alejandro Diaz,Mouse,Norte,56,"$1,151.67",2026-03-27,966.47
7121,Daniela Cruz,Tablet,Sur,36,1534.77,2024-03-08,1108.25
3803,Sofia Torres,Laptop,Sur,59,869.11,Octubre 28 2024,1307.77
7498,Valeria Mendoza,Monitor,Centro,38,499.24,2024-11-08,1043.71
7809,Alejandro Diaz,Impresora,Sur,23,sin dato,04-24-2024,1538.67
9253,Diego Romero,Monitor, Norte,42,$834.90,03-03-2026,780.45
9978,Paola Rios,Mouse,Centro,28,187.67,Noviembre 26 2024,1354.2
9026,Isabel Guzman,Tablet,Centro ,52,"$1,025.50",32/13/2026,774.28
9275,Carlos Ramirez,Tablet,Sur,38,1105.48,2024-04-21,1035.69
4081,Fernanda Castro, Silla,Centro,44,"$1,108.36",2024-10-22,1185.51
1189,Diego Romero,Silla,norte,44,$784.84,04-22-2025,1488.88
3489,Alejandro Diaz,Monitor,Occidente,34,$999.13,28/02/2024,1531.26
4064,Maria Lopez,Silla,Centro,48,"$1,082.08",2024-03-30,1593.59
9010,Alejandro Diaz,Tablet,Occidente,31,$980.75,2026-06-07,1581.46
7415,Daniela Cruz,Laptop,Sur,47,999.73,30/09/2025,1307.47
4589,Luis Hernandez, Mouse,occidente,48,$221.00,Octubre 2 2025,1787.94
1475,Ricardo Vargas,Escritorio,Sur,61,$-826.27,Agosto 26 2025,1711.37
3537,Sofia Torres,MONITOR,CENTRO,,1054.33,27/10/2025,1805.72
5888,Ana Garcia,Camara,occidente,54,$480.45,08-01-2025,1617.86
1458,Ana Garcia,Tablet,Occidente,38,582.96,29/12/2025,2059.38
5353,Paola Rios,Silla,Centro,41,820.71,,1772.17
252,Laura Sanchez,Laptop,Norte,,400.56,2025-04-20,897.68
3126,Andres Ortiz,Laptop,Centro,45,"$1,093.75",2024-01-27,1566.25
1438,Andres Ortiz,Bocina,centro,46,$660.66,Febrero 2 2026,1495.68
333,Jose Martinez,Monitor,Occidente,33,"$1,455.14",10/03/2025,1008.05
4299,Alejandro Diaz,Impresora,sur,41,416.13,11/03/2025,1551.53
9960,Valeria Mendoza, Camara,Occidente ,57,1073.53,12/11/2025,1959.23
5422,Carlos Ramirez,Impresora,Occidente,45,sin dato,Febrero 21 2025,1589.16
7968,Jose Martinez,Camara,N/A,38,$245.84,2026-01-17,987.18
1738,Luis Hernandez,Silla,Sur,44,837.56,Abril 7 2026,1272.7
60,Paola Rios,Monitor,Centro,48,$914.78,2026-05-20,1549.21
6616,Daniela Cruz,Mouse,sin informacion,26,974.55,15/03/2026,1432.82
3582,Laura Sanchez,Escritorio,SUR,39,484.33,Febrero 7 2024,824.81
8692,Luis Hernandez, Bocina,Norte ,,"$1,214.91",Enero 11 2024,1297.35
6592,Paola Rios, Camara,N/A,21,$720.49,26/02/2024,2098.29
9339,Pedro Aguilar,Bocina,SUR,47,757.67,Mayo 20 2024,1023.24
1652,Camila Reyes,Bocina,Norte,7,886.17,04-21-2025,1260.37
1016,Paola Rios,Bocina,Norte,26,"$1,360.00",03-12-2025,1118.46
4184,Carlos Ramirez,Escritorio,Occidente,26,$757.31,Mayo 12 2025,1341.86
2691,Luis Hernandez,MOUSE,Norte ,45,1504.58,2026-06-03,1357.12
3326,Diego Romero,Mouse,Norte,30,667.30,2026-03-23,1592.7
2196,Miguel Flores,Monitor,Occidente ,58,467.44,19/06/2024,1521.13
2664,Miguel Flores,MOUSE,,33,$780.66,10-27-2024,988.21
9098,Maria Lopez,BOCINA,Occidente,27,1164.73,Diciembre 1 2024,1617.92
3504,Isabel Guzman,Silla,Norte,36,982.50,2026-04-03,1989.11
2699,Isabel Guzman,Silla,Norte,51,1080.80,01-25-2024,1796.78
3708,Sofia Torres,Bocina,,35,$360.74,Mayo 4 2026,1471.51
7729,Ana Garcia,Camara,Occidente,44,$989.26,2026-01-24,876.11
8607,Daniela Cruz,Escritorio,Sur,37,471.64,15/03/2025,1454.09
7098,Carlos Ramirez,Silla,Sur,35,210.14,,1205.49
8737,Carlos Ramirez,ESCRITORIO,Norte,39,$928.21,03-18-2026,1295.2
7133,Carlos Ramirez,Silla,centro,47,$871.74,2025-12-29,1686.06
9198,Jorge Morales,Bocina,Centro ,31,$-961.03,Julio 10 2025,804.0
7216,Jorge Morales,Camara,SUR,38,1021.04,2025-02-12,1447.7
5385,Diego Romero,Bocina,Sur ,45,sin dato,,638.47
4615,Carlos Ramirez,Teclado,norte,desconocida,$625.33,05-01-2026,1478.37
8320,Miguel Flores,Camara,Sur,43,696.35,27/08/2024,1283.69
6479,Isabel Guzman,Tablet,occidente,,1138.78,09-21-2025,1885.01
8289,Carlos Ramirez,Mouse,centro,51,807.64,28/12/2024,1725.86
3438,Jose Martinez,Teclado, Norte,38,1122.78,Agosto 20 2025,1343.38
6930,Diego Romero, Mouse,Centro,21,465.11,04-29-2026,1191.39
2311,Daniela Cruz,Laptop,Norte,42,$543.45,Septiembre 23 2024,1565.51
3618,Isabel Guzman,Camara,Norte ,52,"$1,400.08",12-01-2025,1771.81
9234,Luis Hernandez,Mouse,sur,48,664.61,04/12/2024,1547.25
1767,Alejandro Diaz,ESCRITORIO,Norte,36,685.29,11-19-2024,2071.31
2408,Isabel Guzman,Monitor,Norte,44,1251.44,12/08/2024,1502.09
351,Andres Ortiz,Laptop,Sur,45,546.20,Agosto 6 2024,1487.76
9310,Laura Sanchez, Mouse,Sur,34,$616.03,2026-01-06,1841.86
7965,Luis Hernandez,Impresora,sur,40,1416.52,10-25-2024,1118.95
919,Isabel Guzman,Mouse,Sur ,49,"$1,254.87",Mayo 2 2025,1363.41
9414,Miguel Flores,MONITOR,Centro,48,$283.36,Febrero 4 2025,860.89
2359,Jorge Morales,Silla,OCCIDENTE,38,1212.74,Septiembre 30 2025,1136.0
5827,Fernanda Castro, Silla,NORTE,36,$625.47,12-31-2024,1632.94
7222,Fernanda Castro,Mouse,centro,38,701.38,Abril 15 2024,1251.99
1646,Diego Romero,Monitor,Centro,30,$863.97,Septiembre 3 2025,1818.19
443,Jorge Morales,Impresora,centro,45,1209.19,2025-01-30,860.75
7122,Camila Reyes,Tablet,Centro,37,$609.15,Noviembre 27 2024,2134.32
8772,Camila Reyes,Mouse, Occidente,,"$-1,323.95",05/02/2025,1840.1
4467,Jose Martinez,Monitor,Sur,30,988.26,27/02/2026,1669.31
4122,Maria Lopez,Monitor,CENTRO,28,"$1,177.09",Enero 17 2025,1100.08
4438,Jorge Morales,Escritorio,Norte,-7,815.82,01/07/2024,1710.1
2433,Fernanda Castro,Impresora,norte,39,1168.51,2025-07-20,1413.21
3469,Andres Ortiz,Camara,Occidente,-4,$845.40,2024-07-28,1492.13
7691,Carlos Ramirez,Escritorio,N/A,-1,$858.51,08-09-2024,1456.39
6980,Paola Rios,Tablet,Occidente,41,$670.65,31/12/2024,1571.89
957,Miguel Flores,MOUSE, Norte,45,$682.96,2025-06-14,1558.86
1581,Ana Garcia,Bocina,Norte,37,$-867.90,32/13/2026,1502.38
6391,Laura Sanchez, Laptop,Norte,48,781.60,02-17-2026,1014.42
5881,Sofia Torres,Camara,sur,,707.28,08-03-2024,1575.78
6141,Isabel Guzman,Mouse,SUR,44,$931.63,04/03/2025,1428.13
2613,Valeria Mendoza, Teclado,Occidente,34,$822.63,06-22-2024,594.83
1223,Valeria Mendoza,Mouse,SUR,46,$894.57,2026-06-09,1692.88
6890,Valeria Mendoza,TABLET,Norte,47,1545.02,Junio 17 2025,1470.28
9228,Pedro Aguilar,ESCRITORIO,centro,42,856.84,2025-10-30,2283.35
8483,Laura Sanchez,Camara,Occidente,34,$743.22,Agosto 17 2024,827.41
6834,Camila Reyes,Bocina,Centro,21,$908.56,Julio 9 2024,1072.45
1819,Maria Lopez,Laptop,Centro,46,314.81,2026-04-04,1163.01
7789,Laura Sanchez,Tablet,Centro,26,$595.15,Agosto 6 2025,1443.25
9002,Fernanda Castro,Camara,Centro,53,$641.71,30/05/2026,1956.64
2395,Maria Lopez,SILLA,Occidente,23,388.92,05-04-2026,1766.09
3845,Valeria Mendoza,Impresora,Occidente,52,$640.50,08/01/2025,1422.42
716,Jorge Morales,Silla,Centro,41,"$1,222.18",13/04/2024,789.0
2366,Daniela Cruz,TABLET,Occidente,33,1121.34,11-26-2025,1435.75
4144,Maria Lopez,Laptop,Occidente,,$760.48,14/12/2024,1489.08
1856,Paola Rios,CAMARA,Occidente,42,$50.00,01-19-2024,1364.62
7468,Isabel Guzman,Mouse,Centro,41,$932.36,06-10-2025,485.3
2030,Maria Lopez,CAMARA,norte,40,1106.39,18/05/2024,1123.58
8222,Maria Lopez,Tablet,Sur,40,$962.20,Junio 12 2024,1086.61
6954,Laura Sanchez,Escritorio,Centro,33,sin dato,05-13-2024,1000.27
3977,Jose Martinez,Mouse,,40,750.02,04/08/2025,1479.19
6361,Valeria Mendoza,Teclado, Norte,52,898.44,Abril 2 2024,893.97
7721,Valeria Mendoza, Bocina,Centro,,611.82,07-12-2024,1551.05
2634,Daniela Cruz,Monitor,Centro,233,721.67,2024-05-30,1791.11
6814,Maria Lopez,Teclado,Occidente,35,$859.92,12/07/2025,1552.23
5724,Alejandro Diaz, Camara,CENTRO,21,850.65,Marzo 20 2024,1066.61
2465,Diego Romero,SILLA,SUR,36,$385.75,03-18-2024,1208.43
1062,Carlos Ramirez,Laptop,OCCIDENTE,47,822.04,02/12/2025,861.58
3084,Luis Hernandez,Silla,Centro ,24,$491.97,08/10/2024,1696.61
8014,Sofia Torres,Silla,Occidente,31,$658.56,2024-05-06,1512.23
9451,Daniela Cruz,Teclado,Norte,64,"$1,118.00",01/12/2024,1418.3
4835,Diego Romero,Laptop,Centro,34,$947.86,Noviembre 19 2024,1395.34
8883,Miguel Flores,Silla,Centro,37,535.30,12/01/2026,1772.42
8152,Carlos Ramirez,Tablet,NORTE,54,"$1,117.97",06-04-2026,1322.93
6379,Jose Martinez,ESCRITORIO,,30,906.11,2026-03-11,1519.19
8793,Ana Garcia,Laptop,Sur ,42,sin dato,10/11/2025,1834.4
2686,Jorge Morales,Mouse,Centro,48,"$1,173.20",Agosto 17 2025,1394.86
5951,Luis Hernandez,Camara,Sur,37,"$1,174.58",Junio 23 2025,897.22
5970,Ana Garcia,Escritorio,Centro ,46,$-895.49,14/04/2024,1869.59
7003,Sofia Torres,Laptop,N/A,48,"$1,499.91",09/02/2024,1288.14
4376,Valeria Mendoza,Impresora,Occidente,58,"$1,031.80",2024-10-26,1616.1
5618,Paola Rios,LAPTOP,CENTRO,38,842.43,2024-10-21,1414.63
5026,Camila Reyes,Tablet,Occidente,20,652.43,02-19-2026,1290.09
9186,Valeria Mendoza,Camara,,23,sin dato,Junio 13 2025,1780.22
7146,Daniela Cruz,Laptop,Occidente,39,sin dato,08-26-2025,1165.14
5193,Fernanda Castro,Laptop,Norte,54,365.08,05-01-2026,1003.3
4596,Miguel Flores,BOCINA,Centro,37,$659.51,Mayo 6 2026,1450.34
6014,Isabel Guzman,Impresora,Centro,42,397.02,2025-03-20,1767.47
4911,Ricardo Vargas,Laptop,Sur,58,"$1,315.22",01-03-2024,754.76
3497,Valeria Mendoza,Escritorio,Sur,51,1002.32,03-06-2024,1335.37
4484,Laura Sanchez,Impresora,centro,41,"$1,060.27",2025-04-02,1467.38
3987,Alejandro Diaz,Camara,Norte,39,727.71,Mayo 11 2026,1672.31
3166,Andres Ortiz,Silla,Sur ,38,729.92,2024-09-11,1798.06
8505,Luis Hernandez,Bocina,Norte ,39,$488.73,04/07/2025,1769.54
3936,Luis Hernandez,Camara,norte,41,776.94,17/04/2026,423.93
5931,Pedro Aguilar,MOUSE,Occidente,41,1021.32,2025-09-21,2229.84
6240,Fernanda Castro,Mouse,Sur,40,1123.93,Mayo 10 2026,1441.22
2748,Carlos Ramirez,Impresora,norte,48,$-382.15,08-21-2024,1147.73
3581,Jose Martinez,Escritorio,occidente,57,805.85,02/09/2025,2056.58
6732,Jose Martinez,Mouse,sur,55,712.46,Diciembre 13 2025,1652.83
666,Diego Romero,Monitor,Occidente,62,1213.50,2025-01-10,1504.05
1119,Daniela Cruz,BOCINA,NORTE,39,$309.03,03/06/2026,1923.56
3390,Laura Sanchez,Camara,Sur,27,509.57,2025-03-11,1316.68
1715,Ana Garcia,Tablet,Centro,35,333.06,2025-07-06,1696.42
7798,Paola Rios, Impresora, Centro,26,$868.69,11-03-2025,1231.49
7877,Pedro Aguilar,Tablet,Centro,44,"$1,161.15",,1237.84
9735,Miguel Flores,MONITOR,Centro,41,851.91,Noviembre 4 2024,817.62
9578,Laura Sanchez,Camara, Sur,53,$918.56,Marzo 18 2024,1195.03
748,Isabel Guzman,Teclado,Occidente,20,$729.47,Agosto 24 2025,1962.36
6276,Ana Garcia,BOCINA,sur,27,614.56,Abril 6 2024,1143.59
3907,Carlos Ramirez,Escritorio,centro,35,$829.77,06/04/2025,1870.32
8522,Carlos Ramirez,Impresora,OCCIDENTE,36,$422.67,Noviembre 22 2025,1717.15
2970,Jose Martinez,Teclado,Occidente ,28,$954.72,01-21-2024,1160.17
5138,Fernanda Castro,Silla,SUR,55,sin dato,07/09/2025,1349.3
589,Maria Lopez,IMPRESORA,Centro ,41,454.16,32/13/2026,1621.94
7107,Maria Lopez, Impresora,Occidente ,34,827.73,Febrero 13 2024,1008.03
4189,Alejandro Diaz,Laptop,Sur,42,709.83,Febrero 20 2026,1458.73
8276,Alejandro Diaz,Monitor,OCCIDENTE,47,"$1,062.53",32/13/2026,1353.21
8750,Camila Reyes,Escritorio, Sur,38,"$1,061.52",07-29-2025,1118.45
6744,Fernanda Castro,Laptop,Occidente ,10,520.30,05-04-2025,1078.03
2279,Carlos Ramirez,Monitor,Norte,34,$983.31,,1679.76
7188,Luis Hernandez,Tablet,SUR,53,$828.74,Marzo 8 2025,960.31
5110,Pedro Aguilar,Impresora,Sur,52,$840.56,2024-12-03,1388.34
2178,Jose Martinez,Escritorio,Norte,30,$-499.89,Julio 19 2024,1693.22
7221,Ricardo Vargas,Camara,Norte,36,$755.76,2025-06-07,1714.61
6912,Camila Reyes,Laptop,Norte,28,1228.90,05-25-2026,2002.66
9808,Laura Sanchez,Monitor,Norte,42,847.90,Noviembre 19 2024,1350.37
1839,Isabel Guzman,Teclado,Occidente ,28,"$1,050.35",14/07/2024,1955.06
7540,Jose Martinez,Mouse,Centro,51,"$1,254.61",Agosto 12 2025,534.35
5841,Maria Lopez,Escritorio,,58,$128.17,10-21-2025,1681.78
6369,Laura Sanchez,Monitor,Norte,51,"$1,086.93",Septiembre 28 2024,1182.49
5997,Laura Sanchez,Teclado,Norte,39,$994.25,18/08/2025,1829.94
3693,Laura Sanchez,Laptop,occidente,53,872.25,2025-10-14,1083.04
1769,Daniela Cruz,Silla,Sur,46,775.52,2025-10-18,1385.49
2025,Isabel Guzman,Laptop,Centro,34,$-980.76,2024-12-03,1715.09
9103,Isabel Guzman,Bocina,CENTRO,51,$556.82,2024-07-21,1083.44
988,Jorge Morales,Mouse,OCCIDENTE,41,756.71,15/01/2024,1164.6
9612,Andres Ortiz,Silla,Occidente,38,$999.53,2025-04-05,1294.24
9919,Diego Romero,Escritorio,Norte,47,535.79,11-15-2024,1425.31
947,Carlos Ramirez,Escritorio,Sur,54,898.55,24/05/2026,1417.1
5570,Diego Romero,Tablet, Centro,17,$840.50,27/10/2024,1651.15
3153,Fernanda Castro,Mouse,Occidente,34,"$1,087.79",Diciembre 3 2025,938.44
9958,Jose Martinez,Mouse,norte,50,448.94,Junio 3 2024,1145.4
659,Jose Martinez,Escritorio,Norte,26,976.36,04-13-2025,1582.55
5716,Daniela Cruz,Impresora,?,,652.16,2025-12-09,1520.38
6871,Jorge Morales,Camara,Occidente,38,$779.08,24/04/2026,2120.79
8403,Maria Lopez,CAMARA,,36,421.82,31/05/2026,1648.45
1642,Maria Lopez,Impresora,Occidente,21,"$1,128.47",,2075.11
9132,Pedro Aguilar,Impresora,Sur,39,$932.87,09/06/2026,1883.45
2447,Diego Romero, Mouse,CENTRO,50,1133.09,2024-07-08,1042.71
7045,Miguel Flores,Impresora, Occidente,201,$951.59,Octubre 14 2024,1316.57
5334,Ricardo Vargas,Camara,sur,39,"$1,180.24",2024-04-08,1586.19
8749,Andres Ortiz,MONITOR,Sur,12,$398.22,Julio 21 2025,1474.17
1073,Jose Martinez,Tablet,sur,26,sin dato,19/05/2024,1918.48
8210,Paola Rios,Bocina, Occidente,71,$391.86,09-04-2024,1635.55
3555,Camila Reyes,Camara,Occidente,18,sin dato,,1723.33
5201,Jose Martinez,Escritorio,Centro,26,50.00,08-01-2025,1263.12
1263,Jose Martinez,Silla,Norte,34,1036.73,09-11-2025,1614.47
9946,Luis Hernandez,Escritorio,Sur,33,746.38,09/05/2025,1120.08
5171,Ana Garcia,Tablet, Norte,31,"$1,084.09",Septiembre 17 2025,1547.5
8935,Laura Sanchez,Impresora,Occidente ,43,681.08,19/02/2026,1096.68
471,Sofia Torres,Silla,Norte,35,$738.36,10/11/2024,1613.96
1488,Maria Lopez,Laptop,Occidente,60,1111.40,32/13/2026,1776.21
5183,Isabel Guzman,Bocina,centro,49,"$1,187.93",Agosto 18 2024,1599.49
4050,Fernanda Castro,ESCRITORIO,Centro,34,1014.32,24/12/2024,817.38
8925,Maria Lopez,Mouse,Occidente,48,$473.87,03-03-2024,1345.61
6509,Miguel Flores,Monitor,NORTE,55,838.88,02/04/2025,125000.0
4691,Laura Sanchez,Tablet,sur,34,$816.40,Enero 15 2024,1270.72
4857,Andres Ortiz,Monitor,Centro,28,433.96,2025-04-16,1620.99
2156,Andres Ortiz,Teclado,sin informacion,55,879.24,Enero 9 2025,125000.0
7267,Pedro Aguilar,Bocina,Norte,37,"$1,356.20",2024-04-26,1470.93
4882,Diego Romero,IMPRESORA,Sur,25,$942.25,01-07-2025,463.1
5565,Maria Lopez,Laptop,Norte,17,839.69,26/04/2025,1831.4
2773,Carlos Ramirez,Mouse, Norte,52,$585.58,Octubre 5 2025,1396.87
8823,Jose Martinez,Bocina, Centro,40,1081.33,13/04/2025,1505.42
5499,Jose Martinez,Laptop, Norte,23,922.12,07-12-2024,1642.41
8777,Daniela Cruz,Mouse,Occidente,48,$438.71,2025-08-16,1492.06
3324,Miguel Flores,Impresora,Sur,23,"$1,602.94",2025-03-05,1869.58
8864,Camila Reyes,Escritorio,Occidente ,54,916.15,01-03-2025,1904.72
6342,Camila Reyes,Monitor, Centro,30,1417.67,11-17-2025,1327.36
8052,Camila Reyes,Tablet,norte,17,$926.91,21/01/2024,1227.92
3911,Sofia Torres,Monitor,N/A,34,1283.61,2025-02-15,1451.22
1702,Pedro Aguilar,Tablet,Sur,53,$783.85,2026-01-20,1528.89
8634,Carlos Ramirez,Teclado,OCCIDENTE,17,$721.15,27/04/2026,2122.96
1536,Daniela Cruz,Camara,Norte,,$677.17,05-05-2026,1337.88
5488,Daniela Cruz,Teclado,Norte ,36,sin dato,02-05-2026,806.13
5224,Jorge Morales,Teclado,Centro,36,1127.18,26/06/2024,1034.34
1190,Sofia Torres,Monitor,Norte,25,940.18,2024-09-06,1427.79
9441,Camila Reyes,Laptop,sur,31,901.85,08/03/2026,1328.47
741,Carlos Ramirez,Impresora,Sur,40,734.37,2025-10-20,1860.71
130,Daniela Cruz,Escritorio,Occidente,30,1303.21,03/05/2024,1731.7
3355,Andres Ortiz,Camara,centro,53,785.95,2025-06-23,1374.12
1410,Ricardo Vargas,Tablet,sin informacion,26,sin dato,03-17-2026,1218.82
3095,Fernanda Castro,Tablet,norte,58,521.54,02-09-2024,1710.5
2725,Miguel Flores,Tablet,Norte,,"$-1,048.08",31/01/2025,1355.36
6458,Ricardo Vargas,Tablet,Centro,38,"$1,168.92",Abril 17 2026,1272.74
46,Fernanda Castro,TABLET,sin informacion,43,1144.11,32/13/2026,1434.83
3767,Jorge Morales,Teclado,Occidente,22,$850.80,02-09-2026,1957.7
2041,Pedro Aguilar,Impresora,Centro ,36,1002.56,2025-08-07,1344.82
6175,Sofia Torres,Teclado,Occidente,39,1029.59,2024-03-10,909.33
10000,Daniela Cruz,Bocina,norte,30,1205.35,07/09/2024,1680.82
9582,Fernanda Castro,Camara,Centro,34,$911.65,2026-01-05,1663.28
2868,Alejandro Diaz,Tablet,Sur,30,611.33,04/10/2025,1096.09
4186,Fernanda Castro,Silla,Centro,44,760.22,2024-10-06,1805.46
5441,Miguel Flores,Escritorio,Sur,34,526.28,07-10-2024,1160.47
9074,Valeria Mendoza,Teclado,Occidente,25,"$1,035.37",17/03/2024,1346.32
3158,Pedro Aguilar, Teclado,Centro,24,670.55,32/13/2026,1012.11
7985,Luis Hernandez,Laptop,Occidente,39,1109.62,2025-01-22,1936.24
6497,Valeria Mendoza,Bocina,Sur,29,726.47,2024-04-02,1507.29
9966,Diego Romero,Teclado,Centro,31,1610.60,Febrero 20 2025,1717.42
6746,Valeria Mendoza, Camara,Norte,32,"$1,116.04",06-01-2025,1083.57
1850,Daniela Cruz,Mouse,sin informacion,57,1274.71,20/11/2024,1926.72
7431,Maria Lopez,Impresora,Norte,38,$614.72,12/06/2025,1248.27
337,Miguel Flores,Laptop,Sur,50,sin dato,Septiembre 23 2024,2138.32
1283,Valeria Mendoza,Impresora,Occidente,46,778.78,Febrero 16 2026,1439.52
7118,Camila Reyes,Laptop, Sur,42,$859.31,06/04/2025,1979.3
4943,Jorge Morales,ESCRITORIO,SUR,46,"$1,381.00",2025-07-17,1232.24
4030,Ana Garcia,Monitor,Sur,43,$610.98,Julio 26 2024,1337.98
2562,Laura Sanchez,Teclado,Occidente,54,1095.14,03-17-2024,1602.92
1052,Fernanda Castro,BOCINA,Sur,31,1400.39,Marzo 31 2025,2046.1
4543,Jose Martinez,Silla,Centro,51,641.28,05-31-2025,1642.56
8645,Diego Romero, Camara, Occidente,11,$921.32,09-25-2024,650.46
189,Jorge Morales,Camara,Occidente,45,559.14,08/06/2024,968.01
4818,Alejandro Diaz,Mouse,OCCIDENTE,49,865.06,12/12/2024,1424.05
2639,Maria Lopez,Escritorio,sin informacion,42,926.29,19/12/2025,1183.86
7027,Paola Rios,Laptop,Sur,35,$961.30,05-10-2024,1052.34
6085,Ana Garcia,Laptop,Norte,25,277.37,2024-04-07,1395.79
8718,Diego Romero, Escritorio, Norte,42,"$1,053.73",Febrero 11 2025,878.64
6667,Jorge Morales,Impresora,Occidente,193,$823.85,2026-01-16,1641.63
7716,Ricardo Vargas, Camara,Norte,47,$-509.45,02-02-2026,1714.89
5814,Luis Hernandez,Camara,sur,29,sin dato,01-28-2025,1564.58
2159,Fernanda Castro,Camara,Occidente,21,743.71,05/04/2025,1212.15
4815,Fernanda Castro,Monitor,Occidente,35,647.24,17/04/2025,1296.29
6155,Valeria Mendoza,Laptop,norte,28,$740.44,11-25-2025,1699.62
861,Isabel Guzman,Silla,Centro,47,$848.04,20/08/2024,946.37
5290,Sofia Torres,Monitor,Centro,41,"$1,077.73",26/02/2025,1475.21
8326,Ricardo Vargas,Silla, Norte,27,"$1,226.68",2025-08-24,2312.73
4355,Jose Martinez,Laptop,Occidente,31,"$1,005.18",05-25-2024,1270.19
6373,Andres Ortiz,TECLADO,norte,33,1084.63,Enero 27 2024,1573.68
3859,Valeria Mendoza,Camara,Sur,38,729.86,15/11/2024,1769.48
424,Sofia Torres,Camara,Norte,47,$851.75,Octubre 15 2025,850.89
428,Fernanda Castro,Bocina,,49,$777.24,12-28-2025,1703.07
9338,Carlos Ramirez,Escritorio,Occidente,39,"$1,026.24",Febrero 8 2024,1270.11
8782,Maria Lopez,Escritorio,Norte,50,$817.91,Abril 16 2025,1777.25
9853,Jose Martinez,Tablet,NORTE,50,$-515.47,2026-05-29,1013.66
204,Andres Ortiz,Camara,occidente,35,"$1,446.38",30/10/2025,1298.07
4986,Laura Sanchez,Laptop,Sur,38,$863.19,2025-07-17,1283.6
4125,Jose Martinez,Tablet, Norte,48,1034.60,24/10/2025,931.89
6868,Jorge Morales,Silla, Occidente,47,$770.91,Febrero 18 2026,981.63
9369,Sofia Torres,Tablet,centro,48,573.23,13/12/2025,622.16
5234,Daniela Cruz,Silla,centro,36,sin dato,Julio 31 2024,1382.03
6268,Jose Martinez,Teclado,OCCIDENTE,32,864.72,29/12/2024,1137.17
319,Jose Martinez, Monitor, Norte,28,$364.17,2024-04-20,1640.08
4101,Carlos Ramirez,Monitor,Occidente,46,815.08,Diciembre 5 2025,1095.5
3474,Laura Sanchez,Bocina,Occidente,46,1105.62,2025-08-03,1787.66
1216,Daniela Cruz,Monitor,Sur,44,"$1,401.42",32/13/2026,1273.96
7330,Sofia Torres,Teclado,occidente,33,$703.35,04-09-2024,693.3
4470,Carlos Ramirez,Escritorio,Sur,37,$953.39,01-07-2026,1356.05
1735,Valeria Mendoza,Monitor,NORTE,42,$954.41,2024-06-30,1115.49
635,Miguel Flores,Silla,Centro,39,"$-1,214.60",2024-09-15,1293.2
9157,Luis Hernandez,MONITOR,norte,62,sin dato,2026-05-23,915.36
272,Daniela Cruz,Silla,occidente,61,1153.82,20/06/2025,1230.73
4259,Paola Rios, Laptop,Centro,23,$50.00,01-20-2026,1592.43
1558,Isabel Guzman,Camara,Sur ,41,1364.68,06-25-2025,1613.0
1353,Sofia Torres,Escritorio,Norte ,63,$502.01,2024-04-29,1839.61
6709,Alejandro Diaz,MOUSE,Centro,57,$499.21,2026-06-02,711.39
3116,Camila Reyes,Bocina,Centro,36,603.52,10/10/2024,713.58
1043,Carlos Ramirez,Silla,Norte,41,588.92,Enero 26 2025,1656.65
4418,Fernanda Castro,Camara,NORTE,41,1251.03,2026-05-05,1818.99
1956,Camila Reyes,Bocina,Norte,57,1416.42,17/01/2024,1452.68
6248,Fernanda Castro,Mouse,Occidente,52,$680.04,2026-05-09,1414.59
4233,Miguel Flores,Teclado,Occidente,44,"$1,082.03",2024-06-08,1837.23
6850,Ana Garcia,CAMARA,Norte,21,909.41,2025-05-29,1240.33
4737,Pedro Aguilar,TABLET,Norte,58,$412.58,07/08/2024,1286.42
8406,Jorge Morales,TABLET, Occidente,60,$912.03,2025-07-08,1568.75
2439,Pedro Aguilar,Escritorio,Centro,28,1330.93,2024-10-31,2014.18
3689,Pedro Aguilar,Teclado, Occidente,48,698.83,06/08/2024,868.68
2007,Miguel Flores,Laptop,centro,46,$868.31,2024-09-05,1607.23
1812,Paola Rios,Bocina,Sur,43,$967.45,2025-08-16,1598.58
4518,Maria Lopez,Monitor,sin informacion,41,$729.01,30/10/2025,1395.03
1648,Ricardo Vargas,SILLA,Norte,28,"$-1,243.19",28/05/2025,967.22
7454,Ana Garcia,TECLADO,centro,50,1334.55,Enero 8 2025,1573.21
8938,Daniela Cruz,Laptop,Sur,37,1171.56,11-05-2025,1308.97
5465,Luis Hernandez,Impresora,Occidente,54,$974.71,2025-03-10,1638.45
3338,Pedro Aguilar,MOUSE,CENTRO,36,$644.01,24/09/2025,1022.3
4884,Maria Lopez, Tablet,Centro,36,$838.76,2025-03-08,864.38
9793,Andres Ortiz,Laptop,Norte,62,$903.30,2025-04-11,1223.96
8974,Ricardo Vargas,Laptop,Centro,72,348.77,Octubre 8 2025,1509.02
3443,Isabel Guzman,Silla,Norte,30,$843.79,Enero 13 2024,1097.15
3356,Miguel Flores,Silla,Sur ,45,620.43,27/01/2024,1185.76
5936,Jorge Morales,Teclado,Norte,22,"$1,053.65",Marzo 4 2026,764.0
9509,Pedro Aguilar,Camara,Sur,25,"$1,412.35",Agosto 5 2024,1043.66
9986,Ana Garcia,Silla,Sur,47,$866.49,16/03/2024,720.19
1776,Maria Lopez,Escritorio,Norte,12,1122.39,,1464.18
8732,Isabel Guzman,Bocina,Sur ,33,966.32,2024-01-17,1591.87
3399,Andres Ortiz,Teclado,norte,38,$859.12,Mayo 8 2026,623.99
9048,Sofia Torres,Monitor,sur,24,$610.03,26/10/2024,1445.06
934,Camila Reyes,Laptop,centro,40,"$1,309.95",01/09/2024,1174.38
6711,Luis Hernandez,Impresora,Norte,31,626.67,10/04/2024,1649.11
9603,Isabel Guzman,Bocina,sur,42,$891.10,2024-06-01,1751.26
4837,Jorge Morales,Camara,sur,43,"$1,002.74",19/08/2024,1026.14
9918,Daniela Cruz,Laptop,Norte ,46,1274.11,Marzo 29 2026,1531.23
6782,Jorge Morales,Escritorio,Occidente,31,$62.05,29/01/2026,1187.21
9031,Paola Rios,Silla,CENTRO,33,$509.09,08/04/2024,995.72
9349,Isabel Guzman,Laptop,SUR,62,"$1,420.02",2025-03-12,2051.72
4478,Diego Romero,Escritorio,Norte,25,1171.27,08-28-2024,1289.37
8402,Camila Reyes,Bocina,Norte ,,$311.99,Marzo 13 2025,784.22
1615,Jorge Morales,Mouse,Sur,24,1083.35,07-20-2024,1215.18
7073,Paola Rios,Camara,Centro,28,"$1,223.33",01-08-2025,1522.26
5503,Pedro Aguilar,Laptop,Centro,42,446.98,21/12/2024,1692.48
427,Sofia Torres,Bocina,OCCIDENTE,51,703.62,05-26-2024,1529.19
1704,Laura Sanchez,Monitor,Sur,33,658.39,2026-04-23,1534.5
3635,Carlos Ramirez,Mouse, Sur,235,1009.95,Julio 1 2025,2039.36
7333,Alejandro Diaz,Silla,Occidente,15,$772.38,2025-08-08,1869.41
7744,Jorge Morales,Mouse,Centro,43,582.24,Marzo 19 2024,1001.23
2164,Ana Garcia,Bocina,centro,36,"$1,085.56",03-22-2026,1099.65
3291,Sofia Torres,Bocina,N/A,14,819.86,Mayo 4 2026,1717.07
1327,Valeria Mendoza,Impresora,Centro,35,712.04,2024-10-11,1165.76
5031,Sofia Torres,Impresora,Centro,42,"$1,355.22",2026-02-17,1234.42
464,Valeria Mendoza,Laptop,OCCIDENTE,15,900.26,2026-01-08,1258.15
2312,Daniela Cruz,Mouse,Norte,41,"$1,021.30",Noviembre 12 2025,1574.28
4473,Sofia Torres,Silla,SUR,14,$683.33,2024-07-07,1074.59
6842,Fernanda Castro,Mouse,Sur,36,"$1,059.58",08-24-2024,2254.2
7816,Ricardo Vargas,Camara,sur,51,$657.45,28/08/2025,1859.4
5177,Pedro Aguilar,Monitor,Centro,38,$837.98,2024-05-12,1365.03
6420,Camila Reyes,Laptop,Norte,34,472.65,08-30-2025,1486.47
8056,Diego Romero,Monitor,Occidente,29,$592.46,23/06/2025,1764.1
6037,Miguel Flores,Tablet,Centro,38,$920.43,Diciembre 20 2024,1858.5
5554,Jose Martinez,Camara,Sur,-4,1311.60,2025-07-02,1116.7
3336,Ana Garcia,Escritorio,Norte,38,"$1,019.50",Marzo 3 2026,1593.36
9990,Daniela Cruz,Monitor,Sur,33,$311.54,Marzo 5 2025,809.85
6625,Miguel Flores, Tablet,Norte,34,996.05,08/05/2025,1517.87
6090,Valeria Mendoza, Escritorio,Occidente,33,$548.60,2025-08-31,1748.43
6796,Ana Garcia,Monitor,Centro,33,sin dato,,1510.98
9906,Diego Romero,Monitor,Occidente,29,$753.78,Septiembre 15 2025,1784.77
6176,Valeria Mendoza,Tablet, Sur,49,1123.53,09-06-2025,788.96
2121,Paola Rios, Silla,Centro,56,"$1,112.95",2026-01-17,1654.2
399,Alejandro Diaz,Silla,NORTE,38,"$1,077.04",2024-09-27,1224.38
1985,Ricardo Vargas,Tablet,Occidente ,52,$717.72,2025-07-31,1162.62
7596,Ricardo Vargas, Camara,norte,,918.90,2024-07-05,954.39
4547,Miguel Flores,CAMARA,Sur,23,1020.35,Mayo 30 2025,1229.3
2963,Daniela Cruz,Tablet,sur,26,$451.81,Mayo 15 2024,1257.23
8404,Jose Martinez,Mouse,centro,52,$564.61,09/10/2024,1619.94
7048,Sofia Torres,CAMARA,Occidente,64,$791.07,22/09/2025,1013.98
136,Luis Hernandez,Camara,Norte,37,$743.90,Mayo 5 2025,1074.6
9660,Luis Hernandez, Silla,OCCIDENTE,43,296.61,19/06/2024,1937.09
8355,Diego Romero,Tablet,Centro ,49,$894.06,10/06/2026,653.42
231,Ricardo Vargas,Camara,Occidente ,41,1086.99,06/07/2024,828.36
2742,Camila Reyes,Tablet,sur,24,$848.53,22/06/2025,1119.25
7622,Jorge Morales,Bocina,Sur,21,"$1,043.71",09-29-2024,1614.28
6148,Carlos Ramirez,Mouse,Norte,24,980.71,2024-01-05,820.88
7292,Carlos Ramirez,Bocina,sur,32,1003.50,Octubre 16 2024,898.84
4750,Carlos Ramirez,Impresora,sur,17,$746.08,Marzo 21 2025,777.31
7250,Camila Reyes,MOUSE, Norte,42,1215.63,2025-07-08,1019.51
1948,Jorge Morales, Silla,Occidente,32,377.94,32/13/2026,1172.85
7396,Laura Sanchez,Camara, Sur,-9,"$-1,063.87",09-26-2025,1393.57
2016,Maria Lopez,Impresora,sur,41,670.34,2026-04-14,1216.27
2856,Paola Rios,LAPTOP,Norte,20,$890.01,Junio 28 2025,1377.31
9835,Diego Romero,Laptop,CENTRO,59,1260.75,Marzo 16 2026,984.07
965,Laura Sanchez,Mouse,Occidente,46,$-50.00,Julio 23 2025,1344.26
9708,Andres Ortiz,Tablet,Occidente,39,1014.82,Diciembre 30 2024,1494.59
7067,Alejandro Diaz,Camara,Occidente,28,1142.94,Julio 28 2025,1471.1
7104,Sofia Torres,Silla,OCCIDENTE,31,$894.22,11-07-2025,1488.37
6311,Maria Lopez, Silla,Sur,44,1052.95,2024-05-28,1895.88
1941,Isabel Guzman,Camara,norte,46,"$1,634.42",12/07/2024,1268.64
4864,Diego Romero,Silla,Centro,43,1526.88,2026-01-28,1394.51
158,Ricardo Vargas,Tablet,CENTRO,32,"$1,078.18",2025-04-05,927.84
8255,Jorge Morales,TABLET,Sur,18,$670.52,2024-11-27,1262.96
8162,Ana Garcia,Mouse,Occidente,37,1512.80,Marzo 10 2025,1089.32
8773,Ana Garcia,Teclado,Sur,21,$635.61,2024-04-03,1065.54
8373,Miguel Flores, Mouse,Centro,50,"$1,297.06",04/03/2024,1539.34
962,Carlos Ramirez, Tablet,NORTE,44,sin dato,09-28-2024,1808.07
1241,Diego Romero,Monitor,Occidente,29,119.93,04-26-2026,1846.32
5640,Pedro Aguilar,Bocina,centro,22,"$1,297.42",09-06-2024,1776.72
3512,Ana Garcia, Escritorio,NORTE,39,$574.10,Marzo 21 2025,1393.21
980,Alejandro Diaz,LAPTOP,Centro,46,$735.72,06/01/2024,1345.11
8837,Ana Garcia,Escritorio,OCCIDENTE,29,"$-1,204.21",,1460.53
3806,Camila Reyes,Laptop,Centro,44,$974.27,Marzo 25 2026,1638.52
3113,Isabel Guzman,MONITOR,Centro ,269,946.91,2025-08-27,1769.46
8955,Pedro Aguilar,Tablet,centro,41,"$1,296.76",07-31-2024,1457.28
2345,Sofia Torres,BOCINA,Occidente,55,sin dato,29/07/2024,1164.65
5798,Luis Hernandez,Bocina,sur,32,763.44,2026-05-23,76000.0
6111,Sofia Torres,Bocina,Occidente,42,$968.32,Agosto 25 2025,1658.44
5825,Andres Ortiz,Monitor,OCCIDENTE,36,656.33,Febrero 11 2024,1284.82
5695,Luis Hernandez,Silla,Sur,33,$-895.45,07/03/2025,1070.41
9639,Laura Sanchez,Camara, Sur,30,"$1,102.62",2024-02-01,1542.87
2191,Andres Ortiz,Monitor,Sur,38,587.87,15/05/2026,548.92
4102,Diego Romero,Bocina,,32,438.76,32/13/2026,876.39
954,Andres Ortiz,Monitor,sin informacion,62,$536.41,01-09-2026,1695.47
8513,Ana Garcia,TABLET,SUR,44,1190.62,Marzo 16 2026,1598.34
9671,Diego Romero,Tablet,OCCIDENTE,31,$256.28,2025-07-02,910.46
505,Carlos Ramirez,Silla,Centro,38,732.19,02/02/2024,1289.18
9141,Camila Reyes,Tablet,Sur,32,$688.61,Enero 23 2026,1832.16
5547,Isabel Guzman,Camara,Sur,21,sin dato,Enero 24 2026,1305.27
8249,Jose Martinez,Bocina,Occidente ,41,875.83,2026-05-24,1341.88
4970,Isabel Guzman,Mouse,Occidente,47,$783.08,Marzo 24 2026,1340.18
8576,Maria Lopez,Camara,norte,43,$637.00,Diciembre 18 2025,1319.78
4680,Fernanda Castro,Monitor,SUR,43,$783.68,03-18-2026,1489.1
3015,Isabel Guzman,CAMARA,Norte,15,1364.79,Abril 12 2024,1763.87
8680,Sofia Torres,Teclado,Norte,27,"$1,124.17",Febrero 22 2025,1613.39
8349,Miguel Flores,Impresora,Sur,60,$694.80,Noviembre 4 2024,953.08
4298,Jorge Morales,Impresora,centro,40,$472.26,Enero 28 2025,1406.02
8134,Sofia Torres,Camara,Occidente,26,"$1,195.43",2025-02-22,1255.77
4115,Andres Ortiz,Teclado,SUR,41,sin dato,Octubre 1 2025,1507.19
2637,Camila Reyes,Laptop,Centro,22,$-889.82,Junio 20 2025,1512.21
5830,Luis Hernandez,Teclado,Centro,59,443.23,08-21-2024,1119.68
8998,Ana Garcia,Bocina,Centro,35,1136.13,,1173.98
3523,Jose Martinez,Teclado,Sur,19,$947.23,Febrero 8 2026,1313.0
2382,Luis Hernandez, Camara,Norte ,36,"$-1,073.11",Marzo 25 2024,1819.76
6425,Sofia Torres,Escritorio,sur,39,"$1,075.26",2024-08-02,785.14
7559,Luis Hernandez,Teclado,Centro,47,$861.77,01-24-2024,1380.61
9061,Diego Romero,Bocina,?,43,687.34,2025-11-15,1676.0
8003,Jorge Morales,BOCINA,Centro,10,$778.66,26/11/2025,2225.26
5760,Alejandro Diaz,Tablet,Sur,58,$857.08,09-06-2024,1862.81
4594,Alejandro Diaz,Camara,sur,75,1318.86,2024-09-21,2160.27
8864,Camila Reyes,Escritorio,Occidente ,54,916.15,01-03-2025,1926.06
3037,Carlos Ramirez,Silla, Centro,29,$-989.78,Febrero 18 2026,1579.68
6099,Maria Lopez,Laptop,occidente,24,793.43,07/10/2025,1486.46
690,Luis Hernandez, Silla,Norte,44,$946.97,2025-11-12,1782.51
370,Isabel Guzman,Laptop,centro,31,$525.93,2025-07-13,1524.64
9452,Pedro Aguilar,SILLA,Sur,36,$239.53,Marzo 20 2025,1727.41
79,Andres Ortiz,TABLET,Occidente,42,$635.19,28/01/2026,1663.99
9283,Pedro Aguilar,Impresora,Norte,35,sin dato,04/11/2025,1915.66
5740,Jose Martinez,Bocina,Sur,31,803.38,Abril 8 2026,1290.8
9857,Ricardo Vargas,MOUSE,occidente,37,790.35,32/13/2026,800.25
4328,Camila Reyes,Laptop,Sur,22,681.86,2026-04-30,1254.62
2551,Jorge Morales,Impresora, Norte,48,443.21,32/13/2026,1597.66
5442,Andres Ortiz,Monitor,centro,24,$477.47,2025-08-14,1171.66
9780,Isabel Guzman,Escritorio,centro,49,$436.15,Agosto 5 2025,1412.54
4693,Carlos Ramirez,Camara,,36,sin dato,2024-02-04,1618.58
6445,Ricardo Vargas,Teclado,norte,32,$684.08,19/01/2024,1483.3
8013,Valeria Mendoza,Impresora,Norte,39,698.33,03-24-2024,1903.53
4474,Ana Garcia,Bocina,Centro,35,717.42,Octubre 9 2025,1316.14
1306,Valeria Mendoza, Monitor,CENTRO,27,$206.74,Diciembre 8 2025,1470.16
3010,Sofia Torres,Escritorio,occidente,30,$479.27,19/09/2024,1904.34
8323,Alejandro Diaz,Teclado,Sur,48,789.78,,1627.99
6594,Carlos Ramirez,Impresora,centro,50,$690.38,2024-07-05,1430.79
8865,Ana Garcia,MONITOR,Centro,49,$993.41,Junio 12 2026,1504.04
3083,Andres Ortiz,Impresora,Norte,32,$542.25,02-02-2024,1581.28
7443,Valeria Mendoza,Mouse,Sur,48,$812.95,2024-11-08,1914.77
6714,Laura Sanchez,Teclado,Centro,41,sin dato,2024-05-12,1830.58
2420,Pedro Aguilar,Silla,Norte,34,1112.59,01-06-2025,1134.19
1342,Paola Rios,TABLET,NORTE,30,$382.08,2026-04-29,1187.8
4666,Pedro Aguilar,Laptop,norte,35,"$1,347.43",2025-11-19,1108.66
4650,Isabel Guzman,TABLET,Norte,50,821.58,2024-03-07,1363.78
384,Ricardo Vargas,Teclado,centro,30,"$1,259.43",32/13/2026,1415.12
6641,Isabel Guzman,Camara,Norte,40,sin dato,01-23-2024,1687.28
2417,Carlos Ramirez,Tablet,Sur ,15,297.90,05-22-2024,1863.23
5267,Jose Martinez,Laptop,Sur,20,$822.90,10-02-2024,1314.66
4658,Diego Romero,Camara,Norte,21,"$1,126.33",2025-02-23,1338.2
3802,Laura Sanchez,Bocina,CENTRO,22,610.48,03-02-2025,1710.45
6239,Laura Sanchez,Escritorio,sur,42,631.75,08-09-2025,1278.23
5260,Jose Martinez,Mouse, Sur,49,$838.34,26/04/2026,1344.25
9116,Miguel Flores,Impresora,occidente,40,$563.74,28/12/2025,1296.02
2594,Andres Ortiz,Tablet,Occidente,42,$565.57,2024-03-18,1636.31
1577,Valeria Mendoza,Tablet, Sur,47,$472.90,2026-04-12,1525.07
8380,Jorge Morales,Bocina,Occidente,21,575.16,03-05-2025,1279.13
6151,Laura Sanchez,Laptop,Sur,33,$865.43,,810.21
8273,Valeria Mendoza,Tablet,Norte,14,$913.31,31/08/2025,1820.64
4962,Valeria Mendoza,LAPTOP,occidente,50,"$1,152.71",Enero 23 2025,1467.5
6970,Diego Romero,Laptop, Occidente,desconocida,sin dato,Junio 9 2026,1535.88
8344,Camila Reyes,Bocina,Sur,40,$367.91,Agosto 13 2025,1613.68
3930,Laura Sanchez,Tablet,Occidente,48,"$1,257.38",,1881.16
7193,Diego Romero,SILLA, Centro,31,sin dato,2024-01-06,1414.98
2781,Isabel Guzman,Bocina,Sur,38,$594.53,Abril 20 2024,1237.13
197,Camila Reyes,Teclado,Sur ,50,$784.60,Mayo 10 2025,1438.96
743,Sofia Torres,Camara,Sur,33,792.42,Abril 28 2024,1936.97
9127,Isabel Guzman,Teclado,Centro,39,"$1,068.14",2025-07-03,2541.06
6995,Ricardo Vargas,Silla,Occidente,23,1047.26,Abril 29 2024,1390.54
5652,Miguel Flores,Monitor,Centro,25,$929.23,02-05-2026,953.2
5743,Alejandro Diaz,Laptop,Sur,54,803.04,Junio 11 2024,890.79
956,Ricardo Vargas,Tablet, Norte,34,"$1,444.60",Febrero 14 2025,1417.68
8509,Valeria Mendoza,Silla,Sur,57,$756.19,Diciembre 18 2024,1826.62
3455,Carlos Ramirez,Silla,Norte,33,sin dato,Septiembre 9 2024,1253.67
7295,Sofia Torres,SILLA,Sur,26,395.76,,1528.38
5085,Isabel Guzman,Laptop,Sur,41,$549.73,11/09/2025,98000.0
7115,Jorge Morales,Escritorio,sur,35,1375.32,04-18-2025,1258.84
6264,Isabel Guzman,Mouse,Norte ,34,413.40,2024-06-26,2251.52
7319,Jorge Morales,Impresora,occidente,38,852.65,05-10-2024,951.18
6527,Alejandro Diaz,Bocina,Occidente,37,$577.90,04-29-2024,1351.96
6620,Daniela Cruz,Bocina,Centro,45,$763.13,Mayo 12 2024,1479.86
7549,Pedro Aguilar,Camara,NORTE,53,"$1,215.03",2024-08-08,1521.36
8589,Pedro Aguilar,LAPTOP,Centro,52,$947.95,06/05/2025,1051.62
1068,Diego Romero,CAMARA,Centro,45,831.65,2026-02-25,1478.33
7453,Miguel Flores,Mouse,Norte,25,1328.04,10/01/2025,928.13
6702,Diego Romero, Escritorio,Centro,51,$486.33,Septiembre 16 2025,1162.97
1679,Jorge Morales,Camara,NORTE,38,"$1,276.68",02-27-2026,1156.02
4602,Pedro Aguilar,Tablet,Centro,18,692.41,04-12-2024,2030.68
2630,Ricardo Vargas,Bocina,Norte,27,1188.44,2024-09-02,1524.21
761,Diego Romero,Bocina,Norte,56,989.86,04/11/2025,1662.13
979,Carlos Ramirez,Monitor,OCCIDENTE,48,$677.73,2025-11-16,1310.95
7164,Luis Hernandez,Escritorio,centro,33,567.76,15/11/2025,1665.23
3114,Alejandro Diaz,LAPTOP,Norte,23,"$1,397.79",22/11/2025,1718.52
5753,Diego Romero,SILLA,occidente,29,1825.01,2026-04-21,574.97
6413,Alejandro Diaz,Teclado,Centro,24,1018.99,2025-02-02,806.83
3053,Ricardo Vargas,Impresora, Norte,45,835.22,2025-11-23,2186.86
1796,Paola Rios,Escritorio,Sur ,43,1090.37,18/05/2026,1450.31
4169,Ana Garcia,Tablet,?,19,$888.78,Febrero 28 2025,2237.71
8590,Jorge Morales,Mouse,Occidente,24,384.76,19/11/2024,1607.28
5633,Luis Hernandez,Silla,Centro,59,"$1,296.27",Enero 16 2024,1239.2
8186,Valeria Mendoza,Camara,sur,32,939.71,Febrero 26 2026,2006.4
5550,Jorge Morales,Silla,occidente,30,949.42,,1500.36
9353,Isabel Guzman,Laptop,centro,24,"$1,299.17",29/03/2024,1832.77
9356,Miguel Flores,Bocina, Sur,54,"$1,053.20",2024-01-18,914.44
1083,Carlos Ramirez,IMPRESORA,norte,42,759.77,04/07/2025,1518.65
8105,Jose Martinez,Mouse, Centro,51,1341.90,08-27-2025,1834.61
6560,Daniela Cruz,Teclado,Norte,55,$666.02,2025-03-07,1726.01
9768,Miguel Flores,Mouse,Norte,36,1436.90,Octubre 10 2024,384.94
364,Camila Reyes,Impresora,Occidente,24,$544.09,2025-06-19,813.57
3713,Fernanda Castro,Tablet,Sur ,46,901.29,32/13/2026,1758.48
484,Carlos Ramirez,Tablet,?,53,$709.19,25/05/2024,1443.85
4079,Fernanda Castro,ESCRITORIO,sur,51,823.12,Diciembre 5 2025,1585.27
8548,Valeria Mendoza, Mouse,Occidente,41,$540.50,Enero 30 2026,1309.3
5542,Fernanda Castro,MOUSE,Sur,15,$425.06,2024-03-17,1394.62
372,Ana Garcia,Impresora,CENTRO,30,912.32,Enero 6 2026,1806.73
6149,Pedro Aguilar,Silla,Sur,21,112.97,08/04/2024,1302.09
7348,Miguel Flores,Escritorio,Centro,47,953.23,2025-03-21,1784.11
6792,Paola Rios,Camara,Centro,26,$-955.53,Mayo 20 2025,538.05
4460,Jorge Morales,Impresora,Occidente,31,"$1,029.51",Agosto 4 2025,1262.96
3734,Valeria Mendoza,Bocina,Centro,13,1017.77,19/03/2024,1259.13
9276,Ricardo Vargas,TECLADO,Sur,43,776.38,06-30-2024,1497.35
8621,Miguel Flores,Camara,Norte,43,$764.75,2025-05-13,1262.01
9819,Jorge Morales,Impresora,Occidente,19,$757.17,04-24-2026,2022.26
5174,Alejandro Diaz,TECLADO,Norte,26,"$1,724.85",09-17-2025,1474.73
2100,Ricardo Vargas,Escritorio,Norte,45,1115.92,11-15-2024,1402.65
4303,Paola Rios,CAMARA,NORTE,27,$700.80,07-14-2024,985.95
1077,Diego Romero,Silla,sur,38,1344.27,Abril 29 2024,1470.75
2256,Luis Hernandez,Camara,Norte,42,797.68,Febrero 15 2025,892.3
5151,Laura Sanchez,ESCRITORIO,Centro,29,966.96,2024-04-10,1431.79
6803,Pedro Aguilar,Impresora,OCCIDENTE,35,832.62,2025-10-10,1486.03
5226,Isabel Guzman, Escritorio,Occidente ,31,$625.99,04-17-2025,1747.4
9489,Pedro Aguilar,Monitor,NORTE,39,$380.64,2025-10-22,1524.45
2784,Laura Sanchez,ESCRITORIO,Occidente,59,$987.31,Octubre 6 2024,598.07
8535,Ricardo Vargas,Mouse,CENTRO,-6,$568.76,Noviembre 27 2025,1246.35
8352,Laura Sanchez, Camara,NORTE,31,$805.11,2025-02-23,1264.82
526,Maria Lopez,Bocina,Occidente,21,"$1,287.42",2024-04-01,2015.89
1938,Carlos Ramirez,Laptop,Norte,34,706.20,Mayo 7 2024,1383.95
1955,Ricardo Vargas, Silla,Occidente,34,1188.41,Abril 10 2026,965.22
2084,Laura Sanchez,Bocina,Occidente,35,"$1,050.69",Febrero 8 2026,1481.97
7470,Daniela Cruz,Impresora,centro,45,$847.23,20/05/2026,1487.51
1991,Maria Lopez,Laptop,occidente,33,366.52,2024-01-23,1106.02
4537,Isabel Guzman,Teclado,Occidente,37,$945.18,11-18-2025,1491.28
2279,Carlos Ramirez,Monitor,Norte,34,$983.31,,1744.86
8623,Maria Lopez,Tablet,sur,12,$940.82,14/03/2025,1256.93
5464,Diego Romero,Bocina,Sur,31,$728.04,10-06-2025,1541.74
20,Jorge Morales,Impresora,Occidente,38,$697.09,2024-07-19,1178.28
468,Alejandro Diaz,BOCINA,Norte,32,$677.18,Noviembre 22 2025,871.84
3746,Isabel Guzman,Escritorio,Norte,29,1390.35,04/08/2024,1218.3
1719,Diego Romero,Silla,Norte,31,653.66,01-26-2026,1837.3
1037,Ricardo Vargas,Mouse,CENTRO,34,$628.46,2024-12-12,1284.7
2379,Diego Romero, Teclado,Norte,38,638.35,24/02/2024,1412.74
1235,Luis Hernandez,Mouse,Centro,33,770.46,20/11/2024,1163.6
4735,Fernanda Castro,LAPTOP,CENTRO,39,$918.77,02/02/2026,1547.8
9344,Fernanda Castro,Escritorio,Sur,25,$823.18,26/09/2025,1470.58
5106,Alejandro Diaz,Silla,occidente,26,1036.64,2025-12-09,1732.69
4838,Alejandro Diaz,Escritorio,Sur,49,851.62,Diciembre 5 2025,1185.27
4440,Isabel Guzman,Tablet,Centro,41,439.25,11-04-2025,1628.18
9879,Ana Garcia,Silla,CENTRO,39,$865.41,15/07/2025,954.95
2148,Jorge Morales,Teclado,Occidente,37,742.23,2024-01-04,752.34
9886,Carlos Ramirez,Bocina,SUR,40,594.39,04/02/2024,1589.39
4647,Pedro Aguilar,Impresora,CENTRO,36,1444.33,Marzo 1 2024,1524.85
2853,Miguel Flores,Tablet,Occidente,52,$480.92,2025-03-15,1292.02
948,Ricardo Vargas,MOUSE,Sur,34,927.93,09-21-2024,1150.24
6645,Daniela Cruz,Tablet,Sur,26,$685.40,2025-01-12,1661.03
3448,Maria Lopez,Escritorio,Occidente,31,$381.97,26/01/2024,1971.2
9554,Valeria Mendoza,LAPTOP,N/A,43,1502.19,Agosto 24 2025,1569.71
8813,Carlos Ramirez,Teclado, Norte,27,1013.45,2026-02-17,1678.75
6147,Jorge Morales,Laptop,norte,31,734.38,15/08/2024,1414.69
1493,Alejandro Diaz, Monitor,Sur,31,$873.92,10-31-2025,1511.0
2586,Andres Ortiz,Tablet,Centro,27,889.32,07-09-2025,1547.06
6614,Sofia Torres,Mouse,Occidente,40,1029.59,12-12-2024,1423.38
9327,Maria Lopez,Monitor,Centro,45,872.16,26/01/2026,1272.45
6060,Jorge Morales,Tablet,occidente,36,302.81,04-30-2024,1932.47
5795,Fernanda Castro,Escritorio,Norte ,68,1072.73,Julio 2 2024,991.86
1524,Ricardo Vargas,BOCINA,Centro ,30,$475.38,2024-08-17,1082.6
1626,Isabel Guzman,Silla,Occidente,35,1402.37,2025-09-10,1555.39
2449,Laura Sanchez,Teclado,N/A,34,1058.22,10-07-2024,1419.29
3195,Miguel Flores,Silla,Norte,35,$972.49,02-13-2025,1450.25
3533,Sofia Torres,Escritorio,Centro,20,$920.72,04-03-2026,1126.97
1337,Fernanda Castro,Monitor,Sur,53,371.76,03-22-2026,1361.87
778,Camila Reyes,SILLA,Sur ,43,1084.18,Abril 14 2026,1525.58
1669,Diego Romero,Silla,Sur,54,768.82,05/03/2025,1342.77
5891,Fernanda Castro,Monitor,centro,31,829.39,Enero 28 2025,1898.42
8479,Jose Martinez,Laptop,Norte,-1,509.41,Diciembre 27 2025,480.0
1433,Diego Romero,Bocina,Centro,60,919.41,05-05-2024,1557.61
2426,Valeria Mendoza,Escritorio,Centro,28,$661.80,Febrero 1 2025,1674.53
4572,Sofia Torres,Camara,Norte,42,$625.07,Septiembre 26 2024,1579.94
2932,Sofia Torres,Monitor,N/A,45,809.41,02-08-2025,2046.45
8701,Pedro Aguilar, Bocina,Norte,59,1385.76,,1592.17
8824,Sofia Torres,Tablet,centro,34,"$1,158.50",32/13/2026,1915.76
5440,Alejandro Diaz,Bocina,Centro,44,661.29,Marzo 15 2026,1198.69
6350,Camila Reyes,Teclado,norte,13,$670.25,2026-02-05,975.81
8328,Carlos Ramirez,SILLA,Sur,32,666.63,2025-09-27,1843.33
1725,Carlos Ramirez,BOCINA,norte,31,$619.76,05/06/2026,2241.83
636,Miguel Flores,Escritorio,Occidente,40,"$1,047.29",31/07/2024,869.2
2985,Paola Rios,Laptop,,45,532.82,06-02-2025,1590.42
8911,Paola Rios,Bocina,Sur,35,1016.76,Septiembre 23 2024,1724.5
513,Ricardo Vargas,Impresora,sur,39,$686.49,Agosto 27 2024,1093.78
7375,Maria Lopez,Impresora,Centro,31,977.88,03-22-2026,1092.65
2687,Miguel Flores,Escritorio,centro,19,721.67,2025-11-07,1127.3
6931,Maria Lopez,Laptop,Occidente,32,582.30,2025-01-11,1783.71
8871,Laura Sanchez,Impresora,Norte,31,"$1,169.74",2026-04-06,839.87
7699,Ricardo Vargas, Bocina,CENTRO,18,114.78,Mayo 12 2024,1245.67
2437,Pedro Aguilar,Bocina,centro,43,906.56,10/02/2026,1090.0
9454,Daniela Cruz,Teclado,norte,41,"$1,163.29",Mayo 16 2024,1368.12
9601,Ricardo Vargas, Teclado,Occidente,30,$742.51,32/13/2026,881.56
961,Sofia Torres,Teclado,NORTE,48,$845.00,2024-01-22,1029.68
8288,Luis Hernandez,Mouse,Occidente,37,528.53,2024-05-13,1574.2
4385,Isabel Guzman,Camara,Occidente,49,833.32,32/13/2026,1644.15
608,Diego Romero,Bocina,Occidente,34,1170.13,Julio 23 2025,1197.7
1432,Carlos Ramirez,Tablet,Occidente,45,"$1,506.29",2024-05-24,1712.21
7147,Fernanda Castro,Bocina,Centro,50,920.73,26/05/2026,1586.76
7042,Pedro Aguilar,Impresora,Norte,27,669.93,2026-04-23,1376.52
2427,Valeria Mendoza,Tablet,Norte,49,1324.23,2025-04-24,1400.03
8448,Laura Sanchez,Mouse,Centro,31,640.31,Mayo 8 2024,1580.26
4220,Paola Rios,Mouse,Occidente,45,"$1,077.60",22/05/2026,1077.9
9600,Carlos Ramirez,Camara,Sur,27,$142.05,14/08/2025,1474.86
4195,Laura Sanchez,Tablet,Norte,56,"$1,220.28",2026-02-12,787.19
5981,Carlos Ramirez, Tablet,CENTRO,31,860.97,09/02/2024,915.57
5364,Paola Rios,Tablet,Centro,39,"$1,065.04",18/01/2025,1802.28
6047,Pedro Aguilar, Teclado,Occidente,55,587.63,01-17-2024,1857.46
6257,Luis Hernandez,Monitor,Norte ,18,"$1,342.94",04/06/2024,1241.35
9281,Sofia Torres,Mouse,Norte,40,"$1,162.28",02-22-2026,1213.87
3902,Jorge Morales,Bocina,Sur,41,$515.72,Enero 8 2026,1166.86
2127,Paola Rios,TECLADO,SUR,28,890.63,Agosto 21 2024,1717.64
194,Ana Garcia,Mouse,Norte ,53,826.06,01/01/2025,1449.19
1605,Isabel Guzman, Silla,Sur,30,1006.66,Enero 14 2025,1197.76
2235,Pedro Aguilar,Teclado,Centro ,desconocida,$790.07,Abril 14 2026,1584.17
116,Miguel Flores,Teclado,Occidente ,38,"$1,338.25",18/11/2024,1431.64
4656,Maria Lopez,MONITOR,Centro,44,1002.43,2025-11-14,1622.68
5641,Camila Reyes,Impresora,Sur,37,"$1,342.75",2024-12-11,1158.53
5817,Maria Lopez,Teclado,Centro,36,335.72,21/04/2025,1325.71
8319,Andres Ortiz,Teclado,Centro,36,$680.13,2025-03-09,1378.87
335,Jorge Morales,Escritorio, Occidente,36,1280.67,2025-09-13,664.66
8480,Ana Garcia,Monitor,Sur,,$547.90,02-06-2026,1267.51
652,Maria Lopez,MOUSE,Sur,56,648.20,Abril 21 2026,1192.67
2389,Camila Reyes,Camara,sur,48,889.11,2025-09-30,1667.28
2124,Carlos Ramirez,Camara,centro,39,$725.21,17/05/2025,1520.84
7129,Paola Rios,Bocina,norte,28,538.12,22/10/2024,1874.17
6619,Camila Reyes,Tablet,CENTRO,53,1391.90,04/05/2024,1732.02
8748,Daniela Cruz,Escritorio,OCCIDENTE,37,"$1,278.12",2024-02-24,1925.49
7813,Alejandro Diaz,Camara,sur,42,759.33,17/01/2024,2060.05
5293,Andres Ortiz,Monitor,Occidente,52,$602.21,05-15-2024,948.09
3229,Valeria Mendoza,Tablet,Centro,54,780.77,,1442.35
7801,Ricardo Vargas,ESCRITORIO,Sur,49,"$1,144.09",2026-04-05,2096.37
6377,Jorge Morales,Laptop,Occidente,19,$345.45,15/04/2024,1609.38
7371,Valeria Mendoza,Monitor,Norte,41,$82.65,2025-06-29,1365.33
7684,Andres Ortiz,Camara,centro,21,238.48,32/13/2026,1438.29
2845,Jorge Morales,Monitor,Occidente,35,$535.27,28/08/2024,1743.14
3492,Ricardo Vargas,Bocina,Norte,31,sin dato,06-16-2026,1367.45
6739,Alejandro Diaz,Camara,norte,45,835.13,Enero 28 2026,1364.34
5264,Diego Romero,Silla,Centro,43,$918.22,Agosto 27 2025,1002.39
801,Pedro Aguilar,Silla,OCCIDENTE,44,430.04,Febrero 20 2026,700.15
2002,Alejandro Diaz,Mouse,Occidente ,19,$922.25,02-05-2026,1416.19
7669,Pedro Aguilar, Laptop,Sur,15,$738.76,Enero 21 2024,2296.79
9433,Ricardo Vargas,Bocina,Centro,36,"$1,089.05",25/08/2025,758.76
8828,Laura Sanchez,Mouse,Norte,54,$782.74,02-26-2026,1557.56
3636,Ricardo Vargas,Bocina,Sur,48,$794.70,13/10/2025,1213.15
7656,Daniela Cruz,Bocina,Centro ,desconocida,753.80,Febrero 29 2024,1059.01
928,Sofia Torres,Tablet,Norte,56,$507.68,2025-02-28,1317.0
1310,Jorge Morales,Monitor,OCCIDENTE,45,$677.09,2025-04-21,1711.52
4477,Miguel Flores,Laptop,Sur,19,$929.01,08-13-2025,1311.68
1352,Camila Reyes,Teclado,Occidente,31,$706.95,05-10-2026,1117.2
1346,Maria Lopez,Mouse,Occidente ,44,$506.17,Enero 21 2024,1729.19
8177,Valeria Mendoza,Tablet,centro,43,$577.47,2026-02-23,919.54
8419,Luis Hernandez, Escritorio,CENTRO,42,751.10,Mayo 29 2026,1272.02
2502,Alejandro Diaz,Teclado,Centro,23,"$1,115.02",2024-09-04,1478.11
7939,Miguel Flores,Silla,Norte,36,"$1,446.94",03-16-2024,1164.52
5444,Pedro Aguilar,Monitor,Norte,32,1374.00,16/02/2024,1228.5
9690,Jorge Morales,Monitor,Sur,26,"$1,124.70",Enero 9 2026,1137.73
4120,Daniela Cruz,TABLET,Sur,16,sin dato,,1859.78
2575,Alejandro Diaz,Laptop,norte,34,"$1,000.09",Enero 13 2026,1445.51
4408,Luis Hernandez,Mouse,Norte,29,"$1,084.29",Septiembre 9 2024,1398.09
1803,Laura Sanchez,Silla,Centro,31,729.24,03-12-2025,1117.38
9218,Camila Reyes,Camara,Centro ,15,$460.18,05-24-2026,1889.12
4034,Miguel Flores,Tablet,Centro,42,$854.63,,1349.44
7069,Ana Garcia,Mouse,Centro,297,174.33,11-18-2025,1190.39
7673,Alejandro Diaz,Monitor,Norte,51,$556.98,2024-07-21,1650.77
6794,Luis Hernandez,Mouse, Occidente,16,800.12,05-05-2024,1488.31
2890,Laura Sanchez,Impresora,Occidente,22,655.89,Junio 19 2025,1524.38
1228,Daniela Cruz, Escritorio, Sur,29,"$1,303.74",32/13/2026,1663.88
6938,Ricardo Vargas,Impresora,Sur,39,$942.12,Enero 31 2026,1354.98
4055,Valeria Mendoza,Mouse,Occidente ,26,684.61,03-26-2025,1585.95
6712,Diego Romero,Impresora,Sur,35,"$-1,149.96",Marzo 3 2025,1607.37
4067,Alejandro Diaz,Camara,Sur,28,$-501.13,Marzo 15 2026,1178.05
8873,Miguel Flores,Mouse,Sur,39,990.70,2024-10-21,1816.82
2453,Camila Reyes,Mouse,Centro,32,729.86,2025-03-22,1114.89
4905,Maria Lopez,Silla,centro,46,"$-1,102.94",04-06-2025,935.56
7958,Maria Lopez,Mouse,Sur,49,$985.54,02-27-2024,925.8
6766,Pedro Aguilar,Laptop,Occidente,31,390.50,03-11-2024,1446.44
2698,Luis Hernandez,Silla,Occidente,51,$871.84,2024-02-20,1934.8
3436,Daniela Cruz,Tablet,Occidente,51,1021.75,05/11/2025,1848.01
4871,Valeria Mendoza,Tablet,Norte,desconocida,"$1,061.29",2024-05-25,1174.45
1423,Ricardo Vargas,Silla,Centro,38,"$1,174.98",01-15-2025,1365.41
49,Daniela Cruz,Tablet,occidente,61,496.51,06-04-2024,1273.43
8080,Alejandro Diaz,Bocina,Centro,26,1041.74,2026-01-03,1296.23
6325,Fernanda Castro,Tablet,Norte,30,$627.20,08-25-2024,1535.71
6291,Carlos Ramirez,Teclado,Centro,,$889.42,Julio 15 2024,1646.78
5491,Carlos Ramirez,Tablet,,34,$871.59,Febrero 18 2026,293.49
4206,Maria Lopez,Silla,SUR,42,"$1,010.43",Agosto 21 2025,1561.01
6015,Alejandro Diaz,Teclado,Centro,40,50.00,05-26-2025,1319.35
7764,Paola Rios,Laptop,Occidente ,42,$974.25,Abril 10 2026,1636.63
6911,Carlos Ramirez,Laptop,Centro,43,1013.25,09-03-2024,1242.1
8425,Ricardo Vargas,Escritorio,OCCIDENTE,32,660.93,03/06/2024,1177.77
417,Isabel Guzman,Teclado,?,25,186.65,Marzo 29 2026,1991.51
5117,Luis Hernandez,Escritorio,sin informacion,35,"$1,254.74",Abril 18 2024,1519.01
694,Alejandro Diaz,Silla,occidente,30,844.29,22/11/2025,1697.48
2459,Diego Romero,Monitor,Centro,21,sin dato,Febrero 20 2024,1368.75
1426,Paola Rios,ESCRITORIO,occidente,47,1036.14,,1136.92
7307,Diego Romero,Silla,SUR,25,$727.46,2024-08-31,1425.93
5535,Camila Reyes,Impresora,Centro,26,718.10,2025-04-25,1742.72
6112,Ana Garcia,Bocina,Norte,39,1008.02,23/03/2026,1579.44
5905,Miguel Flores,Escritorio,Occidente,37,$199.86,2024-12-12,1910.22
9118,Jorge Morales,Camara,OCCIDENTE,39,$954.56,04-09-2025,2052.54
6630,Alejandro Diaz,Camara,Sur,24,$919.18,05/04/2024,1765.85
4794,Ana Garcia,LAPTOP,Norte,32,"$1,024.89",2024-04-26,1025.14
3009,Sofia Torres,Camara, Sur,21,$351.94,2025-05-31,847.29
3293,Pedro Aguilar,Escritorio,OCCIDENTE,,315.55,16/02/2025,1419.78
8542,Carlos Ramirez,Silla,Sur,20,493.13,Octubre 13 2024,1857.43
5419,Sofia Torres,Tablet,NORTE,33,1317.18,24/09/2025,1828.52
2764,Laura Sanchez,Laptop,Occidente,34,496.07,Diciembre 6 2025,1412.75
604,Jose Martinez,IMPRESORA,Occidente,17,$612.37,Junio 23 2025,2118.18
6435,Sofia Torres, Laptop,Centro,21,"$1,152.51",2024-08-02,1288.8
1460,Sofia Torres,Escritorio,Norte,53,1096.78,2024-05-19,1676.87
3857,Alejandro Diaz,Silla,sur,52,"$1,311.20",2026-02-20,967.23
6031,Carlos Ramirez,Laptop,sin informacion,27,"$1,092.02",11-18-2025,1112.9
6534,Alejandro Diaz,Camara,SUR,47,384.65,Agosto 21 2024,1983.99
1472,Jorge Morales,Mouse,Sur,47,1100.36,Febrero 14 2025,1160.28
9007,Daniela Cruz, Silla,Occidente ,,$485.00,Febrero 27 2025,829.65
9134,Diego Romero,Silla,Occidente,66,$607.30,05-24-2026,1270.34
9522,Valeria Mendoza, Silla,Sur ,33,491.68,Diciembre 31 2024,1269.72
8439,Andres Ortiz,Mouse,Norte,72,"$1,181.75",02-20-2025,1593.33
4399,Valeria Mendoza,Mouse,Occidente,34,$862.03,2024-06-16,1277.16
3136,Camila Reyes,Silla,Centro,36,$968.89,08/12/2024,1358.79
2554,Daniela Cruz, Laptop,Occidente,46,844.95,2024-02-29,1541.1
1578,Luis Hernandez,Bocina,Sur,41,1106.87,03-30-2025,957.2
9543,Luis Hernandez,Bocina,Norte,44,$658.65,18/10/2024,1006.31
8362,Andres Ortiz,Silla,Sur,41,1010.83,Febrero 15 2026,1780.62
8988,Isabel Guzman,Escritorio,Sur,38,1445.27,Enero 28 2024,985.55
3973,Camila Reyes,Tablet,occidente,52,603.92,2024-12-05,1609.19
5068,Luis Hernandez,Monitor,sur,37,$819.46,26/05/2024,943.95
9056,Andres Ortiz,Monitor,CENTRO,29,$930.67,Junio 13 2025,943.21
105,Maria Lopez,Teclado,CENTRO,18,586.96,08-22-2024,786.05
5194,Daniela Cruz,Impresora,Sur ,48,$907.42,Enero 10 2024,1940.58
183,Pedro Aguilar, Camara,Norte,36,$639.99,2025-06-08,894.44
6513,Pedro Aguilar,Laptop,Occidente,12,$993.62,06-01-2024,908.59
1691,Alejandro Diaz,Camara, Norte,27,$630.76,03-22-2025,1579.08
1329,Diego Romero,Mouse,Centro,50,$898.10,05/03/2026,1596.8
881,Diego Romero,Impresora,Sur,56,"$1,017.71",05/04/2024,1384.87
7460,Isabel Guzman,Bocina,centro,38,1137.97,2026-03-07,1030.99
6914,Isabel Guzman,MOUSE,Sur,42,749.60,Enero 24 2024,1737.28
3033,Pedro Aguilar,TABLET,N/A,34,704.59,2025-08-08,1046.36
3052,Luis Hernandez,Laptop, Centro,7,1014.86,Marzo 20 2024,1173.32
5029,Pedro Aguilar,Laptop,Centro,51,942.88,01/08/2024,933.72
9328,Ricardo Vargas,Impresora,Centro,17,$755.30,05-23-2026,969.74
6929,Valeria Mendoza,Mouse,Norte,37,418.33,Mayo 15 2025,1074.83
732,Paola Rios, Mouse,Centro,39,1083.34,,1466.4
5341,Fernanda Castro,Teclado,Occidente,16,$784.44,Diciembre 29 2024,1649.65
8964,Paola Rios,Monitor,centro,19,664.47,2024-01-14,904.65
7529,Ana Garcia,Mouse,norte,41,864.30,11-30-2024,1142.3
4829,Laura Sanchez,Tablet,Sur ,47,$-607.84,10/06/2025,1509.9
6027,Miguel Flores,MOUSE,Norte,26,758.94,10-19-2025,893.09
1606,Camila Reyes, Bocina,Occidente,32,797.77,08/01/2026,1370.02
5471,Camila Reyes,Laptop,Sur,41,603.63,01-04-2026,1564.61
8463,Maria Lopez,Impresora,Occidente ,40,1122.77,Febrero 19 2025,993.56
4387,Carlos Ramirez,Silla,Sur,32,$943.12,Junio 19 2024,1348.87
8335,Pedro Aguilar, Impresora,Norte,17,"$1,000.41",Diciembre 31 2025,1327.0
1105,Jorge Morales, Tablet,N/A,37,429.41,2024-03-17,1266.04
9546,Ricardo Vargas,Teclado,Centro,35,526.24,Agosto 11 2024,1536.96
8486,Daniela Cruz,Laptop,Sur,39,$906.85,2025-04-24,1164.71
838,Andres Ortiz,Impresora,Sur,54,$769.63,02-18-2025,1768.96
6942,Miguel Flores,Mouse,occidente,7,665.78,Febrero 27 2024,1092.0
2298,Luis Hernandez,Impresora,Norte,54,$562.88,07-09-2025,1663.11
1701,Ricardo Vargas,Camara,Norte,29,"$1,047.34",27/09/2025,1320.32
4936,Ana Garcia,Monitor,centro,38,$989.70,05-06-2024,1096.88
2088,Jorge Morales, Camara,Occidente,53,"$1,224.04",Febrero 19 2026,1003.34
4507,Andres Ortiz,Laptop, Centro,42,$913.25,01-25-2025,1034.9
1538,Diego Romero,Monitor, Centro,40,750.54,Abril 1 2026,1230.6
4611,Ricardo Vargas,Escritorio,Norte,35,717.21,Octubre 15 2024,1402.19
1732,Ana Garcia,Mouse,Occidente,49,"$1,125.20",2024-08-16,1012.91
8961,Ricardo Vargas, Monitor, Sur,43,778.64,27/03/2025,1689.62
677,Carlos Ramirez,Escritorio,Centro,32,$-688.52,2025-01-05,1570.75
3220,Carlos Ramirez, Camara,Norte,25,50.00,24/11/2024,1870.53
4301,Sofia Torres,Impresora,sur,28,"$1,460.48",06-14-2025,1507.93
3824,Miguel Flores,MONITOR,Sur,45,$-607.81,2025-08-28,1212.75
2967,Laura Sanchez,Escritorio,Occidente,34,838.43,06-18-2024,1428.24
4651,Alejandro Diaz,Bocina,Centro,36,717.56,28/08/2025,125000.0
1748,Isabel Guzman,Escritorio,Centro,43,$203.18,2024-07-16,1339.82
1713,Jorge Morales,Impresora,Sur,48,476.33,30/07/2025,1468.03
2077,Daniela Cruz,Silla, Centro,35,"$1,165.66",Marzo 4 2024,1067.12
5812,Diego Romero,Bocina,Occidente,54,820.95,12-15-2025,902.49
1528,Ana Garcia, Teclado,OCCIDENTE,47,sin dato,Julio 18 2025,1428.41
5145,Daniela Cruz,Bocina,Occidente,56,$-925.73,2026-03-13,1444.45
1284,Diego Romero,Teclado, Occidente,44,$983.10,12/09/2024,1537.94
3025,Maria Lopez,Laptop,centro,32,613.92,10-15-2024,1180.97
5652,Miguel Flores,Monitor,Centro,25,$929.23,02-05-2026,954.09
1922,Daniela Cruz,Escritorio,Norte,44,"$1,069.54",07-31-2025,1058.29
3940,Andres Ortiz,Teclado,Norte,32,"$1,002.04",11-18-2025,2009.36
2758,Pedro Aguilar,SILLA,Norte,23,684.45,Noviembre 10 2025,939.82
5922,Laura Sanchez,Monitor,Occidente,28,1201.98,Junio 7 2024,1157.39
2826,Camila Reyes, Mouse, Sur,46,"$1,154.83",28/01/2024,1127.06
9280,Camila Reyes,Bocina,Sur,-6,"$1,265.71",2026-01-05,1474.95
6681,Valeria Mendoza,Silla, Centro,33,535.30,02-26-2024,980.37
2608,Paola Rios,BOCINA,Centro,44,$511.63,2024-11-13,1753.48
1370,Luis Hernandez,Impresora,Occidente,26,588.35,08/01/2026,1869.99
2854,Laura Sanchez,Tablet,Norte,37,123.90,06/06/2026,1567.18
5233,Valeria Mendoza,Camara,Occidente,37,$-897.68,2025-05-19,1698.54
1529,Carlos Ramirez,Escritorio,Sur,30,"$1,321.19",2025-09-23,1270.56
4483,Luis Hernandez,Laptop,centro,35,$790.76,Abril 6 2026,1235.56
5858,Miguel Flores,Escritorio,Norte,43,538.20,2024-08-28,1712.07
3218,Daniela Cruz,Escritorio,Sur,22,"$1,156.12",Febrero 23 2024,1575.43
9525,Valeria Mendoza,Silla,Sur,48,771.53,2026-03-12,1925.96
2046,Miguel Flores,IMPRESORA,Norte,22,1409.28,Noviembre 1 2024,1176.98
7626,Alejandro Diaz, Impresora,centro,61,465.10,Octubre 21 2025,1605.87
343,Laura Sanchez,Impresora, Sur,-5,$860.97,2024-02-16,1738.81
1890,Maria Lopez,Escritorio,Norte,26,1203.20,05/06/2025,1286.23
391,Maria Lopez,Silla,sur,23,1002.77,05-21-2024,1411.51
6726,Alejandro Diaz,Escritorio,,284,sin dato,Septiembre 16 2024,1753.19
8604,Jose Martinez,Escritorio,Sur,47,997.43,2025-07-07,1385.94
610,Valeria Mendoza,TECLADO,centro,49,854.29,24/07/2024,1570.91
1454,Camila Reyes,Silla,Centro ,25,868.47,08/07/2025,1460.75
1039,Miguel Flores,Camara,Norte,43,$460.99,Marzo 30 2026,1904.98
9161,Alejandro Diaz,Bocina,CENTRO,11,"$1,336.36",Marzo 2 2026,818.51
8552,Pedro Aguilar,Camara,Norte,34,812.95,Octubre 30 2025,1955.36
1450,Laura Sanchez,Camara,Occidente,47,"$1,177.26",Julio 26 2024,1209.47
2938,Andres Ortiz, Laptop,sur,50,1025.66,09-22-2024,1420.18
1772,Laura Sanchez,Bocina,Occidente,21,875.89,28/10/2025,1672.95
6546,Camila Reyes,Camara, Centro,33,$475.39,2024-04-12,1322.95
8517,Camila Reyes, Silla,centro,49,$536.53,05-31-2024,1259.9
5377,Pedro Aguilar, Impresora, Centro,56,"$1,087.68",Mayo 25 2025,1973.67
405,Laura Sanchez,LAPTOP,Norte ,36,sin dato,2026-06-13,2034.67
6621,Jorge Morales,Tablet,Centro,38,524.56,23/10/2025,1533.8
6562,Jorge Morales,Tablet,Centro,47,$927.49,18/10/2024,1599.13
1622,Isabel Guzman, Escritorio,Sur,46,sin dato,2024-10-02,1467.0
5250,Paola Rios,Monitor,CENTRO,42,1001.14,2024-01-10,970.47
9342,Paola Rios,Laptop,Centro,33,$909.84,Mayo 22 2024,1508.04
6919,Ana Garcia,Tablet,Centro,40,$768.59,09-09-2024,963.04
2636,Laura Sanchez,Camara,Occidente,37,"$1,044.81",17/08/2025,1597.41
9346,Carlos Ramirez,Escritorio, Norte,26,951.27,Marzo 19 2024,1256.19
9630,Pedro Aguilar,Teclado,Sur ,32,1177.64,Junio 30 2024,614.64
8798,Ana Garcia,Tablet,sur,20,867.46,03-09-2024,1160.02
133,Luis Hernandez,Tablet, Occidente,35,1271.28,10/02/2026,862.66
4468,Ana Garcia,Teclado,Sur,48,"$1,103.79",06-06-2024,1221.97
362,Isabel Guzman,LAPTOP,Norte,36,"$1,022.07",27/05/2024,1489.86
6466,Miguel Flores,Escritorio,Sur,24,$948.01,23/03/2024,1167.4
329,Valeria Mendoza,Bocina,Sur,64,$706.36,2025-11-03,1498.68
7779,Alejandro Diaz,Tablet,Sur,44,618.21,Enero 27 2026,1845.95
8082,Ricardo Vargas,Tablet,OCCIDENTE,62,1227.90,28/12/2025,1498.05
4062,Diego Romero,Mouse,Centro,49,1143.92,05/05/2025,1022.47
1381,Pedro Aguilar,Escritorio,Sur,21,"$1,085.19",29/07/2025,1191.34
2605,Carlos Ramirez,Silla,Centro,24,"$1,318.53",01/12/2025,1515.19
4374,Alejandro Diaz,Teclado,occidente,47,1007.70,08/06/2025,1283.81
168,Jose Martinez,Mouse,sin informacion,35,$598.00,2025-07-23,1465.04
5271,Fernanda Castro,Monitor,Norte,31,279.45,2024-01-19,1153.59
2695,Maria Lopez,Monitor,Occidente,42,906.36,05-14-2026,997.2
8443,Camila Reyes,TECLADO, Norte,43,1258.71,30/07/2024,1038.22
2344,Diego Romero,Camara,Centro,49,"$1,165.35",Septiembre 30 2024,1546.12
1959,Diego Romero,Escritorio,Occidente,52,488.46,23/02/2025,1710.64
4170,Ana Garcia,Bocina,Sur,41,1266.17,08-31-2024,1167.74
9829,Daniela Cruz,Mouse,,35,1046.25,25/02/2024,1491.25
7446,Sofia Torres, Mouse,Norte,27,490.39,Febrero 12 2024,1186.63
2497,Andres Ortiz,Silla, Sur,5,"$1,294.24",Febrero 19 2025,1343.54
8617,Isabel Guzman,Bocina, Occidente,32,$59.42,22/06/2024,1107.36
6411,Andres Ortiz,Tablet,Occidente ,37,$578.04,06-15-2025,1716.03
1700,Luis Hernandez,Escritorio,Centro,66,$551.73,26/03/2024,1193.39
4458,Andres Ortiz,Bocina,norte,46,1555.84,02-12-2026,1348.68
5567,Valeria Mendoza,Mouse,Occidente ,51,$712.27,Julio 1 2024,1255.18
6236,Miguel Flores,Bocina,SUR,21,$826.46,03/06/2026,1346.58
3531,Jose Martinez,Mouse,Centro,53,"$-1,050.91",Mayo 10 2025,1431.34
723,Carlos Ramirez,Tablet,SUR,29,486.55,17/07/2024,1367.07
8079,Ana Garcia,Teclado,Sur ,26,1296.30,28/01/2025,1170.67
5414,Laura Sanchez,Camara, Centro,59,1079.46,,1276.95
2751,Ana Garcia,Silla,Occidente,20,1381.29,02/05/2026,1023.79
5656,Fernanda Castro,Monitor,centro,34,$732.43,2024-11-10,913.99
3914,Camila Reyes,Camara,Sur,35,$924.81,04-18-2024,1888.23
2163,Maria Lopez,Escritorio,Sur,41,$583.25,2024-10-03,1234.75
9766,Andres Ortiz,Tablet,Sur,,"$1,339.47",2026-01-27,911.96
5252,Jorge Morales,Escritorio,CENTRO,45,612.43,,1164.49
8665,Valeria Mendoza,Mouse,Norte,37,344.62,09-08-2025,1160.99
2986,Daniela Cruz,Tablet,Sur,37,$967.85,2025-01-20,1470.81
6675,Jose Martinez,Mouse,NORTE,44,"$1,090.53",05-24-2024,1126.17
8251,Pedro Aguilar,Teclado,Centro ,39,718.84,Marzo 15 2026,1847.42
7135,Carlos Ramirez, Tablet,occidente,-5,848.48,16/04/2025,1443.4
6924,Sofia Torres,Impresora,Occidente,46,493.44,01/07/2024,1069.43
6971,Fernanda Castro,Tablet,Occidente,35,915.44,Agosto 16 2024,1484.93
8383,Andres Ortiz,Silla,Centro,65,"$1,049.63",09/03/2026,1299.89
8190,Daniela Cruz,Monitor,Norte,43,1097.75,Septiembre 5 2024,1693.67
9841,Paola Rios,Teclado,Sur ,58,1274.62,Marzo 27 2026,2058.97
8059,Alejandro Diaz,Impresora,Centro,33,$785.50,25/03/2026,972.9
5069,Miguel Flores,Teclado,Sur,33,$983.95,2026-02-12,1402.66
756,Paola Rios,Mouse,N/A,45,$673.62,2025-09-22,1524.22
316,Miguel Flores,Laptop,Sur ,27,996.44,20/10/2025,1559.87
9736,Diego Romero,Tablet,Sur,57,1086.88,11-07-2025,1945.4
2651,Laura Sanchez,Teclado,Centro,32,"$1,428.42",2026-05-06,1571.54
7765,Laura Sanchez,Camara,centro,38,599.74,2024-09-08,1199.0
215,Carlos Ramirez,Bocina,centro,26,$697.88,Abril 23 2026,1350.58
2257,Luis Hernandez,Camara,OCCIDENTE,44,sin dato,07-07-2025,1728.26
5425,Luis Hernandez,Camara,Occidente,32,970.44,2024-06-10,1132.64
2137,Camila Reyes,Mouse,Norte,37,1030.30,19/03/2025,1723.0
6806,Alejandro Diaz, Camara,Occidente ,5,568.81,2025-12-15,1274.12
2174,Ana Garcia,Teclado,Norte ,39,"$1,168.17",Junio 16 2025,1583.11
3939,Alejandro Diaz,BOCINA,Norte,45,503.69,2026-02-17,1250.58
4755,Maria Lopez,TABLET,Occidente,47,628.70,20/02/2026,1427.24
4664,Pedro Aguilar, Laptop,sur,45,632.67,Enero 17 2024,1048.65
6666,Maria Lopez,Monitor,Centro ,43,979.22,2024-05-23,1740.27
8360,Laura Sanchez,Laptop,Occidente,23,718.38,08-28-2024,1865.52
9726,Isabel Guzman,Tablet,occidente,21,606.22,04-09-2025,1449.17
4433,Daniela Cruz,Impresora,centro,36,1120.57,15/08/2025,1584.5
1510,Maria Lopez,Bocina,Centro,27,$837.22,2025-12-18,1711.51
1309,Alejandro Diaz,Monitor,Centro,41,$745.31,Julio 3 2024,1133.64
747,Pedro Aguilar,Impresora,CENTRO,47,$862.34,Septiembre 19 2025,1506.88
1304,Laura Sanchez,Laptop,norte,37,$791.24,2025-02-05,1407.64
5877,Daniela Cruz,Escritorio,Sur ,46,$663.89,Julio 9 2025,1332.05
9995,Camila Reyes,ESCRITORIO,Occidente,50,$772.46,Mayo 4 2026,1015.55
5418,Jose Martinez,BOCINA,SUR,28,$803.35,01-11-2025,1796.94
9321,Daniela Cruz,Camara, Sur,55,980.72,2025-06-03,908.38
1887,Miguel Flores,Silla,NORTE,47,"$1,049.92",Junio 6 2024,1593.35
8924,Maria Lopez,Monitor,Sur ,3,$624.85,,1606.02
7636,Jose Martinez,Camara,Sur,40,678.22,19/05/2026,1807.87
2495,Camila Reyes,TECLADO,Norte,26,1196.48,2025-03-13,1602.89
8091,Paola Rios,Laptop,Norte,59,$620.26,2025-07-18,1698.83
5972,Carlos Ramirez,Silla,Norte,42,$335.94,15/08/2025,700.27
6078,Diego Romero,Monitor,sur,38,$670.50,Noviembre 5 2024,969.84
5517,Jorge Morales,Laptop,Centro,16,1112.35,Julio 14 2024,1614.13
4413,Miguel Flores,Tablet,Centro,24,871.56,2025-10-02,1302.13
2973,Daniela Cruz,Teclado,Occidente,34,1022.57,Junio 2 2026,1607.77
290,Daniela Cruz,Bocina,norte,49,"$1,058.41",2026-02-23,587.77
1802,Carlos Ramirez,Monitor,Norte,28,927.10,Julio 18 2025,884.45
8995,Maria Lopez,Teclado,Norte,49,1490.11,10-12-2024,991.39
2883,Jose Martinez,Silla,Occidente ,43,1124.50,06-07-2025,2231.38
5573,Andres Ortiz,Camara,Sur,22,538.85,18/01/2026,1567.15
3182,Sofia Torres,Teclado,Sur,45,1009.46,,1194.31
8677,Paola Rios,MOUSE,centro,,995.09,Febrero 17 2025,1499.4
3638,Isabel Guzman,Impresora,Norte,29,878.25,23/07/2025,1060.06
1059,Alejandro Diaz,Escritorio,Centro,27,1376.70,Agosto 6 2025,1180.94
7834,Ana Garcia, Impresora,Sur,51,"$1,211.55",01-17-2025,1674.22
3667,Fernanda Castro,Tablet,Centro,36,$734.09,2024-04-19,1289.98
8179,Fernanda Castro,Camara,Centro,42,$521.16,Febrero 20 2026,1250.55
4610,Daniela Cruz,Escritorio,Occidente ,23,1089.24,22/02/2025,1286.09
4794,Ana Garcia,LAPTOP,Norte,32,"$1,024.89",2024-04-26,1025.14
6432,Ana Garcia,Bocina,Sur,43,"$-1,191.39",03-29-2025,1279.22
1343,Paola Rios,Monitor,Norte,40,$744.71,2025-07-11,1485.45
2435,Isabel Guzman,Impresora,CENTRO,45,"$1,340.79",04-23-2026,561.83
2051,Pedro Aguilar,Teclado,Sur,194,$682.89,06/02/2024,1700.51
2833,Andres Ortiz,LAPTOP,Sur,47,1172.80,,1601.44
6551,Jorge Morales,Teclado,Sur,22,767.76,2025-03-12,1085.36
6687,Luis Hernandez,SILLA,CENTRO,54,1146.86,Enero 27 2024,1777.44
74,Miguel Flores,Camara,Centro,26,1022.21,2024-09-14,1201.91
1490,Camila Reyes,Silla,centro,30,193.25,25/10/2024,939.37
7717,Ricardo Vargas, Camara,norte,36,480.32,Enero 26 2026,955.37
8390,Luis Hernandez,Laptop,?,44,1240.59,2026-04-11,1416.0
826,Pedro Aguilar,Laptop,sur,45,"$1,145.97",10/11/2024,1027.78
4417,Andres Ortiz,Camara,occidente,39,sin dato,Abril 1 2026,1571.59
7951,Jorge Morales,SILLA,Occidente ,46,501.57,2025-11-24,1567.48
4082,Ana Garcia,Bocina,Occidente,29,317.78,Marzo 20 2025,1124.73
493,Camila Reyes,Laptop,,29,$948.94,Diciembre 26 2024,1103.19
736,Diego Romero,Impresora,Sur,46,831.54,24/06/2024,1276.12
5500,Ana Garcia,Camara,Sur,41,819.96,13/12/2025,1118.44
3570,Isabel Guzman,BOCINA,Occidente,41,678.75,11-23-2024,1559.34
8364,Carlos Ramirez,SILLA,Norte ,46,"$1,239.37",2025-11-19,1312.28
8061,Alejandro Diaz,Escritorio,Sur,43,1092.71,Octubre 17 2025,1268.02
650,Isabel Guzman,Camara,sur,14,$652.15,Febrero 28 2024,1176.53
9079,Ana Garcia,Bocina,Occidente ,47,$801.24,09/07/2024,1314.75
7053,Sofia Torres,Tablet,?,48,1019.45,Febrero 5 2025,1592.91
5452,Valeria Mendoza, Impresora,centro,49,$920.77,01-02-2025,887.18
3465,Jorge Morales,ESCRITORIO,Centro,38,498.47,04-11-2024,1895.44
6598,Ricardo Vargas,Teclado,Occidente,29,1086.44,2024-04-29,2242.8
6644,Valeria Mendoza,SILLA,Centro,47,$690.78,Junio 11 2026,987.83
2749,Luis Hernandez,Camara,Centro,44,735.56,Marzo 12 2026,1031.54
4352,Luis Hernandez,Bocina,OCCIDENTE,36,$438.07,2026-02-05,1848.01
5172,Camila Reyes,Silla,Norte,42,$967.92,11/03/2024,2289.66
6522,Jose Martinez,BOCINA,centro,51,806.92,2026-04-04,1702.04
7598,Daniela Cruz,Laptop,centro,28,"$1,340.31",Octubre 11 2025,1699.1
6376,Isabel Guzman,Camara,Sur ,43,996.75,2024-04-01,633.95
4222,Luis Hernandez, Monitor,Centro,,$625.51,2025-11-24,1053.53
4529,Fernanda Castro, Camara,Norte,15,sin dato,Mayo 4 2024,1055.75
2355,Carlos Ramirez,Escritorio,sin informacion,52,$808.80,28/08/2025,1777.05
6242,Paola Rios,Laptop,Sur,,$641.13,2024-05-04,689.61
4045,Carlos Ramirez,Silla,norte,44,$641.37,14/10/2024,2068.8
3760,Ana Garcia, Laptop,Sur,36,843.24,2026-01-28,1554.35
5687,Daniela Cruz,Silla,Centro,29,897.02,32/13/2026,1036.74
774,Alejandro Diaz,Silla,occidente,7,909.71,32/13/2026,971.71
4758,Alejandro Diaz,Monitor,sur,40,898.33,2025-04-02,1094.62
26,Carlos Ramirez,Silla,Norte,,"$1,329.46",Marzo 12 2024,1669.77
8131,Sofia Torres,Silla,Sur,34,678.78,07/08/2024,1550.15
4839,Carlos Ramirez,Camara,occidente,,$501.09,32/13/2026,1506.45
3087,Andres Ortiz,Silla,sur,43,588.02,Enero 5 2025,1299.94
2058,Alejandro Diaz,SILLA,Centro,55,$812.70,Septiembre 25 2025,1453.08
6799,Carlos Ramirez,Laptop,Centro ,27,$-902.23,15/05/2024,1596.62
7694,Laura Sanchez,Silla,Occidente,52,508.22,02-06-2024,1355.3
3873,Sofia Torres,Laptop,Centro,13,$592.76,17/01/2025,1264.44
7148,Pedro Aguilar,Camara,Sur,32,$702.69,2024-01-15,1340.19
2923,Isabel Guzman,Escritorio,Centro,13,$973.68,12-25-2024,1396.11
3391,Paola Rios,Tablet,Occidente,37,$800.50,Enero 21 2024,2005.89
3059,Paola Rios,Camara,Sur,48,sin dato,02-11-2025,1112.99
5527,Sofia Torres,Bocina,Occidente,28,sin dato,Diciembre 4 2025,2048.63
7436,Maria Lopez,TABLET,Sur ,28,871.08,2026-06-03,1586.62
8050,Ricardo Vargas,Monitor,Occidente,59,"$1,289.68",Septiembre 4 2025,1069.99
3213,Ricardo Vargas,Tablet,CENTRO,56,sin dato,Junio 5 2024,1510.21
4179,Alejandro Diaz,Monitor,Sur,57,$376.51,09-14-2025,1276.33
2367,Luis Hernandez,Silla,Centro ,-5,$766.63,Enero 25 2025,1358.13
8786,Ana Garcia,Laptop,centro,32,"$1,348.95",06-21-2025,1602.24
658,Maria Lopez, Tablet,Sur ,44,"$1,128.72",Julio 18 2024,1315.45
9575,Paola Rios,MOUSE,Sur,52,524.69,Octubre 25 2025,1268.42
1786,Sofia Torres,Tablet,Norte,48,267.21,24/05/2025,1606.7
9734,Jose Martinez,Laptop,Centro,27,1134.82,13/10/2024,1501.58
8000,Sofia Torres,Silla,Norte,7,$897.87,Enero 14 2025,2236.1
4834,Carlos Ramirez,Bocina,Centro,63,1181.96,Octubre 4 2025,1023.9
5121,Sofia Torres,Monitor,centro,35,703.17,Mayo 23 2024,1077.77
7361,Diego Romero,Silla,Sur,48,$844.28,2025-03-03,952.45
9277,Fernanda Castro,Camara,Sur,30,$580.09,2025-06-30,1827.05
8077,Carlos Ramirez,Mouse,centro,1,$848.28,2025-07-30,2510.72
5617,Ricardo Vargas,Escritorio,Centro,46,1022.77,07-20-2024,1499.17
4929,Diego Romero,Teclado,SUR,24,"$1,179.77",2024-09-03,1576.44
7381,Miguel Flores,Teclado,norte,155,1677.12,02-13-2026,1499.92
4382,Paola Rios,Laptop,?,49,559.47,Agosto 5 2024,1011.01
6283,Luis Hernandez,Bocina,N/A,37,1025.34,2025-03-11,1028.15
9530,Ana Garcia,Camara,Norte ,40,580.73,2025-02-24,1439.32
8331,Sofia Torres,Tablet,Centro,25,$418.43,10-29-2024,1178.39
5333,Valeria Mendoza,SILLA,Centro,35,"$1,057.84",02-19-2024,1172.96
6793,Pedro Aguilar,Tablet,Occidente,46,$767.93,01-27-2025,669.17
7249,Maria Lopez,Camara,Occidente ,38,$594.87,01/09/2024,1473.52
5272,Ana Garcia, Silla,Occidente,48,"$1,250.89",Julio 20 2024,883.27
9725,Fernanda Castro,Bocina,Sur,47,sin dato,2024-03-03,1205.16
910,Fernanda Castro,Silla,Occidente,-2,"$1,002.96",2024-11-15,1289.67
6215,Camila Reyes,Impresora,norte,29,$806.33,2024-04-20,1058.18
5236,Paola Rios,Tablet,,20,$430.72,10-10-2024,1579.53
1979,Paola Rios,Tablet,Norte,51,$-970.21,28/07/2025,1719.75
933,Miguel Flores,Impresora,Norte,23,1277.21,Agosto 23 2025,1025.76
8016,Sofia Torres,Impresora,Norte ,54,934.37,03-05-2026,1514.98
1975,Isabel Guzman,Camara,Centro,373,$237.39,2026-04-28,1591.2
1946,Pedro Aguilar,Bocina,norte,43,1443.81,04-06-2024,1402.15
7377,Maria Lopez,Bocina,Sur,42,"$1,096.19",2024-08-14,1286.21
1421,Alejandro Diaz,CAMARA,Occidente,34,$935.26,22/01/2025,1283.71
1537,Daniela Cruz,Impresora,Norte,16,$963.97,21/11/2025,1417.39
4701,Isabel Guzman,Escritorio,sur,25,347.86,2024-06-03,1643.16
5942,Alejandro Diaz,Silla,CENTRO,45,726.93,2024-09-03,2129.45
7807,Pedro Aguilar,Teclado,Norte,34,768.19,Octubre 13 2024,1117.06
6663,Daniela Cruz,SILLA,Sur,49,"$1,028.72",05-22-2025,981.75
5336,Camila Reyes,Escritorio,centro,36,791.56,2024-02-22,1246.23
2935,Camila Reyes, Camara,Norte,41,"$1,216.53",2024-11-25,1434.36
7538,Pedro Aguilar,Bocina,Sur,45,$830.19,2024-09-09,1133.6
226,Jose Martinez,MOUSE,Sur,39,301.78,Febrero 28 2025,1428.38
6023,Miguel Flores, Monitor,Centro,29,746.63,2026-02-01,1991.65
1031,Jorge Morales,Mouse,Centro,29,"$1,044.42",Abril 12 2025,1592.07
1072,Jose Martinez,ESCRITORIO,Norte,64,877.51,Marzo 29 2026,1079.36
8791,Ricardo Vargas,CAMARA,norte,,sin dato,04-01-2026,1437.22
2557,Luis Hernandez,Monitor,,41,$-712.74,Octubre 4 2025,1644.12
5046,Camila Reyes,Teclado, Norte,55,"$1,186.65",2025-10-03,1526.2
6427,Luis Hernandez,Camara,Sur,34,$635.05,2025-04-25,626.07
9263,Maria Lopez,Laptop,centro,26,$605.86,Enero 30 2026,1268.94
7942,Camila Reyes,Escritorio,Occidente,47,951.01,22/07/2024,2084.95
8280,Pedro Aguilar,Silla,norte,32,$941.92,11-23-2024,334.77
8787,Fernanda Castro,Silla,OCCIDENTE,30,$559.67,16/03/2024,1277.37
1350,Jorge Morales,LAPTOP,Norte,,$849.40,Febrero 19 2025,1265.53
6982,Carlos Ramirez,Impresora,OCCIDENTE,45,"$1,310.67",Mayo 17 2026,1227.49
6969,Camila Reyes,BOCINA,norte,24,1145.68,04/06/2026,1507.64
8393,Isabel Guzman,Tablet,?,26,739.65,Noviembre 26 2024,948.62
9319,Luis Hernandez,IMPRESORA,Centro,40,"$1,090.32",2024-10-16,1620.4
5310,Jorge Morales,Bocina,Centro,33,1048.57,13/07/2024,2326.01
3562,Andres Ortiz,Silla,Occidente,25,476.17,2025-10-26,1421.91
2766,Miguel Flores,Tablet,Sur,54,"$1,020.04",08/06/2026,1770.01
9809,Jose Martinez,Bocina,Occidente,17,824.55,Enero 30 2026,969.23
2493,Alejandro Diaz,Laptop,Norte,34,$818.53,Octubre 26 2025,824.35
5611,Ricardo Vargas,MONITOR,Sur ,36,761.91,2026-05-12,1305.77
7384,Maria Lopez,Bocina,Sur,46,912.32,21/11/2024,1693.82
8265,Ricardo Vargas,Mouse, Occidente,40,$664.36,Octubre 7 2025,1939.29
1126,Jorge Morales,Teclado,Occidente,44,682.46,02-24-2025,1299.26
4940,Jorge Morales, Silla,Sur,41,$976.46,17/01/2026,1571.56
244,Fernanda Castro, Impresora,Centro,28,$822.13,Julio 9 2024,1357.35
6518,Daniela Cruz,MOUSE,sur,53,sin dato,05/05/2026,1225.34
2013,Pedro Aguilar, Laptop,norte,33,$817.71,,1774.37
5218,Luis Hernandez,Monitor, Occidente,35,881.46,04-23-2026,1028.21
7173,Alejandro Diaz,Tablet,Centro ,32,"$1,106.82",04-11-2024,1519.89
9365,Laura Sanchez,Bocina,occidente,44,$892.09,02-28-2026,1581.53
6559,Isabel Guzman,Escritorio,Sur,47,623.75,2025-07-06,1377.17
1217,Ricardo Vargas,Silla,Occidente,21,$857.99,12-09-2024,1942.12
9577,Ricardo Vargas,TABLET, Norte,61,sin dato,01/09/2024,955.98
5482,Sofia Torres,Mouse,Occidente,43,1229.33,Febrero 17 2024,1158.87
2959,Fernanda Castro,Monitor,NORTE,31,833.39,19/06/2024,2146.88
4727,Fernanda Castro,Escritorio,Centro,37,1392.05,2024-05-19,1385.17
3350,Isabel Guzman,Impresora,Sur,25,1083.13,Mayo 2 2025,1442.24
6665,Carlos Ramirez,Tablet, Sur,37,$379.05,2025-01-23,1551.46
6928,Alejandro Diaz,Mouse,Sur,39,$451.53,2026-04-09,890.44
4364,Isabel Guzman,Laptop,Occidente,39,625.04,32/13/2026,2014.03
9476,Ana Garcia,CAMARA,Sur,31,1119.58,06-23-2025,1316.57
6743,Laura Sanchez,Camara,Occidente,26,640.11,2024-03-22,1297.27
7808,Paola Rios,Mouse,norte,50,"$1,304.32",2024-04-29,1632.98
283,Ricardo Vargas,Escritorio,Centro,28,$808.21,Diciembre 8 2024,1506.14
3986,Ricardo Vargas,Mouse,Centro,45,"$1,238.82",07/01/2025,821.27
203,Maria Lopez,Impresora,Norte,35,661.67,2026-04-10,1419.98
9606,Alejandro Diaz,Monitor,OCCIDENTE,32,$997.19,2024-07-23,1562.69
4403,Andres Ortiz,Monitor,Centro,44,1227.62,Marzo 24 2026,1300.83
8712,Pedro Aguilar,MOUSE,Norte,42,1114.18,Junio 4 2025,1706.63
3439,Maria Lopez,Impresora,OCCIDENTE,48,$930.93,29/04/2025,1256.48
4157,Andres Ortiz,Impresora,Occidente,43,$764.80,04-28-2025,1854.5
5670,Pedro Aguilar,Escritorio,Occidente,15,1019.11,2024-01-11,1733.24
5921,Diego Romero,ESCRITORIO,Norte,23,1411.39,Octubre 10 2025,1941.3
2679,Maria Lopez,Escritorio,Occidente,56,$922.77,20/07/2025,1339.78
6156,Maria Lopez,Escritorio,Centro,56,$520.90,,807.72
3077,Fernanda Castro,Monitor,sin informacion,40,$593.54,Junio 9 2024,1205.28
4552,Valeria Mendoza,Tablet,Norte,54,478.96,09-30-2024,1966.96
4973,Luis Hernandez,Tablet,Sur,34,771.58,Junio 5 2025,1545.43
5691,Paola Rios, Silla,sur,26,$285.25,2025-08-15,1087.88
2153,Camila Reyes, Bocina,Centro,41,1105.79,Abril 27 2025,1397.8
3703,Carlos Ramirez,Tablet,Centro,52,554.08,2026-01-10,1603.22
8224,Valeria Mendoza,Tablet, Norte,39,$616.33,Octubre 10 2025,1611.85
7520,Pedro Aguilar,Teclado,Occidente,51,512.59,32/13/2026,967.24
1195,Miguel Flores,Monitor,Centro,24,1280.96,Abril 23 2025,1133.58
2942,Ana Garcia,Mouse,norte,21,"$1,666.27",11-20-2024,2142.81
3111,Alejandro Diaz, Bocina,Occidente,,"$1,253.84",09-08-2025,2203.15
4194,Ana Garcia,Laptop, Sur,20,$836.84,03-23-2026,1796.07
9885,Maria Lopez,Camara,Norte,44,$621.85,02-06-2024,1513.44
1699,Jose Martinez,Teclado, Centro,54,717.40,2026-06-12,882.42
4554,Luis Hernandez,Impresora,Sur,23,"$1,219.21",04-24-2025,1535.09
5532,Sofia Torres,Laptop,Centro,22,$327.69,27/08/2025,1893.32
9565,Camila Reyes,Bocina,Norte,47,$986.01,2025-10-10,702.87
2471,Carlos Ramirez,Laptop,centro,32,$867.91,Mayo 27 2025,1188.42
9237,Miguel Flores,IMPRESORA,CENTRO,64,sin dato,20/02/2024,1960.02
6000,Pedro Aguilar,Escritorio,centro,44,$721.45,08-31-2024,1981.95
1491,Carlos Ramirez,Teclado,occidente,30,1078.33,Abril 6 2024,935.36
8322,Luis Hernandez,Tablet,occidente,45,$-703.33,2024-11-12,1444.58
6545,Paola Rios,Bocina,Centro,43,1208.92,Enero 11 2026,1644.92
8588,Laura Sanchez,Monitor,Centro,15,"$1,084.06",Junio 19 2025,1190.74
3797,Carlos Ramirez,Impresora,Sur,37,740.03,08-27-2024,2047.89
1078,Diego Romero,Teclado,OCCIDENTE,44,"$1,205.22",2024-03-16,902.09
369,Camila Reyes,Bocina,Norte,52,$367.11,Julio 7 2024,1585.59
2519,Laura Sanchez, Monitor,Occidente,42,886.32,2024-08-27,1334.05
3814,Paola Rios, Silla,Sur,45,$871.56,2026-01-11,1415.01
7419,Andres Ortiz,Bocina,NORTE,31,$701.41,2024-03-15,1245.81
8501,Ana Garcia,Camara,Sur,24,832.34,01/07/2024,1920.17
4659,Luis Hernandez,Monitor,Sur,26,"$1,054.07",32/13/2026,1614.1
3692,Miguel Flores,Monitor,SUR,27,"$1,131.78",Junio 11 2024,735.54
7014,Camila Reyes,Escritorio,OCCIDENTE,41,sin dato,Septiembre 6 2024,1422.4
3643,Ana Garcia, Tablet,Sur,29,"$1,038.61",2024-10-16,960.09
6339,Paola Rios,Impresora,Occidente ,47,415.94,Agosto 17 2024,1884.86
824,Fernanda Castro, Camara,Norte,17,$342.99,Octubre 17 2025,1494.27
700,Miguel Flores,Laptop,OCCIDENTE,49,220.08,Febrero 13 2026,1863.59
9685,Camila Reyes,Mouse,Sur,32,553.77,Noviembre 5 2024,1211.77
9789,Maria Lopez,Tablet,Occidente,47,1004.32,2025-10-11,1613.82
8689,Ricardo Vargas,Monitor,Norte,35,$-764.21,28/01/2026,935.84
1380,Pedro Aguilar,Tablet,occidente,31,$360.48,2026-05-08,1970.24
9697,Sofia Torres,Camara,Centro ,31,"$1,022.11",Abril 19 2024,1244.01
8129,Maria Lopez,Camara,norte,27,"$1,047.49",,1517.28
3027,Miguel Flores, Impresora,Norte ,49,$902.18,04-23-2026,1591.76
4249,Alejandro Diaz,Bocina,norte,35,1058.24,05-13-2024,1462.49
3426,Diego Romero,Escritorio,Centro,44,"$1,290.36",15/06/2024,1295.05
7757,Camila Reyes, Tablet,Norte,39,967.81,20/06/2024,1231.24
229,Sofia Torres, Laptop,Occidente ,37,459.29,Abril 29 2024,1806.03
9497,Andres Ortiz, Laptop,occidente,51,$684.73,Febrero 6 2026,1113.83
3491,Alejandro Diaz, Mouse,Sur,41,$508.51,2024-07-28,1873.72
9442,Pedro Aguilar,Monitor,NORTE,36,$669.19,05-13-2025,897.27
2473,Diego Romero,Monitor,Norte,40,1322.70,2025-12-12,926.32
1954,Carlos Ramirez, Mouse,Sur,20,$784.80,12/09/2025,1144.8
5578,Jorge Morales,MONITOR,Sur,56,203.24,,846.57
3632,Pedro Aguilar,Teclado,NORTE,28,1146.91,04-23-2026,1279.05
7630,Luis Hernandez,Escritorio,Centro,37,sin dato,2025-11-29,1927.75
2260,Jose Martinez,Teclado,Sur,60,639.01,Marzo 3 2026,1259.58
8713,Jose Martinez,Mouse,Sur,49,$450.52,Abril 9 2026,1273.11
8895,Maria Lopez,Tablet,Norte,40,$358.10,01-30-2025,1678.36
8778,Maria Lopez,Escritorio,Norte,29,$815.98,19/03/2025,2054.03
9596,Laura Sanchez,Monitor,Occidente,-1,50.00,12-22-2024,1519.3
5513,Jose Martinez,Escritorio,Occidente,35,901.87,Marzo 19 2025,1066.23
3102,Camila Reyes,Monitor,Sur,22,"$1,105.78",09/06/2024,607.58
6737,Laura Sanchez,Escritorio,Norte,34,$826.07,10-27-2025,1589.4
5560,Miguel Flores,Mouse,Centro ,19,754.72,21/10/2025,1135.24
3120,Ana Garcia,Teclado,sur,34,564.65,2024-09-03,1122.68
931,Camila Reyes,Mouse,Norte,25,$577.17,05-19-2024,1266.52
1599,Camila Reyes,Impresora,NORTE,57,617.79,04/08/2024,1142.57
9770,Valeria Mendoza,Escritorio,Norte,64,1245.23,Septiembre 30 2024,1449.57
4981,Diego Romero,Escritorio,norte,,1160.33,Abril 13 2024,767.72
6541,Ana Garcia,Impresora, Centro,34,892.75,18/04/2024,1070.07
7837,Daniela Cruz,Laptop,centro,35,$402.70,2026-03-25,1991.03
6754,Miguel Flores,Teclado,Norte,66,$556.73,Diciembre 6 2024,1037.23
7127,Maria Lopez,Camara,Sur,35,$-745.43,2025-11-20,1060.79
4369,Paola Rios,Monitor,Centro,36,$606.06,2025-08-08,1816.0
8310,Sofia Torres,Monitor,Centro,56,539.08,Septiembre 8 2024,987.9
2187,Fernanda Castro,Impresora,Centro,42,"$1,097.78",2026-05-13,1206.36
9988,Fernanda Castro,Tablet,Norte,42,$473.67,2024-08-07,1706.75
3417,Laura Sanchez, Tablet,centro,32,"$1,026.21",06-04-2026,1930.96
5715,Jorge Morales,Monitor,Occidente,46,$500.39,25/05/2024,1226.99
2947,Daniela Cruz,CAMARA,Sur ,39,1057.70,Mayo 22 2024,583.08
1377,Pedro Aguilar,TECLADO,Centro,210,1201.92,Marzo 4 2026,1925.83
7564,Valeria Mendoza,Impresora,Centro,31,$716.69,2024-12-11,1558.01
5204,Sofia Torres,Mouse, Centro,27,806.46,Febrero 22 2025,1488.73
8508,Pedro Aguilar,Camara,Occidente,33,563.45,2026-06-01,872.72
58,Fernanda Castro,Camara,Occidente,26,1342.10,09-05-2024,1284.09
8488,Luis Hernandez,Teclado,Sur,33,"$1,037.84",21/04/2026,1866.2
534,Isabel Guzman,Camara,OCCIDENTE,46,1586.91,12-01-2025,2282.99
5189,Jose Martinez,Impresora,occidente,50,555.05,,778.91
7571,Camila Reyes,Camara,Norte,47,819.51,Junio 11 2024,931.95
5078,Valeria Mendoza,Bocina,Occidente,30,$681.63,22/03/2025,1235.51
2064,Alejandro Diaz,Teclado,Sur ,,$764.07,2024-09-15,1676.08
8967,Miguel Flores,Mouse,Centro ,31,1432.30,2024-08-29,1494.46
9609,Daniela Cruz,Teclado,OCCIDENTE,37,823.28,Marzo 26 2024,917.79
320,Luis Hernandez,Escritorio,Sur,39,661.74,Marzo 16 2026,1545.63
3225,Valeria Mendoza,Bocina,OCCIDENTE,31,1022.69,,1884.49
4117,Carlos Ramirez,MOUSE,Norte,39,499.98,16/01/2025,1550.24
2371,Ricardo Vargas,Mouse,centro,42,859.50,Enero 28 2025,1289.01
6429,Jose Martinez,Teclado,Norte,51,663.34,12/08/2025,2168.34
4113,Jose Martinez,Escritorio,Centro,42,sin dato,32/13/2026,1216.86
6305,Laura Sanchez,Monitor,Sur,33,$968.23,Agosto 21 2024,1649.4
2277,Alejandro Diaz,Teclado,Centro,12,1517.27,2025-06-04,1812.06
6047,Pedro Aguilar, Teclado,Occidente,55,587.63,01-17-2024,1857.46
1794,Andres Ortiz,LAPTOP,Centro,40,1168.38,2025-10-15,1341.22
8106,Ana Garcia,Tablet,occidente,19,1130.91,01-07-2025,1322.03
5356,Pedro Aguilar,Silla,OCCIDENTE,34,1117.82,2024-03-08,1141.65
2266,Ricardo Vargas,Escritorio,Norte,46,1036.03,2024-10-08,1078.04
4114,Sofia Torres,Teclado,Sur,28,549.07,Julio 28 2025,1159.07
8902,Laura Sanchez,Monitor,Occidente ,-5,201.54,2025-09-09,1667.66
9297,Pedro Aguilar,Tablet,occidente,30,"$1,270.21",Diciembre 2 2025,924.07
3185,Ana Garcia,Laptop,SUR,28,$884.38,,1035.53
42,Laura Sanchez,Tablet,Sur,42,585.70,Julio 27 2024,1387.57
9605,Paola Rios,Monitor,Occidente,27,$507.81,Enero 5 2025,973.93
839,Daniela Cruz,Escritorio,CENTRO,44,$778.69,20/02/2024,1239.3
8045,Diego Romero,Teclado,Occidente,35,$969.59,2024-08-23,2093.57
6019,Pedro Aguilar,Tablet,Centro,55,sin dato,09-04-2024,1158.94
2183,Alejandro Diaz,Teclado,sur,43,$203.47,13/06/2026,2001.04
1730,Sofia Torres,Mouse,Sur,56,929.58,Abril 19 2026,1871.05
4684,Ana Garcia,Bocina,Norte,25,$638.15,2025-09-03,933.81
6565,Camila Reyes,Teclado,Occidente,28,"$1,373.79",,1206.14
8734,Diego Romero,TECLADO,sur,49,"$1,003.35",2024-03-16,1595.98
5655,Ricardo Vargas,Laptop,Centro,41,1014.45,05-23-2024,1513.84
3759,Jorge Morales,Camara,Centro ,35,781.84,10-22-2024,1181.36
7615,Jose Martinez,CAMARA,Sur ,35,"$1,256.49",07/05/2024,806.21
2971,Fernanda Castro,Tablet,sur,52,773.20,11-14-2024,1391.18
7919,Ricardo Vargas,Laptop,Norte,26,"$1,151.03",2025-03-13,1171.77
3191,Luis Hernandez,Tablet,Norte,28,sin dato,17/12/2025,916.13
7979,Valeria Mendoza,Camara,Occidente,30,$585.58,32/13/2026,1021.99
2080,Ana Garcia,TECLADO,Norte ,32,983.24,2025-11-01,1500.3
6470,Laura Sanchez,Escritorio,CENTRO,47,299.42,Enero 31 2024,1269.33
1765,Isabel Guzman,Teclado,Sur,54,704.70,01-24-2024,2449.95
4810,Jorge Morales,Camara,sur,43,459.10,Febrero 3 2024,1464.87
6409,Miguel Flores,Escritorio,Centro,40,sin dato,Febrero 8 2025,1395.23
3538,Camila Reyes,Monitor,Sur,50,1088.96,2026-06-05,692.25
196,Miguel Flores,Bocina, Sur,31,802.80,05-03-2025,1582.37
2017,Sofia Torres,Monitor,Occidente,50,396.16,Marzo 30 2026,1912.35
6443,Andres Ortiz,Bocina,Norte,45,941.14,08-05-2025,1320.43
1448,Maria Lopez,Tablet,Norte,36,$966.49,Septiembre 16 2025,1395.51
4265,Isabel Guzman,Impresora,Occidente,19,1101.58,2026-01-09,1058.5
94,Luis Hernandez,Laptop,Norte,44,"$1,102.71",2024-02-17,1062.57
2327,Paola Rios,Tablet,Norte,48,564.86,2026-05-01,988.84
1645,Camila Reyes,Bocina,Centro,-6,1240.63,05/12/2024,2122.06
9537,Maria Lopez,Laptop,Norte,32,493.23,05-12-2025,744.36
3152,Jose Martinez,Silla, Norte,35,1003.15,02-13-2026,2114.82
6407,Jorge Morales,Tablet,Norte,49,$653.31,23/10/2024,1090.33
3412,Valeria Mendoza,Impresora,Sur ,45,"$1,063.74",19/07/2024,987.22
773,Alejandro Diaz,MOUSE,Centro,26,"$1,035.51",Mayo 29 2026,1484.98
6211,Maria Lopez,Silla,CENTRO,37,346.57,2025-03-29,1867.52
6761,Luis Hernandez,Camara,Centro,46,682.16,2025-10-25,1810.02
2623,Ana Garcia,Teclado,Centro,45,591.84,2025-10-23,1586.98
6118,Isabel Guzman,Tablet,SUR,39,611.12,Marzo 18 2025,1107.18
4130,Diego Romero,Bocina,Occidente,22,$549.35,2024-07-11,418.95
1988,Pedro Aguilar,MONITOR,NORTE,56,1267.73,01/12/2024,1473.38
475,Andres Ortiz,Bocina,Occidente,43,"$1,389.61",2025-01-22,1361.87
3154,Miguel Flores, Impresora,Sur,47,890.50,22/05/2026,1491.53
3466,Alejandro Diaz,Escritorio,sur,38,$845.36,04-06-2025,1325.34
398,Isabel Guzman,Teclado,centro,44,$782.09,09/04/2026,1389.13
5461,Isabel Guzman,Tablet,Centro,59,$532.30,Mayo 20 2025,1033.18
2944,Valeria Mendoza,Silla,NORTE,16,"$1,103.51",2024-10-12,1401.95
4466,Carlos Ramirez,TECLADO,Sur,55,$946.82,Mayo 13 2025,1363.48
5324,Luis Hernandez,Silla, Norte,26,1492.50,13/02/2026,1036.28
7812,Paola Rios,Camara,Sur,46,1311.91,Febrero 2 2024,1613.16
2237,Laura Sanchez,Tablet,Occidente,57,1179.78,,1532.62
9939,Sofia Torres,LAPTOP,Norte,24,838.68,Agosto 26 2024,1077.49
7393,Jorge Morales,Impresora,Occidente,24,$910.73,02-10-2025,886.31
2048,Jorge Morales,Teclado,Centro,21,1109.35,03-22-2024,1787.87
8516,Alejandro Diaz,MOUSE,Sur ,39,$528.13,32/13/2026,973.81
9385,Fernanda Castro,Teclado,Sur,19,$852.31,32/13/2026,1232.99
7792,Jose Martinez,Laptop, Occidente,42,"$1,229.54",24/05/2026,1775.62
8490,Miguel Flores,Escritorio,Sur,42,1069.74,25/08/2024,1678.51
1766,Luis Hernandez,Impresora,Centro ,32,sin dato,12-14-2025,1742.59
4813,Isabel Guzman,Camara, Sur,44,"$1,153.86",2026-01-07,980.36
3217,Pedro Aguilar,Escritorio,norte,42,$388.22,05-23-2025,1017.37
5398,Andres Ortiz,Teclado,Sur,26,"$1,093.17",2025-07-28,1195.5
2221,Laura Sanchez,Laptop,Centro,27,sin dato,2025-10-23,1601.84
1690,Sofia Torres,Monitor,Centro,53,933.70,09/08/2025,938.25
7177,Miguel Flores,Laptop,OCCIDENTE,42,1254.95,01-31-2025,1027.56
8765,Miguel Flores,MONITOR,Norte,51,"$1,012.27",2024-04-19,1410.58
8109,Miguel Flores,IMPRESORA,NORTE,58,808.06,11/06/2026,1310.81
9358,Isabel Guzman,Laptop,Sur,29,$853.93,Junio 18 2026,1383.77
8735,Luis Hernandez,Impresora,Sur,28,"$1,004.65",2024-12-22,1926.02
3139,Isabel Guzman,Silla,Norte,49,$575.35,20/04/2026,1236.99
6107,Pedro Aguilar,Laptop,Centro,18,527.95,09-13-2025,1456.06
9746,Carlos Ramirez, Monitor,centro,41,515.57,Enero 26 2026,1324.22
1239,Ana Garcia,Camara,Centro,32,$581.42,Noviembre 21 2024,1514.34
6249,Alejandro Diaz,Impresora,Centro,43,$676.18,2024-01-22,1257.11
6643,Alejandro Diaz,Impresora,Occidente,22,$761.60,08-26-2024,1457.15
9784,Sofia Torres, Impresora, Sur,40,"$1,087.00",Marzo 15 2024,1251.38
2514,Daniela Cruz,Teclado,Norte,52,"$1,261.35",05-07-2026,1518.91
8593,Jose Martinez,Mouse,Centro,44,$829.86,09-01-2025,1501.03
2463,Camila Reyes,Silla,NORTE,34,$551.30,29/06/2024,1176.64
9443,Valeria Mendoza,Bocina, Norte,40,844.93,2025-11-27,1528.75
1837,Camila Reyes, Teclado,Occidente,42,"$1,883.48",28/07/2025,1811.92
9517,Daniela Cruz,Monitor,Occidente,-2,$426.70,Abril 5 2026,1517.18
7448,Sofia Torres,LAPTOP,occidente,38,682.87,Febrero 17 2024,1602.94
6170,Daniela Cruz,Escritorio,occidente,30,1022.29,07/06/2026,1535.67
161,Ricardo Vargas,CAMARA,N/A,44,443.96,Septiembre 27 2025,1551.89
3633,Maria Lopez,Tablet, Centro,29,643.01,27/10/2024,1176.83
1627,Andres Ortiz, Mouse,Sur,56,878.28,24/01/2025,1253.58
1972,Paola Rios,Teclado,Occidente,33,$505.09,2025-12-24,1541.55
9060,Alejandro Diaz,Tablet,Occidente,16,$935.44,17/11/2025,1444.29
3931,Ricardo Vargas,IMPRESORA,Norte,,827.72,Mayo 13 2025,1285.71
3861,Isabel Guzman,Monitor,norte,34,$977.27,Marzo 12 2024,1794.36
4546,Andres Ortiz,Escritorio,Sur,49,977.91,Febrero 24 2025,1146.74
7901,Fernanda Castro,Escritorio,sur,41,851.04,Diciembre 3 2024,1462.32
3092,Sofia Torres,Laptop,,25,sin dato,Junio 6 2024,1826.9
5709,Carlos Ramirez,Monitor,norte,37,761.01,2024-10-27,1871.59
6200,Isabel Guzman,Mouse,Centro,14,$586.39,16/01/2024,1071.79
8279,Isabel Guzman, Impresora,Sur,16,"$1,189.74",08-28-2025,1486.33
8740,Camila Reyes,CAMARA,norte,44,719.75,2025-10-18,1324.33
3557,Alejandro Diaz,Mouse,Occidente,50,$960.96,,1488.69
5206,Jorge Morales, Impresora,Sur,27,$50.00,2025-09-23,1269.97
6461,Camila Reyes,Silla,centro,287,"$1,145.64",Septiembre 29 2025,1234.83
8485,Miguel Flores,Mouse,centro,53,$486.44,12-30-2025,1007.62
4323,Paola Rios,Impresora,Norte,34,$977.72,02-16-2024,1063.46
9556,Laura Sanchez,Silla,Occidente,25,$528.22,23/08/2024,1287.94
445,Ricardo Vargas, Impresora,Norte,59,864.43,08-27-2024,1159.05
641,Isabel Guzman,Escritorio, Norte,33,528.32,13/07/2025,1056.99
3372,Paola Rios,Impresora,Norte ,43,$703.76,Enero 23 2025,664.97
3257,Ricardo Vargas,Monitor, Occidente,41,$809.41,04-01-2025,1757.19
3887,Jose Martinez,Bocina,Occidente ,51,$651.59,Enero 17 2024,2116.47
2607,Miguel Flores,Tablet,Occidente,37,883.88,32/13/2026,1028.05
3488,Isabel Guzman,Camara,sur,40,$573.58,,1617.74
2922,Maria Lopez,Escritorio,Norte,52,$816.53,08-28-2024,1318.25
1154,Andres Ortiz,MOUSE,Centro,49,1173.87,27/12/2025,1419.39
3586,Pedro Aguilar,Teclado, Occidente,24,714.47,2025-02-09,1639.63
3589,Alejandro Diaz,Bocina,Occidente,51,$828.22,28/06/2025,848.22
3422,Jorge Morales,Laptop,norte,19,853.09,Marzo 30 2025,1654.46
3199,Maria Lopez, Mouse,OCCIDENTE,32,"$1,703.12",Mayo 29 2026,1042.88
7120,Laura Sanchez,Teclado,Centro,30,$910.33,01/05/2025,1710.23
5676,Paola Rios,Camara,Centro,32,868.01,2025-08-05,1093.64
1182,Andres Ortiz,Bocina,Centro,36,882.07,32/13/2026,1590.82
4832,Miguel Flores,Camara,Sur,-2,"$1,005.28",19/10/2025,1476.18
5234,Daniela Cruz,Silla,centro,36,sin dato,Julio 31 2024,1382.03
5298,Jorge Morales,Bocina,Norte,35,1387.05,2024-09-04,1511.53
5102,Paola Rios,ESCRITORIO,Centro,49,1112.28,2026-04-21,1298.59
5596,Daniela Cruz, Impresora,Sur,52,1112.45,Enero 28 2024,1293.88
322,Laura Sanchez,Laptop,Sur,39,$697.44,2026-01-29,1389.79
7889,Diego Romero,Bocina,Norte,30,"$1,362.12",02-03-2026,1247.3
9000,Pedro Aguilar, Teclado,Norte,36,810.89,08-30-2024,981.14
3819,Valeria Mendoza, Mouse,,46,$580.35,11/06/2025,1161.54
6780,Ana Garcia,Tablet,Norte,36,640.43,2025-06-23,1183.2
4225,Paola Rios,Camara,Sur,42,"$1,083.37",09/08/2024,1570.87
637,Diego Romero,Camara,Norte,40,sin dato,30/05/2024,1754.98
2469,Sofia Torres,Escritorio,Occidente,27,$898.82,2024-10-14,931.55
2385,Miguel Flores,Impresora,Norte,35,$582.84,05/05/2026,2199.98
7932,Fernanda Castro,Laptop,Norte,44,1240.65,Septiembre 14 2024,1267.37
9081,Fernanda Castro,LAPTOP,Norte,49,$544.81,Agosto 18 2025,936.32
280,Alejandro Diaz,Bocina,centro,25,"$1,202.09",Marzo 25 2024,1542.2
7130,Diego Romero,Tablet,Norte,50,"$1,316.59",09/07/2025,1281.55
8346,Sofia Torres,Laptop,Norte,20,sin dato,2024-05-09,1213.36
7790,Luis Hernandez,Camara,Norte,48,866.35,03-09-2024,1615.38
2798,Jose Martinez,Teclado, Centro,21,$624.66,03-04-2024,1865.31
1821,Miguel Flores, Mouse,Occidente,41,$-625.12,Enero 10 2025,1560.82
9572,Fernanda Castro,Escritorio,NORTE,28,"$-1,025.52",2025-08-25,1407.56
7619,Maria Lopez,Escritorio,norte,43,591.68,06-09-2024,1439.52
9555,Paola Rios,Escritorio,Centro,1,916.44,2026-01-03,1154.12
1144,Jose Martinez,Monitor,Centro,25,$469.70,2025-01-15,1328.2
5134,Alejandro Diaz,Impresora,Sur,32,$797.34,10-06-2024,1117.87
1295,Maria Lopez,Impresora,Centro,36,895.33,20/05/2024,1639.93
2553,Ricardo Vargas,TABLET,norte,31,621.53,2026-01-26,868.42
6009,Daniela Cruz,IMPRESORA,Occidente,60,$608.72,10-24-2024,1136.92
7421,Andres Ortiz, Mouse,Sur,31,918.91,21/09/2025,1287.21
5813,Alejandro Diaz,Laptop,Sur,54,1642.00,Mayo 21 2024,960.87
914,Ricardo Vargas,MONITOR,sur,19,$-719.53,11/02/2024,946.57
3700,Alejandro Diaz,Camara,sur,53,664.97,,1528.6
7124,Isabel Guzman,Mouse,Sur,45,1004.53,Diciembre 20 2024,1406.15
2841,Diego Romero,SILLA,Occidente,21,698.33,Febrero 11 2026,1439.09
9696,Isabel Guzman,Silla,centro,25,1181.21,2025-10-10,1254.21
121,Daniela Cruz,Monitor,Centro,26,"$1,107.43",Enero 28 2024,1481.92
4073,Diego Romero,Camara,Centro,,$881.66,Febrero 14 2025,1482.32
2436,Camila Reyes,Impresora,Centro,54,459.36,08-31-2025,1791.12
1587,Miguel Flores,Impresora,Centro ,64,218.31,2026-03-14,1577.43
8838,Isabel Guzman,Laptop,Occidente,56,496.13,Febrero 5 2025,1747.79
8176,Sofia Torres,Tablet,centro,46,733.20,Marzo 23 2024,1766.45
7804,Camila Reyes, Silla,occidente,22,936.26,Mayo 4 2024,1104.87
4134,Andres Ortiz, Bocina,Occidente,54,$758.26,2025-11-21,1070.6
5930,Paola Rios,Mouse,Centro,22,$849.62,,1676.04
4514,Maria Lopez,Laptop,Occidente,59,660.14,2025-10-26,1571.96
112,Jose Martinez,Bocina,Sur,32,$617.46,04-10-2025,1558.01
1247,Diego Romero,Camara,NORTE,41,583.46,32/13/2026,1219.28
3656,Pedro Aguilar,Camara,Norte,24,"$1,050.63",32/13/2026,661.27
9871,Jose Martinez,Bocina,Occidente,36,"$1,252.58",26/03/2024,1385.55
5160,Paola Rios,Bocina,Sur,8,925.12,2024-03-22,909.95
3227,Jose Martinez,Teclado,norte,30,sin dato,2026-05-18,1477.87
1245,Diego Romero,Bocina,Norte,35,$-718.74,2024-10-08,1523.84
2582,Ricardo Vargas,Impresora,Centro ,53,1115.97,10/01/2026,1053.79
4342,Sofia Torres,Tablet,Centro,35,668.74,2024-10-26,2050.06
8043,Ricardo Vargas,Teclado,Sur,48,835.28,Enero 11 2026,1431.29
7599,Paola Rios,Silla,occidente,34,"$1,306.44",,2048.59
1848,Ana Garcia,Impresora,Norte,51,857.24,2024-04-28,1593.67
3620,Alejandro Diaz,Camara,occidente,28,$144.72,2025-10-20,1397.62
4713,Camila Reyes,Monitor,Occidente,32,$794.37,2024-01-01,1443.1
1296,Miguel Flores,Impresora,Sur,32,$852.81,2025-07-22,1280.94
6918,Andres Ortiz,Escritorio,?,45,$774.54,2024-02-15,1319.65
1731,Isabel Guzman,IMPRESORA,N/A,41,$468.67,03/06/2024,1857.62
2772,Sofia Torres,Silla,occidente,30,$935.01,2024-07-20,869.05
3429,Jose Martinez, Bocina,Occidente ,49,532.65,03-23-2025,1083.12
4290,Ricardo Vargas,TABLET,Occidente,,389.48,Junio 5 2026,1505.74
5126,Camila Reyes,Laptop, Occidente,41,875.83,Julio 26 2024,1387.46
1727,Carlos Ramirez,Bocina,Sur,18,1194.01,Febrero 25 2024,1428.24
4443,Valeria Mendoza,Bocina,OCCIDENTE,31,989.68,2024-11-27,1627.64
9033,Paola Rios,Silla, Centro,39,"$1,264.45",13/05/2024,1697.63
9597,Pedro Aguilar,Bocina, Occidente,46,"$1,140.22",05/07/2024,519.2
6334,Alejandro Diaz, Laptop,Centro,27,1234.36,12-25-2025,772.52
36,Diego Romero,Escritorio, Sur,31,746.31,2025-09-05,1643.16
3837,Alejandro Diaz,Teclado,Sur,45,1071.53,27/11/2024,980.49
3445,Luis Hernandez,Silla,norte,24,"$1,355.71",06/12/2024,728.18
4728,Pedro Aguilar,Impresora,Occidente,58,$700.39,2024-01-16,1637.09
1722,Paola Rios,Bocina,Norte,61,1194.98,Enero 29 2024,822.56
4100,Ana Garcia,Laptop,Centro,29,$558.76,28/11/2025,1667.3
9679,Jose Martinez, Tablet,Norte ,52,"$1,230.40",04-07-2024,1576.77
2130,Daniela Cruz,Laptop,Sur,30,"$1,427.63",19/03/2026,1633.35
849,Diego Romero,Escritorio,OCCIDENTE,49,689.62,07-25-2024,1355.28
6926,Jorge Morales, Monitor,occidente,81,1007.20,Enero 11 2026,1091.07
1633,Luis Hernandez,Mouse,Centro ,27,567.80,2026-01-13,1528.19
1395,Ricardo Vargas,Mouse,sur,-7,"$1,117.68",Mayo 13 2025,1379.3
4302,Valeria Mendoza,Camara, Occidente,30,$598.59,2024-10-21,1537.52
3534,Andres Ortiz,Escritorio,Centro ,22,857.40,02-13-2024,1129.77
1619,Sofia Torres,Tablet,Sur,30,1033.52,2024-10-29,1775.64
8468,Camila Reyes,Laptop,Occidente,11,792.44,2024-07-05,1058.41
5390,Sofia Torres,IMPRESORA,sur,26,1204.57,05-25-2026,1279.89
2993,Paola Rios,Escritorio,sur,39,"$1,481.44",2025-07-05,1406.63
1896,Camila Reyes,Mouse,sur,26,590.46,28/09/2024,1581.06
1543,Paola Rios,Escritorio,norte,46,$838.34,2025-05-03,1745.56
9194,Alejandro Diaz, Escritorio, Norte,44,$917.88,05-31-2024,1929.26
680,Ana Garcia,Camara,Norte,,"$1,255.16",2024-03-04,1424.31
1728,Sofia Torres,Bocina,sin informacion,47,$657.88,Julio 30 2025,1231.09
5155,Sofia Torres,Laptop, Norte,32,835.09,Enero 2 2024,1202.75
3812,Luis Hernandez,Teclado,Norte,27,710.09,Septiembre 10 2024,98000.0
8141,Jose Martinez,Impresora,Norte,40,$777.14,2025-02-15,1706.37
8481,Andres Ortiz,Laptop,Norte ,44,723.20,32/13/2026,1694.95
628,Valeria Mendoza,Camara,Norte,29,$960.63,Abril 7 2025,1409.95
6934,Luis Hernandez,MOUSE,SUR,35,$940.04,Enero 28 2025,1789.31
8180,Carlos Ramirez,BOCINA,Norte,18,788.88,2024-08-17,1429.62
8144,Isabel Guzman,Monitor,Centro,40,$974.52,10/07/2024,1449.23
7002,Daniela Cruz,Monitor,CENTRO,38,912.45,Febrero 25 2024,987.19
5728,Miguel Flores,Tablet,Sur,41,828.46,01-11-2024,1212.85
3402,Jose Martinez,TECLADO,SUR,44,463.26,08/02/2026,1790.47
3816,Valeria Mendoza,Silla,Norte,33,$727.32,2025-03-24,948.03
5887,Pedro Aguilar,Laptop,Centro,50,$800.89,Marzo 9 2026,1532.39
5411,Ana Garcia,Silla,Centro,26,622.58,Febrero 11 2025,1526.8
449,Carlos Ramirez,Silla,Sur,40,"$1,258.62",15/04/2025,972.0
208,Paola Rios,Tablet,sur,56,"$1,247.85",26/02/2025,1127.67
5528,Fernanda Castro,Laptop,Sur,34,$821.32,2025-06-25,1039.63
9200,Paola Rios,Teclado,Centro,23,$660.65,21/05/2024,2007.47
4976,Valeria Mendoza,Tablet,occidente,23,1115.26,08/11/2024,1206.2
982,Miguel Flores,Bocina,Centro ,38,$873.89,Diciembre 31 2025,1008.5
8855,Carlos Ramirez,Teclado,Centro,51,697.42,Noviembre 24 2025,921.53
4751,Daniela Cruz,Bocina,Centro,25,1353.82,2024-07-24,1728.92
7329,Alejandro Diaz,Escritorio,Centro,44,$537.71,,1149.28
7609,Jorge Morales,Mouse,OCCIDENTE,61,459.65,21/06/2024,1335.3
2981,Laura Sanchez,Impresora,Centro,36,$827.70,06-29-2025,1056.54
8610,Jorge Morales,Tablet,Norte,57,487.01,05/02/2024,1314.27
8215,Valeria Mendoza,Escritorio,Occidente,37,338.53,Diciembre 7 2024,1365.09
7209,Fernanda Castro,Monitor,Occidente,51,1039.04,Enero 10 2025,1121.32
9637,Carlos Ramirez,Monitor,?,37,993.17,05-12-2025,1100.19
5196,Jose Martinez,Teclado,Norte,35,1099.82,01-27-2026,1601.27
5073,Ana Garcia,Laptop,Occidente,29,754.99,2024-06-24,1508.96
5793,Daniela Cruz,Silla, Norte,-6,741.39,28/07/2025,1461.77
4908,Andres Ortiz,Monitor,Occidente,26,$433.69,11-04-2024,1355.37
9350,Jorge Morales,Teclado, Centro,48,701.30,25/07/2024,1669.7
8489,Laura Sanchez,Monitor,Occidente,,$442.16,30/12/2024,958.53
8159,Sofia Torres,Tablet, Norte,44,"$1,510.18",32/13/2026,1523.17
1267,Jose Martinez,Camara,NORTE,-3,$874.12,20/11/2024,1415.21
3477,Miguel Flores,Escritorio,Centro ,21,$741.78,2024-01-19,1741.74
2849,Miguel Flores,Camara,Norte,54,755.35,09/11/2025,1160.57
7810,Sofia Torres,Escritorio,NORTE,58,$877.13,2026-01-12,1281.0
7800,Jorge Morales,Teclado,centro,41,$249.50,Julio 26 2024,1343.27
9515,Daniela Cruz,Camara,Sur,40,$-544.81,10-23-2025,2081.21
1771,Camila Reyes,Impresora, Sur,38,$709.60,2024-06-10,1449.23
8370,Laura Sanchez,LAPTOP,occidente,28,$954.48,11/11/2025,1508.71
4623,Luis Hernandez,Bocina, Norte,39,$463.07,2024-10-17,748.04
2020,Camila Reyes,Mouse,Centro,50,$804.59,02-20-2025,1433.28
6011,Jose Martinez,Laptop,,23,428.04,04/10/2025,1160.35
5417,Laura Sanchez, Bocina,Occidente,65,$926.69,2026-03-23,1364.24
5900,Pedro Aguilar,Mouse,Sur,25,$-945.10,2024-02-03,1714.13
5275,Miguel Flores,Teclado, Norte,42,819.26,03-14-2025,1810.56
8711,Alejandro Diaz,Tablet,Sur,39,1060.18,20/08/2025,1554.27
2974,Pedro Aguilar,Impresora,Norte,57,441.37,2024-08-22,446.44
7752,Ricardo Vargas,Laptop,Centro,39,$600.68,01-19-2026,1084.99
1586,Isabel Guzman,Impresora,SUR,25,"$1,039.27",2024-05-06,1847.41
5078,Valeria Mendoza,Bocina,Occidente,30,$681.63,22/03/2025,1235.51
8428,Laura Sanchez,Mouse,,60,911.65,10-15-2024,1852.53
6855,Ana Garcia, Silla,Occidente,51,$-837.14,06/09/2024,1857.59
9654,Daniela Cruz,Mouse,SUR,30,874.15,Febrero 24 2026,856.69
9861,Alejandro Diaz, Laptop,Centro,43,1208.09,2025-02-27,1127.42
1053,Jose Martinez,Tablet,Occidente,36,$213.17,07/08/2024,860.78
3113,Isabel Guzman,MONITOR,Centro ,269,946.91,2025-08-27,1706.79
8189,Pedro Aguilar,Teclado,Occidente,41,610.18,04-19-2024,1788.41
9637,Carlos Ramirez,Monitor,?,37,993.17,05-12-2025,1100.19
4534,Sofia Torres,TABLET,CENTRO,40,"$1,091.26",Junio 1 2025,1712.35
9610,Sofia Torres,MOUSE,SUR,35,$851.87,32/13/2026,1796.5
8867,Ana Garcia,Teclado,Sur,28,$959.92,2024-07-15,1505.27
3527,Pedro Aguilar,Laptop,Occidente,24,534.95,06-29-2025,1418.01
3050,Pedro Aguilar,ESCRITORIO,Sur,40,977.39,19/07/2025,1174.21
5590,Luis Hernandez,BOCINA,Sur,33,1386.71,2024-07-05,1430.13
2109,Alejandro Diaz,Laptop,Centro,45,973.98,01-11-2026,654.78
1086,Fernanda Castro,TECLADO,CENTRO,41,$934.43,2026-03-12,1197.54
9088,Isabel Guzman,Impresora,Centro,36,1024.29,2026-01-08,1883.81
8438,Isabel Guzman,Impresora,Sur,27,$796.26,16/07/2025,1785.19
767,Pedro Aguilar,Camara,Sur,43,$916.84,2025-01-24,1685.41
1747,Laura Sanchez,Laptop,Sur,28,705.15,30/11/2025,791.1
7647,Jose Martinez,Laptop,NORTE,64,$496.57,2025-09-21,1382.89
1009,Camila Reyes,Bocina,Norte,,$818.02,08-10-2024,859.97
5699,Ricardo Vargas,Bocina,?,57,848.16,2024-03-21,1114.87
623,Maria Lopez,Monitor,Centro,16,750.96,2026-04-27,1283.9
6536,Miguel Flores,Laptop,Occidente,50,368.18,Agosto 23 2025,1768.93
3929,Carlos Ramirez,Monitor,Sur,31,$996.20,Septiembre 6 2025,1470.85
6138,Andres Ortiz,Impresora,sur,16,"$1,342.18",19/01/2025,1554.89
5607,Jorge Morales,Mouse, Sur,43,"$1,117.14",2024-05-17,961.53
6340,Camila Reyes,Monitor,Centro,53,sin dato,2024-04-23,1904.53
6535,Diego Romero,MOUSE,Sur,42,906.29,11/07/2024,1531.22
4994,Miguel Flores,Tablet,Occidente,28,458.32,19/07/2025,1310.28
3357,Valeria Mendoza,Laptop,Centro,24,1085.86,32/13/2026,2170.36
3508,Camila Reyes,Monitor,Occidente,25,980.95,2024-09-04,1431.01
4895,Miguel Flores,Monitor,Sur,59,$697.92,Noviembre 20 2025,1354.99
5283,Maria Lopez, Monitor,Norte ,38,470.15,32/13/2026,1444.51
6540,Ricardo Vargas,Impresora,Occidente,49,803.54,2024-09-21,1401.15
7650,Jorge Morales,Teclado,Occidente,,887.68,2025-12-31,1672.31
3431,Miguel Flores,Tablet,CENTRO,44,"$1,169.94",Septiembre 3 2025,1359.73
8875,Daniela Cruz,Bocina,Centro,38,560.58,Noviembre 23 2024,1186.82
2792,Jose Martinez, Impresora, Norte,23,1059.25,27/06/2024,1850.72
2622,Sofia Torres,Laptop,centro,27,869.16,23/11/2025,1893.83
6602,Camila Reyes,Monitor,Sur ,27,1227.95,Noviembre 11 2024,1312.37
8260,Diego Romero,Monitor,Norte,28,795.21,05-25-2024,716.85
3616,Jose Martinez,SILLA,sin informacion,26,$761.32,2024-01-28,1206.84
4638,Camila Reyes,Mouse,Norte,25,496.00,05-15-2025,706.66
1963,Ricardo Vargas,Monitor,Sur ,37,"$1,063.48",Agosto 19 2025,1335.33
6473,Valeria Mendoza,Tablet, Sur,19,"$1,149.91",Septiembre 6 2025,614.12
6212,Andres Ortiz,Tablet,Sur,30,"$1,133.46",32/13/2026,1338.25
7590,Daniela Cruz,Escritorio,Norte,29,$943.31,2024-01-07,1809.53
7373,Valeria Mendoza,Mouse,CENTRO,33,$719.89,2025-08-16,829.71
4061,Maria Lopez,Mouse,Sur,27,$304.00,20/05/2024,1438.31
8757,Diego Romero,Escritorio,Occidente,21,347.85,11/12/2024,1584.75
4609,Ana Garcia,Monitor,Centro,34,558.03,2024-09-19,1658.97
9179,Camila Reyes,TECLADO,centro,22,1289.98,28/08/2024,1494.16
8854,Ana Garcia,Silla,Norte ,37,909.28,07-31-2024,1208.5
3943,Maria Lopez,Impresora,Occidente,49,$801.18,02/03/2026,1584.8
5182,Jorge Morales,Impresora,Occidente,66,1231.48,06-04-2026,1722.45
9860,Paola Rios,Monitor,N/A,56,$690.04,Diciembre 11 2025,1525.01
6528,Alejandro Diaz,Laptop,OCCIDENTE,42,632.44,2024-02-25,1637.66
692,Pedro Aguilar,Camara,Sur,41,897.57,Agosto 2 2025,1976.86
5581,Valeria Mendoza,CAMARA,Occidente ,54,$946.55,06/05/2026,1064.21
4823,Fernanda Castro,Laptop,SUR,311,771.62,Febrero 28 2026,1604.04
2480,Valeria Mendoza,Escritorio,Centro,33,510.68,2025-10-20,498.57
1456,Isabel Guzman,Escritorio,SUR,25,$509.40,24/08/2024,1601.9
9712,Ana Garcia,Monitor,Centro,22,$877.70,03-11-2025,1038.17
6610,Jorge Morales,Teclado,Occidente,44,222.50,2025-11-30,1282.58
5013,Laura Sanchez,Monitor,Centro,20,sin dato,2024-07-22,1557.04
8153,Sofia Torres,Monitor,Sur,20,$759.17,24/10/2025,1162.9
3979,Isabel Guzman, Tablet,Occidente,48,945.80,2024-05-31,1453.23
7300,Diego Romero,Teclado,Norte ,50,sin dato,22/02/2025,1573.09
9301,Carlos Ramirez,Silla,norte,37,843.63,2025-02-05,1561.1
2027,Carlos Ramirez,Mouse,Occidente,-3,957.03,22/03/2024,1465.36
8101,Miguel Flores,Bocina,Occidente,49,sin dato,2025-03-04,1468.3
1601,Fernanda Castro,Bocina, Norte,38,sin dato,26/05/2026,1745.72
9658,Luis Hernandez, Escritorio, Sur,39,sin dato,Enero 22 2024,1131.82
3342,Paola Rios,Impresora,sin informacion,39,1471.00,2024-07-06,1155.46
1049,Jose Martinez,Bocina,Centro,34,"$1,135.62",21/02/2024,1085.18
6717,Fernanda Castro,Monitor,norte,-1,719.69,07-31-2024,769.97
5743,Alejandro Diaz,Laptop,Sur,54,803.04,Junio 11 2024,904.13
6517,Fernanda Castro,CAMARA,Centro,39,1398.93,17/05/2026,1471.62
8178,Fernanda Castro,Tablet,OCCIDENTE,32,951.19,2026-01-25,1572.05
5211,Valeria Mendoza,Impresora,Occidente,42,"$1,135.17",20/02/2025,1638.17
5526,Andres Ortiz,LAPTOP,Norte,29,$833.22,2024-03-11,1449.75
799,Camila Reyes,SILLA,Sur,58,988.10,2025-09-27,1638.15
3666,Daniela Cruz,Mouse,Sur,41,$425.21,2025-01-24,1420.9
5722,Laura Sanchez,Camara,Occidente,desconocida,$730.99,14/10/2025,1777.95
2957,Maria Lopez,Escritorio,Sur,35,613.37,08-08-2025,1712.01
9500,Sofia Torres,Silla,sin informacion,37,$609.05,2025-09-08,1561.24
8358,Laura Sanchez, Silla,sur,-2,$967.66,15/01/2025,1186.86
4109,Camila Reyes,Teclado,Occidente,35,"$1,023.43",2024-04-26,1071.03
2729,Jorge Morales,Teclado,Sur,41,1313.37,Abril 6 2026,2394.13
1311,Luis Hernandez,Laptop,OCCIDENTE,,$607.56,Febrero 25 2026,835.97
9810,Miguel Flores,Camara,CENTRO,33,$740.59,Mayo 18 2025,1193.75
1756,Ana Garcia,Teclado,Occidente,38,$678.45,07/02/2026,1400.88
8245,Diego Romero,Monitor,Occidente,34,$903.21,2026-02-13,778.68
5918,Pedro Aguilar, Teclado,NORTE,41,658.38,Agosto 19 2025,1567.32
3630,Sofia Torres,Escritorio, Occidente,40,829.76,12-05-2025,1775.86
7383,Carlos Ramirez,Mouse,Norte,51,$531.13,Diciembre 23 2025,924.5
1413,Jorge Morales,Impresora,Norte,18,"$1,543.59",19/05/2024,1535.56
9406,Isabel Guzman,Teclado,Norte,desconocida,$875.96,04-07-2024,1082.01
6788,Miguel Flores,Laptop,Norte,39,1225.60,02-06-2026,1521.53
6430,Andres Ortiz,Bocina,Centro,32,sin dato,12-13-2024,1813.77
9642,Fernanda Castro,Monitor,Occidente,30,$910.33,Septiembre 14 2025,1589.74
626,Paola Rios,Teclado,norte,39,866.20,Septiembre 16 2025,1179.19
1675,Jose Martinez,Laptop,Sur,14,1048.92,Enero 18 2025,836.24
8881,Jorge Morales,Monitor,OCCIDENTE,55,"$1,163.17",06-07-2025,1106.58
2940,Jorge Morales,Bocina,Centro,312,$718.83,02-19-2026,1664.49
8776,Carlos Ramirez,Monitor,Occidente,43,666.79,32/13/2026,1371.6
8720,Ana Garcia,Bocina,Sur ,47,883.50,2025-07-26,1041.01
4324,Maria Lopez,Silla,Occidente,39,$179.35,05/03/2025,1156.52
7331,Miguel Flores,Silla,Centro ,28,796.97,Octubre 14 2025,2081.32
6193,Diego Romero,Escritorio, Norte,46,1767.14,14/08/2025,1080.22
7929,Ana Garcia,Laptop,Sur,47,"$1,256.26",22/08/2025,1712.21
5394,Luis Hernandez,Laptop,Norte,32,1512.71,05-18-2026,1106.03
9838,Diego Romero,Monitor,occidente,38,779.24,2024-04-01,1142.68
7903,Diego Romero,Camara,Centro ,53,653.41,28/04/2025,789.28
3552,Isabel Guzman,Teclado,sur,11,770.01,14/12/2024,1531.98
4221,Alejandro Diaz,Camara,sur,40,"$1,247.64",Febrero 20 2024,2083.6
2212,Alejandro Diaz,Silla,Centro,42,824.52,2024-02-18,1739.19
832,Andres Ortiz,Mouse,Norte,46,$933.63,Abril 4 2025,1312.91
9295,Miguel Flores,Laptop,Occidente,26,$401.41,02-03-2026,1400.3
2076,Sofia Torres,Silla,norte,34,1270.81,19/05/2026,1560.64
8169,Paola Rios, Escritorio,sur,44,283.82,2024-04-28,1532.47
7624,Maria Lopez,Monitor,Sur,35,"$1,052.31",Agosto 18 2024,1457.82
5585,Miguel Flores,Escritorio,Norte,39,879.99,32/13/2026,1372.66
7076,Sofia Torres,Monitor,Sur,28,$847.29,13/05/2026,959.61
4321,Jorge Morales,Teclado,norte,35,$737.10,2025-06-01,1989.85
9033,Paola Rios,Silla, Centro,39,"$1,264.45",13/05/2024,1697.63
8654,Camila Reyes,Silla,Sur,42,"$1,159.22",09/04/2025,844.18
8377,Ana Garcia,Bocina,SUR,55,743.60,,1560.3
4866,Jose Martinez,Silla,Centro,42,806.67,Enero 10 2024,1717.07
1563,Camila Reyes,Mouse,Sur ,21,"$1,104.22",Junio 5 2025,1402.57
2760,Valeria Mendoza,Camara,Centro,53,$677.22,Enero 23 2025,1545.14
8136,Andres Ortiz,Tablet,Centro,19,746.77,18/04/2025,1777.13
7761,Andres Ortiz,TECLADO,Norte,28,682.40,2024-08-16,1481.41
3463,Andres Ortiz,LAPTOP, Occidente,7,1345.10,2026-02-05,1948.82
2498,Ana Garcia,Mouse,norte,36,818.57,Noviembre 27 2025,1437.21
4375,Maria Lopez,Silla, Centro,33,"$1,131.15",32/13/2026,1623.85
6114,Carlos Ramirez,Escritorio,NORTE,27,684.62,2025-01-27,1267.78
1823,Camila Reyes,Impresora,norte,43,sin dato,Septiembre 12 2025,782.97
6486,Ana Garcia, Camara,Occidente,42,831.05,06/12/2024,1304.54
314,Sofia Torres,Mouse,Norte,37,$850.19,2024-10-27,1286.35
438,Maria Lopez, Bocina,Centro,53,692.81,2024-01-08,1151.35
3610,Miguel Flores,Silla,Norte,53,584.61,21/04/2026,671.33
8717,Daniela Cruz,Impresora,Centro,32,"$1,336.34",Noviembre 24 2025,1036.07
2713,Carlos Ramirez,Laptop,Norte,49,$953.33,05/08/2025,808.06
9594,Pedro Aguilar, Laptop,Centro,31,872.68,03-20-2026,1235.47
5913,Ana Garcia,MONITOR,Occidente,45,sin dato,02-23-2025,1821.07
6241,Ana Garcia,Laptop,Occidente,42,682.19,2025-03-25,1788.4
6747,Andres Ortiz,Silla,occidente,23,1316.50,Abril 14 2024,1701.13
9409,Camila Reyes, Laptop,SUR,39,$714.63,2025-08-05,781.97
9873,Camila Reyes,Impresora,Sur ,44,1515.52,02-10-2025,1643.82
4678,Jose Martinez,SILLA,Sur,,$780.97,Abril 24 2025,1687.51
7170,Fernanda Castro,Mouse,norte,27,$477.83,2024-05-10,1159.02
9924,Laura Sanchez,Camara,Centro,42,$254.22,27/03/2024,750.52
127,Pedro Aguilar, Bocina,,23,$635.33,08-01-2025,1537.21
3520,Ana Garcia,Bocina,Norte,44,$476.25,Enero 8 2024,1655.43
8707,Luis Hernandez, Camara,Norte,53,"$1,535.39",20/05/2025,1241.39
6532,Pedro Aguilar,SILLA,Centro,42,$418.40,04-29-2024,924.57
4614,Ana Garcia,Tablet,CENTRO,37,$-622.13,2024-03-15,1758.96
7395,Carlos Ramirez, Escritorio,OCCIDENTE,46,1222.57,05-15-2024,1653.55
8151,Valeria Mendoza,Camara,Sur,31,558.53,10/02/2024,810.86
6653,Andres Ortiz,BOCINA,SUR,42,696.69,Febrero 9 2025,1055.46
6327,Maria Lopez,Bocina, Norte,35,1142.31,17/03/2026,1540.06
2223,Diego Romero,Teclado,,36,$649.52,Noviembre 4 2024,1115.86
7993,Luis Hernandez, Escritorio,Occidente,51,1095.04,2026-01-17,1441.36
8578,Alejandro Diaz,TABLET,Sur,36,$905.10,2025-08-24,1796.14
3774,Carlos Ramirez,Monitor,Norte,36,$676.06,13/05/2024,848.01
2419,Alejandro Diaz,Impresora,Centro,18,1410.79,05-11-2025,657.06
1273,Isabel Guzman,TECLADO,Norte,64,$354.37,Julio 21 2025,1141.09
286,Daniela Cruz,Camara,Sur ,31,$705.81,10/10/2025,1666.17
3219,Maria Lopez,Monitor,Centro,21,994.63,32/13/2026,1096.38
5325,Camila Reyes,MOUSE,Occidente,34,"$1,295.90",08-02-2025,2087.56
8228,Paola Rios,Laptop,Centro,25,584.30,Abril 24 2026,1540.2
8381,Camila Reyes,Bocina,Sur,375,"$1,092.23",07-01-2024,836.81
8648,Paola Rios,Mouse,Centro,45,$501.52,11-20-2024,954.93
8104,Maria Lopez,Monitor,Sur ,21,$559.88,2025-03-10,1527.8
9104,Camila Reyes,Mouse,Centro,44,1131.92,Mayo 26 2025,98000.0
172,Fernanda Castro,Escritorio,OCCIDENTE,30,1036.86,Noviembre 11 2025,1108.93
8738,Alejandro Diaz,Escritorio,Occidente ,48,$347.34,12-21-2025,1069.39
4603,Ana Garcia,Laptop, Occidente,21,1150.28,2024-01-04,1375.25
9470,Maria Lopez,LAPTOP,norte,57,"$1,248.60",Abril 3 2025,1478.07
9419,Carlos Ramirez,Mouse,Occidente,42,$738.40,2025-05-11,1706.18
3515,Carlos Ramirez,Tablet,Centro,37,"$1,526.36",11-04-2025,1109.88
7568,Pedro Aguilar,Bocina,Centro,26,"$1,246.80",13/05/2024,1407.02
251,Laura Sanchez, Monitor,Occidente,46,691.24,Julio 24 2025,1947.17
1668,Fernanda Castro,Silla,sur,49,765.32,2025-03-12,1377.86
6730,Andres Ortiz,Mouse,Norte,38,sin dato,32/13/2026,1783.43
2090,Ricardo Vargas,Silla,Centro,28,1253.51,2025-07-22,616.29
4145,Sofia Torres,Impresora,Norte,20,274.99,Agosto 26 2025,1054.86
8271,Laura Sanchez,Camara,centro,43,$597.66,28/06/2025,1358.44
3971,Diego Romero,Camara,Norte,42,992.43,25/10/2025,1677.0
4208,Paola Rios, Silla,N/A,40,$945.40,13/09/2025,895.47
3000,Andres Ortiz,Impresora, Occidente,49,1209.61,Enero 1 2026,1285.58
1465,Jorge Morales,Monitor,Centro,25,1269.82,04/03/2024,1813.4
613,Maria Lopez,Bocina,Occidente,31,670.91,2024-11-13,1099.63
1520,Jorge Morales,Camara,N/A,44,sin dato,21/08/2025,1923.08
2115,Valeria Mendoza,Silla, Occidente,29,1015.39,22/02/2024,914.67
7760,Fernanda Castro,Tablet,Norte,42,718.32,2025-09-11,490.24
6697,Isabel Guzman,Camara,Occidente,58,1342.07,06/10/2025,1461.39
2752,Pedro Aguilar,Teclado, Norte,36,$771.89,2025-08-04,885.71
4769,Pedro Aguilar,Bocina,Occidente,25,"$1,196.53",Enero 27 2026,2132.28
882,Ricardo Vargas,ESCRITORIO,Norte,37,"$1,070.68",2025-09-07,1781.92
9523,Miguel Flores,Laptop,occidente,36,$713.31,09/08/2025,479.32
6668,Diego Romero,Teclado,norte,27,764.34,01/09/2025,1414.1
1233,Isabel Guzman,Impresora,Sur,26,516.03,Marzo 6 2026,1174.82
1159,Isabel Guzman, Impresora,Centro,23,805.43,21/02/2026,1446.97
7628,Ricardo Vargas,Mouse,Sur,47,1047.99,06-17-2024,2256.5
7883,Diego Romero,Monitor,Occidente,5,1256.77,12-11-2024,1614.58
6728,Daniela Cruz, Monitor, Centro,10,721.65,2026-03-24,1812.78
5405,Jorge Morales,Silla,Sur,39,829.52,2024-01-13,2003.69
1774,Ana Garcia, Silla,Centro,24,1129.42,Junio 8 2024,1468.95
4878,Ricardo Vargas,Escritorio,norte,22,$-522.90,2025-12-26,1053.54
4129,Jose Martinez,Bocina,Centro,56,sin dato,2024-07-11,1753.25
5495,Valeria Mendoza,Laptop,Centro,53,$-649.55,2025-11-12,1720.81
7077,Maria Lopez,Teclado,OCCIDENTE,45,429.37,08-24-2025,1247.6
4332,Laura Sanchez,Teclado,Sur,15,$550.08,2026-04-14,1147.99
5537,Laura Sanchez,Impresora,NORTE,41,330.08,Febrero 25 2026,1031.37
1338,Carlos Ramirez,Impresora, Norte,42,"$1,064.74",27/10/2024,1933.65
6998,Alejandro Diaz,Silla,Norte,35,$666.32,Febrero 9 2026,1505.34
9566,Jose Martinez,Monitor,CENTRO,37,$747.86,Junio 2 2024,1874.84
960,Jose Martinez,Silla,SUR,39,867.54,04-08-2025,1679.5
201,Daniela Cruz, Impresora,centro,42,$903.27,,1677.51
5342,Daniela Cruz, Silla,sur,39,sin dato,2024-11-22,1043.71
5866,Diego Romero,Tablet,Sur,57,$958.85,13/08/2025,1430.98
6315,Jorge Morales,Teclado,Sur ,27,"$1,028.34",05/07/2024,917.9
7544,Fernanda Castro,Laptop,Sur,26,789.34,02-11-2024,1971.46
4979,Camila Reyes,Camara,Norte,39,$225.14,10-07-2024,1062.07
2887,Miguel Flores,Bocina,Centro,52,sin dato,21/03/2025,1388.38
568,Paola Rios,Monitor,Centro,40,882.52,28/12/2024,1244.08
6764,Pedro Aguilar,Laptop,occidente,52,649.51,Mayo 19 2025,1311.24
3425,Laura Sanchez,Monitor, Norte,11,989.42,04/06/2025,1294.13
7917,Isabel Guzman,Mouse,Sur,40,1138.88,Noviembre 8 2025,1581.33
2711,Carlos Ramirez,Camara,SUR,52,1141.47,2025-12-21,790.17
5559,Andres Ortiz,Tablet,Centro,31,"$1,052.62",16/09/2025,1163.03
4634,Andres Ortiz,Teclado, Occidente,48,753.68,2024-02-16,1716.47
2583,Ricardo Vargas, Teclado,Centro,40,"$1,293.20",2024-03-24,1213.8
8726,Jose Martinez,Tablet,NORTE,25,"$1,152.72",16/04/2026,1348.0
345,Daniela Cruz,TABLET,Occidente,1,$752.95,28/05/2026,1186.02
5673,Valeria Mendoza,Escritorio,?,50,"$1,074.73",Enero 26 2025,1152.09
9069,Valeria Mendoza,Silla,Sur,65,$-854.13,Enero 4 2025,1427.17
573,Carlos Ramirez,Laptop,,31,"$1,010.65",12-06-2024,1093.52
6582,Ana Garcia,Silla,Sur,36,873.55,Julio 28 2025,1482.94
6809,Fernanda Castro,Bocina,Occidente,38,$667.28,01-12-2025,1467.42
6584,Diego Romero,TECLADO,occidente,29,"$1,430.80",2025-10-05,1684.92
9273,Miguel Flores,Escritorio,Centro,28,254.35,Octubre 19 2025,1562.69
8999,Luis Hernandez, Teclado,Norte,42,"$1,073.31",32/13/2026,1584.97
9519,Luis Hernandez, Camara,Sur,45,$515.78,17/10/2025,1599.87
8948,Luis Hernandez,Tablet,,38,$982.87,23/08/2025,873.64
5849,Sofia Torres,Escritorio,centro,11,478.35,Febrero 14 2024,1354.45
5852,Ricardo Vargas,Bocina,Occidente ,27,"$1,118.56",16/10/2024,1052.56
3956,Carlos Ramirez,Impresora,sur,37,1411.58,11/06/2024,1355.24
374,Ana Garcia, Teclado,Sur,49,sin dato,Enero 2 2025,1209.4
7060,Daniela Cruz,Mouse,OCCIDENTE,28,579.83,11-20-2025,2169.27
6510,Luis Hernandez,Tablet,,40,598.57,Julio 6 2024,1732.37
6633,Sofia Torres,Escritorio,Centro,,1032.64,16/05/2025,1357.42
4167,Laura Sanchez,IMPRESORA,Centro,50,817.17,32/13/2026,2164.56
930,Camila Reyes, Monitor,Sur ,52,$904.16,02/01/2026,1302.58
9830,Jose Martinez,Camara,Centro,59,812.53,Julio 2 2024,853.27
4845,Sofia Torres,Mouse, Occidente,39,"$1,256.26",Febrero 10 2025,1394.18
5781,Isabel Guzman,LAPTOP, Centro,35,1311.26,04/11/2024,1431.83
1789,Jose Martinez,IMPRESORA,sur,39,$687.26,2024-12-14,755.01
967,Ricardo Vargas,MOUSE,Sur,59,"$1,085.97",Diciembre 26 2025,1274.41
6833,Sofia Torres,Bocina, Centro,36,"$1,530.63",2024-12-04,1483.58
8005,Andres Ortiz,Camara,Occidente,36,"$1,048.41",Enero 4 2025,1568.12
8111,Jorge Morales, Teclado,Occidente,23,$849.97,,1601.38
2703,Fernanda Castro,MOUSE,norte,53,$452.97,13/02/2025,1123.84
8343,Paola Rios,Bocina, Sur,30,329.10,09-16-2024,1432.19
9602,Pedro Aguilar,Mouse,Sur,60,565.04,13/01/2024,1367.51
1382,Sofia Torres,Camara,norte,44,$839.49,10-06-2025,2079.47
3233,Maria Lopez,Bocina,Occidente,17,750.75,2024-07-14,993.03
7344,Carlos Ramirez,Laptop,Centro,60,1284.96,23/01/2026,1294.84
518,Ricardo Vargas,Tablet,Norte,68,1089.47,01-13-2024,1711.22
6627,Luis Hernandez,Silla,Occidente,37,1047.69,04-02-2024,1465.47
5829,Daniela Cruz,IMPRESORA,Occidente,31,840.92,Octubre 31 2024,826.21
230,Ana Garcia,Escritorio, Centro,50,"$1,067.61",24/10/2024,1665.49
9448,Laura Sanchez,Camara,norte,42,"$1,245.23",01-17-2026,1843.67
2176,Paola Rios,Monitor,Sur,54,789.53,Enero 23 2024,1319.71
361,Isabel Guzman,Bocina,Sur,46,$742.76,04-22-2025,1805.91
2373,Laura Sanchez,Tablet,Occidente ,57,"$1,054.57",03/05/2024,1864.59
602,Fernanda Castro,Laptop,Occidente,40,"$1,191.46",28/06/2025,1718.23
802,Sofia Torres,Silla, Centro,33,$938.64,01-04-2026,1713.82
6957,Daniela Cruz,Laptop,Centro ,51,1231.29,2025-03-05,720.96
2078,Pedro Aguilar,Teclado,Occidente,52,"$-1,128.09",Febrero 12 2026,1774.37
4640,Carlos Ramirez,Teclado,norte,30,960.07,2024-06-15,1807.13
6219,Alejandro Diaz, Monitor,Norte,46,391.96,19/05/2024,1192.71
1467,Isabel Guzman,Camara,centro,44,512.69,02-22-2026,1548.32
4409,Jose Martinez,Camara,Norte,28,"$1,065.57",Junio 9 2025,1196.5
2643,Miguel Flores,Camara,Norte,36,582.28,2024-02-17,1255.71
8784,Diego Romero, Bocina,Centro,60,749.73,09-20-2025,1403.99
6492,Jose Martinez,Laptop,Occidente,45,1128.31,Mayo 21 2024,1555.34
1793,Paola Rios,Escritorio,Centro,53,$549.36,Septiembre 28 2024,1686.7
5146,Diego Romero,Tablet,Centro,40,679.03,01-10-2024,1287.08
1363,Jorge Morales,Monitor,Centro,33,sin dato,19/04/2026,910.54
6566,Isabel Guzman,Camara,NORTE,61,$737.38,2024-09-02,1397.15
1255,Paola Rios,Laptop,norte,31,760.34,26/05/2024,1237.9
5725,Diego Romero,Tablet,Sur,36,sin dato,Julio 20 2025,1302.47
5704,Jorge Morales,Bocina,OCCIDENTE,55,1196.74,Marzo 16 2024,1733.69
5710,Fernanda Castro,Impresora,Occidente ,48,$700.37,2025-07-26,1288.93
7,Camila Reyes,Teclado,centro,47,990.15,2025-10-07,1988.33
9911,Isabel Guzman, Tablet,Centro,38,$-516.97,2025-06-02,1909.23
1851,Camila Reyes,TABLET,Sur,50,"$-1,213.60",Abril 3 2025,1488.19
2858,Luis Hernandez,Teclado,sin informacion,51,sin dato,10/01/2026,2106.52
5677,Camila Reyes,Silla,Occidente,38,"$1,153.72",09/02/2026,1109.31
9579,Luis Hernandez,Impresora,Occidente,62,"$1,314.60",Mayo 5 2026,700.05
9054,Sofia Torres,Impresora,Centro,52,"$-1,105.44",2026-05-03,1973.99
6089,Luis Hernandez, Bocina,SUR,28,"$1,036.18",2025-10-29,1188.79
8613,Miguel Flores,Mouse,centro,32,"$1,065.13",09-01-2025,1180.3
281,Diego Romero,Silla,Sur,40,508.15,,1218.0
9176,Ana Garcia,Mouse,Sur,34,1160.30,2025-05-03,1046.84
2780,Daniela Cruz,Escritorio,Centro,17,$924.15,2025-11-29,603.65
6985,Alejandro Diaz,Camara,occidente,37,687.05,2025-11-06,1379.38
8742,Sofia Torres,Laptop,Norte ,44,$815.33,2025-11-07,1044.88
5231,Luis Hernandez,Silla,Norte,49,sin dato,Octubre 31 2024,1270.2
4566,Paola Rios,TABLET, Sur,44,712.74,2024-11-27,1598.49
1130,Carlos Ramirez,Mouse,Occidente,,1155.11,06-11-2026,1512.69
4357,Miguel Flores,Teclado,Occidente,49,798.63,2025-02-05,1148.4
2824,Andres Ortiz,Monitor,CENTRO,53,883.57,14/06/2026,1578.6
698,Laura Sanchez,Laptop,Norte,60,"$1,126.78",2024-07-11,815.12
8307,Daniela Cruz,LAPTOP,Norte,46,1096.97,,1224.76
1703,Sofia Torres, Silla,occidente,28,$971.42,2025-11-21,1458.29
7052,Diego Romero,Laptop,Sur,28,580.86,24/09/2024,945.99
1388,Jose Martinez,Impresora,Norte,15,723.87,21/06/2025,1472.5
4277,Diego Romero,Mouse,Norte,35,695.88,2025-11-09,1223.1
8332,Ricardo Vargas,Monitor,,30,964.41,Julio 22 2024,1607.57
8193,Luis Hernandez,Laptop,Centro,16,$537.72,22/03/2025,1414.1
4068,Pedro Aguilar,Bocina,Centro,41,sin dato,Junio 14 2024,1269.45
487,Pedro Aguilar,Escritorio,sur,37,472.23,09/01/2026,1572.47
5094,Camila Reyes,Monitor,,43,"$1,029.13",2025-04-05,1677.55
9229,Jose Martinez,Escritorio,Centro,32,1053.15,05-07-2026,1337.93
9035,Andres Ortiz,Tablet,Occidente ,48,$941.56,08-19-2025,973.86
3744,Andres Ortiz,Tablet,Centro,12,sin dato,2024-01-17,1274.67
3376,Miguel Flores,Silla, Occidente,36,"$1,047.62",01/12/2024,1708.52
4528,Jose Martinez,Monitor,Centro,27,1186.19,14/01/2024,1967.13
9953,Pedro Aguilar,Teclado,Norte,28,sin dato,02-07-2026,1592.87
570,Diego Romero,Tablet,OCCIDENTE,,545.99,Septiembre 12 2025,1693.48
1501,Jorge Morales,Laptop,Centro,16,"$1,037.86",08/03/2025,1611.5
88,Camila Reyes,Monitor,Norte,,780.60,2025-07-23,1216.67
3961,Alejandro Diaz,Tablet,Sur ,32,1155.77,2024-12-02,1546.7
7987,Camila Reyes,Camara,Centro,33,"$1,203.72",28/01/2026,1611.56
6140,Pedro Aguilar,Escritorio,occidente,38,880.72,26/05/2024,1546.36
5327,Daniela Cruz,Mouse,Occidente,53,1250.14,2025-08-23,1295.82
2529,Diego Romero,Impresora,NORTE,32,$-741.63,Diciembre 26 2024,1091.63
4451,Andres Ortiz,Monitor,Sur,48,881.83,10-30-2024,1377.51
1950,Jorge Morales,Bocina,Centro,61,"$-1,228.84",31/01/2026,1580.71
1826,Diego Romero,Silla,N/A,27,$918.52,Agosto 9 2024,1266.91
4139,Sofia Torres, Bocina,Norte,36,"$1,170.79",Abril 8 2025,889.15
5990,Sofia Torres,Impresora,CENTRO,23,"$1,271.23",Mayo 4 2025,1339.7
7524,Fernanda Castro,Impresora,Sur,40,694.94,2025-11-22,1666.9
6499,Diego Romero,Tablet,Centro,62,935.63,Diciembre 16 2025,939.14
8025,Jose Martinez,Monitor,Sur,42,sin dato,17/11/2025,1690.2
2267,Daniela Cruz, Mouse,N/A,46,"$1,073.78",2026-02-24,1356.48
6968,Fernanda Castro,Tablet,Occidente,42,"$1,290.32",2024-08-03,1808.01
5553,Ricardo Vargas,Bocina,CENTRO,32,281.09,2024-01-16,1670.67
6182,Diego Romero,Laptop,Norte,41,964.38,2025-04-19,1368.44
9665,Ricardo Vargas,Camara,SUR,43,1302.80,Octubre 17 2025,1036.09
8078,Ana Garcia,Mouse, Occidente,13,804.05,,715.9
4018,Sofia Torres,Silla,Sur,44,990.52,2025-12-20,1915.89
5908,Paola Rios,Escritorio, Centro,28,529.88,05-18-2026,1430.98
9891,Alejandro Diaz,MOUSE,Occidente,39,371.13,14/05/2026,1407.06
1784,Isabel Guzman,Escritorio,Occidente,31,576.21,Mayo 28 2025,1392.61
1529,Carlos Ramirez,Escritorio,Sur,30,"$1,321.19",2025-09-23,1263.33
4952,Jose Martinez,Mouse, Norte,10,768.21,Noviembre 23 2025,2139.39
265,Pedro Aguilar,IMPRESORA,Centro,44,838.43,2024-08-11,1365.82
9267,Carlos Ramirez,Teclado,SUR,55,$259.42,2024-02-18,1277.59
4360,Isabel Guzman,Laptop,Centro,20,1084.56,20/09/2024,1248.83
1106,Maria Lopez, Bocina,Occidente,38,880.84,Mayo 21 2024,979.79
4583,Paola Rios,Laptop,Norte,24,"$1,033.23",08-03-2024,1119.3
7392,Paola Rios,Monitor,Occidente,46,778.09,07/03/2025,1342.0
7105,Valeria Mendoza,Monitor,occidente,46,$900.10,08-20-2024,1827.62
5040,Valeria Mendoza,Escritorio,Sur,37,$875.33,32/13/2026,2066.67
1585,Miguel Flores,Impresora,sur,50,$761.16,30/04/2025,1958.72
3238,Jorge Morales,Silla,Sur,49,1155.93,Mayo 2 2025,1853.26
1375,Daniela Cruz,Camara,Centro,40,942.76,26/07/2025,1437.0
7220,Fernanda Castro,Tablet,Occidente,52,"$1,169.28",Abril 25 2026,1280.2
6179,Isabel Guzman,Silla,Norte,51,$715.41,Abril 2 2026,1145.77
2429,Fernanda Castro,Camara, Occidente,31,678.07,07-04-2024,1081.26
7857,Ricardo Vargas,Teclado,Occidente,51,$925.88,28/03/2025,872.99
3574,Jose Martinez,Tablet,Centro,40,$-924.99,12-25-2024,1691.2
9875,Daniela Cruz,SILLA, Sur,37,sin dato,Diciembre 30 2024,1790.4
6877,Fernanda Castro,MONITOR,norte,41,1171.96,Febrero 12 2026,1446.63
638,Maria Lopez,Tablet,Sur,17,"$1,065.54",Octubre 3 2025,1597.47
8474,Jorge Morales,Teclado, Occidente,34,796.92,2024-12-15,1489.34
7502,Jorge Morales,Bocina,centro,31,1091.24,2024-05-03,1275.76
7309,Laura Sanchez,Tablet,NORTE,24,1041.93,2024-02-09,1732.28
9887,Jose Martinez,Impresora,OCCIDENTE,51,497.33,30/07/2025,1622.24
5796,Paola Rios,Camara,Occidente,28,$525.18,21/06/2025,1308.72
3623,Jorge Morales,Bocina,Occidente,33,$499.53,2024-05-30,1139.85
5543,Isabel Guzman,Silla,Centro,15,545.76,32/13/2026,1785.28
842,Ricardo Vargas,Mouse,Norte,33,660.47,2024-07-04,1175.95
5536,Isabel Guzman,LAPTOP,Norte,34,$843.92,Junio 30 2024,1110.0
2180,Miguel Flores,Bocina,Sur,31,"$1,091.70",2025-01-08,1637.98
9715,Jorge Morales, Monitor,Norte,45,$-587.44,Junio 6 2025,1385.72
8053,Camila Reyes,Tablet,occidente,41,"$1,023.91",Septiembre 17 2025,664.7
1909,Daniela Cruz, Teclado,Centro,47,$329.16,2025-10-08,1739.7
3619,Ricardo Vargas,Silla,Norte,51,1177.51,11-19-2024,1176.99
9732,Isabel Guzman,Bocina, Occidente,20,339.25,06-30-2025,1049.75
2294,Alejandro Diaz,Escritorio,Occidente,24,$307.96,2026-06-11,1609.32
7633,Daniela Cruz,Laptop,Sur,56,$474.14,01-11-2026,1809.32
2895,Ana Garcia,Camara,Norte ,40,932.92,Mayo 4 2026,2216.51
8572,Sofia Torres,Silla,OCCIDENTE,53,856.43,23/11/2024,1526.76
1470,Jose Martinez,Laptop,Centro,48,418.75,Mayo 26 2026,1178.74
9226,Isabel Guzman,Bocina,Occidente,37,"$1,112.82",Marzo 24 2026,923.35
1768,Sofia Torres, Impresora,Sur,47,684.86,03/05/2024,1585.05
5388,Sofia Torres,LAPTOP,Centro,28,950.49,04-05-2024,1243.82
8792,Diego Romero,Mouse,Sur,63,1494.45,Enero 26 2026,1701.22
2096,Camila Reyes,Escritorio,Centro,42,$840.26,Noviembre 15 2025,1536.55
566,Luis Hernandez,Escritorio,occidente,45,1079.78,13/10/2024,1408.28
6817,Daniela Cruz,Bocina,Centro,-3,815.38,2024-05-22,1908.01
7842,Andres Ortiz,Impresora,Norte,40,1124.26,02/01/2026,1812.48
5774,Alejandro Diaz,Monitor,Sur,40,"$1,216.24",21/02/2026,1148.71
9701,Ana Garcia,Laptop,Centro,36,724.58,Febrero 6 2026,912.71
119,Miguel Flores,Mouse, Norte,34,sin dato,32/13/2026,1390.49
1063,Miguel Flores,Teclado,Norte,30,1058.15,03-23-2026,469.28
6898,Isabel Guzman,Camara,,26,$779.09,12/07/2025,1318.43
7671,Fernanda Castro,Bocina, Sur,27,548.01,03-27-2025,818.79
7668,Sofia Torres,Escritorio,Norte,23,922.04,19/07/2025,1283.32
255,Isabel Guzman,Teclado,Occidente ,24,1039.27,02-12-2025,1615.1
6520,Sofia Torres,Tablet,Sur,31,1187.98,2025-12-05,1528.26
8639,Ana Garcia,ESCRITORIO,Occidente,28,859.86,2025-07-16,1790.14
7350,Carlos Ramirez,Monitor,Norte,62,$811.76,2024-03-17,700.92
1852,Jose Martinez,Impresora,Centro,24,51.94,Agosto 29 2024,1590.85
2932,Sofia Torres,Monitor,N/A,45,809.41,02-08-2025,2061.89
4685,Fernanda Castro,Bocina,NORTE,46,$853.95,20/12/2025,1697.71
6972,Maria Lopez,Bocina,Sur,52,$796.24,01-17-2024,1605.13
4263,Camila Reyes, Mouse,Norte,75,724.73,2025-11-12,1401.75
9657,Carlos Ramirez,Mouse,centro,46,$777.14,04-26-2024,1706.86
2531,Daniela Cruz,Laptop,Norte,40,741.57,12-08-2025,1188.51
1611,Valeria Mendoza,Tablet,Centro,59,$860.14,2024-06-16,829.38
3690,Camila Reyes,Monitor,,43,$845.18,05-25-2026,1821.11
1630,Miguel Flores,Bocina,?,47,"$1,695.30",Agosto 2 2024,1430.14
9932,Daniela Cruz,Teclado,Centro,40,642.59,2024-06-04,1094.38
8681,Laura Sanchez,Escritorio,Sur,32,"$1,070.94",2025-01-20,1394.09
682,Sofia Torres,Camara,Occidente,,995.02,01/05/2026,1489.38
709,Camila Reyes,Escritorio,Centro,32,$648.17,Diciembre 11 2024,927.96
5166,Isabel Guzman,Escritorio,SUR,38,$673.36,Febrero 18 2024,961.16
5258,Ana Garcia,Mouse,Centro,46,$566.38,32/13/2026,1867.16
7621,Jorge Morales,Mouse,Occidente,24,1167.74,2024-08-22,1306.21
2461,Laura Sanchez,Camara,Sur,25,sin dato,12-06-2025,1607.52
3720,Pedro Aguilar,Silla,,29,$966.15,24/04/2025,1728.41
2503,Camila Reyes,Mouse,Norte,26,1017.14,09-16-2024,1904.22
5803,Camila Reyes,Teclado,norte,43,sin dato,05-12-2024,1212.52
1400,Sofia Torres,Camara,Centro,26,$-505.57,04-18-2026,1171.11
2989,Jose Martinez,CAMARA,occidente,29,952.26,21/12/2025,799.13
5074,Fernanda Castro,Laptop, Centro,31,388.67,2026-02-08,1358.92
5143,Valeria Mendoza,Impresora,SUR,33,677.99,Marzo 21 2025,1443.41
1547,Luis Hernandez,Escritorio,Sur,26,$711.86,06-10-2024,1473.15
481,Alejandro Diaz,Camara,Norte,42,486.59,15/08/2025,1570.82
8686,Alejandro Diaz,Tablet,Sur,43,$695.69,2024-12-24,1520.18
8913,Andres Ortiz,Tablet,centro,37,696.03,Marzo 8 2024,2028.91
6220,Jorge Morales,Escritorio, Occidente,35,$965.27,2025-08-15,928.95
7649,Jorge Morales,Tablet,Norte,36,$588.49,18/11/2025,1209.79
7827,Isabel Guzman,Monitor, Centro,38,794.80,2026-02-03,1824.29
7859,Alejandro Diaz,Impresora, Sur,36,735.29,,907.62
8018,Andres Ortiz,Silla,Occidente,51,$797.10,2024-12-19,834.01
9513,Laura Sanchez,Mouse,Norte,27,$755.06,2025-11-20,1504.3
2081,Andres Ortiz,Escritorio,sur,51,819.35,11/03/2024,1325.6
7878,Fernanda Castro,Laptop,sin informacion,50,894.17,2024-12-15,1468.35
7093,Jose Martinez,Tablet, Occidente,24,1008.03,32/13/2026,1440.4
5240,Laura Sanchez,Tablet,,4,"$1,360.25",01/03/2024,1413.84
2537,Daniela Cruz,Silla,sur,36,"$1,092.43",01-08-2025,1183.89
2470,Jose Martinez,Laptop,CENTRO,50,1201.27,26/06/2025,907.33
2666,Sofia Torres,Silla,Sur,60,$873.30,2025-04-23,1638.87
874,Jorge Morales,Bocina,Centro ,46,$641.08,2024-12-20,1153.07
357,Alejandro Diaz,Escritorio,Sur,43,361.41,08-20-2025,1945.13
302,Carlos Ramirez,Laptop,Centro,43,1035.14,32/13/2026,1583.19
1324,Carlos Ramirez, Mouse,occidente,21,984.90,07-17-2025,1637.89
2206,Carlos Ramirez,Impresora,Centro,40,761.70,11-04-2025,1007.34
4462,Miguel Flores, Bocina,Occidente,34,$976.66,Enero 8 2026,1632.02
5556,Sofia Torres, Camara, Norte,13,1639.99,15/02/2026,985.18
9629,Valeria Mendoza,Tablet,Sur,45,$408.78,08-07-2024,1564.54
2535,Maria Lopez,Escritorio,occidente,52,$505.48,32/13/2026,1659.39
7160,Maria Lopez,Mouse,Sur,34,$934.82,2025-01-29,1617.65
1816,Alejandro Diaz, Silla,Sur,56,$990.92,08-07-2025,1344.31
9942,Fernanda Castro,Bocina,Occidente,21,$776.78,12-25-2025,1814.5
6958,Ricardo Vargas,Monitor,,40,649.06,Diciembre 2 2025,1425.21
7828,Isabel Guzman,Laptop,CENTRO,49,735.47,11/12/2024,1556.21
7799,Ricardo Vargas,Mouse, Occidente,42,"$-1,006.37",2025-01-13,1112.95
9535,Isabel Guzman,Bocina, Centro,40,$736.67,2026-03-15,2000.46
9631,Andres Ortiz,Silla,Occidente,31,797.97,Mayo 8 2025,1802.73
6907,Sofia Torres, Monitor,Occidente ,35,"$1,048.46",06-27-2025,1734.32
400,Paola Rios,Camara,?,51,$862.36,Enero 23 2024,1015.06
639,Ana Garcia,Mouse,norte,45,1089.13,Mayo 1 2024,1604.01
2119,Laura Sanchez,Escritorio,Centro ,60,"$1,291.52",2025-03-14,1652.33
9483,Jose Martinez,Laptop,Sur,34,546.55,2025-02-17,1584.33
4954,Fernanda Castro,Bocina,Sur,31,433.91,Diciembre 1 2025,1354.16
1262,Ricardo Vargas,Teclado,sur,31,834.14,19/11/2024,2113.71
9865,Isabel Guzman,Bocina,Norte,24,509.23,31/05/2025,1549.03
4677,Camila Reyes,Laptop,sin informacion,42,"$1,156.66",32/13/2026,1481.97
2633,Laura Sanchez,Camara,Sur,42,$957.38,Noviembre 17 2025,1634.67
9901,Fernanda Castro,Impresora,occidente,46,"$1,191.97",32/13/2026,1710.0
5510,Jose Martinez, Silla,OCCIDENTE,41,634.29,2024-06-04,1469.2
2945,Andres Ortiz,Teclado,SUR,44,$199.27,2024-03-15,1927.49
7527,Laura Sanchez,Laptop,Norte,40,$918.70,2024-07-20,1394.41
888,Alejandro Diaz,Escritorio,Centro,42,591.40,2024-09-14,920.73
3140,Carlos Ramirez,TABLET,Centro,18,"$1,462.57",08-17-2025,1096.04
6634,Laura Sanchez,Tablet,Centro ,31,816.42,11/07/2025,1285.22
114,Camila Reyes, Teclado,Norte,42,679.19,03-03-2024,1368.91
4358,Diego Romero,LAPTOP,Sur,30,$569.65,09-12-2025,1414.12
268,Carlos Ramirez,TECLADO,CENTRO,33,$862.37,,1254.56
2882,Sofia Torres,Bocina,CENTRO,39,$589.26,2026-01-27,1166.89
1500,Jose Martinez, Silla,Sur,21,238.03,Diciembre 9 2025,1611.44
1314,Daniela Cruz,Monitor,Sur,49,964.50,11-09-2024,875.53
2372,Camila Reyes,Tablet,Centro,50,815.97,Enero 25 2024,1802.57
3424,Jorge Morales,Camara,Centro,48,$821.12,01-05-2026,1565.02
7240,Carlos Ramirez,Camara,Norte,29,"$1,079.70",Enero 2 2024,1588.71
5840,Paola Rios,Bocina,?,46,990.51,Junio 14 2026,2016.64
6533,Ricardo Vargas,Monitor,Centro,37,147.97,2024-05-30,1750.25
9094,Carlos Ramirez,Teclado,Centro,40,778.76,,1740.74
6380,Maria Lopez,TABLET,Centro,44,$691.44,02/12/2025,749.42
5844,Camila Reyes,Mouse,Occidente,25,1285.99,2025-10-13,1319.49
6357,Camila Reyes,Silla,Sur,41,786.64,12-16-2024,1129.65
7427,Pedro Aguilar,Bocina,Centro,57,616.24,Junio 30 2024,1679.71
2567,Ricardo Vargas,Camara,Centro,36,1049.28,2024-03-15,809.99
8558,Maria Lopez,Tablet,occidente,59,963.86,16/03/2024,1799.07
9802,Andres Ortiz,Teclado,Centro,27,581.17,08-27-2024,1418.14
3446,Diego Romero,Escritorio,norte,58,"$1,019.03",,1077.14
793,Luis Hernandez,Mouse,Sur,40,865.53,2025-10-31,1805.79
6515,Paola Rios,Silla,Norte,42,1233.19,10-23-2024,1657.48
2566,Daniela Cruz,Camara,Sur,38,$720.31,09/02/2024,1841.17
2835,Jose Martinez,Silla,Centro,14,586.62,02/04/2026,1235.89
6628,Jose Martinez, Mouse,occidente,27,$618.35,2025-01-24,791.95
4962,Valeria Mendoza,LAPTOP,occidente,50,"$1,152.71",Enero 23 2025,1401.17
8836,Carlos Ramirez,Impresora,Norte,52,$508.59,2024-05-21,971.06
4741,Pedro Aguilar,Bocina,centro,30,1489.59,03/11/2025,1602.84
3807,Luis Hernandez,Monitor,Centro,34,$413.32,Marzo 15 2025,1157.87
8625,Isabel Guzman,Teclado,Centro,48,823.27,2025-08-10,1278.7
1696,Jose Martinez,Mouse,Norte,44,$988.64,2025-02-20,1071.75
4148,Daniela Cruz,Camara,Norte,246,$874.80,Mayo 27 2024,1830.44
8187,Maria Lopez,Escritorio,Occidente,51,1193.31,Mayo 29 2026,1464.84
6358,Maria Lopez, Escritorio, Sur,37,$750.36,2024-04-01,887.44
8980,Pedro Aguilar,Bocina, Centro,24,sin dato,06/09/2024,1009.94
8930,Jose Martinez, Teclado,Sur,68,$743.98,Marzo 2 2026,1631.75
1779,Laura Sanchez,Camara,Centro,45,743.49,23/08/2024,530.6
2056,Sofia Torres,Impresora,norte,17,1023.02,08-07-2024,1631.09
4771,Camila Reyes,Tablet,Norte,45,845.50,22/08/2024,1456.74
8619,Valeria Mendoza,Laptop,occidente,30,$847.33,11-08-2025,1404.83
2197,Luis Hernandez,ESCRITORIO,Occidente,45,1178.48,2025-08-01,804.77
2021,Isabel Guzman,Impresora,Occidente,31,981.00,27/08/2025,1597.02
7226,Pedro Aguilar,Mouse, Sur,33,$852.65,09-01-2025,1337.85
3188,Laura Sanchez,Escritorio,NORTE,44,$955.29,03/03/2024,1725.04
1628,Daniela Cruz,Impresora,Sur,53,"$1,194.93",08-30-2024,1751.91
1332,Laura Sanchez,Silla, Occidente,28,$977.03,Octubre 14 2024,877.93
2227,Andres Ortiz,Mouse,Occidente,44,$924.25,Noviembre 6 2025,1643.66
7270,Jorge Morales, Mouse,Occidente,27,"$1,024.36",Mayo 23 2025,1140.66
9495,Jorge Morales, Monitor,,51,$900.09,Julio 19 2025,1485.13
4493,Miguel Flores, Monitor,Occidente,46,"$1,508.27",12-13-2025,1890.83
279,Alejandro Diaz,CAMARA, Norte,34,159.16,2025-10-29,1654.76
7343,Jose Martinez,Impresora,Norte,29,"$1,496.84",Noviembre 25 2025,1032.33
4147,Jorge Morales,Camara,Occidente,6,$841.26,20/01/2025,1698.1
8386,Paola Rios,MOUSE,Occidente ,32,"$1,596.20",28/10/2025,1473.05
1658,Carlos Ramirez,Mouse,Centro,71,"$1,134.40",01-22-2026,1856.49
4519,Alejandro Diaz,SILLA,Norte ,22,$824.97,02-01-2024,835.72
8614,Alejandro Diaz,Silla,N/A,28,"$1,033.96",Julio 4 2024,2711.51
9490,Isabel Guzman,Teclado,CENTRO,52,sin dato,Abril 8 2024,1264.44
1729,Ricardo Vargas,Monitor,occidente,26,$872.58,Diciembre 13 2025,1179.23
662,Ricardo Vargas,Impresora,Sur,56,1116.24,24/04/2026,2336.74
4909,Ricardo Vargas,Tablet,sur,43,$552.76,Abril 16 2024,1766.47
9331,Andres Ortiz,Camara,occidente,24,$945.47,32/13/2026,1206.11
2399,Luis Hernandez,Impresora,Occidente,36,794.07,Noviembre 24 2024,1756.05
4159,Camila Reyes,Camara,Centro,28,$823.52,Abril 6 2025,1315.94
435,Daniela Cruz,Bocina,OCCIDENTE,34,"$1,325.59",2024-11-23,895.19
1272,Fernanda Castro,Impresora,CENTRO,51,"$1,140.29",2025-12-07,1114.51
5808,Daniela Cruz,CAMARA,Occidente,48,$959.48,2025-12-08,1869.33
78,Camila Reyes,Mouse,Norte,48,506.40,03-29-2026,1016.82
6816,Isabel Guzman,Monitor,Centro,35,$716.44,Abril 12 2025,1627.85
7172,Jose Martinez,Teclado,Sur,51,989.34,2025-01-19,1256.62
1257,Isabel Guzman, Monitor,Norte,33,1060.32,09/08/2024,1672.25
1047,Carlos Ramirez,Tablet,Occidente,38,"$1,119.11",Septiembre 21 2025,1279.48
4920,Miguel Flores,Laptop,Centro,,801.90,Marzo 6 2024,1952.59
2939,Carlos Ramirez,Mouse,Centro ,30,"$1,654.53",Septiembre 4 2025,1187.3
2744,Valeria Mendoza,TECLADO,Occidente,26,832.87,Julio 13 2024,1440.18
7306,Maria Lopez,Monitor,sur,37,$-968.29,06-02-2026,1561.75
3785,Pedro Aguilar,Tablet,?,33,329.94,,1461.01
7086,Sofia Torres,Monitor,Centro,55,$576.44,2026-04-11,1467.21
4782,Carlos Ramirez,Impresora,Centro,43,$950.53,2025-05-09,1311.47
6321,Alejandro Diaz, Mouse,Norte,50,1462.21,Julio 27 2024,595.99
7334,Fernanda Castro,Silla,Norte,16,$618.71,26/09/2024,973.64
547,Jose Martinez,Escritorio,Sur,34,476.59,Julio 26 2024,1811.3
7475,Ana Garcia,Impresora,Occidente,24,847.12,Octubre 21 2024,1220.88
3832,Camila Reyes,Tablet,SUR,323,561.40,Agosto 16 2025,1657.49
3916,Isabel Guzman,SILLA,Occidente,33,sin dato,11-18-2024,1591.74
3457,Valeria Mendoza,Monitor,Occidente,23,1255.48,2025-12-04,2169.96
4008,Valeria Mendoza,Bocina,Occidente,48,686.39,Mayo 20 2025,1682.9
1125,Maria Lopez,TABLET,norte,58,810.72,01-11-2026,1474.14
7882,Ana Garcia, Laptop,Occidente,36,$708.39,,1148.19
768,Luis Hernandez,LAPTOP, Centro,-8,917.33,,2076.73
1175,Isabel Guzman,Teclado,Norte,29,1154.14,05-10-2024,1398.02
9155,Valeria Mendoza,Camara,Occidente,19,1496.77,04-12-2026,1460.04
7972,Laura Sanchez, Impresora,Norte,31,1148.30,07-08-2025,1437.25
6036,Pedro Aguilar,Teclado,Occidente,35,834.20,31/10/2024,1668.53
8685,Ana Garcia,Teclado,Sur ,33,$814.14,12/11/2024,1947.32
263,Alejandro Diaz,Escritorio,Centro,46,$955.90,30/03/2024,1824.64
1020,Sofia Torres,Camara,SUR,-3,"$1,226.76",10-19-2024,1470.99
5048,Daniela Cruz,Bocina,Occidente,45,813.86,02-20-2025,1946.25
3875,Andres Ortiz,Silla,OCCIDENTE,34,$601.25,11-16-2025,1162.91
4739,Paola Rios,SILLA,Occidente,50,$681.17,05-13-2026,1855.57
1013,Camila Reyes,CAMARA,norte,26,$888.77,2024-10-03,76000.0
737,Jose Martinez,Camara,Norte ,42,1745.51,2025-04-18,1282.05
2241,Ana Garcia,ESCRITORIO,,37,535.16,2024-08-30,882.72
6058,Daniela Cruz,LAPTOP,sur,28,852.06,Febrero 28 2025,604.19
6166,Isabel Guzman,Impresora,norte,37,"$1,038.36",18/03/2026,1362.72
8330,Ana Garcia,Laptop,Occidente,47,$880.57,,1190.72
4457,Daniela Cruz, Tablet,occidente,44,1253.32,14/11/2024,949.88
3869,Maria Lopez,Bocina,SUR,57,sin dato,Agosto 17 2025,681.29
3110,Paola Rios,Tablet,Centro,33,1009.35,2025-11-29,1373.76
5654,Daniela Cruz,Silla, Centro,28,$879.50,05-07-2025,1166.14
6110,Daniela Cruz,Laptop,Sur,46,sin dato,05-13-2024,1840.37
3007,Maria Lopez,Escritorio, Sur,56,"$1,148.78",2026-03-15,1738.6
4681,Fernanda Castro, Mouse,Centro,23,650.70,03/07/2025,1394.03
6002,Laura Sanchez,Bocina,Sur,52,$633.61,10-24-2024,914.34
9632,Jose Martinez,Monitor,Occidente,51,$68.12,2025-09-06,1928.13
2911,Pedro Aguilar,Silla,,23,"$1,497.22",2025-06-24,1016.39
8247,Jorge Morales,Silla,centro,60,1214.62,Abril 14 2024,1169.81
4558,Diego Romero,SILLA,NORTE,37,sin dato,2024-08-08,1299.73
6415,Laura Sanchez,Bocina,Norte,33,1382.16,2024-08-15,2059.09
4764,Valeria Mendoza,Silla,SUR,169,994.81,Marzo 22 2026,1804.64
3121,Maria Lopez,MOUSE,Norte ,13,499.50,Abril 10 2024,706.02
8706,Luis Hernandez,Tablet,Sur ,63,1102.17,03-16-2025,1433.43
4717,Valeria Mendoza,IMPRESORA,Sur ,25,$823.96,2025-06-08,1170.58
7203,Sofia Torres,Silla,Norte ,48,840.05,03-28-2024,1337.67
1506,Paola Rios,Bocina, Occidente,62,1053.87,Noviembre 28 2024,1221.54
6591,Ana Garcia,Bocina,Norte,40,$542.38,Agosto 23 2024,1016.09
5008,Carlos Ramirez,Bocina,Sur,35,$-710.63,2024-07-01,483.83
3241,Miguel Flores,Tablet,centro,30,1208.87,12-05-2025,600.94
8452,Alejandro Diaz,ESCRITORIO,Centro,25,$973.78,10-28-2024,1124.63
4520,Jose Martinez,Camara,Centro ,29,$856.51,2024-01-13,1404.0
8932,Carlos Ramirez,Teclado,Norte,35,567.08,Agosto 8 2025,936.83
4236,Paola Rios,Monitor,Centro,48,"$-1,155.77",Abril 25 2025,1447.65
415,Jorge Morales,Silla, Centro,,1459.42,07-11-2024,1837.88
7316,Carlos Ramirez,Impresora,,31,1279.93,2024-08-05,1257.03
6169,Fernanda Castro,Silla,Sur,54,"$1,373.52",07-02-2024,912.64
1424,Maria Lopez,Monitor,norte,26,732.45,05/01/2025,1522.63
5730,Camila Reyes,Camara,Sur,46,728.22,Diciembre 26 2024,1912.94
9169,Sofia Torres,Monitor,occidente,40,$952.55,2024-10-09,1377.73
6905,Miguel Flores,TECLADO, Norte,37,817.62,06-16-2025,447.93
5631,Carlos Ramirez,Silla,SUR,32,645.77,08-02-2025,978.89
6826,Andres Ortiz,Escritorio,norte,45,896.26,2025-10-13,2109.71
2300,Daniela Cruz, Impresora,Occidente,51,863.58,2025-11-21,1073.52
1930,Ana Garcia,MONITOR,Norte,48,"$1,154.58",2024-03-08,884.12
6126,Daniela Cruz,Escritorio,Norte,30,901.38,04-01-2026,1916.25
5028,Ricardo Vargas,Teclado,Occidente,25,407.46,09/10/2025,881.35
2509,Alejandro Diaz,LAPTOP,Occidente ,51,793.30,22/08/2024,98000.0
157,Pedro Aguilar,Escritorio, Norte,27,$891.03,12/07/2025,972.53
6951,Diego Romero,Tablet,OCCIDENTE,42,$921.02,2024-06-23,1570.54
161,Ricardo Vargas,CAMARA,N/A,44,443.96,Septiembre 27 2025,1574.93
8591,Andres Ortiz,Teclado,norte,36,1010.64,Junio 12 2024,1350.53
7778,Ricardo Vargas,Impresora,Centro ,30,1034.97,Junio 12 2026,1485.41
2541,Fernanda Castro,SILLA,NORTE,30,$921.21,Noviembre 19 2025,1448.52
670,Isabel Guzman,Escritorio,Centro,33,309.31,05-26-2024,1948.63
1023,Camila Reyes,Camara,Norte,34,$631.42,10-20-2024,1623.59
4646,Jose Martinez,Silla,Sur,24,820.70,09-15-2025,1174.05
9271,Fernanda Castro,SILLA,centro,52,$696.94,12-27-2025,1772.41
5221,Ana Garcia,Escritorio,Centro,27,920.10,Marzo 11 2025,1620.19
9584,Valeria Mendoza,MOUSE,Occidente,21,$601.64,2025-05-06,632.04
2321,Andres Ortiz,Escritorio,sur,53,516.03,Junio 18 2026,1762.9
9684,Pedro Aguilar,Laptop,Norte,61,$704.71,Octubre 25 2025,1325.68
1653,Paola Rios,Silla,SUR,33,980.69,Junio 23 2025,1261.57
884,Laura Sanchez, Laptop,Norte,53,$728.85,03-04-2025,1371.53
34,Pedro Aguilar,Escritorio,Occidente,42,$754.55,2025-04-30,1422.89
4104,Andres Ortiz,Mouse,norte,31,1311.64,18/08/2024,1133.78
6262,Laura Sanchez,Mouse,Centro ,35,$792.16,2024-12-03,1318.1
669,Jorge Morales,Camara,Centro,26,1156.39,Diciembre 8 2025,1297.51
9747,Jorge Morales,Laptop,Occidente,21,$939.14,08-11-2025,505.1
2609,Carlos Ramirez,Bocina, Sur,20,1234.83,Marzo 18 2024,1388.38
9477,Diego Romero,Silla,Centro,25,1364.34,2025-01-13,1159.47
1910,Andres Ortiz,Tablet,Norte,42,$889.92,11/02/2026,2531.63
8656,Miguel Flores,Impresora,Centro,36,$695.90,15/09/2024,1528.12
7238,Miguel Flores,Silla,sur,39,654.83,Junio 10 2025,1647.73
5973,Isabel Guzman,Monitor,NORTE,38,710.71,2025-12-06,1132.98
5096,Laura Sanchez,Silla,Occidente,37,"$1,057.47",2025-08-13,1149.85
6695,Laura Sanchez, Mouse, Occidente,59,1318.13,15/12/2025,1185.25
7157,Sofia Torres,Laptop,Occidente,16,sin dato,10/10/2024,1664.28
4172,Isabel Guzman,TECLADO,Centro,53,$727.02,2026-01-13,745.72
2450,Ricardo Vargas,Teclado,Norte,31,sin dato,Abril 9 2026,1137.27
3055,Maria Lopez,Escritorio,Occidente,35,1154.86,16/02/2026,1805.88
6658,Valeria Mendoza,Bocina, Norte,42,"$1,152.92",2025-09-03,2207.75
9304,Jose Martinez, Tablet, Sur,35,"$1,120.94",Septiembre 12 2025,1303.69
6797,Andres Ortiz, Laptop,Sur,36,50.00,13/07/2025,1185.64
1494,Diego Romero,Silla,Sur,36,1193.68,09-08-2025,865.1
5568,Maria Lopez,Monitor,Norte,25,$874.95,Marzo 2 2024,1303.32
6516,Daniela Cruz,Mouse,Norte ,35,1066.92,23/03/2025,1341.32
8892,Sofia Torres,Mouse,,45,829.79,32/13/2026,1403.88
1737,Maria Lopez,Monitor,Centro,24,$691.94,2025-05-27,1429.66
1880,Paola Rios,Monitor,Centro,52,"$1,215.59",Octubre 26 2024,1757.71
599,Fernanda Castro,Monitor,N/A,24,1035.36,,1736.43
9505,Daniela Cruz, Impresora,norte,45,$456.35,Julio 22 2024,1293.59
1259,Sofia Torres,Monitor,Norte,14,1194.00,02/07/2025,1493.37
8024,Jose Martinez,Laptop,,51,$896.21,17/08/2025,1471.09
9616,Fernanda Castro,Mouse,Centro,41,1121.40,01-04-2025,1739.16
7557,Carlos Ramirez, Impresora,SUR,41,719.90,Agosto 10 2024,1883.74
3306,Luis Hernandez,Impresora,Occidente ,39,1113.90,02-14-2026,1339.89
9711,Isabel Guzman,Tablet,centro,30,sin dato,20/04/2026,1571.84
6885,Diego Romero, Monitor,Norte,31,$573.60,32/13/2026,1480.49
7737,Alejandro Diaz,Camara,Centro,47,490.32,2025-09-01,1747.46
7989,Pedro Aguilar,Bocina,Centro,39,980.79,Marzo 22 2025,1452.87
790,Sofia Torres,CAMARA,Norte,38,$777.87,Septiembre 13 2024,1520.33
2881,Daniela Cruz,Laptop,Occidente ,36,$282.66,Diciembre 26 2024,1455.6
9380,Alejandro Diaz,Bocina,N/A,27,1140.72,Marzo 26 2025,1804.24
4757,Miguel Flores,Silla,norte,33,722.90,2025-12-05,1571.09
295,Laura Sanchez,Mouse,Norte,33,$654.09,2026-01-14,1424.36
2958,Pedro Aguilar,Escritorio,Centro,28,480.51,32/13/2026,1169.71
1323,Fernanda Castro,MOUSE,Occidente,19,1044.63,Abril 29 2024,1090.58
5729,Pedro Aguilar,Mouse,,18,775.06,27/11/2025,1571.09
8391,Luis Hernandez,Tablet,Centro,41,1269.04,2025-06-03,1972.16
8329,Jorge Morales,Bocina,Centro,23,"$1,175.14",,1147.82
2775,Camila Reyes,Monitor,,36,426.10,01-01-2025,1027.08
7769,Jose Martinez,Monitor,N/A,29,518.46,2024-04-27,1613.92
7820,Alejandro Diaz,Escritorio,Centro,49,"$1,001.53",2025-10-25,1876.93
8216,Luis Hernandez,Teclado,Occidente,26,1339.46,11-20-2025,1314.67
3174,Camila Reyes,Camara,Centro,49,781.02,2024-11-13,1383.14
8437,Jose Martinez,Camara,Occidente,35,50.00,09-17-2025,1017.01
2488,Luis Hernandez,Laptop,CENTRO,49,$713.81,Mayo 22 2025,1021.25
6414,Isabel Guzman,Tablet,Sur,49,584.40,Mayo 4 2024,1280.08
6137,Daniela Cruz,Monitor,Sur,36,$300.53,,1600.48
3085,Andres Ortiz,Monitor,sur,52,$366.13,07-30-2024,1526.0
3829,Sofia Torres,Bocina,norte,25,785.60,26/01/2026,1287.39
945,Alejandro Diaz,Bocina,Occidente,37,"$1,186.71",07-09-2024,1016.26
6336,Sofia Torres,Impresora,Occidente,29,$740.33,Diciembre 24 2025,1153.71
2403,Maria Lopez,Teclado,Occidente,36,803.42,Marzo 17 2026,964.31
4964,Carlos Ramirez,CAMARA,Occidente,42,254.37,12-29-2024,1447.65
1146,Isabel Guzman,Teclado,Occidente,24,$994.37,03-14-2024,1459.88
8496,Jorge Morales,SILLA,Sur,51,$939.15,2026-01-14,2129.53
9667,Sofia Torres,Mouse,SUR,52,$576.01,Abril 26 2024,1810.25
8103,Diego Romero,Monitor,sur,31,544.41,06-17-2026,2079.83
3,Andres Ortiz,Laptop, Occidente,24,687.78,Enero 4 2026,1236.26
9130,Daniela Cruz,Teclado,Occidente,38,1070.87,03-09-2025,1862.56
6580,Valeria Mendoza,Silla,Norte ,65,$967.26,Abril 19 2024,1348.73
5061,Sofia Torres,Monitor,sur,52,526.07,04-03-2025,1057.15
9645,Ana Garcia,Monitor,Sur,48,$966.04,Marzo 24 2025,1714.1
2534,Diego Romero,Mouse,Centro,26,882.95,Octubre 1 2025,1960.83
6180,Diego Romero,Camara,Norte,39,745.32,01-23-2024,1386.94
654,Luis Hernandez,Mouse,Occidente,29,$825.40,11/12/2024,1801.53
5457,Diego Romero,Impresora,Sur ,38,551.87,02-02-2024,1513.68
7365,Valeria Mendoza,Bocina,sin informacion,59,"$1,472.57",02-17-2024,1598.03
9170,Diego Romero,Bocina, Occidente,46,$671.28,2025-12-17,1274.85
3777,Jose Martinez,SILLA,Occidente,23,973.37,16/06/2025,499.39
3464,Pedro Aguilar,Monitor,Centro ,,$616.19,Abril 28 2024,1466.23
8038,Alejandro Diaz,Camara,sin informacion,356,$827.62,Junio 30 2024,1525.5
745,Paola Rios,Bocina,Sur,22,706.42,Agosto 19 2024,2478.34
3408,Alejandro Diaz, Teclado,Sur,31,1251.80,15/06/2026,1776.41
4356,Fernanda Castro,Silla,,1,$681.42,07/08/2024,1930.57
2590,Maria Lopez,Escritorio,,48,sin dato,08-04-2025,1440.15
6555,Luis Hernandez,Escritorio,Centro,42,1464.49,Marzo 24 2024,1683.86
4630,Isabel Guzman,Bocina,Centro,30,$849.75,10/01/2026,1739.58
6583,Jorge Morales,Silla,Centro,35,sin dato,12/08/2025,1828.84
2617,Luis Hernandez,Escritorio,Centro,320,$849.62,04/04/2026,1460.79
634,Isabel Guzman,Tablet,Sur,57,1061.05,32/13/2026,1848.08
4653,Pedro Aguilar,Tablet,Sur,36,962.25,10-17-2025,1408.09
2969,Jorge Morales,Silla,Centro,58,"$1,013.55",2024-03-10,1772.58
3505,Jose Martinez,BOCINA,SUR,24,"$1,354.68",27/06/2025,1450.38
8990,Laura Sanchez,Escritorio,Occidente,54,"$1,262.85",31/05/2024,2155.06
591,Daniela Cruz,Laptop,Occidente,22,$847.29,05-23-2025,1772.36
6500,Carlos Ramirez,Escritorio,Norte ,42,770.06,Septiembre 4 2025,1413.95
6463,Alejandro Diaz, Tablet,Norte,66,"$1,131.35",Junio 25 2024,915.81
887,Carlos Ramirez,Impresora,Sur ,17,"$1,199.66",11/08/2025,1289.77
3691,Valeria Mendoza,Tablet,Centro,33,$457.05,08/03/2024,1437.04
4083,Pedro Aguilar,Laptop,SUR,18,1119.28,22/02/2025,1079.35
8817,Ana Garcia,Escritorio,,54,581.61,11-28-2025,1385.13
3999,Diego Romero,Teclado,Norte,22,716.32,2025-12-27,1368.62
4592,Sofia Torres,Teclado,Occidente,27,749.61,2025-06-08,1409.4
3049,Fernanda Castro,Silla, Norte,43,1142.54,Abril 29 2024,1342.75
6571,Diego Romero, Escritorio,Centro,31,"$-1,184.11",06-01-2026,1571.39
363,Andres Ortiz,Silla,sur,49,"$1,510.60",2026-06-10,1304.12
2028,Carlos Ramirez,Monitor,NORTE,36,"$1,001.09",06-14-2026,1561.61
8667,Jorge Morales,Silla,Occidente,58,717.03,06/06/2024,1774.77
5247,Isabel Guzman,IMPRESORA,norte,53,sin dato,Noviembre 25 2024,76000.0
829,Laura Sanchez,Impresora,NORTE,243,$794.74,2024-05-05,1158.01
8956,Jose Martinez,Tablet,occidente,,860.64,03/10/2025,1558.53
644,Maria Lopez,Escritorio,Sur,39,$437.02,Septiembre 8 2024,1336.71
9796,Laura Sanchez,Monitor,centro,26,829.73,07-12-2024,1842.3
7186,Diego Romero,Teclado,Norte,396,1185.30,10-31-2025,592.06
6258,Isabel Guzman,Teclado,N/A,43,$448.01,22/06/2025,76000.0
1017,Sofia Torres,Bocina,Norte,22,$903.32,Septiembre 2 2025,1413.94
663,Pedro Aguilar,Mouse,Norte ,42,$783.36,23/05/2026,884.69
5090,Ana Garcia,Monitor,Centro ,52,$826.81,06-04-2026,1003.09
4745,Jose Martinez,Monitor,sur,31,$465.74,2025-01-23,1498.05
2083,Sofia Torres,Camara,Centro,27,$674.09,05-12-2026,654.28
2168,Fernanda Castro,Bocina,Occidente,42,831.70,02/01/2025,1375.69
5809,Miguel Flores,SILLA,CENTRO,42,905.51,04-21-2024,1190.81
71,Alejandro Diaz,Mouse,Occidente,12,$-208.85,Abril 26 2025,1442.49
9289,Fernanda Castro,Escritorio, Centro,14,$491.07,2024-08-04,1210.24
5181,Camila Reyes,Teclado,Sur,36,$858.61,02-04-2025,1273.03
8100,Fernanda Castro,Monitor,Sur,48,$998.47,02/03/2024,1406.23
2627,Carlos Ramirez,ESCRITORIO,Occidente,26,513.72,Enero 30 2024,1328.93
7158,Valeria Mendoza,Escritorio,Sur,39,$881.48,2025-08-11,1451.96
9722,Isabel Guzman, Monitor,Occidente,50,"$1,099.97",27/06/2025,1393.35
5783,Ana Garcia,Tablet,Occidente,55,1268.06,Junio 4 2025,1201.01
6386,Diego Romero,Silla,Centro,28,641.26,Octubre 7 2025,125000.0
3197,Paola Rios,Silla,NORTE,36,853.22,32/13/2026,928.17
5409,Maria Lopez,Laptop,Occidente,45,$499.42,20/02/2025,1386.51
7376,Camila Reyes, Bocina,Occidente,31,686.03,2024-10-05,1299.3
2638,Valeria Mendoza,Silla,Centro,47,$888.50,09-12-2025,1231.77
2312,Daniela Cruz,Mouse,Norte,41,"$1,021.30",Noviembre 12 2025,1548.03
2222,Maria Lopez, Camara,Occidente,31,307.27,13/11/2025,793.81
9689,Valeria Mendoza,MOUSE,Centro,46,755.43,Enero 14 2026,714.33
7418,Pedro Aguilar,Teclado,Centro,21,982.77,29/03/2024,966.95
7207,Alejandro Diaz,Tablet, Occidente,37,$933.34,2025-04-06,1373.94
5025,Alejandro Diaz,Tablet,Occidente,21,$480.61,17/01/2025,1569.4
8006,Paola Rios,Escritorio,Centro,18,$590.00,2025-03-12,1552.89
6043,Maria Lopez,Mouse,Sur,33,$50.00,26/05/2024,1567.86
7759,Alejandro Diaz,Teclado,Centro,37,$376.86,Abril 1 2024,910.61
8283,Valeria Mendoza,Tablet,Occidente,36,1166.16,2025-12-26,1659.33
7627,Daniela Cruz,MOUSE,Norte,42,"$1,141.84",2024-07-16,1027.36
2896,Pedro Aguilar,Mouse,occidente,45,1432.93,,1708.01
4059,Fernanda Castro,Tablet,Centro,33,$948.64,17/07/2025,1463.85
2943,Luis Hernandez,Tablet,Sur,23,797.95,2026-03-16,1035.84
5985,Carlos Ramirez,Mouse,Centro,38,$658.15,2024-02-05,1469.0
8580,Miguel Flores,Escritorio,sur,36,1313.37,20/03/2024,1430.6
2657,Luis Hernandez,Tablet,Sur,43,$879.95,12/02/2025,2016.3
8914,Alejandro Diaz,Bocina,SUR,40,sin dato,Agosto 4 2024,1223.51
3413,Luis Hernandez, Bocina,Norte,43,"$1,092.96",2026-03-14,1518.67
9044,Carlos Ramirez, Teclado,sur,24,$869.26,04-20-2025,1232.2
10,Sofia Torres,Escritorio,Norte,30,349.33,12-17-2025,1357.64
9329,Alejandro Diaz, Camara, Centro,31,sin dato,10-07-2024,1147.32
7455,Paola Rios, Bocina,SUR,46,1398.28,20/07/2025,1121.76
2454,Isabel Guzman,Mouse,Occidente,44,"$1,126.71",01/06/2024,1244.68
9713,Pedro Aguilar,Silla,Sur,48,1166.42,10-07-2025,2094.45
5575,Ana Garcia,Mouse,Occidente,54,895.57,Abril 29 2024,1348.96
5906,Valeria Mendoza,Silla,Occidente ,39,sin dato,2024-07-16,1244.76
3066,Andres Ortiz,Monitor,Norte,52,"$1,046.97",06-11-2025,1168.07
7167,Jose Martinez, Bocina,Norte,27,860.85,Marzo 4 2025,1362.48
5534,Jorge Morales,Bocina,occidente,31,$897.33,Febrero 14 2024,1508.14
1957,Ricardo Vargas,Camara,SUR,27,$805.26,Enero 10 2024,1277.18
8723,Alejandro Diaz,Escritorio,Sur,37,786.55,09-16-2025,1494.57
7698,Paola Rios,Camara, Centro,31,518.39,10-24-2025,814.64
7923,Ricardo Vargas, Camara,SUR,35,"$1,242.73",03/04/2025,848.17
7477,Andres Ortiz,Tablet,norte,46,"$1,302.84",Mayo 29 2025,1822.2
9836,Luis Hernandez,Teclado,centro,46,$851.44,Enero 23 2026,777.17
1483,Ricardo Vargas,Mouse,Occidente,29,783.77,01-03-2024,1681.37
4245,Alejandro Diaz,Impresora,Sur,43,$731.86,05-11-2024,1151.84
8577,Jose Martinez,LAPTOP,Occidente,54,1001.42,06-11-2024,1410.27
2731,Diego Romero,Silla,sur,43,437.19,07-07-2024,1413.98
8015,Ricardo Vargas,Bocina,Occidente,25,1332.99,,1160.27
2494,Andres Ortiz,Tablet,centro,29,1059.63,27/09/2025,1799.42
4127,Jose Martinez,Mouse,Centro,39,651.49,2025-09-24,1279.53
7579,Jose Martinez,Escritorio,Sur ,55,842.00,2024-09-30,1713.41
285,Camila Reyes,Monitor,Centro,36,$-119.23,,1038.97
3418,Luis Hernandez, Bocina,Centro,40,918.80,2025-05-18,1753.11
2037,Maria Lopez,Bocina,Sur,30,"$1,047.43",2024-08-05,1357.56
821,Jorge Morales,MONITOR,centro,68,$541.66,26/11/2025,1024.36
9895,Sofia Torres,Tablet, Sur,44,835.12,21/01/2025,1007.37
7171,Fernanda Castro, Impresora, Norte,22,1472.71,2026-02-26,1733.72
3877,Sofia Torres,Silla,Sur ,41,838.70,17/11/2025,2112.82
8553,Camila Reyes,Escritorio, Sur,44,$933.72,12-27-2024,1436.62
8766,Fernanda Castro,Mouse,OCCIDENTE,29,754.33,Junio 23 2024,1610.21
525,Isabel Guzman,Teclado,norte,27,$711.99,Marzo 23 2026,1444.17
8582,Valeria Mendoza,LAPTOP, Norte,55,"$1,022.12",08/10/2024,905.41
892,Jorge Morales,Escritorio,Occidente,39,$748.06,21/09/2024,1238.29
3593,Fernanda Castro,Laptop,Occidente,30,$760.59,12/04/2025,1176.35
7233,Jorge Morales,Mouse,norte,21,973.82,15/02/2025,1193.95
4671,Daniela Cruz,Bocina,Norte,12,880.85,2025-08-27,764.04
7288,Luis Hernandez,CAMARA,NORTE,39,1107.65,31/08/2024,1460.24
8594,Jose Martinez,Monitor,Occidente,36,sin dato,2025-10-20,1309.22
1530,Sofia Torres,Laptop,Centro,24,"$1,091.50",Agosto 6 2025,1617.66
2943,Luis Hernandez,Tablet,Sur,23,797.95,2026-03-16,1054.18
499,Paola Rios,CAMARA,Centro,50,$-926.71,Mayo 18 2026,1247.68
2547,Andres Ortiz,Mouse,Norte,33,$724.58,10-12-2024,1704.32
2783,Maria Lopez,Escritorio, Occidente,16,"$1,035.87",2026-04-19,838.29
5080,Laura Sanchez,Bocina, Occidente,57,627.92,09/05/2026,1513.15
6349,Alejandro Diaz,Tablet,Sur,30,945.81,11/08/2025,1554.5
4247,Paola Rios,Teclado,Sur,44,$532.27,12/12/2025,1412.91
380,Laura Sanchez, Camara,Centro,32,1198.36,05-15-2024,1098.52
2581,Jose Martinez,CAMARA,occidente,1,814.74,11-24-2024,2134.72
5197,Luis Hernandez,Silla,OCCIDENTE,36,$510.78,09-25-2025,1088.27
4865,Carlos Ramirez,IMPRESORA,sur,52,"$1,206.35",Octubre 23 2025,999.65
9592,Diego Romero,Escritorio, Norte,51,896.50,05/03/2026,985.99
8564,Andres Ortiz,TABLET,Sur,34,$693.52,20/04/2026,570.34
191,Daniela Cruz,Mouse,CENTRO,37,942.35,Febrero 27 2025,1591.99
7001,Maria Lopez,Camara,Occidente,46,$809.95,2026-04-26,913.96
1721,Camila Reyes,Bocina,Occidente,33,1201.73,06-12-2024,1239.3
8652,Daniela Cruz,BOCINA,Sur,39,"$1,404.50",2025-04-12,1246.38
7056,Paola Rios,Monitor,SUR,40,$597.46,Abril 7 2026,1222.77
21,Camila Reyes,Silla,Sur,50,998.12,05-07-2025,1712.98
7688,Miguel Flores,Silla,SUR,24,$558.91,26/07/2024,1180.45
7049,Laura Sanchez,Monitor,Norte,30,858.57,2025-04-02,2105.58
6394,Sofia Torres,Bocina,Sur,41,sin dato,2025-05-14,1340.04
3889,Sofia Torres,Camara,Centro ,34,"$1,198.82",01/09/2024,1683.13
2867,Valeria Mendoza,Mouse, Norte,29,490.56,Marzo 25 2024,1861.67
2047,Isabel Guzman,Laptop,Centro,61,"$1,406.55",Abril 25 2024,1180.21
7975,Jorge Morales,Silla, Sur,50,998.98,07-03-2024,1567.4
9332,Andres Ortiz,Bocina,NORTE,31,sin dato,09/12/2025,1520.34
6117,Pedro Aguilar,Bocina, Occidente,36,$709.81,Noviembre 2 2025,1400.03
5103,Jose Martinez,Silla,occidente,31,1034.65,02/12/2025,1870.22
7910,Miguel Flores,Escritorio,Norte,35,1363.09,30/10/2024,1457.42
8616,Valeria Mendoza,Teclado, Centro,13,$817.67,Junio 15 2024,1497.49
8899,Laura Sanchez,Impresora,Centro,40,$743.60,Mayo 11 2024,2116.23
9337,Jorge Morales,Monitor, Centro,29,1158.06,2026-01-13,1891.33
7875,Luis Hernandez,Teclado,Norte,39,$510.07,01-10-2026,1833.51
190,Sofia Torres,BOCINA,Sur,53,587.06,2024-03-28,1530.59
8641,Valeria Mendoza,Laptop, Occidente,42,$842.13,Diciembre 30 2025,1368.29
4907,Pedro Aguilar,Monitor,Norte ,48,915.10,Abril 8 2025,1515.22
151,Camila Reyes,Silla,Centro,34,790.58,17/09/2025,1274.57
8417,Ana Garcia,Laptop,Sur,35,$743.37,30/07/2024,1641.87
23,Sofia Torres,Tablet,SUR,32,678.75,12/02/2024,1478.92
1976,Miguel Flores,Camara,Occidente,28,$877.95,2026-01-03,1116.65
4967,Sofia Torres,Mouse,Sur ,23,640.68,04-30-2024,1961.5
9112,Ricardo Vargas,Teclado,occidente,39,371.02,11/10/2024,1242.74
5428,Andres Ortiz,Laptop,Sur,22,$980.64,Febrero 16 2025,1158.06
6917,Miguel Flores, Impresora,norte,37,$836.74,Octubre 19 2025,816.62
7444,Jorge Morales,Camara,occidente,42,$233.97,04-19-2025,1301.85
4754,Ana Garcia,Mouse,Sur,28,$844.49,Marzo 28 2025,1138.09
2356,Alejandro Diaz,Silla,norte,44,"$1,132.73",12-17-2024,890.72
9216,Miguel Flores,BOCINA,Occidente,49,633.78,2025-05-31,1854.37
8599,Camila Reyes,Mouse,occidente,31,sin dato,2024-12-11,1054.11
1383,Daniela Cruz,Impresora,norte,34,1319.35,24/04/2026,1280.4
1808,Camila Reyes,Escritorio,occidente,41,$360.96,06-05-2026,1603.26
9121,Luis Hernandez,Monitor, Norte,29,1332.74,08/06/2024,2114.62
2799,Ricardo Vargas,Laptop,Sur,55,$495.08,12-03-2024,1346.17
6059,Laura Sanchez,Monitor, Occidente,27,1340.52,,1326.66
9428,Fernanda Castro,Teclado,Occidente,58,"$1,214.08",2025-01-25,1340.51
551,Sofia Torres,Mouse,OCCIDENTE,10,$711.53,21/04/2025,1552.46
3567,Valeria Mendoza,Teclado,Centro,37,1353.97,Junio 4 2026,1571.75
8378,Jose Martinez,Monitor,Centro,43,$650.92,2025-08-20,1612.62
2707,Sofia Torres,Impresora,Occidente,61,456.90,Febrero 2 2024,1832.81
2847,Jorge Morales,Teclado,Sur,57,$667.89,Diciembre 13 2025,1345.53
1289,Jose Martinez,Tablet,Norte,47,$944.89,03-06-2025,1525.47
6825,Isabel Guzman,Camara,Sur,44,137.84,05/01/2025,1167.48
9821,Diego Romero,Tablet,Occidente,27,"$1,291.88",2025-07-09,1180.11
5036,Andres Ortiz,Monitor,centro,37,$776.17,04/12/2025,1553.2
7860,Daniela Cruz,Camara,N/A,35,925.08,09/02/2026,1618.73
2818,Camila Reyes,Tablet,centro,54,$587.90,2026-06-01,1806.08
8510,Jorge Morales,Impresora,occidente,27,1402.40,01/01/2025,1135.57
7947,Camila Reyes,Bocina,Centro,49,$842.65,2024-05-07,1087.3
8088,Jorge Morales,Bocina,Sur,42,366.29,2025-10-04,1480.61
6368,Jose Martinez,Camara,occidente,11,635.75,2024-06-12,1587.74
9868,Camila Reyes,Monitor,Occidente,29,1330.10,26/11/2025,962.23
9598,Daniela Cruz,Bocina,Norte,39,863.79,19/03/2026,938.82
2104,Paola Rios,TABLET,sur,29,788.75,24/03/2024,1231.06
5624,Carlos Ramirez,Tablet,Centro,35,789.90,21/03/2024,1498.3
4437,Camila Reyes,Impresora,norte,22,$829.29,Mayo 30 2024,1602.82
2415,Andres Ortiz,Monitor,Norte,38,$897.68,07/03/2024,1518.45
4991,Ana Garcia,Tablet, Centro,40,$865.08,22/02/2026,1209.36
2830,Andres Ortiz,Silla,norte,51,"$1,085.59",22/05/2026,926.45
3604,Ricardo Vargas,Silla,Centro,53,927.66,2024-07-15,1688.17
4517,Jorge Morales,Escritorio,Sur,39,1027.60,2024-03-09,1667.75
4858,Carlos Ramirez, Laptop,Norte,59,1117.36,Mayo 17 2024,1240.19
3516,Luis Hernandez,Mouse,sin informacion,36,$872.14,32/13/2026,1056.83
2390,Carlos Ramirez, Monitor,Centro,37,1243.52,12-15-2024,1544.17
7094,Sofia Torres,Escritorio,Norte,,512.00,2025-08-22,1462.23
7821,Camila Reyes,Monitor,Centro ,47,596.70,Abril 22 2024,1609.38
865,Pedro Aguilar,Camara, Sur,33,$671.76,Abril 20 2025,1549.45
1869,Maria Lopez,Impresora,Sur,27,sin dato,Julio 3 2024,1477.24
4085,Sofia Torres,TABLET,Norte ,36,$824.38,Junio 23 2024,1605.52
504,Paola Rios,Laptop,Centro,37,"$-1,291.67",Abril 2 2024,1474.36
3442,Carlos Ramirez,Bocina,Norte,28,$778.64,32/13/2026,1243.66
5675,Fernanda Castro,Tablet,occidente,59,515.16,10/01/2025,1352.55
8971,Andres Ortiz,ESCRITORIO, Centro,43,"$1,032.35",11-06-2024,1729.94
3805,Daniela Cruz,TECLADO,Centro,47,$654.77,2024-02-21,1143.8
770,Laura Sanchez, Teclado, Sur,41,1125.32,Octubre 7 2024,1302.67
885,Ana Garcia,Tablet,norte,32,997.59,11-06-2025,1502.26
5657,Miguel Flores,Impresora,Occidente,10,$844.83,Enero 11 2024,1041.29
7040,Laura Sanchez,TECLADO,Norte,59,$665.75,Octubre 30 2024,850.55
9434,Paola Rios,IMPRESORA,Norte,54,536.35,2026-04-05,1800.56
7023,Jose Martinez,Bocina,OCCIDENTE,34,769.07,Julio 20 2025,1708.36
2527,Carlos Ramirez,Escritorio,Centro,60,$796.49,2024-02-13,1339.6
9034,Ricardo Vargas,Teclado,Centro,21,$933.55,24/05/2024,1558.58
2441,Miguel Flores,Silla,CENTRO,59,803.27,06-15-2025,570.99
4006,Isabel Guzman,Escritorio,Norte ,40,163.09,Junio 10 2024,1188.77
1287,Laura Sanchez,Teclado,norte,27,$962.97,2024-03-20,1192.74
7660,Sofia Torres,Camara,Sur,31,518.78,06-29-2024,1681.23
5389,Daniela Cruz,Laptop,Occidente,44,774.49,Febrero 11 2026,1369.73
3594,Luis Hernandez,Silla,Sur ,20,$773.03,25/07/2024,1727.93
711,Jose Martinez,Mouse,Occidente,60,$951.07,Octubre 27 2025,1167.06
2341,Camila Reyes,Impresora, Sur,49,$947.72,Octubre 10 2025,1618.82
1867,Daniela Cruz,Teclado,Centro,35,"$1,023.32",Julio 23 2025,1180.64
99,Fernanda Castro,Laptop,Norte,46,1239.69,2024-08-23,1573.5
4987,Paola Rios,Silla,Centro,7,984.69,Septiembre 27 2024,864.92
1402,Ricardo Vargas,Teclado,sur,48,1355.10,10/10/2025,1858.97
1983,Luis Hernandez,Silla, Centro,37,$553.95,08/11/2025,1188.47
7119,Ricardo Vargas,Teclado, Centro,67,$999.74,11-16-2024,1750.94
9070,Laura Sanchez, Camara,Occidente,41,$996.12,2025-05-25,1940.69
5932,Luis Hernandez,Impresora,Occidente,35,983.19,2024-10-02,1860.58
5136,Fernanda Castro,Bocina,Occidente,30,sin dato,04/05/2024,1629.37
4354,Luis Hernandez,Monitor,sur,41,$831.18,07/04/2026,1161.46
4893,Carlos Ramirez,Silla,Norte,30,923.91,13/06/2025,983.6
2596,Diego Romero,Teclado,Centro,59,1384.15,24/04/2026,1167.69
5052,Fernanda Castro,Mouse,Norte,43,1000.12,2024-07-05,1281.08
5159,Sofia Torres,MONITOR,SUR,36,893.88,Noviembre 7 2025,886.34
6945,Pedro Aguilar, Laptop,Sur,52,1080.94,03-16-2026,953.35
1251,Daniela Cruz,Teclado,Sur,18,$751.16,2024-02-22,1105.79
4674,Sofia Torres,Impresora,Norte,22,554.75,2024-03-13,1133.92
1466,Isabel Guzman,Laptop,Occidente,66,606.32,2024-06-10,1259.5
9045,Paola Rios,Teclado,Norte,23,$629.71,2025-02-21,1314.47
9937,Valeria Mendoza,Tablet, Sur,50,"$1,256.66",06-11-2026,985.68
6088,Camila Reyes,Bocina,Centro,51,"$1,059.53",07/03/2025,1842.92
5727,Andres Ortiz,Tablet, Occidente,14,"$1,077.90",Octubre 28 2024,1693.65
1399,Diego Romero,Teclado,Occidente,47,870.86,2026-05-26,879.75
4767,Camila Reyes,Monitor,SUR,62,946.59,2024-06-21,1351.02
5359,Paola Rios,Mouse,?,34,"$1,555.19",07-31-2024,1398.78
5523,Jose Martinez,Bocina,centro,34,559.68,01-20-2026,1849.17
2762,Fernanda Castro,Impresora,Centro ,27,703.24,Agosto 12 2025,1345.58
6807,Ricardo Vargas,Mouse,Sur,46,899.59,11-21-2024,1257.42
6640,Luis Hernandez,Impresora,norte,36,1001.47,2024-08-07,1431.45
4368,Isabel Guzman,Monitor,Centro,45,749.75,2026-05-29,1319.39
2023,Valeria Mendoza,Escritorio,centro,34,"$1,158.37",Diciembre 11 2025,2081.8
1197,Carlos Ramirez,Silla,centro,53,"$1,050.37",2025-06-17,2004.93
4513,Daniela Cruz,Monitor,occidente,63,583.06,32/13/2026,1471.06
1134,Jose Martinez,Monitor,Sur,51,916.71,Agosto 27 2024,891.52
2286,Andres Ortiz,Impresora,Norte,47,sin dato,2024-03-11,1297.19
7646,Daniela Cruz, Mouse,CENTRO,7,768.58,2025-08-29,1673.66
5659,Jose Martinez, Camara,,43,1004.06,2024-07-16,1783.84
7873,Alejandro Diaz,Tablet,Centro,33,"$1,268.36",2025-07-27,947.2
7302,Sofia Torres,Tablet,Occidente,44,513.79,Enero 12 2024,2083.85
5400,Andres Ortiz,Laptop, Occidente,35,$837.41,2025-08-07,1781.82
3452,Paola Rios,Impresora,Occidente ,39,1015.02,2024-03-05,1125.65
8012,Isabel Guzman,Tablet,centro,26,$526.00,22/05/2024,1628.79
1012,Jorge Morales,IMPRESORA,Norte,32,$982.19,27/09/2025,1532.07
2644,Miguel Flores,Teclado,Occidente,18,$946.52,2024-06-11,1127.51
7648,Andres Ortiz,Tablet,Occidente ,49,741.53,2025-08-15,964.99
8760,Jose Martinez, Mouse,Norte,39,704.19,01/05/2026,1805.0
7701,Fernanda Castro,Bocina,occidente,51,704.36,2026-01-16,1510.45
1237,Luis Hernandez,Camara,Centro ,30,931.26,Agosto 5 2025,830.19
5800,Daniela Cruz,Laptop,Sur,47,833.54,2026-01-07,1484.58
7959,Sofia Torres,SILLA,OCCIDENTE,50,52.02,2024-04-07,1249.11
4995,Luis Hernandez,Teclado,Centro,46,$595.54,2024-04-29,1460.13
9777,Fernanda Castro,Monitor, Norte,28,$586.08,2025-08-07,1521.87
7632,Sofia Torres,Escritorio,Occidente,38,687.37,Febrero 24 2026,1444.99
8287,Ricardo Vargas,LAPTOP,Norte,19,1157.05,Junio 14 2025,1368.36
3447,Maria Lopez,Bocina,Centro,39,1272.84,2025-09-02,1107.34
4297,Andres Ortiz,Impresora,Sur,20,967.71,25/12/2024,788.86
5824,Miguel Flores,Bocina,Centro,37,$985.20,Enero 7 2024,941.2
9370,Jose Martinez,Impresora,Sur,42,$965.22,2025-03-27,718.33
9090,Miguel Flores,LAPTOP,,37,"$1,097.68",08/03/2026,1371.51
1843,Isabel Guzman,Escritorio,norte,28,685.00,Enero 30 2026,1339.46
8609,Diego Romero,Teclado,OCCIDENTE,70,$-630.74,01-17-2024,1045.1
735,Isabel Guzman, Tablet,?,32,$947.99,08-21-2024,1739.51
463,Luis Hernandez,Impresora,norte,22,$820.88,27/05/2026,806.11
2740,Carlos Ramirez,Escritorio,Centro,48,"$1,252.83",02-02-2025,1194.26
1207,Paola Rios,Bocina,centro,32,840.37,10-16-2025,2169.43
7247,Jose Martinez, Mouse,Norte,43,1361.18,2025-12-09,1810.16
2320,Jorge Morales,Escritorio, Sur,23,"$1,112.49",14/02/2025,1215.23
3065,Sofia Torres,Mouse,Occidente,25,$332.06,10-18-2025,1453.55
600,Miguel Flores,Mouse,sur,24,1236.13,2024-10-20,1172.87
8502,Isabel Guzman,Escritorio,Centro ,27,$681.07,04-25-2026,1534.87
3352,Jose Martinez,Escritorio,Occidente,28,$384.46,Abril 13 2024,1415.08
9652,Alejandro Diaz,Silla,Centro,30,771.97,01-20-2025,1640.64
3545,Isabel Guzman,Bocina,Occidente ,50,"$1,080.51",Abril 18 2025,1341.39
401,Fernanda Castro,Laptop,Centro,32,"$1,145.24",28/09/2025,1453.93
3322,Carlos Ramirez,Tablet, Sur,49,1138.38,01-01-2026,937.52
6713,Isabel Guzman,Bocina,Occidente,31,$292.32,Junio 3 2025,1388.75
1777,Andres Ortiz,CAMARA,Sur,57,"$1,363.44",Febrero 17 2025,827.0
9650,Diego Romero,Camara, Centro,37,571.81,Noviembre 26 2024,1581.31
515,Sofia Torres,LAPTOP,norte,36,835.43,Febrero 13 2026,1328.5
3163,Laura Sanchez,Bocina,Occidente ,46,655.58,2024-06-17,1001.8
5141,Paola Rios,Camara,Centro,58,"$1,009.61",10-25-2025,2016.6
3226,Miguel Flores,Laptop,OCCIDENTE,49,"$1,170.11",2026-02-05,1572.24
9641,Carlos Ramirez, Monitor,Sur ,55,806.81,Enero 28 2025,1505.1
2545,Jorge Morales,Escritorio,OCCIDENTE,46,928.99,2025-09-27,1494.4
8068,Maria Lopez,Teclado,norte,35,"$1,239.31",06-04-2026,1146.51
7715,Camila Reyes,Impresora,Norte,68,$935.62,03/04/2025,1369.9
5246,Laura Sanchez,Mouse, Occidente,36,$360.94,05-19-2024,1775.67
815,Daniela Cruz,Impresora,Centro,25,"$1,106.77",2025-05-14,1629.16
8182,Ana Garcia,Bocina, Centro,40,$809.43,25/04/2026,1249.0
9022,Miguel Flores,Silla,Centro,,$538.60,18/09/2024,1387.99
2207,Carlos Ramirez,Monitor,Sur,43,$831.69,Diciembre 25 2024,1556.29
2753,Laura Sanchez,Monitor,Norte,34,$839.99,2024-07-15,1096.67
4988,Daniela Cruz,Monitor,Sur,41,751.18,10-22-2024,1153.18
8991,Carlos Ramirez,Mouse,,55,993.36,04/10/2025,1442.21
9285,Valeria Mendoza,Silla,norte,35,692.41,11/07/2025,1762.92
704,Maria Lopez,IMPRESORA,sin informacion,28,sin dato,05-18-2024,1655.29
830,Daniela Cruz,Laptop,Norte,33,$695.89,2024-04-23,1973.05
6286,Fernanda Castro,Laptop,norte,39,652.13,2026-04-18,1342.74
6927,Alejandro Diaz,Teclado,Sur,244,1038.79,Abril 20 2024,1490.74
1036,Andres Ortiz,Mouse,CENTRO,49,$641.82,17/02/2026,643.21
8076,Ricardo Vargas,Escritorio,CENTRO,34,"$1,163.18",07-22-2024,1926.29
220,Paola Rios,Silla,Sur,38,sin dato,2025-09-30,1323.98
6362,Paola Rios,Escritorio,Occidente,46,774.60,Octubre 18 2024,1654.79
8138,Ana Garcia,Camara, Sur,22,"$1,326.01",Marzo 27 2026,861.09
3549,Maria Lopez,MONITOR,occidente,54,$878.67,21/03/2025,767.05
7088,Laura Sanchez,Tablet,Centro,383,1163.13,Noviembre 28 2025,1661.91
7582,Luis Hernandez,Laptop, Norte,34,$677.63,28/08/2024,562.72
5361,Diego Romero,Tablet,Centro,29,$694.64,11/11/2025,838.62
6925,Diego Romero,Teclado,Norte,desconocida,816.58,06-17-2026,1596.01
8253,Luis Hernandez,Mouse,Centro,53,1098.49,2025-11-15,1309.77
6769,Laura Sanchez,Mouse,,,$-500.23,Junio 3 2024,1782.49
9362,Valeria Mendoza,Tablet,Occidente,45,$435.62,Noviembre 13 2024,1308.77
17,Maria Lopez,Teclado,Centro,15,$864.05,2026-04-07,921.05
9680,Diego Romero,Laptop,Norte,46,870.71,2024-09-17,1121.08
3644,Maria Lopez,Bocina,Centro,53,905.88,11-15-2025,1144.13
6418,Alejandro Diaz,Tablet,Centro ,48,$525.64,09-17-2024,1665.55
2787,Daniela Cruz,Escritorio,CENTRO,26,493.82,08-16-2025,2078.2
6469,Ricardo Vargas,Tablet,sur,17,$963.12,32/13/2026,1332.24
822,Valeria Mendoza, Tablet,Norte ,36,1196.70,2025-09-14,998.13
4624,Jorge Morales,TECLADO,Occidente,37,"$1,055.41",08/07/2025,1517.76
2678,Miguel Flores, Teclado,Occidente,43,$698.34,01/09/2025,613.48
5606,Diego Romero,Camara,centro,25,784.59,31/12/2025,1456.3
4009,Daniela Cruz,Escritorio,Occidente,57,$971.67,03-21-2024,1107.99
5511,Paola Rios,Escritorio,Occidente,47,$725.97,Octubre 21 2025,1352.45
517,Diego Romero,Escritorio,Norte,33,"$1,558.70",2026-02-18,1479.62
7131,Andres Ortiz,Mouse,Sur,-6,$969.89,24/03/2024,1676.42
7030,Isabel Guzman,Camara,SUR,56,$655.29,05/05/2024,1099.5
2049,Valeria Mendoza,Camara,Centro,23,"$1,140.58",Enero 10 2024,579.12
5839,Miguel Flores,Silla,Occidente,48,$631.83,21/08/2024,1274.62
7720,Andres Ortiz,Mouse, Occidente,78,$829.72,22/06/2024,1498.58
9914,Isabel Guzman,Bocina,CENTRO,60,754.78,2024-09-05,1094.46
8704,Luis Hernandez,Silla,NORTE,34,869.72,2026-01-25,1355.01
9323,Valeria Mendoza,Escritorio,Norte,23,$814.67,02-08-2026,1387.74
601,Sofia Torres,Silla,occidente,37,$629.66,Noviembre 4 2024,1743.15
2750,Camila Reyes,Escritorio,Centro,35,691.11,Mayo 24 2026,1900.61
9151,Laura Sanchez,Impresora,Centro,44,977.05,Marzo 16 2024,1338.16
3256,Carlos Ramirez, Laptop,norte,28,993.42,13/04/2024,1241.98
7583,Diego Romero,Laptop,Norte,56,1085.66,,1300.57
7635,Maria Lopez,Escritorio,Norte,49,$795.59,2025-07-25,934.25
2840,Jorge Morales,Escritorio,Norte,42,370.38,Enero 22 2025,1888.57
7324,Ana Garcia,Monitor,Centro,31,451.33,2024-01-03,969.4
3236,Paola Rios,Tablet,Norte,42,556.67,Junio 23 2025,851.89
5600,Camila Reyes,Impresora,Sur,33,$726.15,01/03/2024,803.15
9306,Sofia Torres,Escritorio,Occidente,37,$781.88,2025-11-10,788.63
3840,Diego Romero,Teclado,Centro,48,50.00,14/03/2025,1187.8
9299,Camila Reyes,Mouse,Norte ,15,"$1,248.60",04-13-2026,1572.85
7552,Andres Ortiz,Silla,Sur,19,1445.76,18/04/2026,1030.13
7683,Daniela Cruz, Silla,Norte,28,$911.39,Junio 25 2024,1553.0
3037,Carlos Ramirez,Silla, Centro,29,$-989.78,Febrero 18 2026,1544.43
4951,Daniela Cruz,MONITOR,Centro,14,896.12,Abril 1 2026,1379.13
488,Andres Ortiz, Bocina,Occidente,38,$643.61,Agosto 22 2025,1213.93
4967,Sofia Torres,Mouse,Sur ,23,640.68,04-30-2024,1949.7
9386,Ricardo Vargas,Mouse, Norte,40,934.46,2024-05-12,1212.45
593,Fernanda Castro,Bocina,Norte,36,569.58,07-05-2025,1174.04
1609,Andres Ortiz,Camara,?,15,"$1,533.27",19/08/2024,1502.65
9110,Miguel Flores,IMPRESORA,Sur,36,$812.49,Enero 15 2026,1378.0
6943,Ana Garcia,Impresora,Norte,19,$701.54,11-03-2024,1370.55
5831,Camila Reyes, Escritorio,Norte,,"$1,065.04",12-26-2024,1473.37
4196,Camila Reyes,Silla,Occidente,55,$495.15,,1119.31
7570,Laura Sanchez,Bocina,Norte,55,540.00,Agosto 8 2025,1353.88
8985,Sofia Torres,MOUSE,Occidente,43,1048.10,2024-04-28,1614.33
6229,Pedro Aguilar,Teclado, Sur,38,$747.87,Julio 18 2024,1205.54
2075,Valeria Mendoza,Monitor,Sur,4,1141.60,2024-12-11,1240.02
9884,Isabel Guzman, Teclado,CENTRO,39,956.35,06-15-2025,1506.4
358,Valeria Mendoza,Bocina,Sur,41,395.28,Mayo 17 2024,1161.91
2850,Andres Ortiz,BOCINA,Occidente,34,$615.21,26/02/2026,1430.42
4849,Sofia Torres,Mouse,norte,50,$480.73,03-19-2024,1187.95
3366,Andres Ortiz,Teclado,Sur,55,$963.36,Marzo 5 2026,1788.64
7263,Ricardo Vargas,Tablet,Sur,47,"$1,065.78",27/04/2024,1136.44
312,Pedro Aguilar,Escritorio,occidente,23,759.87,32/13/2026,1383.49
3315,Andres Ortiz,Bocina,centro,34,901.38,2024-11-12,1453.54
3131,Fernanda Castro,Tablet, Centro,28,1089.08,08-12-2025,1394.28
254,Jose Martinez,Mouse,Occidente,41,"$1,103.71",08/01/2025,968.36
4112,Andres Ortiz,Teclado,Occidente,43,740.48,Noviembre 18 2025,1506.92
1962,Sofia Torres,Impresora,Sur,34,$379.10,2024-02-29,1330.48
4300,Isabel Guzman, Camara,Centro,57,$698.95,05-23-2026,1292.68
4133,Diego Romero,Bocina,Occidente,29,"$1,431.81",32/13/2026,1443.48
3405,Camila Reyes,IMPRESORA,Centro,44,$677.53,Enero 8 2024,647.52
436,Diego Romero,Laptop,NORTE,161,1256.75,27/03/2026,1013.98
590,Valeria Mendoza,Camara,Centro,41,718.28,03-24-2026,1520.2
4002,Laura Sanchez,Laptop,OCCIDENTE,28,$605.16,31/10/2025,1011.01
6062,Daniela Cruz,Monitor,Occidente,47,"$1,088.02",Marzo 5 2026,1011.31
3123,Diego Romero,BOCINA,Sur,33,431.23,23/06/2024,1396.23
7278,Pedro Aguilar,TECLADO,centro,44,$539.33,06-27-2025,1721.26
2383,Pedro Aguilar,Monitor,OCCIDENTE,38,895.65,23/03/2026,1809.19
6165,Carlos Ramirez,Teclado,Centro,49,1144.09,24/04/2025,1674.47
13,Isabel Guzman,Laptop, Norte,49,620.70,2026-04-20,1159.79
4753,Camila Reyes,Bocina,Occidente,28,1040.58,2024-11-04,1213.59
5545,Isabel Guzman,IMPRESORA,Sur,48,846.94,Febrero 1 2026,2150.82
3804,Diego Romero, Camara,Sur,32,$921.76,2024-03-18,1808.86
6356,Laura Sanchez,Teclado,Occidente,54,473.01,29/10/2025,895.77
6993,Ricardo Vargas,Silla,Occidente,39,$970.00,2024-02-01,1106.58
9472,Paola Rios,Monitor,Centro,34,sin dato,Junio 9 2025,1130.43
1531,Camila Reyes,IMPRESORA,Sur ,45,878.58,05-15-2025,1368.61
4637,Laura Sanchez,Laptop, Norte,46,sin dato,05/02/2026,1705.83
3263,Valeria Mendoza,Silla,Sur,23,"$1,044.44",Mayo 9 2024,1771.77
6887,Paola Rios,Monitor,Norte,24,1395.73,17/08/2025,1561.76
9403,Daniela Cruz,Impresora,occidente,24,$-316.23,2026-05-03,1395.94
5022,Alejandro Diaz,Escritorio,centro,34,$-687.72,25/10/2024,1490.28
3580,Pedro Aguilar,Impresora,Norte,desconocida,1363.02,2026-06-05,1584.85
1221,Daniela Cruz,Monitor,norte,58,"$1,427.15",2025-02-20,1137.17
6677,Luis Hernandez, Teclado,Sur,30,"$1,222.43",01-12-2026,1408.77
1496,Ana Garcia,Monitor,Norte,41,342.91,2024-07-10,1364.95
4616,Laura Sanchez,Bocina, Occidente,44,"$1,202.86",2024-02-24,1853.58
7551,Paola Rios,Laptop,Occidente,37,980.09,Diciembre 17 2024,1816.08
9100,Andres Ortiz,Tablet,Norte,45,664.05,Marzo 30 2026,1716.8
9136,Miguel Flores,Bocina,sur,43,$900.94,2025-02-26,1712.19
4108,Luis Hernandez,Silla,Centro,28,277.96,Julio 25 2025,1528.09
2528,Valeria Mendoza,Teclado,CENTRO,29,$787.69,2025-01-14,1656.15
3970,Camila Reyes,Camara,Norte,50,956.47,2025-03-27,1178.9
4384,Paola Rios,Escritorio,Norte,37,784.61,Febrero 13 2025,1104.73
7645,Andres Ortiz,Impresora,Centro,22,$761.77,14/12/2024,1780.59
9453,Alejandro Diaz,Impresora, Sur,47,$692.40,23/02/2025,1566.5
3386,Carlos Ramirez,Mouse,Occidente,30,"$1,172.82",2024-07-13,1290.8
6298,Fernanda Castro,TABLET,Norte,48,778.84,11-24-2025,1285.1
6846,Valeria Mendoza,Tablet,centro,70,$311.67,05-13-2024,1808.26
1879,Andres Ortiz,Monitor,Occidente ,26,"$1,248.80",01/01/2024,1412.4
3149,Carlos Ramirez,Impresora,centro,38,1054.71,04-17-2024,1658.01
1508,Jose Martinez,Teclado,Sur ,34,$618.14,2025-02-05,1385.38
4131,Laura Sanchez,Bocina,Occidente,32,1061.72,04/10/2024,999.45
3170,Miguel Flores,Silla,Sur,34,$508.70,Octubre 25 2025,2013.83
6404,Andres Ortiz,SILLA,Sur,25,984.00,2024-11-15,1536.01
9072,Camila Reyes,Impresora, Norte,37,983.80,Julio 10 2024,1851.34
4802,Jose Martinez,Teclado,Occidente,37,1291.42,2024-11-07,1550.83
1845,Miguel Flores,Impresora,Norte,35,1068.66,26/01/2024,1612.35
3044,Maria Lopez,MOUSE,Sur,29,873.81,2024-05-03,1181.77
8305,Sofia Torres,Camara,Centro,34,"$1,043.92",02/01/2026,994.6
1981,Daniela Cruz,Bocina, Occidente,40,sin dato,Agosto 23 2024,1270.53
4536,Alejandro Diaz,Laptop,Centro,33,"$1,145.36",Diciembre 2 2024,2012.77
5176,Diego Romero,Monitor,Centro,30,1213.76,2025-04-03,1981.54
2118,Ricardo Vargas,Tablet,CENTRO,48,$724.96,16/04/2025,1138.21
2640,Jorge Morales,Impresora,Norte ,52,$-799.78,2025-05-29,2436.86
7440,Jose Martinez,Escritorio,CENTRO,33,"$1,127.20",02-19-2025,1198.61
5021,Maria Lopez,Bocina,sin informacion,34,1229.53,Enero 18 2024,1105.57
3715,Camila Reyes,LAPTOP,Sur,35,1340.78,Mayo 20 2025,1451.88
1689,Andres Ortiz,Laptop,centro,41,$-702.48,2026-04-29,1983.06
5786,Luis Hernandez,Tablet,,59,850.67,25/06/2024,1443.02
5116,Maria Lopez,BOCINA,Norte,45,1302.47,2026-01-06,1008.82
5653,Ana Garcia,LAPTOP,Sur,51,$620.14,13/07/2024,630.15
903,Camila Reyes,Bocina,Norte,61,1275.72,19/06/2024,301.01
1135,Daniela Cruz,Teclado,Centro ,35,"$-1,166.46",02-22-2024,1124.11
6865,Miguel Flores,Impresora,NORTE,45,$712.14,2024-12-17,1378.75
1109,Miguel Flores,Teclado,centro,45,sin dato,06-18-2026,1137.16
4974,Isabel Guzman,TECLADO,Occidente,33,759.31,09/09/2025,1583.01
3060,Luis Hernandez,Bocina,SUR,54,812.25,2026-02-28,855.98
9912,Ricardo Vargas,SILLA,Centro,36,$951.35,09/07/2025,1594.12
1144,Jose Martinez,Monitor,Centro,25,$469.70,2025-01-15,1387.32
5492,Camila Reyes,Escritorio,Sur,50,909.24,05-02-2025,1146.94
8256,Ana Garcia,Escritorio,occidente,32,1220.37,27/12/2024,1572.2
7818,Jorge Morales,Laptop,Centro,43,$339.54,Octubre 5 2024,1666.59
769,Paola Rios, Tablet,sur,37,707.86,2026-02-18,1826.96
4850,Ricardo Vargas,Monitor,Sur,-2,"$1,266.70",2024-11-19,1575.65
3553,Valeria Mendoza,Escritorio,occidente,36,"$1,070.29",,740.13
9754,Sofia Torres,IMPRESORA,Centro,53,$802.69,2026-01-23,1608.65
618,Ana Garcia,TECLADO,Norte,19,$475.46,21/12/2025,1569.4
7401,Laura Sanchez,Camara,Centro,40,$496.17,32/13/2026,1858.36
2139,Ricardo Vargas,Laptop,Norte,33,940.23,32/13/2026,1528.9
8073,Sofia Torres,Impresora,Norte,33,"$1,013.21",24/07/2024,1490.8
796,Jose Martinez,Monitor,Occidente,57,"$1,175.85",01/06/2025,946.39
4912,Daniela Cruz,Silla,Norte,37,719.42,03-16-2025,1411.38
3838,Luis Hernandez,Monitor,Sur ,47,475.21,01-20-2025,1886.89
7420,Sofia Torres,Mouse,Occidente,43,1492.49,Abril 30 2026,1955.52
9197,Carlos Ramirez,Tablet,Norte,48,"$1,139.11",03-23-2025,1047.95
3876,Carlos Ramirez,Silla,SUR,54,"$1,302.87",2024-04-17,948.92
4734,Maria Lopez, Escritorio,SUR,42,102.94,16/07/2024,1667.56
8764,Sofia Torres,Monitor,Occidente ,49,$301.95,Enero 2 2025,1443.57
8398,Andres Ortiz,SILLA,sur,40,1041.04,22/07/2025,1494.03
3841,Sofia Torres,Escritorio,Centro,20,504.01,,2210.96
7435,Fernanda Castro,Teclado,occidente,41,$891.32,06-15-2024,1040.39
1326,Jose Martinez,Silla,Sur,25,$639.24,,1493.49
9973,Alejandro Diaz,Escritorio,Occidente,30,1179.28,21/11/2025,1829.95
2165,Luis Hernandez,Monitor,Centro,51,"$1,175.26",Enero 29 2024,1624.04
7145,Carlos Ramirez,Silla,Centro,60,$789.18,2025-10-23,1552.71
3757,Camila Reyes,Tablet, Sur,44,1109.17,12/06/2026,1604.36
2111,Jorge Morales,IMPRESORA,Norte,40,"$1,553.32",07/03/2026,1544.49
1088,Diego Romero,Monitor,Sur,31,$-695.07,04-07-2024,1673.95
4078,Daniela Cruz,Escritorio,Centro,32,"$1,096.94",Julio 1 2025,1076.59
8382,Alejandro Diaz,Silla,centro,48,884.65,2024-01-30,674.45
4254,Jose Martinez, Silla,Norte,,$406.43,05-08-2024,1651.22
4535,Fernanda Castro,Monitor,Sur,43,924.24,Febrero 9 2024,1224.79
8743,Camila Reyes,Camara,Norte,16,$431.95,2026-03-21,1078.45
7132,Sofia Torres,Monitor,CENTRO,21,893.17,Junio 18 2026,1584.11
949,Jorge Morales, Monitor,norte,42,1051.07,01/12/2025,1603.11
1570,Andres Ortiz,Teclado,Occidente,52,"$1,595.62",2024-03-29,2033.68
5525,Fernanda Castro,Camara,OCCIDENTE,31,863.66,2025-10-02,1558.35
1238,Diego Romero,Impresora,Sur,52,sin dato,06-26-2025,1405.62
9398,Pedro Aguilar, Silla,Sur,28,"$1,192.25",Noviembre 17 2025,1310.38
2305,Miguel Flores,Camara,Occidente,36,499.37,Abril 14 2024,1405.53
9721,Daniela Cruz,Silla,Centro,26,707.60,22/05/2025,893.9
1604,Jose Martinez,MONITOR,Norte ,18,$779.18,Junio 14 2026,971.52
9993,Valeria Mendoza,Camara, Centro,42,$767.42,Diciembre 3 2024,886.19
8090,Isabel Guzman,Laptop,Occidente,-9,1149.85,2025-10-19,1509.72
9257,Fernanda Castro,Escritorio,sur,54,$730.65,10-25-2025,1335.61
8638,Alejandro Diaz,Camara,Occidente,36,$816.30,2024-04-18,456.25
7819,Camila Reyes,MOUSE,Centro,35,354.31,07/02/2025,1293.13
6692,Miguel Flores,Escritorio,Sur,58,"$1,185.25",Julio 7 2025,1758.92
6157,Fernanda Castro,Teclado,Centro,48,$773.66,2024-06-07,1579.33
4975,Paola Rios, Silla,Centro,30,778.10,Marzo 27 2026,704.55
6459,Ana Garcia, Escritorio,Sur ,47,1296.33,Noviembre 17 2025,1670.05
1540,Daniela Cruz,Bocina,Norte,38,677.20,Agosto 24 2025,1250.4
6285,Isabel Guzman,Monitor,centro,14,1149.93,Agosto 15 2025,1483.65
909,Andres Ortiz,Teclado,Centro,35,$902.70,10-10-2025,1715.44
848,Valeria Mendoza,Teclado,Occidente,,$659.69,07-05-2025,1432.76
462,Sofia Torres, Laptop,Norte,43,1144.90,01-27-2026,952.28
6211,Maria Lopez,Silla,CENTRO,37,346.57,2025-03-29,1867.52
814,Ricardo Vargas,TECLADO, Sur,37,"$-1,240.75",04-11-2024,1274.27
8321,Fernanda Castro,Camara,Norte,46,$236.02,Julio 28 2024,1582.62
1523,Daniela Cruz,Impresora,Centro,46,$477.89,26/01/2024,2050.62
7783,Ana Garcia,Mouse,sur,44,$919.48,Julio 31 2024,862.42
5890,Paola Rios,Monitor,Sur,37,528.22,,1351.57
1055,Luis Hernandez,Tablet, Sur,47,$460.35,22/02/2025,1160.84
5987,Andres Ortiz,LAPTOP,Norte,42,776.66,Enero 24 2024,1527.33
6707,Ricardo Vargas,Silla,Occidente ,7,911.34,16/02/2026,1953.52
2219,Ricardo Vargas,Tablet,Sur,51,1162.09,2025-10-16,1313.9
1807,Valeria Mendoza,Monitor,occidente,41,$506.90,2025-12-23,1348.57
6488,Alejandro Diaz,Camara, Norte,44,$479.87,Marzo 13 2024,941.31
3742,Camila Reyes,TECLADO,Centro,40,1215.93,06-07-2024,1243.33
1112,Carlos Ramirez,Mouse,OCCIDENTE,31,729.38,06/12/2025,1125.04
4140,Jose Martinez,TABLET,Norte,36,499.35,Julio 6 2024,987.33
5277,Jorge Morales,Impresora,Centro,35,$772.77,01-13-2024,1487.44
9140,Paola Rios,Laptop,Norte,28,665.14,2026-03-15,1050.48
7265,Diego Romero,Teclado,OCCIDENTE,29,480.70,02-23-2026,1906.78
3261,Miguel Flores,Laptop,Norte,41,1374.83,2025-10-19,1703.59
2158,Daniela Cruz,Monitor, Norte,43,"$1,012.10",2025-01-13,1549.25
4833,Luis Hernandez,Tablet, Occidente,47,772.60,02-22-2026,1408.06
777,Diego Romero,Monitor,sur,53,$695.81,05-17-2026,1289.2
2860,Miguel Flores,Impresora,Sur,47,$591.21,Enero 5 2026,1463.02
3927,Miguel Flores,Impresora,Norte,43,$532.55,Junio 15 2025,1499.9
1871,Jose Martinez,Camara,Sur,24,170.70,Julio 10 2024,1759.52
8869,Miguel Flores,Camara,Sur,34,$887.80,07-05-2024,1281.83
7385,Miguel Flores,Escritorio,Occidente,53,923.45,Diciembre 19 2025,1956.75
4786,Miguel Flores,Bocina,Sur,40,703.79,2025-08-12,951.86
3599,Jose Martinez,Teclado,Norte,28,996.98,Mayo 8 2024,1331.65
7856,Daniela Cruz,Escritorio,Norte,35,$703.99,04/06/2024,2154.55
1534,Carlos Ramirez,Teclado,Sur,38,1546.25,06-18-2025,1184.17
4288,Sofia Torres,Silla,Centro,50,"$1,095.73",30/10/2024,1041.42
2274,Jose Martinez,Silla,Centro,44,$784.77,05-22-2024,1383.43
4749,Jorge Morales,BOCINA,Norte ,28,$949.83,Septiembre 3 2025,1670.61
8581,Miguel Flores,LAPTOP,norte,35,1438.84,04-25-2025,1652.87
9020,Sofia Torres,Silla,Norte,43,1324.45,2024-08-19,1323.09
6184,Camila Reyes,Camara,Norte,27,973.77,2024-06-27,1625.2
3344,Miguel Flores,Tablet,Norte,43,$872.12,25/02/2024,1149.53
5555,Camila Reyes,Bocina,Sur ,43,sin dato,Junio 9 2024,1736.8
4434,Jorge Morales,Tablet,norte,24,646.42,2024-03-31,1289.94
1943,Paola Rios,Monitor,Centro,44,$838.15,Agosto 24 2024,1332.95
4992,Ana Garcia,Escritorio,Norte,30,"$1,115.86",2024-07-24,1607.99
8805,Camila Reyes,Escritorio,sur,27,784.77,20/04/2025,1491.97
1733,Miguel Flores,Bocina,occidente,24,654.76,17/01/2024,1225.73
1504,Andres Ortiz, Mouse,Sur,35,965.52,Diciembre 8 2024,1220.8
8891,Jose Martinez, Monitor,SUR,28,sin dato,2025-05-17,1635.09
6452,Alejandro Diaz,Mouse,Centro,43,762.89,19/01/2026,1713.3
8571,Miguel Flores,Escritorio,NORTE,13,1066.48,,823.8
4224,Maria Lopez,Mouse,Occidente,45,442.22,04-21-2024,1532.16
2166,Pedro Aguilar,Monitor,Sur,30,1042.13,Junio 13 2025,1403.84
9947,Andres Ortiz,Camara,Sur,39,$744.19,Marzo 9 2026,609.66
794,Diego Romero,MONITOR,Centro,43,$925.18,Marzo 11 2026,1694.78
820,Camila Reyes,Monitor,Norte,15,$336.46,2025-07-19,1511.98
6659,Sofia Torres,Monitor,norte,,734.57,32/13/2026,930.76
7497,Diego Romero,Bocina,centro,30,502.98,2025-08-12,865.11
8430,Daniela Cruz,Tablet,Centro,53,957.65,Mayo 7 2025,880.82
7835,Paola Rios,Mouse,N/A,24,"$1,247.07",Septiembre 22 2025,1741.27
9437,Diego Romero,Silla,sin informacion,32,1049.91,Abril 15 2026,1319.47
8646,Luis Hernandez,Laptop,Norte,49,$-589.35,04/02/2025,1356.81
3738,Paola Rios, Camara,Sur,28,"$1,280.90",2024-03-26,1327.5
31,Ricardo Vargas,Impresora,Sur,36,703.46,05-10-2025,606.05
6744,Fernanda Castro,Laptop,Occidente ,10,520.30,05-04-2025,1078.03
4014,Andres Ortiz,Escritorio,norte,40,$816.84,01-22-2026,777.2
1655,Paola Rios,Monitor,N/A,41,1222.50,21/12/2024,1945.01
3401,Pedro Aguilar,Silla, Norte,39,$590.31,11-03-2025,1638.81
7332,Paola Rios,Laptop,Centro ,41,sin dato,02-15-2025,1656.03
1469,Diego Romero,Teclado,Centro,35,802.23,11-25-2024,1320.6
9991,Sofia Torres, Bocina,Occidente ,45,$742.53,11/04/2024,975.79
8771,Fernanda Castro,SILLA,Occidente ,28,940.23,,1818.42
1227,Jose Martinez,Laptop,,45,711.70,2025-12-30,1424.59
3279,Diego Romero,Teclado,NORTE,31,"$1,074.63",01-30-2024,2181.5
8107,Valeria Mendoza,Impresora,OCCIDENTE,33,$888.82,Mayo 18 2025,1476.06
3563,Alejandro Diaz,Monitor,Centro,41,575.80,2024-03-01,1131.94
3800,Jorge Morales,Tablet,Centro,47,669.45,Diciembre 28 2024,718.7
9387,Valeria Mendoza, Tablet,CENTRO,50,"$1,198.92",Enero 16 2024,1724.95
2683,Fernanda Castro,Silla,Occidente ,-1,"$1,107.45",2025-05-17,1132.05
5024,Fernanda Castro,Camara,Occidente,53,"$1,121.04",07-02-2025,987.76
863,Pedro Aguilar,Camara,Sur,31,sin dato,08-23-2025,1183.02
9563,Jorge Morales,Impresora,Norte,37,$847.08,Abril 30 2024,944.06
3818,Isabel Guzman,Tablet,Norte,34,$754.77,2026-04-11,1716.08
451,Diego Romero,Silla,CENTRO,31,1228.00,2025-12-03,1877.17
8945,Sofia Torres,Impresora,sur,63,$477.67,06/04/2026,1468.4
2914,Isabel Guzman,Mouse,Sur,50,1087.52,2024-12-27,811.94
7303,Alejandro Diaz,MONITOR,Centro,28,$907.03,09-08-2024,1935.62
1120,Jose Martinez,Bocina,Norte,34,$937.92,07/11/2025,739.49
1914,Jorge Morales,Teclado,Occidente,17,$677.36,32/13/2026,1062.88
5878,Andres Ortiz,Silla,Norte,,760.95,Mayo 23 2024,1006.28
1787,Paola Rios,Silla,Centro ,46,"$1,730.00",Abril 3 2024,1046.58
4421,Miguel Flores,Impresora,centro,39,"$1,050.19",Mayo 30 2026,1584.63
92,Valeria Mendoza,Tablet,Centro,36,$473.28,2025-01-31,1659.05
8401,Valeria Mendoza,Teclado,Occidente,52,$676.35,26/12/2025,1589.28
9699,Alejandro Diaz,ESCRITORIO,CENTRO,23,$687.54,11/07/2024,1684.69
7194,Paola Rios,Tablet,Sur,23,sin dato,32/13/2026,1040.64
4553,Andres Ortiz,Bocina,Sur,16,1166.38,2024-08-25,1070.15
1354,Luis Hernandez, Bocina, Occidente,27,938.81,10/05/2024,1501.57
6322,Isabel Guzman,Laptop,SUR,3,1572.11,2024-03-05,1366.53
2338,Fernanda Castro,Bocina,Sur ,39,1013.63,Noviembre 18 2025,1281.99
9649,Daniela Cruz,Silla,sur,20,1026.07,Noviembre 13 2025,2038.18
431,Sofia Torres,BOCINA,Norte,29,1071.69,19/06/2024,907.18
5755,Camila Reyes,Laptop,Sur,41,$509.36,2025-08-19,1385.46
3155,Valeria Mendoza,LAPTOP,SUR,,1075.52,15/01/2024,915.78
9897,Daniela Cruz, Teclado,Norte,39,"$1,473.52",2025-01-05,1258.1
8372,Andres Ortiz,MONITOR,Centro,37,1130.61,03/03/2026,1408.3
8149,Pedro Aguilar,Camara,Norte,35,1102.84,03-13-2024,1387.65
9859,Andres Ortiz,Bocina,norte,49,sin dato,21/12/2025,729.08
8081,Camila Reyes,Escritorio,Occidente,41,789.23,Junio 15 2024,1069.37
2063,Sofia Torres,Mouse,sur,37,712.40,,970.3
5978,Miguel Flores,Tablet,Norte ,53,909.64,Mayo 12 2026,1367.54
5833,Sofia Torres,Escritorio,Sur,57,$395.89,32/13/2026,1182.6
410,Ricardo Vargas, Monitor,CENTRO,34,$-507.53,02-10-2026,950.14
8520,Laura Sanchez,Mouse,Centro ,48,$417.10,Abril 6 2025,1038.81
2552,Jorge Morales,Tablet,Sur,28,"$1,097.91",2026-05-17,1554.28
6531,Ricardo Vargas,Silla,Norte,37,$757.24,03-07-2024,1388.91
6187,Valeria Mendoza,Escritorio,Occidente,27,966.64,02-17-2026,1024.11
137,Daniela Cruz,Camara,Occidente,24,$808.58,2025-11-21,1700.5
3678,Carlos Ramirez,Impresora,Centro,29,$-426.56,16/08/2024,1441.66
2926,Jose Martinez,Escritorio,norte,35,1226.49,2026-05-25,942.27
6724,Isabel Guzman,Bocina,,27,$395.58,Marzo 10 2025,983.17
6225,Sofia Torres,MONITOR,Sur ,47,530.61,01/02/2025,1337.55
7009,Valeria Mendoza,Bocina,Centro,11,$306.81,21/03/2024,1034.55
3721,Ana Garcia,CAMARA,Occidente,36,561.26,13/09/2025,1207.03
5563,Carlos Ramirez,Laptop,Sur,49,617.76,03-08-2026,1274.03
9439,Diego Romero, Teclado,Centro,49,582.25,2024-11-05,1506.39
4898,Diego Romero,Impresora,Centro ,32,291.42,2025-11-28,821.43
8921,Miguel Flores,Bocina,Norte,39,498.75,2024-02-20,745.74
7028,Maria Lopez,Silla,Occidente,51,$551.42,Agosto 15 2024,1417.81
9096,Ana Garcia, Silla,Centro,45,sin dato,Febrero 23 2025,1375.96
2901,Diego Romero,TECLADO,,59,541.16,11/09/2024,1552.03
533,Valeria Mendoza,Monitor, Norte,46,1089.32,23/12/2024,1371.44
2281,Miguel Flores, Bocina,sur,41,488.83,09-23-2024,1743.51
8083,Andres Ortiz,Bocina,Norte,46,752.75,32/13/2026,1365.11
7653,Luis Hernandez,Tablet,Sur,44,$551.64,2024-07-08,1605.16
8227,Luis Hernandez,Monitor,occidente,42,"$1,145.09",Septiembre 4 2024,1575.42
7963,Laura Sanchez,Impresora,Sur,10,989.39,08-11-2024,1733.85
8745,Jorge Morales,Escritorio,Norte,35,"$1,035.50",2024-09-06,1181.78
3892,Maria Lopez,Laptop,sin informacion,24,1183.98,06-09-2024,1265.81
340,Pedro Aguilar,MONITOR,Centro,32,"$1,000.06",Diciembre 8 2025,1167.96
6748,Ricardo Vargas, Mouse,CENTRO,24,$950.86,Julio 14 2025,1522.3
4636,Valeria Mendoza, Bocina, Occidente,44,755.01,03-14-2026,1524.92
5766,Jose Martinez,ESCRITORIO,Norte,43,1036.72,2024-10-11,1605.89
3598,Camila Reyes,Tablet, Occidente,49,$609.89,Mayo 20 2025,531.04
8809,Daniela Cruz,Monitor,Sur,17,$-884.84,2026-04-19,1322.84
7952,Ricardo Vargas,Laptop,Sur,29,$529.70,Enero 5 2026,125000.0
1048,Jorge Morales,Laptop,Occidente,69,$730.87,10-19-2025,1282.98
7182,Luis Hernandez,Mouse,Occidente,55,$847.08,10/12/2024,1142.38
35,Camila Reyes,Teclado,Centro,53,"$1,096.13",21/09/2025,1626.53
7995,Paola Rios,Laptop,norte,35,sin dato,Febrero 19 2025,1412.86
7930,Valeria Mendoza,Silla, Occidente,39,"$1,020.19",09/10/2024,1280.96
8374,Laura Sanchez,Mouse,Occidente,33,$679.20,29/01/2025,1258.87
9816,Sofia Torres,Monitor,Occidente,52,$680.95,01-08-2026,1026.11
6696,Diego Romero,Laptop,Centro ,44,705.39,08/06/2025,1792.82
5628,Laura Sanchez,Teclado,Centro,34,1410.92,2024-04-22,1533.29
5000,Camila Reyes,Mouse,Occidente,43,"$1,190.66",2026-02-06,1500.15
7476,Luis Hernandez,Mouse,Norte,29,$384.97,2025-04-06,1255.87
4359,Ricardo Vargas,Bocina,Centro,25,723.95,2025-10-17,1569.41
1917,Miguel Flores,Laptop,Sur,48,$893.14,Julio 26 2024,836.58
5248,Laura Sanchez,Bocina,Norte,28,1081.91,05-17-2026,1362.71
8937,Fernanda Castro,Teclado,NORTE,6,837.76,08/07/2025,1116.6
6393,Sofia Torres,Bocina,Sur,48,909.25,2024-11-19,1007.66
9030,Paola Rios,BOCINA,Sur,29,$838.50,03-04-2024,1413.07
7494,Andres Ortiz,Mouse,occidente,54,"$1,324.20",20/01/2024,1174.95
7163,Ana Garcia,Silla,Sur,44,770.37,2025-04-29,505.23
9270,Carlos Ramirez,Impresora,Occidente,31,529.32,,1213.84
6878,Paola Rios,Camara,occidente,47,960.24,2025-08-22,1475.58
6721,Luis Hernandez,Monitor,occidente,66,$510.27,2024-02-05,1728.71
7227,Paola Rios,Tablet,sur,37,$782.80,08/05/2025,1233.09
7675,Alejandro Diaz, Laptop,Norte,39,"$-1,094.38",Abril 20 2024,1697.74
6266,Paola Rios,Teclado,Sur,56,978.73,32/13/2026,1684.43
2838,Jose Martinez,Silla, Centro,52,959.30,02-11-2025,1574.46
3769,Fernanda Castro,Mouse, Occidente,53,691.24,16/11/2024,1474.63
6326,Laura Sanchez,Teclado,Occidente ,42,$760.36,12/11/2024,1469.13
3681,Fernanda Castro, Monitor,Norte,49,$845.45,10-23-2025,1892.73
498,Camila Reyes,Tablet,Sur,38,$915.38,Mayo 15 2026,1174.32
1860,Alejandro Diaz,MOUSE,Norte,22,509.40,Octubre 22 2025,1309.41
2479,Valeria Mendoza,BOCINA,Centro,53,"$1,201.35",,984.71
5104,Ricardo Vargas,Camara,Centro,32,$243.96,2024-02-11,1898.57
5122,Fernanda Castro,Silla,Sur,45,"$1,036.73",2024-02-18,1479.93
3988,Valeria Mendoza,SILLA,CENTRO,38,1177.02,05-10-2024,1597.36
8166,Laura Sanchez,Monitor,Norte,51,$329.59,2025-04-17,1448.12
3080,Luis Hernandez,Silla,Sur,10,sin dato,Marzo 31 2025,1488.13
6256,Paola Rios, Impresora,Occidente,11,1227.31,Noviembre 2 2025,1768.44
998,Jorge Morales,Silla,Sur,36,$832.93,20/06/2025,1658.85
7165,Paola Rios,TABLET,centro,36,626.10,22/03/2025,1926.05
3684,Valeria Mendoza,Monitor,Sur,55,415.96,05-15-2025,1225.17
1663,Andres Ortiz,ESCRITORIO,Sur,48,638.04,Agosto 28 2024,1233.18
3717,Daniela Cruz,SILLA,Occidente,14,1070.37,04/08/2024,1081.72
8011,Maria Lopez,Laptop,Sur,,sin dato,07/04/2024,1127.54
9265,Maria Lopez,Camara,Centro,43,$882.82,Marzo 22 2025,2125.54
6829,Sofia Torres,Camara,Sur ,38,$605.10,01-21-2026,1841.87
235,Fernanda Castro, Impresora,Occidente ,25,704.79,Diciembre 24 2025,948.43
3524,Laura Sanchez,Impresora,Norte ,46,957.43,2025-12-04,1708.82
2082,Jose Martinez,Bocina,Sur,47,1084.40,05-31-2024,1530.83
8376,Ricardo Vargas,Bocina,SUR,21,710.04,Febrero 15 2024,1212.84
1118,Jose Martinez,Monitor,Sur,53,1147.33,2024-10-10,1401.31
4047,Luis Hernandez,Escritorio,Occidente,40,887.73,08/06/2026,1244.12
199,Isabel Guzman,Bocina,Sur,32,$628.65,2024-09-30,1400.47
9633,Isabel Guzman,Teclado,Sur,47,$852.31,Septiembre 15 2025,1702.86
6160,Jose Martinez, Camara,Sur,36,$925.16,32/13/2026,1394.06
8716,Pedro Aguilar,Tablet,Norte,52,"$1,024.29",Septiembre 12 2024,1389.79
7849,Alejandro Diaz,Laptop,norte,26,"$-1,209.29",32/13/2026,1349.47
3669,Maria Lopez,Escritorio,Sur,16,781.06,05-08-2025,1086.67
5791,Jose Martinez,Teclado,Norte ,46,980.14,25/07/2025,1714.48
5941,Jose Martinez,Bocina,Norte,15,969.89,Febrero 24 2024,1617.64
548,Alejandro Diaz,Escritorio,Occidente,30,808.69,2025-03-25,1113.11
8524,Luis Hernandez,Silla,Occidente ,33,898.97,03-02-2025,663.1
4038,Ricardo Vargas,Silla,occidente,48,$988.69,08/06/2025,2068.18
7542,Laura Sanchez, Camara,Occidente,21,937.55,10/06/2024,1503.84
1888,Isabel Guzman,Escritorio,Centro,48,$917.38,32/13/2026,930.36
3205,Alejandro Diaz,Teclado,Centro,13,"$1,218.33",2026-01-07,834.27
565,Valeria Mendoza,Escritorio,Sur,51,"$-1,207.77",Agosto 27 2025,1700.79
6859,Luis Hernandez,Bocina,Centro,41,602.41,06-13-2024,1201.72
4791,Ricardo Vargas,Monitor,centro,20,"$1,010.05",01/11/2024,1025.69
8694,Daniela Cruz,Camara,Occidente ,desconocida,$930.94,12-19-2024,1505.29
5344,Carlos Ramirez,Escritorio,SUR,46,889.77,Marzo 10 2025,1011.63
8874,Ricardo Vargas,Mouse,Occidente,29,435.41,32/13/2026,1152.54
3162,Pedro Aguilar,Teclado,sin informacion,35,$674.83,2025-08-15,1575.28
2797,Diego Romero,Teclado,occidente,27,"$1,151.02",11-05-2024,1956.39
6873,Paola Rios,Mouse,occidente,52,1024.84,29/01/2026,939.65
6756,Isabel Guzman,Tablet,sur,69,$483.82,26/06/2025,1019.56
238,Daniela Cruz,Impresora,NORTE,43,1055.85,19/05/2025,1685.97
1051,Alejandro Diaz,Monitor,Occidente,58,1101.73,12-02-2024,1160.82
7159,Alejandro Diaz,Camara, Norte,46,$948.69,Agosto 17 2025,1629.87
4801,Jose Martinez,Impresora,Sur,42,$330.18,2024-05-06,1225.06
6813,Alejandro Diaz,Bocina,,54,499.73,2025-09-09,1168.75
6782,Jorge Morales,Escritorio,Occidente,31,$62.05,29/01/2026,1187.21
5429,Carlos Ramirez,Mouse,sur,33,$846.78,2024-03-19,1432.44
3396,Fernanda Castro,TABLET,Centro,49,644.58,Noviembre 29 2025,1459.09
9305,Camila Reyes,Monitor,centro,49,$794.06,26/08/2025,1521.78
9435,Valeria Mendoza, Monitor,Occidente,46,$942.46,04/10/2024,1391.4
3848,Jorge Morales,Teclado,norte,41,756.57,2024-02-24,821.33
299,Paola Rios,Escritorio,,-1,793.12,05/07/2024,1234.81
3558,Luis Hernandez,Camara,occidente,44,704.32,Julio 28 2025,1470.8
1117,Ana Garcia,Escritorio,OCCIDENTE,29,1013.05,2025-08-24,985.92
5496,Luis Hernandez,Bocina,Norte ,34,772.96,2026-01-16,984.3
1804,Ricardo Vargas,Impresora,Centro,32,1218.34,06-11-2024,1248.71
508,Laura Sanchez,Laptop,Occidente,56,$463.25,Marzo 22 2025,1119.42
3043,Ana Garcia,Impresora,Centro,42,$818.95,22/08/2024,1244.36
1439,Jose Martinez,LAPTOP, Norte,27,856.77,Marzo 25 2025,823.1
7768,Alejandro Diaz,Camara,Centro,25,"$1,239.28",2025-02-08,1598.93
2979,Luis Hernandez,Teclado,centro,48,"$1,076.11",2025-12-01,1031.08
4337,Isabel Guzman,Impresora,Occidente,36,799.79,Julio 14 2025,1658.22
9787,Miguel Flores,Mouse,Centro,35,$646.91,2026-01-17,1838.07
5255,Ricardo Vargas,Tablet,centro,46,$756.49,06/09/2025,1650.21
9012,Valeria Mendoza,Monitor,Occidente ,40,791.51,2026-05-10,1193.72
456,Fernanda Castro,Escritorio,Norte,47,"$1,124.70",06/04/2025,1508.19
5540,Camila Reyes,Teclado,Norte,27,$374.55,Abril 13 2026,1024.5
2975,Paola Rios,Laptop,Occidente,9,1065.44,10-19-2025,1653.29
6436,Alejandro Diaz,Laptop,Occidente,44,664.26,05-12-2026,1235.73
7223,Camila Reyes,Monitor,Norte ,55,564.69,22/05/2024,1473.06
7483,Maria Lopez, Escritorio,Centro,38,$955.70,,1884.62
106,Luis Hernandez, Escritorio,Centro,28,$666.57,04-11-2025,1365.74
1894,Daniela Cruz,TECLADO, Centro,64,459.35,24/02/2025,1399.06
4824,Carlos Ramirez,Teclado,Sur,52,887.80,2025-10-19,1568.32
8523,Miguel Flores,Escritorio,Norte,,831.81,32/13/2026,1596.61
5923,Isabel Guzman,Impresora,norte,45,456.95,08/02/2025,1374.75
3379,Ricardo Vargas,Laptop,Centro,46,658.93,Enero 24 2025,1353.29
3701,Ana Garcia,Bocina,Norte ,32,"$1,346.02",Octubre 27 2025,1297.72
8603,Luis Hernandez,Monitor,sur,33,966.38,10-17-2025,1875.33
2976,Valeria Mendoza,Bocina,Occidente,41,$801.90,Septiembre 23 2025,1224.43
8250,Paola Rios,Camara,Occidente,32,"$1,003.03",Mayo 30 2024,1149.32
823,Camila Reyes,Camara,Occidente,-2,$900.27,Noviembre 1 2025,1423.09
7750,Alejandro Diaz,Impresora,occidente,32,575.57,2026-03-28,1732.37
5712,Luis Hernandez, Tablet,Sur,48,1351.11,2024-09-02,1570.46
1006,Camila Reyes,Camara,Occidente,34,"$1,149.41",2024-05-11,1035.9
4293,Jose Martinez,Tablet,Centro,34,1259.38,,1344.66
9640,Fernanda Castro,Escritorio, Centro,54,$516.82,07-18-2025,2428.16
2654,Alejandro Diaz,Teclado,Occidente,38,$777.99,Junio 4 2024,1357.89
7134,Laura Sanchez,Mouse,CENTRO,36,$-527.70,Mayo 18 2025,1673.95
1213,Carlos Ramirez,ESCRITORIO,Occidente,18,sin dato,2025-11-12,1693.64
6482,Andres Ortiz,Camara,Sur,31,1027.83,2025-07-09,1461.11
8157,Maria Lopez,Camara,Norte,38,"$-1,057.65",32/13/2026,1339.6
6603,Fernanda Castro,Camara,Centro,36,725.92,2024-07-03,1528.24
3045,Fernanda Castro,Tablet, Norte,55,761.28,Noviembre 19 2024,1875.64
9357,Jose Martinez, Camara,Sur ,40,$590.14,2024-11-11,1274.02
6337,Luis Hernandez,Tablet,sur,52,"$1,264.22",06/02/2025,1798.6
7793,Andres Ortiz,Escritorio,Sur,26,sin dato,20/01/2026,1470.77
6861,Valeria Mendoza,Escritorio,Norte,33,"$1,604.68",Febrero 16 2024,1584.86
627,Ana Garcia,Mouse,Centro ,43,"$1,374.09",13/09/2024,1362.18
6371,Pedro Aguilar,Camara,Centro,43,"$1,089.53",11/06/2024,559.29
1365,Laura Sanchez,Silla,Occidente,27,623.64,Febrero 1 2026,1556.32
6553,Pedro Aguilar, Mouse,NORTE,46,132.89,2026-05-15,1309.86
3830,Isabel Guzman,Mouse, Occidente,23,$718.87,01-15-2026,1492.98
9719,Laura Sanchez,Impresora,Centro,28,1345.39,2025-05-23,1211.87
24,Carlos Ramirez,Silla,Norte,41,"$1,247.73",32/13/2026,2083.64
9625,Andres Ortiz,CAMARA,Centro,30,1099.49,07-19-2025,1652.85
4672,Paola Rios,ESCRITORIO,occidente,39,676.36,2024-05-08,1074.8
1944,Isabel Guzman,Monitor, Norte,21,sin dato,06-15-2026,1523.64
9165,Isabel Guzman,Impresora,norte,,1209.26,2025-05-22,1800.4
4527,Valeria Mendoza,Mouse,Sur,32,283.21,32/13/2026,1484.3
721,Alejandro Diaz,Teclado,Norte,29,$956.91,2026-02-16,1575.35
2844,Daniela Cruz,Teclado,Norte ,53,"$1,415.63",Marzo 7 2024,1486.81
7982,Alejandro Diaz,Monitor,Norte ,52,$799.85,02-15-2026,1412.89
3947,Paola Rios,BOCINA,Norte,,$771.62,29/07/2024,1281.56
5775,Fernanda Castro,Escritorio,centro,47,$806.44,2026-06-03,1289.06
7973,Sofia Torres,Laptop,Centro,30,$784.93,2024-08-10,1047.41
8608,Jorge Morales,Impresora,sur,29,$921.16,,1773.84
6412,Laura Sanchez,SILLA,centro,40,617.47,2025-06-23,1237.78
194,Ana Garcia,Mouse,Norte ,53,826.06,01/01/2025,1383.02
2878,Paola Rios,MONITOR,Occidente,50,$567.16,06/05/2026,968.11
5402,Valeria Mendoza,Camara,Norte,12,$967.87,Febrero 24 2025,1387.92
4168,Isabel Guzman, Tablet,occidente,46,$886.06,Junio 1 2026,1764.74
3910,Maria Lopez,Teclado,Norte,35,$827.85,Septiembre 5 2024,1333.86
1211,Ricardo Vargas,Impresora,CENTRO,43,$421.71,09/03/2026,1401.68
6244,Luis Hernandez,Monitor,Occidente ,51,$-687.19,17/06/2024,1084.61
179,Laura Sanchez,Laptop,Sur,39,1007.67,18/08/2024,517.14
9364,Miguel Flores,BOCINA,SUR,29,873.05,Junio 16 2025,959.08
5746,Jorge Morales,Bocina,Sur ,5,sin dato,Marzo 19 2026,821.21
620,Camila Reyes,MONITOR,Sur,28,469.31,2025-10-08,1460.76
8342,Alejandro Diaz,Camara,Occidente,28,$876.98,32/13/2026,1104.4
2624,Andres Ortiz,Bocina,Sur ,44,"$1,363.66",Diciembre 13 2024,1399.56
2561,Sofia Torres,Laptop,Occidente ,48,$860.32,,640.63
8994,Luis Hernandez,Laptop,Centro,42,"$1,301.90",08-25-2024,1275.97
8933,Sofia Torres,Escritorio,Centro,23,$641.64,18/05/2024,1247.01
4190,Maria Lopez,Teclado,sur,41,1047.56,Mayo 30 2024,1283.07
311,Isabel Guzman,Monitor,Occidente,44,"$1,163.53",Diciembre 15 2024,1178.46
7353,Carlos Ramirez,Teclado,Centro,47,672.62,Enero 9 2026,1358.14
4239,Laura Sanchez,Laptop,Norte ,52,499.85,2026-03-26,1517.56
9158,Valeria Mendoza,Laptop,N/A,12,776.29,2026-06-07,800.06
9407,Luis Hernandez,Mouse,Occidente,38,$743.59,09/12/2025,1467.79
7029,Carlos Ramirez,Teclado,Sur,63,298.72,Marzo 12 2026,1303.71
3772,Ricardo Vargas,Laptop,SUR,39,1207.02,Agosto 30 2024,999.23
1933,Valeria Mendoza,Bocina,Norte,30,$547.89,07-13-2025,1208.51
3036,Alejandro Diaz,Mouse,SUR,23,817.89,2025-10-28,1174.89
9047,Ricardo Vargas,Monitor,Norte,60,1079.68,2024-05-19,1624.91
7941,Fernanda Castro,Tablet,Centro,10,1027.65,22/11/2024,1499.57
9206,Pedro Aguilar,Silla,Occidente,31,$832.85,20/03/2026,1655.97
7990,Andres Ortiz,Camara,CENTRO,,$439.30,2025-03-26,1440.06
6605,Laura Sanchez,Bocina,occidente,24,$728.35,Noviembre 25 2025,1968.79
8449,Isabel Guzman,Silla,Sur,29,939.55,Junio 8 2025,1516.08
9888,Sofia Torres,Silla,centro,49,1153.56,Julio 4 2024,1445.39
41,Jorge Morales,Monitor,centro,45,1095.15,Mayo 31 2025,1803.46
5982,Ricardo Vargas,Mouse,OCCIDENTE,57,$775.25,10-09-2024,1227.22
827,Laura Sanchez,Monitor,SUR,35,1046.23,04-20-2024,987.78
4814,Ricardo Vargas,Tablet,sur,57,1044.43,06/08/2025,1424.28
6021,Camila Reyes, Camara,Centro,62,$788.24,2026-01-03,1667.96
3133,Camila Reyes,Mouse,Centro,38,719.15,30/05/2026,1156.49
3146,Diego Romero,Silla,sin informacion,45,"$1,142.82",30/05/2025,1960.24
8897,Pedro Aguilar,Teclado,Sur,50,708.77,2024-06-02,1752.55
8973,Carlos Ramirez, Impresora,CENTRO,44,$446.17,21/08/2025,1001.67
9574,Carlos Ramirez,Mouse,Occidente,14,$462.40,2025-01-24,1276.69
8624,Camila Reyes,Impresora,Norte,26,$892.01,14/05/2026,1387.12
6986,Pedro Aguilar,Laptop,Sur,39,1073.94,2024-04-27,1829.32
4530,Alejandro Diaz,Mouse,norte,,513.61,01/04/2026,1462.99
8446,Luis Hernandez,Mouse,NORTE,37,1262.57,2024-04-30,1406.12
528,Maria Lopez,Laptop,Sur,69,"$1,107.85",2025-07-29,966.94
3490,Daniela Cruz,Camara,Centro,35,1117.90,01-18-2025,1035.67
6150,Jorge Morales,Impresora,Centro,31,$525.16,Julio 20 2025,1391.38
3296,Andres Ortiz,Teclado,centro,47,"$1,363.02",28/07/2025,947.11
5754,Ana Garcia,Impresora,Sur,22,$894.53,32/13/2026,1569.77
2319,Diego Romero,Bocina,sur,32,$-766.51,2024-01-01,1563.11
6044,Sofia Torres,Laptop,Sur,43,1503.66,2025-04-23,1806.58
2692,Jorge Morales,Bocina,Norte,40,$711.08,01/05/2025,1527.72
6279,Maria Lopez,Teclado,Norte ,32,$803.85,2025-12-02,1503.37
4449,Alejandro Diaz,Teclado,Occidente,30,1169.24,08/12/2024,1480.79
6847,Jose Martinez,Escritorio,Centro,22,713.30,08-23-2024,1863.88
895,Isabel Guzman,Teclado,Centro,43,773.67,12/02/2026,1172.42
4586,Laura Sanchez,Mouse,Sur ,37,$637.11,2025-09-11,1467.47
4621,Jorge Morales,MOUSE,Occidente,32,849.68,Diciembre 12 2024,1343.16
3972,Ana Garcia, Escritorio,,7,573.53,13/01/2025,869.31
7986,Jose Martinez,MOUSE, Sur,43,$853.23,Marzo 1 2024,960.03
911,Daniela Cruz, Mouse,Centro,33,$867.78,15/11/2025,1240.89
2542,Fernanda Castro,Monitor,Occidente,43,$733.96,2025-06-02,530.08
2006,Fernanda Castro,ESCRITORIO,Sur ,37,$580.35,32/13/2026,1371.55
4600,Carlos Ramirez,Bocina,Centro ,26,sin dato,08/07/2024,1093.69
559,Paola Rios,Tablet,Norte,22,1069.10,01/12/2024,1543.57
125,Paola Rios,Tablet,Sur,41,$906.79,07-02-2024,1891.86
1471,Jose Martinez,Camara,Occidente,40,"$1,228.37",04-04-2024,1394.94
5650,Camila Reyes,Laptop,OCCIDENTE,41,$629.18,Agosto 5 2025,2168.86
5381,Isabel Guzman,CAMARA,norte,31,$256.39,26/01/2025,1919.3
7966,Miguel Flores,Bocina,CENTRO,44,"$1,501.30",03-20-2024,1091.98
7905,Andres Ortiz,Escritorio,Occidente,42,$469.09,11-08-2025,1807.63
7895,Jorge Morales,Bocina,sin informacion,43,1056.82,30/09/2024,1919.99
5191,Ana Garcia,Bocina,Sur,12,sin dato,07-28-2025,2137.72
2019,Maria Lopez,MONITOR,SUR,50,$-760.59,Marzo 22 2026,550.87
1775,Maria Lopez,Escritorio,Norte,41,$872.48,11-05-2025,1084.31
1213,Carlos Ramirez,ESCRITORIO,Occidente,18,sin dato,2025-11-12,1746.3
1184,Ricardo Vargas,Camara,Centro,38,$962.99,Mayo 19 2026,1571.72
225,Pedro Aguilar,Impresora,CENTRO,34,"$1,162.98",05/04/2026,1354.82
7921,Diego Romero, Mouse,norte,,$530.32,12-28-2024,1793.88
1952,Alejandro Diaz,Silla,Centro,33,$590.51,2025-11-17,2045.89
8818,Ricardo Vargas,Camara,Sur,45,1028.46,16/07/2025,1331.07
5137,Ana Garcia,Laptop,norte,58,$957.33,02-20-2026,1728.27
429,Maria Lopez, Mouse,occidente,37,490.56,12/02/2024,1868.5
9220,Diego Romero,Monitor,Sur ,40,$988.34,Abril 2 2026,2225.61
1372,Carlos Ramirez,Mouse,Sur,37,771.76,06-05-2025,1222.45
5454,Camila Reyes,Bocina,Norte,34,1080.97,Octubre 2 2024,891.69
4781,Jose Martinez,Mouse,Centro,16,785.08,Octubre 27 2025,1236.35
3693,Laura Sanchez,Laptop,occidente,53,872.25,2025-10-14,1083.04
3252,Jose Martinez,Monitor,NORTE,41,$420.31,2025-11-05,1826.55
828,Daniela Cruz,Camara,Sur ,37,838.97,01-26-2025,1213.24
3310,Ricardo Vargas,Camara,NORTE,43,841.84,Junio 23 2024,857.83
7362,Fernanda Castro,Escritorio,Centro,,$800.56,17/12/2025,1465.05
4729,Diego Romero,Camara,?,36,1505.33,04-28-2026,1501.51
3745,Jorge Morales,Laptop,Occidente,29,$240.04,Julio 17 2025,1004.18
5338,Ricardo Vargas,Tablet, Occidente,52,"$1,156.60",2025-03-09,1355.04
2526,Luis Hernandez,Bocina,Norte,29,"$1,152.51",Febrero 14 2024,1614.56
1672,Maria Lopez,Bocina,occidente,46,385.69,10/07/2024,1138.2
5557,Luis Hernandez,Camara,Centro,40,"$1,047.61",2026-05-10,1077.37
5494,Pedro Aguilar,Escritorio,Occidente,165,$-456.62,2025-05-26,858.22
2859,Ana Garcia,Monitor,OCCIDENTE,42,"$-1,071.41",2025-04-30,1770.54
1278,Jorge Morales,Teclado,Norte,37,"$1,034.93",04/10/2024,1577.91
7731,Luis Hernandez,Bocina,Centro,36,$960.15,Junio 27 2024,812.74
746,Pedro Aguilar,Escritorio,SUR,31,$539.32,2024-04-08,997.82
5845,Diego Romero, Laptop,Occidente,34,1225.87,Septiembre 25 2025,1444.03
8862,Alejandro Diaz,Impresora,sur,56,"$1,219.17",2026-02-13,561.87
4694,Camila Reyes,Tablet,Sur ,16,$389.47,32/13/2026,1315.2
142,Andres Ortiz,Monitor,Centro,29,$641.03,Enero 15 2025,1721.73
9418,Sofia Torres,Camara,Centro,26,$613.43,Abril 1 2026,1215.26
4901,Laura Sanchez,BOCINA,Sur,37,413.24,Noviembre 11 2025,1228.15
9261,Paola Rios,Silla,sur,56,sin dato,32/13/2026,1646.89
5302,Carlos Ramirez,Bocina,Sur,41,706.39,08-26-2024,1520.1
2578,Isabel Guzman, Silla,Occidente,-7,$999.46,2024-05-05,1577.72
9235,Ricardo Vargas,Impresora,norte,45,$775.44,07/04/2025,925.92
2249,Paola Rios,Laptop,Norte,58,1174.97,11-27-2024,1355.5
455,Luis Hernandez,Laptop,Norte ,49,990.32,Agosto 2 2024,1385.42
4869,Maria Lopez,SILLA,Centro,55,910.33,08/04/2026,1017.9
7280,Jose Martinez,Camara,Sur,42,1192.77,01-25-2025,1703.81
507,Valeria Mendoza,Laptop,occidente,28,$751.92,02-16-2025,1469.28
7548,Sofia Torres,Laptop, Norte,41,$821.22,17/01/2024,2001.26
3652,Pedro Aguilar,Tablet,Centro,36,"$1,400.38",2026-05-17,2145.9
441,Diego Romero,SILLA,SUR,28,1353.02,Octubre 23 2025,1857.32
3251,Alejandro Diaz,Mouse,Occidente ,29,"$1,048.86",Abril 11 2026,1063.46
7723,Andres Ortiz,Teclado,Centro,30,"$1,349.36",2024-03-15,1410.78
6577,Ana Garcia,MONITOR,Centro,36,320.11,Noviembre 18 2024,1108.46
1828,Jorge Morales,Bocina, Centro,46,$782.48,32/13/2026,1619.83
111,Laura Sanchez,Mouse,SUR,28,790.29,Noviembre 7 2025,925.41
9031,Paola Rios,Silla,CENTRO,33,$509.09,08/04/2024,995.72
9192,Isabel Guzman,Laptop,Centro,18,sin dato,Febrero 17 2026,1551.36
2997,Sofia Torres,Camara,norte,40,$830.74,10-03-2025,635.12
7550,Paola Rios,Teclado,CENTRO,40,$645.05,32/13/2026,1733.83
3201,Valeria Mendoza,Impresora,sur,39,sin dato,,1863.04
1518,Maria Lopez,Monitor,Norte,38,"$1,149.88",Enero 4 2024,1013.24
985,Sofia Torres,TABLET,Norte ,50,1369.55,2024-01-29,1343.6
715,Fernanda Castro,Silla,NORTE,27,686.13,29/06/2025,1796.07
1746,Ana Garcia,Bocina,sur,54,"$1,220.23",07/03/2024,1637.37
5802,Miguel Flores,Teclado,Centro,46,952.41,Julio 22 2024,1006.76
7006,Pedro Aguilar,Silla,Occidente,30,$859.02,2026-05-30,2007.97
6922,Jose Martinez,Laptop,Norte,52,sin dato,Diciembre 31 2024,1451.37
1583,Isabel Guzman,Bocina,occidente,38,909.22,25/08/2025,751.45
5067,Jorge Morales,Impresora,NORTE,49,824.69,2025-01-31,811.95
2448,Pedro Aguilar,Camara,Norte,26,813.22,2025-10-22,894.05
5939,Carlos Ramirez,Teclado,Sur,16,979.50,Diciembre 7 2025,1421.1
6966,Maria Lopez,Teclado,norte,34,"$1,020.86",12/05/2026,625.42
8057,Daniela Cruz,Silla,Sur ,-9,1144.42,06-09-2026,967.95
8534,Jorge Morales,Bocina,Sur,33,947.04,04-06-2025,2075.03
3099,Jose Martinez,IMPRESORA, Occidente,29,$534.11,2026-05-07,1821.87
8844,Jorge Morales,BOCINA,,34,"$1,165.78",31/01/2024,1000.04
377,Carlos Ramirez, Camara,Norte,44,616.39,Octubre 6 2025,1223.94
9959,Ricardo Vargas, Monitor,Centro,-8,"$1,021.02",2026-06-11,2053.22
206,Daniela Cruz,TECLADO,Norte,59,$858.16,2024-10-18,821.1
6308,Carlos Ramirez,Monitor,OCCIDENTE,50,"$1,199.56",09/01/2024,1669.26
2195,Camila Reyes,Teclado,occidente,30,1113.17,07-26-2025,1172.35
5473,Sofia Torres,Teclado,Centro,60,319.71,2024-04-21,1620.61
9984,Ana Garcia,Tablet,Occidente,28,"$1,085.47",04/01/2025,1453.46
7840,Ricardo Vargas,Camara,Centro,41,1310.97,Mayo 19 2024,1564.51
8887,Pedro Aguilar,Monitor,Norte,49,974.32,,1528.02
2179,Paola Rios,Bocina,Norte,33,756.16,07/04/2026,1352.6
6033,Diego Romero,Impresora,,16,"$-1,768.66",2025-11-09,1504.79
3702,Miguel Flores,Monitor,norte,15,1161.61,18/09/2025,2200.21
7439,Camila Reyes,MOUSE,Norte,24,"$1,040.99",2025-12-07,1284.67
6514,Fernanda Castro,Tablet,Centro,43,$922.02,32/13/2026,849.95
3529,Miguel Flores,Tablet,Norte,desconocida,sin dato,2025-08-13,1146.23
419,Ana Garcia,Mouse,CENTRO,49,830.53,30/05/2025,1568.34
284,Ricardo Vargas,Escritorio,centro,39,590.96,2024-08-06,1142.48
3551,Daniela Cruz,Escritorio,Sur,55,1126.53,02-24-2026,1325.98
4075,Miguel Flores, Teclado,,26,"$1,450.24",08/02/2026,1309.3
872,Ana Garcia,Mouse,Centro ,34,$897.06,Mayo 23 2024,1154.26
2146,Jorge Morales,Escritorio,Norte,29,$528.78,Enero 13 2026,1244.65
8191,Miguel Flores,Tablet, Norte,31,$710.78,Abril 24 2026,836.54
355,Andres Ortiz,BOCINA,Occidente,41,1007.00,,1713.92
8852,Luis Hernandez,Mouse,Occidente,50,761.85,2025-11-30,1449.86
8763,Paola Rios,Impresora,SUR,26,$856.30,05/10/2024,1438.41
2363,Diego Romero,Camara,occidente,15,634.84,Noviembre 27 2024,1769.56
7991,Camila Reyes,Laptop,sur,22,$50.00,2025-06-14,1155.44
9524,Diego Romero,Mouse,sur,48,sin dato,24/02/2026,1682.98
8405,Valeria Mendoza,Silla,Norte,6,"$1,363.32",2025-12-19,1208.23
7862,Carlos Ramirez,Monitor,Centro,47,1232.16,07/03/2025,1020.73
5262,Fernanda Castro,Teclado,Centro,49,sin dato,02-14-2024,1066.97
5756,Carlos Ramirez,Laptop, Centro,29,$407.49,Enero 12 2025,878.04
1141,Jorge Morales, Camara,OCCIDENTE,29,$283.14,2024-01-01,855.05
5693,Jorge Morales,Monitor,Centro,31,453.98,2025-11-24,2036.14
7252,Camila Reyes,Camara,Occidente,43,775.09,Junio 17 2026,1347.68
5566,Ricardo Vargas,MOUSE,Centro,47,$288.67,11/03/2025,611.97
4313,Camila Reyes,Mouse,Norte ,51,608.22,Agosto 10 2025,1804.53
5698,Pedro Aguilar,MONITOR,norte,35,$594.26,Abril 14 2026,967.79
4187,Alejandro Diaz, Monitor,Centro,34,$689.81,20/06/2024,974.31
6544,Camila Reyes,Escritorio,Sur,33,832.49,Febrero 24 2026,1676.9
4555,Ana Garcia,Impresora,Norte,47,"$1,009.70",07-20-2025,1233.85
2024,Maria Lopez,Bocina,Sur,46,$645.60,03-12-2025,1204.3
1634,Jorge Morales,Silla,Centro,35,$503.41,2025-01-04,1482.22
1639,Maria Lopez,Tablet,Centro,49,"$1,119.20",,1005.17
779,Pedro Aguilar,Laptop,Centro,52,902.21,21/09/2024,1162.66
9142,Valeria Mendoza, Tablet,occidente,25,876.65,13/05/2026,1273.02
4522,Diego Romero,Escritorio,Norte,41,1093.75,07-08-2024,943.11
3736,Camila Reyes,IMPRESORA,occidente,44,378.01,29/01/2024,1527.98
376,Ana Garcia, Mouse,Occidente,54,365.90,02/04/2026,1165.89
2423,Paola Rios,MONITOR,Sur,43,$976.83,01-26-2026,1780.55
4980,Daniela Cruz,Bocina,Norte,29,"$1,115.84",Junio 6 2025,1333.98
5697,Laura Sanchez,Camara,Occidente ,45,"$1,139.55",06/05/2026,1029.85
4788,Jorge Morales,Laptop,Occidente,36,$442.14,01-03-2024,1385.89
7198,Daniela Cruz,Tablet,CENTRO,34,1266.59,05/02/2024,1526.47
9109,Isabel Guzman,Teclado,Norte,24,384.29,06/05/2025,1377.52
6020,Pedro Aguilar,IMPRESORA,Centro,29,846.40,08/05/2025,2114.5
6860,Miguel Flores,Monitor,?,26,1418.86,01/10/2025,1158.05
4723,Diego Romero,Tablet,Centro,39,$829.85,2024-01-11,1765.65
7043,Pedro Aguilar,Mouse, Norte,47,245.51,2025-03-18,1430.37
7386,Paola Rios,Monitor,sur,28,1080.81,09-27-2025,1052.04
8300,Miguel Flores,Camara,NORTE,49,sin dato,Octubre 18 2025,1517.13
4414,Ana Garcia,TABLET,Sur ,34,"$1,271.02",10/04/2025,314.35
3347,Alejandro Diaz,Monitor,Occidente,42,999.55,10/05/2026,1645.67
1169,Sofia Torres, Laptop, Centro,51,"$1,016.64",Julio 12 2025,1638.42
8705,Miguel Flores, Tablet,sur,,956.06,05-21-2024,1989.71
1903,Maria Lopez,Tablet,NORTE,38,"$1,064.02",Agosto 20 2024,1550.42
631,Ana Garcia,Escritorio,SUR,33,749.92,24/01/2025,1421.97
4605,Camila Reyes,Laptop,Centro,40,915.10,25/10/2025,1462.79
4330,Maria Lopez,Impresora,Occidente,27,1250.14,Octubre 19 2025,1477.04
9828,Sofia Torres,IMPRESORA,Occidente,,$956.20,Diciembre 6 2024,1809.93
3209,Andres Ortiz,Camara,Norte,-7,$-906.68,2025-08-07,1636.09
2595,Carlos Ramirez,Camara, Norte,29,"$1,292.15",2025-10-23,943.24
177,Pedro Aguilar,Escritorio,NORTE,60,$640.07,08/10/2025,1350.6
3631,Ricardo Vargas,Impresora,Norte,45,$582.63,Noviembre 26 2024,1085.16
3898,Sofia Torres,Bocina,Centro,33,744.23,2024-08-25,1109.96
3499,Ricardo Vargas,Monitor,Norte,,$720.49,2024-12-30,1054.85
8724,Sofia Torres,MOUSE,Sur ,49,$585.40,07-02-2025,1267.18
2101,Jorge Morales,Teclado,norte,42,"$1,167.09",04-10-2026,1041.23
9999,Miguel Flores,Escritorio, Centro,47,846.16,Diciembre 20 2025,1613.42
4851,Fernanda Castro,Impresora,occidente,29,"$-1,173.88",26/03/2026,1297.3
4888,Paola Rios, Impresora,Centro,40,820.58,24/01/2026,1254.04
3787,Jorge Morales,Impresora,Norte,-1,598.34,22/12/2024,1883.85
3934,Miguel Flores,Silla,SUR,48,974.11,Diciembre 9 2025,1312.41
1551,Daniela Cruz, Bocina,NORTE,30,"$1,115.75",32/13/2026,1435.97
9421,Laura Sanchez,Impresora,Centro ,26,"$1,160.70",,1658.39
9343,Maria Lopez,Teclado,occidente,43,sin dato,Mayo 18 2024,873.49
126,Andres Ortiz,Impresora,Centro,51,$-852.28,2026-02-04,1715.31
8532,Alejandro Diaz,Teclado,Norte,32,767.05,Octubre 25 2024,1606.26
3782,Ricardo Vargas,Escritorio,occidente,163,160.52,06/02/2024,1047.32
8863,Isabel Guzman, Escritorio,Sur,47,941.50,Febrero 6 2025,1267.58
3367,Maria Lopez,Laptop,Norte,35,$826.44,Marzo 6 2025,1565.32
2544,Pedro Aguilar,Escritorio,norte,12,1162.17,Enero 12 2025,1416.55
1600,Andres Ortiz,Escritorio,sur,60,1130.67,Marzo 31 2026,98000.0
1503,Fernanda Castro,MONITOR, Sur,-4,1043.48,32/13/2026,1086.39
213,Luis Hernandez,Monitor,Centro,16,$647.82,04/11/2025,832.94
8789,Pedro Aguilar,Mouse, Sur,53,$348.92,09/10/2025,1326.95
2015,Ricardo Vargas,Escritorio,centro,32,1123.13,2025-08-30,1467.54
3206,Jose Martinez,Tablet, Occidente,19,956.62,20/03/2025,1445.94
7281,Camila Reyes,Silla, Occidente,48,1132.87,Agosto 15 2025,1172.48
9738,Carlos Ramirez,Monitor,Norte,53,$755.41,18/09/2025,1756.92
2440,Luis Hernandez,Teclado,Occidente,44,$251.03,08-16-2025,1185.23
7245,Fernanda Castro,Teclado,NORTE,56,$906.85,Octubre 4 2024,1186.57
8565,Ricardo Vargas,Camara,Norte,48,"$1,225.66",Noviembre 14 2024,1570.45
9569,Valeria Mendoza,MONITOR,Sur,22,$853.41,2024-08-08,1018.47
1417,Jose Martinez,Tablet,Occidente,30,882.91,2024-11-18,1481.79
5261,Camila Reyes,Silla,OCCIDENTE,51,955.58,2025-02-20,1887.77
8185,Pedro Aguilar,Mouse,CENTRO,23,$463.16,2025-12-03,1354.36
8739,Camila Reyes,Bocina,norte,27,$891.55,15/11/2025,1282.71
7704,Luis Hernandez,Tablet,norte,48,"$1,241.01",07-09-2024,1174.46
9152,Miguel Flores,Escritorio,Occidente,30,$842.13,04/03/2024,1610.18
5265,Laura Sanchez,Bocina,centro,42,1487.41,15/09/2025,1770.74
1416,Jorge Morales,Impresora,Sur,52,952.14,Abril 19 2026,1508.42
5004,Andres Ortiz,Escritorio,Sur,40,$657.40,,1384.97
4332,Laura Sanchez,Teclado,Sur,15,$550.08,2026-04-14,1099.76
7156,Andres Ortiz, Impresora,centro,62,251.82,01-09-2025,1400.16
4397,Carlos Ramirez,Tablet,OCCIDENTE,37,955.83,2025-02-25,1399.62
2741,Jorge Morales,Camara,Sur,33,1068.71,2025-12-08,1644.96
8205,Daniela Cruz,Monitor, Sur,29,$965.44,15/07/2024,1732.11
9427,Maria Lopez,Impresora,Norte,53,446.65,Abril 19 2025,1408.72
5926,Miguel Flores,Escritorio,Occidente,34,$721.44,03-07-2024,689.25
4531,Laura Sanchez,Tablet,Sur,22,$532.91,2024-04-15,1293.19
1830,Jose Martinez,Teclado,Occidente,32,861.19,05-22-2024,1815.18
9831,Laura Sanchez,Silla,Occidente,29,$728.00,05-01-2026,942.22
4581,Jorge Morales,Teclado,occidente,48,"$1,063.39",07-24-2024,2335.07
6609,Carlos Ramirez,Tablet,?,32,798.44,Mayo 13 2024,2064.92
8666,Valeria Mendoza,Monitor,Centro,51,sin dato,Agosto 24 2024,861.32
9951,Isabel Guzman,Monitor,Sur,44,$238.27,27/01/2024,1554.47
4959,Luis Hernandez,Mouse,sur,74,1458.06,32/13/2026,1204.3
8831,Alejandro Diaz,Tablet,Sur,16,$759.31,03-07-2024,1241.52
5237,Miguel Flores,Bocina,Sur,30,$948.92,Mayo 8 2025,1555.95
873,Isabel Guzman,Monitor,Centro,39,682.55,Febrero 14 2025,1145.43
936,Diego Romero,Escritorio,Occidente,41,"$1,005.76",2025-02-06,1303.75
6455,Laura Sanchez,Teclado,Sur,40,$599.20,29/09/2025,1375.7
7690,Maria Lopez,Silla,Occidente,36,1117.89,2025-08-18,1066.65
2264,Sofia Torres,Teclado,Sur,26,$817.73,09-13-2025,2036.01
2746,Maria Lopez,Tablet,Occidente ,36,"$1,042.20",22/03/2026,1428.73
8979,Diego Romero,Silla,Centro ,53,sin dato,2025-03-30,1284.94
1934,Miguel Flores,Tablet,CENTRO,41,$800.57,2024-01-01,1180.72
7874,Jose Martinez,Impresora,sur,39,$570.49,,978.33
7868,Sofia Torres,Teclado,Norte,52,979.90,2026-03-11,1282.21
6475,Paola Rios,Laptop,SUR,17,841.94,,1304.93
7401,Laura Sanchez,Camara,Centro,40,$496.17,32/13/2026,1932.93
8465,Maria Lopez,Silla,sur,39,931.25,02/03/2024,1207.07
929,Jose Martinez,Teclado,NORTE,36,"$1,016.28",2026-05-05,891.5
8626,Andres Ortiz,Tablet,Sur ,52,"$1,156.83",08-07-2025,1387.27
6010,Isabel Guzman, Escritorio,Centro,22,$896.65,12-25-2024,1514.65
3863,Ana Garcia,Bocina,norte,31,"$-1,223.08",2026-03-05,1689.3
4378,Valeria Mendoza,Tablet,Norte,19,$863.00,Diciembre 28 2025,1067.41
9484,Camila Reyes,Mouse,NORTE,37,593.10,Junio 18 2026,1237.4
3002,Fernanda Castro,Impresora, Sur,44,$268.56,,1500.91
5870,Jose Martinez,Silla,Centro,44,$535.54,2024-09-05,1140.1
5946,Ana Garcia,Monitor,norte,18,812.36,32/13/2026,1119.06
9396,Luis Hernandez,Teclado,Sur,37,"$1,219.69",27/10/2025,1881.54
8165,Camila Reyes, Bocina,OCCIDENTE,52,$738.59,Febrero 4 2025,719.25
1579,Camila Reyes,Monitor,?,21,702.43,Junio 7 2025,1126.79
4436,Jose Martinez,Bocina,Centro,66,"$1,175.21",01-11-2026,1216.65
2510,Isabel Guzman,Monitor,Centro,48,$97.48,2025-11-07,1561.82
898,Ricardo Vargas,Silla,Norte,59,1044.26,2024-07-16,1669.14
3798,Pedro Aguilar,Tablet,Occidente ,48,461.64,10-02-2024,1404.65
3957,Maria Lopez,Mouse,sur,35,$851.44,2026-04-27,1230.17
4492,Jorge Morales,Mouse,OCCIDENTE,47,"$1,462.41",Junio 20 2025,1660.35
4275,Jose Martinez,Escritorio,Sur,48,626.44,2024-05-05,1120.9
9003,Daniela Cruz,IMPRESORA,SUR,desconocida,1318.37,32/13/2026,662.5
439,Camila Reyes,Mouse,Norte,42,"$1,586.80",2025-01-11,1823.01
3019,Alejandro Diaz,Tablet,sur,47,$309.08,2026-06-18,1302.88
5164,Ricardo Vargas,Camara,norte,35,sin dato,Mayo 13 2025,1087.5
803,Camila Reyes,Mouse, Occidente,39,$741.57,2026-05-02,1291.8
1919,Carlos Ramirez,MONITOR,Sur,30,899.40,2024-02-12,1109.65
9791,Sofia Torres,Escritorio,Centro,45,1481.93,12-30-2025,1352.56
5253,Andres Ortiz,Laptop,Norte,38,1253.38,11-17-2025,1651.8
7902,Laura Sanchez,CAMARA,Sur,52,$912.00,2025-06-14,1356.5
207,Luis Hernandez,Tablet,Centro,53,564.67,2024-07-09,2126.59
3100,Maria Lopez,Tablet,Norte,29,$361.44,Junio 17 2024,931.32
4548,Valeria Mendoza,Mouse,Sur,50,sin dato,19/05/2024,928.36
9447,Sofia Torres,Silla,Norte,28,$894.69,Julio 28 2024,1394.57
2988,Carlos Ramirez,Escritorio,Centro,45,673.50,03/11/2024,2151.06
70,Andres Ortiz,Silla,Centro,43,777.86,09/02/2026,1089.56
2386,Isabel Guzman,TECLADO,Centro,42,$643.28,10-16-2025,1055.21
9426,Carlos Ramirez,Monitor,CENTRO,29,727.83,Mayo 24 2026,1001.7
8118,Isabel Guzman,Camara, Norte,25,$324.43,2024-06-22,1904.2
993,Laura Sanchez,Impresora,norte,37,857.66,2026-05-16,1968.16
3320,Laura Sanchez,IMPRESORA,norte,37,718.49,2025-02-18,1544.69
3374,Valeria Mendoza, Laptop,Occidente,28,625.48,Septiembre 30 2025,822.22
6100,Andres Ortiz,Bocina,Norte,31,799.25,13/12/2025,1195.24
3665,Paola Rios,Teclado,Centro,31,$578.38,01-17-2026,2252.49
9352,Jose Martinez, Silla,centro,26,920.20,28/01/2024,1348.11
6716,Valeria Mendoza,Impresora,Norte,23,835.19,Mayo 9 2026,1316.51
2167,Daniela Cruz,Escritorio,SUR,33,"$1,028.29",19/03/2025,1495.75
9242,Alejandro Diaz,Laptop,Sur,8,$495.62,2024-11-05,1342.34
5358,Camila Reyes,Escritorio,NORTE,35,1184.11,Febrero 15 2024,1238.33
5316,Miguel Flores,Bocina,Centro,28,"$1,382.97",01/01/2024,1281.28
8071,Pedro Aguilar,Monitor,Occidente ,,$900.26,Noviembre 10 2025,1314.16
4031,Jorge Morales,Bocina,Norte,47,$692.69,Marzo 18 2024,1452.82
859,Paola Rios,Escritorio,Occidente,41,$446.13,10-05-2025,736.45
466,Alejandro Diaz,Laptop, Norte,48,571.77,2024-03-05,1724.39
3925,Alejandro Diaz,Mouse,Sur,38,$978.07,10-10-2025,2000.24
6134,Maria Lopez,Laptop,Sur,31,$634.02,2025-12-28,1232.48
297,Jose Martinez,Tablet,sur,21,$366.74,2024-12-14,1421.9
5694,Isabel Guzman,Camara,Sur,31,418.37,Diciembre 8 2024,1160.47
9366,Daniela Cruz,Teclado,occidente,36,814.76,04-20-2026,1487.28
1359,Pedro Aguilar,Bocina, Occidente,47,841.16,12-17-2024,1800.23
8469,Daniela Cruz,Escritorio,Occidente,41,$767.23,01-02-2024,901.42
6265,Paola Rios,Laptop,Norte,39,$818.68,04/10/2025,1144.16
9511,Miguel Flores,Teclado,NORTE,48,1020.69,07-25-2024,1222.51
7341,Miguel Flores,Camara,sin informacion,40,$798.23,2026-05-01,1727.43
3449,Paola Rios,Laptop,Occidente,49,$895.81,09-03-2024,1549.59
7651,Valeria Mendoza,Monitor,NORTE,46,1331.50,24/02/2024,1864.57
4676,Andres Ortiz,Impresora,Occidente,36,$746.70,27/10/2025,1033.89
8004,Laura Sanchez,Impresora,Centro,38,871.97,2026-02-15,1567.38
6338,Pedro Aguilar,Monitor, Sur,35,sin dato,25/11/2025,1864.93
2571,Daniela Cruz,BOCINA,occidente,36,"$1,099.62",02-28-2025,958.1
3903,Ana Garcia,Tablet,NORTE,70,sin dato,2025-04-15,2201.26
2544,Pedro Aguilar,Escritorio,norte,12,1162.17,Enero 12 2025,1448.1
7535,Jorge Morales,Silla,Centro,35,1171.77,2025-09-29,1351.17
2091,Maria Lopez,Escritorio,Sur,37,331.97,2024-04-24,1622.37
9264,Camila Reyes,Tablet,occidente,25,"$1,034.01",2025-02-16,1669.21
9933,Laura Sanchez,LAPTOP,Centro,12,"$1,028.78",Marzo 18 2024,1633.17
8426,Valeria Mendoza,Impresora,Sur,23,668.20,2025-03-03,1636.42
1256,Maria Lopez,Bocina, Occidente,,$588.47,2024-11-02,1185.59
2155,Diego Romero,Mouse,Norte,50,$755.14,09/06/2024,812.16
1288,Valeria Mendoza,Laptop,Norte,30,$645.56,15/02/2024,1004.09
2873,Ricardo Vargas,Laptop,Norte,55,$942.39,Marzo 3 2025,1428.32
8359,Camila Reyes,Impresora,sur,41,788.60,01/02/2024,1243.11
6417,Jorge Morales,Camara,Norte,52,$308.85,2024-07-02,1314.53
6398,Camila Reyes,Tablet, Sur,32,1336.42,2024-06-17,1537.39
1519,Fernanda Castro, Laptop,Norte,36,$613.94,07/02/2024,1226.75
2184,Fernanda Castro,Impresora,Occidente,66,"$1,510.19",01-11-2024,1182.77
3026,Isabel Guzman,Teclado,centro,32,$623.39,Abril 18 2026,1466.24
5119,Andres Ortiz, Tablet,centro,44,$247.40,2024-03-28,1470.1
9832,Pedro Aguilar, Camara,Norte,39,1249.93,26/12/2024,2214.55
6762,Camila Reyes,Camara,Occidente,33,"$1,092.56",26/08/2024,1618.18
5909,Carlos Ramirez,Laptop,Norte ,47,"$1,091.48",02-19-2026,1222.82
9516,Luis Hernandez,Tablet,centro,28,"$1,123.62",02-10-2026,1139.91
8314,Jose Martinez,Teclado,Norte,52,$255.59,04-19-2026,1359.94
9105,Camila Reyes, Camara,Sur,50,513.12,22/04/2026,1559.64
8816,Paola Rios, Impresora, Norte,25,1110.88,10-06-2025,1040.52
4036,Isabel Guzman,Impresora,Centro,24,"$1,339.11",Junio 2 2024,1280.68
7822,Luis Hernandez,Mouse,norte,23,$996.11,Septiembre 1 2024,1312.61
8270,Paola Rios,Mouse,occidente,48,884.03,23/09/2025,1550.67
2803,Andres Ortiz,Camara,sur,33,$800.85,2025-08-13,2051.09
9896,Diego Romero,Camara,Norte,31,598.79,Abril 28 2026,1846.88
3896,Diego Romero,Monitor, Occidente,57,1257.94,02-20-2024,1275.25
7581,Sofia Torres,Camara,Centro ,30,$758.63,2025-07-12,1083.55
837,Jorge Morales,Bocina,CENTRO,26,$825.47,2024-05-12,1811.33
5867,Ricardo Vargas,Mouse,centro,53,939.97,Mayo 1 2025,1732.29
7166,Isabel Guzman,Mouse,Occidente,35,$864.92,11-04-2024,924.56
7192,Sofia Torres,Impresora,Sur ,50,$886.37,09/03/2024,374.68
7116,Jorge Morales,LAPTOP,Occidente,40,199.45,2024-08-04,1337.66
5476,Daniela Cruz,Impresora,Occidente,36,$345.70,09/08/2024,1589.56
546,Daniela Cruz,Escritorio,Norte,22,1139.40,2025-04-22,868.81
4612,Fernanda Castro,Mouse,Norte,36,$954.13,2024-11-27,1342.18
2410,Alejandro Diaz, Escritorio,Centro,48,966.87,03-20-2024,2152.01
3210,Miguel Flores,Silla,Sur,42,734.88,Agosto 2 2024,1082.07
6830,Laura Sanchez,Silla,Occidente,52,838.56,01-20-2025,1069.33
8722,Maria Lopez,Impresora,norte,32,$441.64,Agosto 14 2024,1602.76
430,Diego Romero,MOUSE,Norte,237,924.62,22/05/2024,1152.58
4900,Camila Reyes, Teclado,Centro ,38,$343.21,01-21-2024,1127.29
9727,Miguel Flores,Camara,Sur,-9,1062.56,26/04/2026,1088.97
9077,Miguel Flores,Bocina,centro,298,$949.14,,908.65
6476,Jorge Morales,Monitor,Centro,57,$626.43,11/11/2025,1488.26
1980,Carlos Ramirez,Bocina,Occidente,34,$786.86,30/01/2026,1152.76
8658,Camila Reyes,Impresora,OCCIDENTE,31,sin dato,Octubre 3 2025,1581.86
5314,Sofia Torres,Camara,Occidente,43,1054.17,,1559.16
2217,Miguel Flores,Monitor,Sur ,40,$805.90,Julio 30 2024,955.8
269,Luis Hernandez, Mouse,?,39,884.58,06-22-2024,1420.58
3932,Jose Martinez,Mouse,Norte,45,1106.40,08/02/2024,1160.33
9927,Carlos Ramirez,Monitor,Centro,31,891.48,2024-08-29,1585.25
18,Diego Romero,Silla,Centro,35,1051.07,Marzo 22 2024,1913.56
6718,Sofia Torres,Teclado,occidente,52,$566.63,2024-10-04,1345.92
1152,Ana Garcia,SILLA,Occidente,47,350.23,Octubre 18 2025,1420.86
7099,Paola Rios,Teclado,Norte,27,579.62,20/04/2026,1553.83
4875,Camila Reyes,LAPTOP,centro,52,$829.52,2024-03-18,669.38
8318,Jorge Morales,Monitor,Sur,31,sin dato,2024-04-21,1286.2
6372,Carlos Ramirez,Bocina,Sur ,29,1489.33,Enero 12 2026,1333.09
253,Jose Martinez,Mouse,Centro,36,1098.89,08-22-2024,1623.17
4740,Diego Romero,Impresora,Norte,66,583.61,2024-01-02,1234.3
1505,Laura Sanchez,Silla, Norte,38,$236.38,05/06/2024,1981.48
3470,Jorge Morales,Impresora,OCCIDENTE,43,$691.15,09-27-2024,1284.5
4193,Jose Martinez,Teclado,Centro ,44,781.59,Mayo 31 2024,970.19
6122,Carlos Ramirez,Teclado,Occidente,36,733.05,2026-02-28,1636.29
8629,Carlos Ramirez, Silla,Occidente,45,"$1,188.72",04-24-2025,667.82
6367,Daniela Cruz,Camara,Centro ,31,856.95,2024-08-26,1338.93
7863,Fernanda Castro,Mouse,Centro,22,"$1,180.78",04-01-2026,1166.69
5299,Ricardo Vargas,Escritorio,sur,44,384.03,21/09/2025,1782.87
3536,Miguel Flores,Monitor,norte,13,$732.03,01-27-2024,1371.17
2161,Isabel Guzman, Bocina,Sur,27,734.56,2026-03-26,1834.37
8769,Jose Martinez,Escritorio,Occidente,32,$602.52,05-14-2026,1878.33
6146,Diego Romero,Laptop,Centro,44,sin dato,Enero 8 2024,1455.06
5608,Ana Garcia, Laptop,Occidente,50,597.04,15/12/2024,904.23
7155,Paola Rios,SILLA,Occidente,43,"$1,361.45",16/01/2026,1394.53
6824,Fernanda Castro,Teclado,Centro,38,1087.62,Enero 10 2026,1426.03
9964,Miguel Flores,MOUSE,Occidente,44,817.02,22/08/2024,1258.61
1553,Pedro Aguilar,Silla,Occidente ,27,$477.86,2025-10-30,1415.21
77,Fernanda Castro,Tablet,norte,33,"$1,030.23",01-18-2025,1689.45
9785,Fernanda Castro,Escritorio,OCCIDENTE,,$760.17,25/06/2024,1494.29
4985,Andres Ortiz,Mouse,Centro,42,826.81,2024-02-12,1418.39
9619,Daniela Cruz,Tablet,Sur,38,$495.39,05/06/2026,1273.62
8679,Ricardo Vargas,Escritorio,Norte,47,$746.87,02/08/2024,1353.38
6837,Alejandro Diaz,Silla,Norte,42,$753.51,2026-03-28,913.64
6680,Valeria Mendoza,Monitor,Occidente,30,1047.63,2025-02-24,1372.01
3093,Sofia Torres,Silla,centro,37,"$1,319.77",2025-04-11,1707.02
3958,Paola Rios,ESCRITORIO,Occidente,47,1001.95,2025-09-02,1237.25
9395,Maria Lopez,MONITOR,Occidente,38,sin dato,26/12/2025,1142.05
9963,Sofia Torres,TABLET,Occidente,32,"$1,306.91",Septiembre 24 2024,860.74
5486,Laura Sanchez,Laptop,occidente,28,664.76,Junio 7 2026,952.15
3500,Miguel Flores,Camara,CENTRO,-3,821.10,2025-06-24,737.01
1080,Jorge Morales, Camara,Centro,52,577.30,05/11/2024,1607.09
7275,Miguel Flores,TABLET,Centro,34,628.05,08/04/2026,1735.91
3915,Miguel Flores, Teclado,OCCIDENTE,44,$709.57,07-24-2025,1222.09
4944,Ana Garcia,Silla,Occidente,30,1578.24,01/06/2025,961.76
7953,Isabel Guzman,Camara,Occidente,16,837.71,22/07/2025,1091.09
6673,Jose Martinez,Tablet,Occidente,43,$628.26,2024-01-17,1867.41
9706,Andres Ortiz,Bocina,sur,44,$642.67,Marzo 20 2026,1835.53
561,Alejandro Diaz,Laptop,NORTE,26,1124.94,2024-12-22,1866.09
9962,Fernanda Castro,Silla,Centro,23,$979.39,20/05/2025,1417.05
9195,Fernanda Castro,Mouse,Centro,45,$532.84,13/07/2025,1503.63
1482,Miguel Flores, Tablet,centro,27,$627.01,01-16-2026,1027.21
3514,Jorge Morales,Camara,OCCIDENTE,51,$-777.64,02-28-2024,1300.53
4118,Laura Sanchez,Bocina,Centro,21,935.54,Julio 18 2024,1742.57
4539,Isabel Guzman,Bocina,Sur,,sin dato,Abril 20 2025,842.36
2123,Camila Reyes,Teclado,SUR,21,902.14,13/02/2026,741.13
7080,Miguel Flores,Monitor,Centro,25,759.30,01-27-2024,871.01
8958,Fernanda Castro,Teclado,Sur,20,562.14,2024-11-22,1127.67
6768,Paola Rios,IMPRESORA,SUR,45,1216.11,2024-09-27,734.49
7326,Pedro Aguilar, Silla,Occidente ,28,1016.44,Noviembre 14 2024,1012.72
9210,Sofia Torres,BOCINA,Sur,42,454.27,Julio 21 2024,1287.5
8684,Alejandro Diaz,Impresora,Centro,38,$976.64,18/01/2026,1305.02
5549,Fernanda Castro, Escritorio, Norte,32,685.29,2026-05-15,663.89
908,Andres Ortiz,Camara,Norte ,36,$381.91,Enero 25 2024,1832.87
1977,Camila Reyes,MONITOR,Sur,40,$811.36,Febrero 10 2024,1223.95
3825,Daniela Cruz, Escritorio,Occidente,44,736.34,2024-04-22,1522.42
4331,Ana Garcia,Silla,NORTE,7,691.47,07/02/2026,1947.93
2198,Pedro Aguilar, Tablet,Norte,48,"$1,119.06",Noviembre 3 2024,1075.39
3968,Sofia Torres,Monitor,SUR,28,$644.95,09/06/2025,1513.56
2229,Valeria Mendoza,Mouse,sur,61,752.64,09-25-2024,1571.7
4181,Maria Lopez,Tablet,Centro,47,$917.69,Abril 26 2025,1078.67
8795,Alejandro Diaz,Camara,CENTRO,,761.24,2024-08-06,1491.06
6423,Daniela Cruz, Camara,?,34,1040.72,22/11/2024,1516.45
9075,Carlos Ramirez,Silla,norte,5,$665.80,19/06/2025,2268.68
7150,Andres Ortiz,Mouse,Centro,35,471.07,2025-04-24,978.89
3280,Jose Martinez,Bocina,norte,53,$996.52,2024-03-23,767.28
9038,Luis Hernandez,LAPTOP,NORTE,43,472.78,Octubre 8 2024,1126.1
8121,Camila Reyes,SILLA,Norte,24,988.00,Enero 22 2026,1510.96
9917,Camila Reyes,Camara,,25,$353.60,Septiembre 4 2024,1302.1
6727,Valeria Mendoza,CAMARA,Norte,36,1090.41,21/07/2024,1794.86
3860,Carlos Ramirez,Tablet,OCCIDENTE,45,"$1,128.63",09/02/2024,1502.91
9576,Sofia Torres,Laptop,Centro,42,$772.83,05/06/2025,1180.03
9894,Isabel Guzman,LAPTOP,Norte,52,1133.42,Noviembre 29 2024,1391.89
1046,Carlos Ramirez,Monitor,Centro ,19,1185.66,05-24-2026,796.02
7070,Ana Garcia,BOCINA,Occidente,47,sin dato,03-11-2025,1094.57
3559,Laura Sanchez,Escritorio, Sur,31,634.04,03/02/2026,1270.16
1636,Daniela Cruz,Laptop,Occidente,40,827.52,02-20-2025,1837.25
2062,Paola Rios,Escritorio,Norte,53,"$1,168.34",02-21-2025,1819.72
6649,Paola Rios,Monitor,NORTE,31,1306.43,Febrero 8 2026,1105.87
4154,Andres Ortiz,Escritorio,Occidente,19,$889.71,Septiembre 26 2024,1552.64
3761,Ricardo Vargas,Impresora,Occidente,54,1400.68,2025-07-02,1804.87
4086,Pedro Aguilar,LAPTOP,Centro,50,$618.39,08-18-2025,1236.41
2193,Daniela Cruz,Monitor,centro,13,$447.11,04-07-2024,2267.06
1473,Pedro Aguilar,Escritorio,NORTE,65,$564.51,Marzo 7 2025,1913.02
9102,Miguel Flores,Mouse,Norte,45,698.98,Abril 21 2024,1338.07
1204,Diego Romero,BOCINA,Centro,21,$783.28,2024-08-19,994.17
1455,Jose Martinez,Monitor,Sur,46,549.12,2024-04-23,1876.79
647,Isabel Guzman,Impresora,Norte,38,$877.92,11/03/2026,1254.34
1749,Pedro Aguilar, Camara,N/A,26,$434.49,2025-08-04,1790.42
7411,Ana Garcia,Tablet,Sur,27,$378.52,04/03/2025,1221.61
6883,Fernanda Castro,Teclado,SUR,28,837.75,2026-01-05,1322.92
6822,Ana Garcia,Tablet,,38,$549.03,07-30-2024,1882.59
5665,Miguel Flores, Camara,Centro,50,$988.00,05-17-2025,1290.22
3076,Valeria Mendoza,Impresora, Centro,26,"$1,041.61",Febrero 22 2025,1659.99
4562,Carlos Ramirez,Camara,Sur,41,sin dato,01-22-2025,1726.72
3072,Pedro Aguilar,Tablet,Sur,27,$934.05,08/04/2025,1990.75
5686,Ricardo Vargas,LAPTOP,sin informacion,44,$349.33,01-12-2024,931.88
3603,Daniela Cruz,Silla,Occidente,33,1432.94,Marzo 29 2025,1870.78
5105,Isabel Guzman,Mouse,centro,50,818.58,Mayo 23 2025,1745.15
9092,Isabel Guzman,Mouse,,41,"$1,351.31",05-28-2025,1736.99
1580,Sofia Torres,Bocina,OCCIDENTE,37,660.82,09/08/2025,1199.44
1305,Isabel Guzman,Mouse,Sur,51,981.07,26/05/2024,1892.92
5592,Ana Garcia,Mouse,Occidente,50,$819.72,06-02-2024,802.91
5392,Valeria Mendoza,Teclado,Norte,49,$383.80,2025-03-07,1752.44
347,Luis Hernandez,Camara,Occidente,40,786.50,2026-01-16,1765.25
4599,Luis Hernandez,Monitor,Sur,18,981.44,Enero 1 2024,1938.93
5329,Isabel Guzman,Impresora,Occidente,54,$722.63,2024-02-05,797.18
1644,Luis Hernandez,Escritorio,Occidente,39,$879.19,Junio 12 2026,1702.4
2991,Ana Garcia,Impresora,Occidente,35,652.51,05-12-2025,860.87
834,Camila Reyes,TABLET, Sur,18,"$1,618.84",Enero 2 2026,1475.83
5135,Ana Garcia, Camara,Centro,31,"$1,653.20",13/11/2024,1382.08
6237,Jorge Morales,Laptop, Occidente,55,1020.17,,1611.04
6708,Ricardo Vargas,Monitor,Norte,39,828.77,2024-07-15,2046.4
9681,Sofia Torres,TABLET,Centro,23,1043.99,2024-03-27,1409.98
1165,Maria Lopez,Camara,NORTE,30,1192.27,2024-06-15,1376.05
7225,Daniela Cruz,Tablet,norte,53,$804.62,2024-01-21,1162.99
8847,Alejandro Diaz,Teclado,Centro ,20,687.20,07/07/2025,1411.16
3596,Isabel Guzman,Mouse,Sur,35,1003.38,,1206.73
1293,Jose Martinez,Silla,Occidente,34,"$-1,083.52",2024-08-27,1593.08
5522,Laura Sanchez, Camara,Sur,40,600.05,03-15-2026,1108.65
4639,Ana Garcia,Camara,OCCIDENTE,51,$-766.97,2026-04-05,1627.25
1492,Sofia Torres, Escritorio,norte,38,901.94,Enero 5 2025,1171.29
7740,Daniela Cruz,Impresora,Centro,11,sin dato,07/01/2024,1306.77
9266,Diego Romero,BOCINA,Sur,45,853.33,20/05/2025,703.34
8843,Daniela Cruz,Impresora,Sur,40,$862.47,06/04/2026,1362.29
8172,Carlos Ramirez,Impresora,N/A,49,"$1,104.44",07/12/2025,1247.41
3051,Isabel Guzman,Monitor,?,54,1220.84,2025-10-19,1337.36
9272,Miguel Flores,Impresora,Centro,31,$561.02,32/13/2026,895.06
8341,Laura Sanchez,Bocina,NORTE,desconocida,"$1,071.61",09-23-2025,1129.23
4662,Jose Martinez,Monitor,Sur,71,1352.10,Mayo 7 2025,1708.67
264,Ricardo Vargas,Laptop,Norte,57,642.55,21/04/2024,1245.09
9760,Ana Garcia, Laptop,Sur,31,$300.86,05-04-2024,1306.94
5421,Valeria Mendoza,Mouse,Sur,29,$420.39,2025-02-02,1854.92
382,Jose Martinez,Bocina,Norte,55,$986.70,18/01/2026,1221.39
4500,Andres Ortiz,Tablet,Centro,73,$613.36,03/06/2024,2261.24
614,Miguel Flores, Escritorio,Centro,36,sin dato,2024-06-29,1743.49
4135,Daniela Cruz,Monitor,,43,684.36,2024-05-28,125000.0
216,Andres Ortiz,Monitor,Sur,37,"$1,189.14",Febrero 18 2024,1278.88
8700,Daniela Cruz,MONITOR,Centro,53,$963.56,2026-04-08,1103.59
9669,Daniela Cruz,Monitor,Occidente,29,$325.38,16/08/2025,1525.79
5199,Andres Ortiz,BOCINA, Occidente,28,$550.69,,1717.42
6075,Alejandro Diaz, Laptop,sur,61,$854.25,Diciembre 9 2024,1264.9
2836,Sofia Torres,Teclado,centro,39,1025.59,04-28-2024,1529.2
3427,Valeria Mendoza,TECLADO, Norte,40,1153.37,11-11-2024,1608.19
2866,Diego Romero, Escritorio,Sur,41,"$1,274.79",,1359.67
3387,Camila Reyes, Escritorio,sur,37,"$1,192.23",10-18-2024,1518.9
1113,Alejandro Diaz,Laptop,Occidente,34,1033.88,2026-02-12,1695.69
8957,Camila Reyes,MONITOR,Centro ,26,$535.46,10/02/2025,948.97
7012,Valeria Mendoza,Monitor,Sur,29,139.03,Diciembre 6 2024,1720.17
3404,Valeria Mendoza,Silla,Norte,35,$851.12,2026-02-06,1830.85
9241,Ana Garcia,SILLA,Centro,168,$-950.42,2024-11-30,1465.15
8257,Carlos Ramirez,Escritorio,Sur,42,925.56,02-11-2024,1456.17
1694,Ricardo Vargas,Impresora,Norte,40,$268.71,Julio 28 2024,1329.38
5714,Laura Sanchez,MOUSE, Norte,44,466.02,26/11/2024,1590.04
9934,Carlos Ramirez, Tablet,norte,37,$621.70,08-14-2024,1327.94
6284,Luis Hernandez,Monitor,sur,17,628.88,29/11/2024,2319.66
3056,Diego Romero, Mouse,Norte,54,1232.81,07-08-2024,2291.34
33,Paola Rios,Silla,Sur,45,"$-1,148.79",Junio 9 2026,1456.14
5902,Andres Ortiz,Mouse,Centro,51,$-283.57,09/04/2026,1223.11
115,Daniela Cruz,Tablet,Sur,40,1061.94,31/05/2026,1388.07
4812,Laura Sanchez,Impresora,CENTRO,28,$781.09,2025-06-10,1746.78
1028,Valeria Mendoza,Bocina,Occidente,47,811.75,Marzo 16 2024,788.85
6385,Carlos Ramirez,Monitor,Sur,42,994.40,2026-03-19,1972.14
4917,Carlos Ramirez,Monitor,N/A,35,$582.06,28/04/2026,848.8
9903,Daniela Cruz,Silla, Sur,40,1009.58,03/03/2024,949.32
9057,Alejandro Diaz,Mouse,sin informacion,42,425.16,Marzo 23 2025,1340.39
3272,Maria Lopez,Tablet,Occidente,28,486.12,19/11/2025,1019.91
587,Jorge Morales, Mouse,centro,55,852.55,10/01/2024,1176.65
1348,Alejandro Diaz, Impresora,occidente,22,sin dato,08-28-2025,1726.64
8981,Fernanda Castro,Escritorio,Occidente,49,$461.35,Febrero 20 2026,1546.64
1099,Luis Hernandez,Silla,Sur,53,$756.09,2024-11-29,1335.7
5460,Fernanda Castro,Camara,Centro,40,$764.27,Mayo 18 2024,1849.63
394,Ana Garcia,Teclado,Centro,33,766.17,Enero 6 2024,1185.84
8653,Luis Hernandez,Monitor,Occidente,56,$422.67,17/02/2026,76000.0
8612,Fernanda Castro,MONITOR,,18,$897.10,Noviembre 29 2025,1304.18
725,Diego Romero,Teclado,norte,42,1168.83,Junio 16 2026,1586.13
7613,Carlos Ramirez,Impresora,sur,28,961.94,03-06-2025,1547.5
2446,Miguel Flores,Monitor,SUR,45,1174.67,2024-06-30,1031.13
5948,Jorge Morales,Teclado,Occidente,44,720.33,Noviembre 19 2024,1937.6
3478,Luis Hernandez, Impresora,NORTE,43,998.15,Noviembre 19 2024,1808.21
7321,Laura Sanchez,MOUSE,Norte,31,884.55,32/13/2026,1780.1
5619,Maria Lopez,Laptop,Sur,39,$996.52,2025-10-30,1524.32
2329,Luis Hernandez,Impresora,Occidente,49,"$1,025.49",2026-04-18,1553.39
4314,Alejandro Diaz,Tablet,Centro,48,$604.97,01-29-2025,1365.65
305,Andres Ortiz,Impresora,Norte,6,666.71,2025-07-23,2159.19
1710,Pedro Aguilar,Teclado,Occidente,37,$960.86,2024-09-21,1230.24
984,Carlos Ramirez,Laptop,Centro ,20,510.63,14/04/2024,880.94
4286,Andres Ortiz, Mouse,Occidente,28,161.21,32/13/2026,1276.45
9744,Andres Ortiz,Tablet,,34,"$1,151.80",05-15-2026,1580.18
9432,Paola Rios,Silla,Sur,41,"$1,127.56",06/06/2024,1384.71
5718,Luis Hernandez,Escritorio,Centro,46,465.46,2025-08-16,1561.67
554,Luis Hernandez,Escritorio,Centro,26,554.46,06-09-2025,1656.09
544,Jose Martinez,Tablet,Norte,62,425.65,2025-11-09,1283.95
8602,Jorge Morales,Mouse,Norte,24,$506.90,2025-07-19,1450.61
3308,Isabel Guzman,Silla,Norte,38,864.16,06/01/2025,1318.12
1409,Pedro Aguilar,BOCINA,OCCIDENTE,45,"$1,175.62",2025-09-15,1674.51
5477,Ana Garcia,TECLADO,Norte,37,693.64,2025-06-28,1602.06
8067,Alejandro Diaz,Silla,Occidente ,39,sin dato,Abril 9 2024,1125.71
7273,Jose Martinez,Monitor,Occidente,20,sin dato,05/04/2026,1070.81
1254,Camila Reyes,Laptop,Centro ,51,668.96,2025-11-06,1389.79
4787,Carlos Ramirez,Teclado,CENTRO,46,$668.94,09-14-2024,1383.7
7854,Sofia Torres,Monitor,,30,$557.51,Noviembre 4 2024,1578.24
4946,Diego Romero,Laptop,Norte,60,853.34,Abril 2 2026,1937.71
999,Luis Hernandez, Laptop,sur,44,619.08,04-13-2024,1895.44
3129,Pedro Aguilar,LAPTOP,Centro,18,$774.65,,1395.62
2788,Andres Ortiz,Mouse,Sur,62,$635.37,Enero 18 2026,1268.59
8544,Laura Sanchez,Mouse,norte,59,638.58,04-29-2024,1291.98
8644,Laura Sanchez,Camara,Occidente,65,sin dato,09/08/2024,1331.17
4501,Daniela Cruz, Escritorio,Sur,30,1313.26,01-18-2024,1711.17
5880,Ricardo Vargas,Escritorio,Sur,23,$830.24,10-29-2024,793.95
667,Alejandro Diaz,Teclado,Centro,43,$384.66,05/04/2024,1541.55
8266,Daniela Cruz,Camara,Centro,35,1026.88,32/13/2026,1761.23
2680,Andres Ortiz,Mouse,Norte,54,$293.28,Diciembre 23 2024,1620.66
1414,Ricardo Vargas, Escritorio,centro,42,"$1,058.63",Febrero 15 2025,1543.94
1136,Fernanda Castro,Tablet,Norte ,36,916.23,Agosto 28 2025,1624.62
529,Camila Reyes,Camara,Centro,57,$-746.97,16/09/2024,1792.98
9106,Paola Rios,Laptop,Norte,29,703.87,2025-08-10,1230.89
9673,Isabel Guzman,Silla,Occidente,22,281.23,2026-06-16,1289.91
9225,Maria Lopez,BOCINA,sur,39,$912.00,Abril 20 2025,1850.66
4444,Miguel Flores,Mouse,centro,22,844.14,Enero 1 2025,1101.17
2061,Diego Romero,Escritorio,Norte,52,$848.21,32/13/2026,1184.81
486,Jorge Morales,IMPRESORA, Occidente,54,$575.08,2024-02-16,1459.21
3592,Camila Reyes,Silla,Centro,49,737.66,02-21-2024,1527.57
9417,Isabel Guzman, Silla,occidente,20,$-303.20,02-21-2025,1451.19
3852,Ana Garcia,Laptop,Sur ,40,$803.43,,1111.84
7412,Ricardo Vargas,Camara,Occidente,44,915.30,Mayo 1 2024,1165.45
7732,Carlos Ramirez,Silla,NORTE,55,"$1,341.34",2025-11-13,1252.19
3858,Alejandro Diaz,Impresora,Norte,29,499.22,Marzo 21 2026,1232.5
712,Jose Martinez,Monitor,Norte,26,913.89,Abril 18 2024,2215.01
9581,Andres Ortiz,MONITOR,Sur,31,"$1,094.43",Mayo 17 2026,1426.1
862,Valeria Mendoza,Tablet,occidente,50,956.15,11-11-2025,1114.15
6779,Daniela Cruz,Silla,norte,25,$631.90,Enero 17 2026,740.5
2782,Diego Romero,Camara,OCCIDENTE,,sin dato,01-06-2024,1578.76
4200,Ana Garcia, Bocina,Occidente,27,$954.43,Abril 26 2026,753.07
3864,Laura Sanchez,Laptop,Sur,50,746.72,Julio 12 2025,1396.17
2918,Pedro Aguilar,Escritorio, Occidente,42,$650.81,02-26-2024,1646.11
9449,Sofia Torres,Escritorio,Centro,41,$947.64,32/13/2026,1266.44
9351,Andres Ortiz,Monitor,Norte ,-6,"$-1,156.87",Mayo 2 2024,1692.37
8437,Jose Martinez,Camara,Occidente,35,50.00,09-17-2025,1017.01
1549,Jorge Morales,Laptop,NORTE,40,1334.83,30/12/2025,1350.09
6299,Valeria Mendoza, Teclado,Occidente,26,507.04,2024-06-02,1263.88
1598,Valeria Mendoza,Mouse,Centro,31,796.35,2025-07-09,1281.25
7143,Camila Reyes,Silla,norte,40,$881.38,2026-04-20,1349.28
9467,Miguel Flores,Camara,Occidente,,$971.95,13/04/2024,1285.73
4255,Jose Martinez,Monitor,Sur,36,$863.10,2024-12-06,1474.91
7893,Carlos Ramirez, Teclado,Centro ,33,459.16,2024-09-03,1120.93
1468,Luis Hernandez,Monitor,?,22,$901.95,02-05-2024,1742.77
338,Sofia Torres,Tablet,Centro,46,"$1,228.48",Febrero 20 2026,2106.87
3289,Pedro Aguilar,Silla,Occidente,35,1436.71,15/06/2024,1452.69
7390,Luis Hernandez,SILLA,Centro,50,1060.97,07-20-2024,1429.72
5574,Carlos Ramirez,Mouse,occidente,46,223.96,Agosto 7 2024,1850.79
7117,Jose Martinez, Camara,Sur ,35,802.27,16/04/2024,870.66
7566,Jose Martinez,LAPTOP,Sur,34,1189.21,Febrero 15 2026,1087.67
8200,Alejandro Diaz,Monitor,Occidente,36,sin dato,11/06/2024,1684.86
1526,Carlos Ramirez,Camara,Sur,30,$518.74,08-17-2025,1295.14
8294,Andres Ortiz,TECLADO, Norte,30,760.28,09/06/2026,1684.26
8482,Jorge Morales,Escritorio,centro,55,708.22,2026-06-15,992.21
1124,Ana Garcia,Impresora,Sur,36,$534.15,Enero 8 2025,1600.63
7402,Sofia Torres,Mouse,sur,37,$725.84,19/08/2024,1404.2
9751,Jose Martinez,TABLET,sur,38,"$1,248.13",Enero 26 2026,1219.67
227,Daniela Cruz,CAMARA,norte,48,962.55,Julio 24 2025,969.68
6477,Andres Ortiz,Laptop,Norte,52,978.39,06/02/2024,1753.49
1029,Ricardo Vargas,Silla,Occidente,40,"$1,022.12",2024-03-12,1595.35
3670,Diego Romero,Escritorio,Sur,51,714.33,21/03/2024,1423.54
3904,Maria Lopez,Silla,Sur,50,$659.81,18/01/2026,1438.18
2418,Miguel Flores,Teclado,Sur,46,1139.23,2025-11-21,1651.23
9646,Daniela Cruz,Silla,CENTRO,40,924.50,Enero 7 2024,1734.2
556,Valeria Mendoza,Escritorio,Norte,53,sin dato,2026-06-09,1409.73
2138,Fernanda Castro,Silla, Sur,47,$-898.43,29/03/2024,1187.65
9411,Pedro Aguilar,Camara,Norte ,8,$980.32,Julio 11 2024,2008.3
7031,Diego Romero,Tablet,Norte,38,$712.64,2025-12-30,1283.65
1341,Ricardo Vargas,Silla,centro,40,$166.12,2024-09-28,1792.43
7202,Miguel Flores,Mouse,Sur,35,971.54,03-02-2025,1055.33
8252,Paola Rios, Impresora,SUR,40,616.82,Septiembre 22 2024,1445.04
8923,Diego Romero, Camara,Norte,,$428.38,,696.75
7017,Fernanda Castro,Monitor,Norte,42,1024.26,07-30-2025,1084.39
3687,Maria Lopez,Camara,Sur ,28,605.53,Noviembre 2 2024,1020.99
8943,Ana Garcia,Silla,Norte,60,$685.45,Agosto 19 2024,1682.9
2880,Jose Martinez, Laptop,,39,758.75,Junio 7 2026,1397.47
6442,Camila Reyes,Camara,Norte,27,1088.41,2026-01-22,1200.73
9695,Valeria Mendoza,Laptop,Sur,67,1064.33,2024-11-21,768.42
8484,Laura Sanchez,Mouse,Centro,32,$782.53,12-21-2024,1614.01
9108,Andres Ortiz,Camara,centro,-8,1292.43,16/04/2025,845.8
708,Paola Rios, Tablet,Occidente,44,$985.85,Febrero 23 2025,1435.34
9457,Ricardo Vargas,Teclado,centro,,545.90,Julio 24 2024,1547.89
9954,Pedro Aguilar,Escritorio,SUR,43,1357.95,12-29-2024,1443.56
490,Maria Lopez,BOCINA,Occidente,34,809.46,20/09/2025,1410.46
3729,Alejandro Diaz,Escritorio,Occidente,36,390.16,Septiembre 30 2024,1524.82
4416,Jorge Morales,Laptop,Norte ,20,$652.76,Enero 1 2024,1399.6
3659,Alejandro Diaz,Mouse,Norte,50,"$1,229.64",22/06/2024,1654.84
292,Isabel Guzman,Silla,Norte,38,$712.30,32/13/2026,1870.26
8695,Carlos Ramirez, Laptop,Occidente,39,490.63,02/02/2026,1240.19
3833,Laura Sanchez,Laptop,,23,997.74,02-16-2025,838.42
1172,Camila Reyes,Silla,Sur,9,1155.96,04/12/2024,1426.94
3277,Ricardo Vargas,Laptop,occidente,42,873.28,Mayo 20 2025,1574.43
5552,Valeria Mendoza, Monitor, Sur,15,297.68,2024-05-31,1682.25
9779,Alejandro Diaz,Camara,centro,14,$984.87,10/06/2026,1276.59
2777,Jose Martinez,Bocina,OCCIDENTE,33,970.35,Enero 29 2025,912.36
1303,Laura Sanchez,Tablet,Centro,45,712.06,2024-03-17,825.5
1656,Laura Sanchez,Impresora,?,39,$923.24,Febrero 17 2025,1829.14
5507,Valeria Mendoza,Laptop,centro,43,$385.05,Febrero 9 2025,1207.34
2677,Pedro Aguilar,Silla,centro,26,1451.76,29/05/2024,1522.06
8642,Isabel Guzman,Camara,Sur,23,sin dato,Enero 27 2024,886.02
22,Sofia Torres,Escritorio,Occidente,desconocida,"$1,127.90",2025-03-10,610.25
4423,Ricardo Vargas,Mouse,Centro,21,sin dato,05-02-2025,1908.94
7824,Luis Hernandez,Silla,Norte,52,1048.03,02-13-2025,1559.2
477,Jose Martinez,Silla,Norte,54,$798.28,Abril 30 2025,1048.52
8324,Carlos Ramirez,Tablet,Occidente,18,696.82,06/04/2026,1791.86
9292,Luis Hernandez,Teclado,Centro,36,$876.05,2025-02-01,1729.87
1841,Pedro Aguilar,Mouse,centro,25,1903.53,Enero 8 2024,646.74
2513,Paola Rios,Tablet,?,24,$999.78,Septiembre 22 2025,1544.45
2066,Andres Ortiz,Silla, Centro,51,1046.00,19/12/2025,1181.51
104,Ricardo Vargas,Laptop,centro,43,"$1,088.05",16/01/2026,1320.03
8467,Daniela Cruz,Teclado,Centro,22,sin dato,Marzo 18 2025,1951.88
9392,Carlos Ramirez,Tablet,Centro,51,1498.62,21/02/2026,1203.02
4632,Paola Rios,Laptop,occidente,39,612.73,Abril 19 2026,1535.95
9979,Laura Sanchez,Tablet,Centro,40,472.14,Abril 27 2025,1554.55
4635,Ricardo Vargas,Monitor, Sur,49,832.02,24/03/2025,1665.96
524,Diego Romero,Silla,centro,,$732.26,28/01/2026,1700.03
5089,Diego Romero,Impresora, Centro,42,$215.04,Mayo 20 2024,1434.86
6348,Diego Romero,Silla,centro,37,"$1,172.31",2024-12-14,1721.07
5927,Maria Lopez,Camara,sur,49,$308.02,03-04-2024,1113.43
5703,Maria Lopez,SILLA,Norte,40,1590.25,25/02/2025,1786.62
9146,Ricardo Vargas,Bocina,NORTE,43,1560.46,2025-08-19,1382.46
4827,Alejandro Diaz,Silla,centro,52,$924.00,04-10-2024,1219.92
67,Luis Hernandez,LAPTOP,Sur,26,$973.30,2024-08-07,1229.26
8303,Alejandro Diaz,ESCRITORIO,,37,$673.05,2024-01-19,1869.54
9001,Ana Garcia,ESCRITORIO,Norte,34,$661.30,Noviembre 12 2024,1093.26
3046,Alejandro Diaz,Escritorio,Centro,33,"$1,126.97",2025-07-12,1239.51
4336,Diego Romero,Tablet,Centro,21,1124.87,13/12/2024,1267.53
3900,Ricardo Vargas,Impresora,Sur,55,$874.14,Abril 9 2025,1558.22
6397,Miguel Flores,Tablet,Occidente,61,$-553.15,2025-05-15,2006.17
6245,Jorge Morales,Teclado,Occidente,32,846.61,16/01/2025,1261.78
1940,Andres Ortiz,Laptop,Occidente,16,802.33,Noviembre 10 2024,1587.7
2667,Miguel Flores,Monitor,Sur,24,"$1,455.77",26/09/2025,1440.22
1397,Paola Rios,ESCRITORIO,Norte,57,"$1,069.93",Enero 3 2025,1465.8
2869,Valeria Mendoza,Impresora,sur,23,481.21,23/11/2025,1356.99
752,Pedro Aguilar,Impresora,Occidente,43,"$1,187.93",06/06/2026,809.01
8885,Luis Hernandez,Impresora,norte,,1062.93,05/09/2024,1200.09
9043,Ana Garcia,Camara,Norte,37,$700.31,18/06/2026,1227.05
4585,Fernanda Castro,Silla, Sur,46,864.20,,1426.61
4066,Ana Garcia, Tablet,norte,26,654.25,03/04/2024,1564.72
7796,Camila Reyes,Camara,norte,35,994.98,2024-08-12,1706.59
5113,Sofia Torres,Laptop,Centro ,14,839.67,Abril 28 2024,1175.87
2107,Sofia Torres, Silla,Centro ,27,"$-1,098.17",08/07/2025,925.72
2234,Luis Hernandez,BOCINA,Occidente,50,$622.81,18/06/2024,1133.23
8559,Diego Romero,SILLA,Centro,39,$810.91,2026-02-15,1586.22
9975,Laura Sanchez,Teclado,Occidente,28,929.46,2024-01-03,1342.59
9998,Miguel Flores,IMPRESORA,centro,35,$242.25,,1724.47
6352,Laura Sanchez,Impresora,Sur,41,$650.13,Junio 10 2025,1819.79
6416,Camila Reyes,Impresora,Occidente,60,1075.73,Febrero 22 2026,853.92
2004,Alejandro Diaz, Monitor,CENTRO,78,$910.29,2024-03-10,772.42
6347,Pedro Aguilar,Silla,Norte,27,$668.70,32/13/2026,1914.95
8657,Andres Ortiz, Silla,Centro,38,388.20,06-08-2024,1913.59
3556,Sofia Torres,Camara,Centro ,30,639.82,Septiembre 3 2025,1587.41
703,Paola Rios,Tablet,Norte ,37,$984.80,24/01/2026,1933.58
9214,Isabel Guzman,LAPTOP,occidente,52,$517.18,13/07/2024,1388.83
5821,Ana Garcia,Escritorio,Norte,52,820.16,01/04/2025,2432.31
11,Carlos Ramirez,Impresora,Occidente,41,sin dato,2025-12-05,1916.49
8511,Ricardo Vargas,Silla,Sur ,53,1016.50,,1223.7
2201,Daniela Cruz,Mouse,Sur,58,672.20,Enero 20 2026,1167.1
2098,Camila Reyes, Camara,Occidente,30,1238.53,Octubre 24 2024,1083.27
5075,Maria Lopez,Escritorio,occidente,42,546.40,Mayo 3 2024,1821.42
2273,Jorge Morales,Monitor,Centro,52,666.24,Junio 21 2024,1204.92
8703,Paola Rios, Camara,NORTE,27,1396.57,Octubre 30 2025,1594.85
775,Maria Lopez,Teclado,Norte,37,1124.22,2026-06-17,2064.05
760,Isabel Guzman, Silla,Centro,33,"$1,067.27",32/13/2026,1805.56
7176,Daniela Cruz,Teclado,OCCIDENTE,33,sin dato,Febrero 28 2024,1833.31
5708,Carlos Ramirez,Silla,Occidente,45,$632.37,2025-04-19,1094.11
5033,Ana Garcia,Bocina,norte,21,$958.66,02-20-2025,1678.1
6317,Pedro Aguilar,Laptop,Centro,29,869.39,2025-12-04,683.32
8495,Isabel Guzman,Tablet,,desconocida,$812.73,2025-04-20,1312.47
6172,Pedro Aguilar,Tablet,Sur,24,$668.20,04/09/2024,701.06
2966,Laura Sanchez,Mouse,Occidente,33,1518.07,11-09-2024,1248.77
4207,Daniela Cruz,Bocina,NORTE,57,1024.73,Marzo 19 2024,1153.07
1607,Miguel Flores,Impresora,Centro,,$480.83,Enero 12 2025,1029.66
4948,Sofia Torres,Tablet,Occidente,30,$999.48,08-10-2024,1327.34
9302,Luis Hernandez,BOCINA,Occidente,39,sin dato,2025-09-06,1427.26
7089,Maria Lopez,LAPTOP,norte,37,912.94,Agosto 4 2024,1762.95
491,Ricardo Vargas,Monitor,Centro ,41,$593.20,02-11-2026,1009.1
1191,Miguel Flores,TABLET,centro,38,$603.52,12/02/2024,1533.37
4003,Isabel Guzman,Teclado,Occidente,17,653.47,10-21-2024,1454.69
1090,Diego Romero, Silla, Centro,,"$1,021.89",20/04/2024,1363.0
7424,Sofia Torres,MOUSE,OCCIDENTE,36,$858.71,02-07-2024,1386.89
4243,Ana Garcia,Teclado,Centro ,26,474.12,02-19-2025,1456.9
1480,Maria Lopez, Monitor,norte,49,1273.27,2025-03-27,1489.93
5896,Paola Rios,Monitor,Occidente,18,$799.58,Julio 3 2025,1371.79
3202,Diego Romero,Escritorio,Sur,12,$411.82,22/04/2024,2128.07
6164,Daniela Cruz,Impresora,SUR,,$568.95,2024-06-21,1649.96
6003,Sofia Torres,Bocina,Norte,34,661.68,25/05/2024,1007.41
9662,Maria Lopez,Impresora,Sur ,26,960.01,01-02-2024,1798.83
7144,Ricardo Vargas,Teclado,Occidente,37,"$1,179.06",05/03/2025,1105.21
5395,Jose Martinez,Impresora,Centro,38,"$1,252.60",2025-08-10,1182.0
2073,Carlos Ramirez,BOCINA,Centro,48,"$1,230.74",Enero 22 2025,1639.63
6840,Luis Hernandez,Monitor,Occidente,23,"$1,153.62",09-15-2025,1677.25
5663,Miguel Flores,Monitor,Sur,46,$-999.27,08-30-2025,1010.18
72,Laura Sanchez,Camara,Sur,40,$836.93,14/03/2024,1930.59
8977,Sofia Torres,Laptop,,39,710.77,Enero 21 2026,1362.22
6705,Laura Sanchez,Laptop,Occidente,15,"$1,232.57",19/04/2024,958.55
6127,Ricardo Vargas,Bocina,Sur,31,914.49,Agosto 20 2024,1531.29
5239,Valeria Mendoza,Monitor,Occidente,14,1125.36,05-23-2024,76000.0
1853,Laura Sanchez,Mouse,Sur,49,$587.28,Febrero 1 2025,1353.35
2728,Pedro Aguilar,Escritorio,Centro,39,956.33,10-08-2025,1490.88
6039,Miguel Flores,Bocina,Sur,34,"$-1,234.97",2024-01-10,1682.63
6511,Miguel Flores,Laptop,CENTRO,44,356.79,Noviembre 6 2025,1678.85
8161,Diego Romero,Camara,Norte,36,"$1,087.17",Mayo 26 2024,1018.57
7184,Fernanda Castro,Tablet,NORTE,21,573.69,2025-07-08,1023.24
4281,Jose Martinez,Silla,Occidente,60,813.64,Marzo 8 2026,1621.9
3849,Ricardo Vargas,Laptop,Centro,40,761.14,2025-02-07,1160.31
7110,Camila Reyes,Tablet,Centro,31,$662.68,03/09/2024,1298.36
825,Camila Reyes,Laptop,Sur,48,983.66,05-27-2025,1110.13
387,Sofia Torres,Bocina,Sur,32,$950.78,23/12/2025,931.31
5816,Camila Reyes,Silla,Occidente ,27,$469.40,13/01/2026,1644.9
348,Jose Martinez,Escritorio,Sur,26,"$1,137.28",2026-03-24,884.76
3673,Diego Romero,Tablet,sur,51,$707.85,Febrero 8 2026,1376.37
6153,Ricardo Vargas,SILLA,Occidente,55,sin dato,21/02/2025,1159.11
2808,Camila Reyes,Tablet, Sur,29,1107.25,04-18-2025,1651.86
7518,Jose Martinez,TECLADO,occidente,34,780.08,05-14-2025,1852.27
6866,Daniela Cruz,Tablet,Occidente ,13,"$1,064.46",Marzo 11 2025,900.46
9021,Paola Rios,Teclado,Norte,20,475.62,Diciembre 5 2024,1688.6
8940,Camila Reyes, Bocina,Norte,49,$983.37,02-14-2026,1683.76
469,Maria Lopez,Monitor,norte,30,"$1,172.24",Enero 17 2026,998.68
7638,Jorge Morales,Laptop,Occidente ,60,sin dato,08-03-2024,2339.14
1419,Paola Rios,Monitor,Sur,26,872.87,07-23-2025,1358.53
8637,Ricardo Vargas,IMPRESORA,Occidente,43,$351.86,15/04/2026,1745.48
4633,Ricardo Vargas,Impresora,Centro,24,951.75,Mayo 4 2024,975.89
4846,Miguel Flores,Monitor,Centro,57,$853.56,2024-10-08,1698.63
9066,Daniela Cruz,Teclado,Norte,52,"$1,418.93",2025-02-04,1011.32
342,Jorge Morales, Camara,Norte,31,$534.66,Enero 11 2025,1087.97
8232,Jose Martinez,Silla,NORTE,25,569.22,2024-05-28,1985.03
1300,Pedro Aguilar,Tablet,Centro,56,$973.67,Noviembre 25 2024,1725.29
9171,Camila Reyes,Laptop,Sur,60,sin dato,05-09-2026,1075.75
6092,Ana Garcia,Impresora,Occidente,38,1343.50,2024-06-08,1422.21
2228,Paola Rios,Teclado,occidente,38,259.15,2025-03-08,1843.93
1620,Isabel Guzman,Monitor,Occidente,58,969.93,Abril 15 2024,1724.69
5083,Ana Garcia, Silla,Occidente,25,"$1,146.41",2024-07-20,1501.09
8263,Diego Romero,Tablet,OCCIDENTE,51,$941.57,32/13/2026,1451.68
2491,Maria Lopez,Escritorio,Centro,70,$733.78,Febrero 24 2024,1401.46
8547,Ricardo Vargas,Monitor,,40,$967.53,2025-02-27,1190.59
3176,Carlos Ramirez,Teclado,Centro,29,$857.58,10-25-2024,1480.13
7892,Valeria Mendoza,Mouse,sur,44,"$1,350.33",Noviembre 24 2024,973.35
4618,Maria Lopez,Mouse,?,50,$816.05,Enero 27 2024,1715.07
1928,Carlos Ramirez, Escritorio,Occidente,-9,"$1,058.27",25/03/2025,1842.22
1912,Jose Martinez,Escritorio,sur,23,$295.60,27/10/2025,1294.44
720,Andres Ortiz, Mouse,Centro,33,$563.68,09/11/2024,1549.77
2834,Sofia Torres,Laptop,CENTRO,20,1463.90,2024-08-11,1133.41
5180,Alejandro Diaz, Silla, Sur,21,871.07,04-22-2026,1344.63
8130,Jorge Morales,MONITOR,Occidente,42,941.08,21/01/2024,1373.66
6862,Laura Sanchez,Tablet,occidente,37,$784.52,2025-04-23,1365.77
4013,Daniela Cruz,BOCINA,OCCIDENTE,43,$327.11,13/05/2025,1157.16
7403,Diego Romero,Laptop,Sur,56,551.25,05-10-2025,922.56
3181,Daniela Cruz,Impresora,Centro,67,$737.97,2026-04-28,1253.36
8353,Diego Romero, Mouse,Norte,desconocida,"$1,120.55",2024-03-04,1951.66
1654,Laura Sanchez,TABLET,Centro,32,"$-1,567.03",Abril 25 2026,1065.88
750,Laura Sanchez,Silla,Sur,10,"$1,128.22",10-11-2025,1563.73
689,Valeria Mendoza,CAMARA,Occidente,39,1078.83,06-05-2026,1329.04
9046,Valeria Mendoza,Mouse,Occidente,41,1104.43,27/01/2024,1550.05
2862,Pedro Aguilar,CAMARA,Occidente,32,$-689.19,08/10/2024,2083.08
9361,Laura Sanchez, Tablet,occidente,44,$644.53,09/01/2026,1380.9
7113,Laura Sanchez,Tablet,Occidente,58,936.17,17/02/2026,1460.86
3373,Isabel Guzman,Tablet,Norte,,854.49,Junio 7 2026,1161.18
7620,Jose Martinez,TECLADO,Centro,35,1372.59,2024-05-18,76000.0
7851,Fernanda Castro,Escritorio,Sur,37,$899.41,Abril 2 2026,1488.0
3097,Miguel Flores,Impresora,Sur ,-1,1281.52,2024-06-26,1972.5
1559,Andres Ortiz,LAPTOP,Centro,46,$-827.50,Agosto 17 2025,1550.03
1082,Isabel Guzman,Escritorio,Norte,36,342.72,2024-07-28,1419.77
5017,Carlos Ramirez,Monitor,Centro,29,$921.61,Octubre 29 2024,683.01
3472,Daniela Cruz,Mouse,centro,33,$488.69,Marzo 1 2024,1455.7
9804,Sofia Torres,Silla,Centro,31,sin dato,09/04/2024,1310.64
1854,Valeria Mendoza,MOUSE,Centro,22,$893.77,04-21-2025,1221.97
4958,Camila Reyes,Bocina,Occidente,54,$759.44,10-17-2024,1450.08
5311,Diego Romero, Teclado,Centro,39,"$1,087.69",Septiembre 8 2024,1781.9
6879,Paola Rios,Tablet,Norte,41,$575.32,2024-10-14,1199.57
4945,Jose Martinez,Escritorio,sur,50,$910.54,2024-08-03,1383.32
6766,Pedro Aguilar,Laptop,Occidente,31,390.50,03-11-2024,1505.22
4272,Fernanda Castro,Teclado,Norte,41,773.54,2026-01-17,1147.16
7137,Jose Martinez,Laptop,Norte,22,728.92,Junio 20 2025,1373.99
9775,Diego Romero,IMPRESORA,Occidente,41,"$1,147.82",2026-03-28,1101.6
9502,Sofia Torres,Impresora,Centro,26,691.08,Septiembre 8 2025,1300.14
5613,Jose Martinez,Silla,Sur,,865.26,05/07/2025,1319.82
9686,Carlos Ramirez,Bocina,Centro,33,"$1,142.99",03-11-2025,971.66
8909,Ana Garcia,Teclado,Centro,38,1317.53,08-28-2024,1246.28
9750,Ana Garcia,Laptop,Occidente,27,$624.29,06-23-2025,905.49
37,Valeria Mendoza,Escritorio,norte,48,$-640.74,,955.02
5123,Maria Lopez,Silla,Sur,68,"$1,201.14",Marzo 27 2026,1505.81
2660,Carlos Ramirez,Escritorio,sur,33,$964.55,18/04/2024,1431.82
5464,Diego Romero,Bocina,Sur,31,$728.04,10-06-2025,1541.74
5391,Sofia Torres,Camara,Sur,51,"$1,209.51",06-03-2026,1067.01
2190,Sofia Torres,Mouse,Norte,39,154.90,14/09/2025,657.75
3990,Diego Romero,Laptop,Centro,41,704.83,2025-03-25,1161.89
1532,Diego Romero,Silla,Centro,42,1036.30,2025-07-10,1389.69
383,Pedro Aguilar, Tablet,SUR,34,$-386.05,Abril 8 2025,1458.69
2661,Ricardo Vargas,Tablet,Sur,33,$796.35,2025-12-23,1918.32
5484,Carlos Ramirez, Mouse,,26,$805.46,2024-02-08,1243.95
339,Maria Lopez,Escritorio,SUR,37,632.71,Octubre 7 2025,1921.08
6818,Pedro Aguilar,Teclado,Occidente,218,$822.32,02-14-2025,881.06
2348,Pedro Aguilar,LAPTOP,,18,728.71,2025-04-25,1146.27
8236,Maria Lopez,Mouse,norte,27,$684.96,Mayo 24 2024,1233.0
1252,Maria Lopez,Mouse,Occidente,45,1020.63,07-18-2024,1289.52
1893,Sofia Torres,Mouse,Sur,17,663.60,Septiembre 26 2025,1743.7
4053,Diego Romero, Escritorio,Occidente,40,"$1,201.53",2026-03-22,1719.71
3671,Camila Reyes,Escritorio,NORTE,31,$749.98,Febrero 16 2025,1530.94
569,Isabel Guzman,Mouse,Centro,45,$594.10,2025-08-09,1133.13
8567,Pedro Aguilar,Teclado,Occidente,40,"$-1,023.20",Enero 1 2024,1403.19
7741,Ricardo Vargas, Teclado, Sur,55,581.58,2024-05-19,1570.76
3454,Sofia Torres,Laptop,,31,"$1,011.07",08-29-2024,1623.16
8755,Diego Romero,Monitor,Sur,55,$631.10,06-24-2025,1461.08
9624,Camila Reyes,Escritorio,SUR,29,$831.55,22/06/2024,1854.38
437,Sofia Torres,Silla,Sur,41,$351.08,2024-05-31,1642.59
1560,Maria Lopez,ESCRITORIO,Sur,52,454.23,2025-02-22,1427.6
8675,Pedro Aguilar,Bocina,Centro,38,50.00,05-11-2025,1668.02
656,Pedro Aguilar,Teclado,Centro,35,"$1,140.92",Mayo 9 2026,1208.38
7458,Daniela Cruz,Laptop,Sur,53,1445.37,26/07/2024,1157.25
555,Andres Ortiz,LAPTOP,Occidente,56,$798.89,2025-09-13,1096.36
4877,Alejandro Diaz,MONITOR,Centro,19,$962.23,12-16-2024,1834.45
8221,Ricardo Vargas,Monitor,Norte,35,"$1,120.61",11-01-2024,1175.56
8898,Ricardo Vargas,Monitor,Norte,37,$623.37,Mayo 12 2026,961.48
2043,Miguel Flores,Silla,Norte,18,$474.74,08-02-2024,232.25
6629,Miguel Flores,Camara,Centro,40,604.39,Enero 25 2024,1381.36
9723,Isabel Guzman,Camara,Norte,46,$916.95,20/04/2026,1581.21
5294,Daniela Cruz,Silla,occidente,46,"$1,226.65",Enero 16 2024,1406.0
4389,Paola Rios,Silla,NORTE,50,556.85,Febrero 20 2024,1871.78
7595,Jose Martinez,Teclado,Norte,43,1196.88,12/11/2025,1307.43
8780,Carlos Ramirez,Escritorio, Occidente,21,$738.87,Marzo 17 2026,1216.74
2506,Paola Rios,Tablet,occidente,37,502.10,Octubre 4 2024,1571.54
6084,Diego Romero,Tablet,sin informacion,48,"$1,146.34",2024-10-23,923.77
4942,Carlos Ramirez,Laptop,Norte,59,738.51,,2025.0
603,Jose Martinez,Silla,occidente,28,817.94,2025-03-19,1409.85
6974,Paola Rios,Monitor,OCCIDENTE,49,471.86,Octubre 5 2024,1844.0
612,Daniela Cruz,Camara,Sur,47,827.79,09/10/2024,1022.57
8673,Paola Rios,Camara,N/A,47,$413.95,04-29-2025,1413.13
2358,Jorge Morales,Bocina,Centro,34,$757.10,2025-09-01,1526.08
4205,Maria Lopez,Silla, Occidente,-2,506.18,32/13/2026,2093.18
7336,Sofia Torres,Impresora,sur,59,$522.07,09-20-2025,1043.46
4327,Carlos Ramirez,Escritorio, Occidente,40,"$1,154.76",2024-07-28,1571.91
4040,Paola Rios,Teclado,sur,55,"$1,328.22",25/07/2024,2019.65
7114,Daniela Cruz,Teclado,Sur,36,$-825.26,11/07/2024,2275.08
2472,Ana Garcia,Mouse,Norte,46,sin dato,2025-11-21,1833.17
1734,Ana Garcia,Tablet,Sur,33,$418.33,2024-08-16,1290.97
9674,Camila Reyes,Tablet,norte,53,$632.51,02-05-2026,931.53
3651,Ana Garcia,Impresora,Norte,58,"$1,106.06",10-10-2025,2060.14
5399,Isabel Guzman,Escritorio,Centro,49,"$1,001.17",Marzo 10 2024,1227.76
4925,Ricardo Vargas, Mouse, Occidente,18,$431.91,04/09/2024,1786.8
152,Camila Reyes,Silla,Sur,27,"$1,620.20",2025-08-24,1633.72
9526,Miguel Flores,Camara,Sur,53,975.84,03-17-2025,1800.91
7547,Ana Garcia,Camara,Norte,35,634.31,2024-01-27,1651.61
4934,Andres Ortiz,Bocina,Occidente ,31,"$1,314.27",09/01/2024,1183.05
1720,Ana Garcia,Escritorio, Sur,51,704.60,Abril 28 2025,1545.52
5514,Andres Ortiz,Silla,Sur,37,659.59,Agosto 29 2024,1487.98
4266,Jorge Morales,Monitor, Centro,,"$1,557.00",Noviembre 17 2025,1247.52
5962,Andres Ortiz,Tablet,Centro,24,441.80,2026-01-10,813.15
6181,Ricardo Vargas,Monitor,Occidente,26,$905.27,2025-04-21,1879.64
2074,Ana Garcia,Tablet,Norte,40,944.50,01-21-2024,1085.29
783,Carlos Ramirez,Tablet, Sur,48,1114.41,09-08-2024,2043.37
4494,Pedro Aguilar,Mouse,occidente,9,950.43,05-08-2026,2030.97
3054,Miguel Flores,Silla,Sur,,546.00,32/13/2026,1971.69
167,Ana Garcia,Tablet,Sur,40,$929.66,,1195.1
3790,Carlos Ramirez,Escritorio,norte,54,$974.00,08-12-2024,956.19
7850,Ricardo Vargas,Monitor,Centro,,"$1,016.90",2026-05-08,1553.9
7074,Maria Lopez,TABLET,sur,41,1250.84,05/02/2026,1498.9
9930,Jorge Morales,Escritorio,Norte,29,691.47,01/02/2024,1546.81
3459,Alejandro Diaz,Camara,Sur,25,$-678.84,06/06/2025,1732.47
9416,Fernanda Castro,Tablet,sur,44,838.85,2025-09-29,1497.54
6106,Paola Rios,Monitor,Sur,58,"$1,020.58",2025-01-07,1151.58
5322,Sofia Torres,Tablet,Centro,49,$551.38,09-04-2025,1582.64
5893,Maria Lopez,Monitor,sur,49,$487.60,2025-02-26,1451.96
2490,Paola Rios,Monitor,Occidente,34,$924.62,Junio 3 2025,1132.65
5739,Andres Ortiz,Mouse,centro,14,303.78,07-27-2025,1376.57
9902,Camila Reyes,Impresora,occidente,28,742.75,12-14-2024,1114.81
143,Ana Garcia,Camara,centro,53,1362.44,Diciembre 22 2025,1897.65
5337,Daniela Cruz, Camara,CENTRO,46,$702.65,Julio 21 2025,1213.89
1987,Luis Hernandez,Mouse,occidente,55,sin dato,2025-09-30,1411.51
9769,Camila Reyes,Teclado,Centro,34,913.37,13/01/2024,1877.02
6549,Valeria Mendoza,Monitor,Centro,59,$-341.97,2025-07-16,1680.61
7780,Sofia Torres,Laptop,norte,31,$823.53,16/11/2024,1520.49
2500,Laura Sanchez,Tablet,Norte,36,312.32,10/09/2025,1366.89
9461,Jorge Morales,Bocina,Occidente,,"$1,132.58",01-03-2026,1669.84
4060,Carlos Ramirez,Mouse,norte,39,$612.44,2025-03-13,1458.12
3444,Laura Sanchez,Silla,Sur,38,1214.04,Septiembre 26 2025,1622.48
3982,Ana Garcia,Camara,Occidente,42,"$1,043.25",25/02/2024,1444.27
6558,Sofia Torres,Bocina,Occidente,28,$978.26,31/07/2025,1341.84
2694,Laura Sanchez,Bocina,Sur,37,831.18,2024-04-08,1580.63
6320,Miguel Flores,Tablet,Norte,37,549.27,2024-03-27,1337.75
4334,Ricardo Vargas,Monitor,norte,44,579.61,Julio 13 2025,1950.32
990,Andres Ortiz,Escritorio,Norte,19,637.34,08-21-2024,1024.94
3423,Fernanda Castro,Monitor,Occidente,47,"$1,219.24",,1508.17
9976,Fernanda Castro,Mouse, Centro,36,$310.99,Agosto 17 2024,1177.02
1759,Miguel Flores,Mouse,Centro,29,1149.99,,1157.66
2370,Isabel Guzman,Mouse,occidente,23,752.85,2025-10-29,1227.82
1022,Valeria Mendoza,Laptop,Sur,31,1344.39,18/12/2025,1381.91
9368,Maria Lopez,MOUSE,Occidente,41,654.01,,1589.75
7191,Sofia Torres,Monitor,centro,61,1851.74,12-08-2024,1799.2
867,Daniela Cruz,Silla,Occidente ,34,1265.48,Febrero 16 2026,1426.3
3021,Jose Martinez,Impresora,Occidente,41,$600.45,01-28-2026,1945.58
9790,Valeria Mendoza, Tablet,Norte,28,$424.35,2026-05-19,1498.59
9705,Daniela Cruz,Mouse, Centro,41,654.74,2026-02-09,1790.07
8031,Ricardo Vargas,IMPRESORA,Norte,203,$935.60,07-19-2025,1164.77
5416,Valeria Mendoza,Monitor,Centro,29,119.69,22/02/2024,1019.65
4388,Alejandro Diaz,Silla,Norte ,40,"$1,402.98",,1546.14
1698,Valeria Mendoza,Bocina,Occidente,17,"$1,089.61",29/10/2024,1684.96
9209,Paola Rios, Silla,Norte,48,1072.55,32/13/2026,1535.04
6314,Miguel Flores,Laptop,Occidente,-3,700.72,Marzo 7 2026,734.35
7057,Paola Rios,Escritorio,CENTRO,46,726.74,Junio 23 2025,1681.83
328,Maria Lopez,TECLADO,occidente,40,613.54,2026-01-07,1456.1
7763,Miguel Flores,IMPRESORA,?,47,$567.57,2026-01-12,1016.22
1446,Isabel Guzman,Teclado,Norte,36,931.75,07-02-2024,1434.78
5897,Daniela Cruz,Monitor,NORTE,29,$931.59,Noviembre 24 2025,1295.69
5679,Laura Sanchez,Impresora,Norte,33,618.61,11-25-2024,1393.4
804,Isabel Guzman, Camara,Norte,28,928.86,2025-09-29,1626.18
8693,Maria Lopez,Escritorio,,29,"$1,047.69",05-29-2026,727.75
3109,Fernanda Castro,Tablet,sur,17,1239.17,10-06-2025,1133.73
5323,Jorge Morales,Mouse,occidente,53,1083.27,01/02/2024,1847.98
5300,Ana Garcia, Silla,Centro ,45,1141.80,09-22-2025,1017.6
1805,Valeria Mendoza,Impresora,Sur,40,$878.81,01-27-2026,1144.32
6984,Jose Martinez,Teclado,Centro,43,$569.55,08-06-2024,1328.02
2904,Jose Martinez,Impresora,Norte ,34,$762.42,06-11-2024,1401.19
8744,Maria Lopez,Escritorio,CENTRO,39,924.20,32/13/2026,1540.63
8546,Miguel Flores,Silla,Norte,39,780.77,02-24-2026,1367.74
8761,Fernanda Castro,Monitor,centro,48,"$1,063.53",25/01/2026,1727.5
4162,Laura Sanchez, Monitor,Occidente,30,$860.03,2025-09-28,1611.09
6489,Andres Ortiz, Escritorio,Norte,36,"$1,131.31",2025-12-24,983.91
6204,Luis Hernandez,Monitor,norte,39,1053.78,Marzo 27 2025,1735.87
8461,Ricardo Vargas,Escritorio,Occidente,27,sin dato,19/09/2025,1338.66
402,Camila Reyes,Impresora,Sur,44,1314.43,01-30-2025,1600.24
5984,Valeria Mendoza,Bocina,centro,-5,"$1,130.28",Mayo 2 2024,1793.02
3414,Camila Reyes,Escritorio,OCCIDENTE,46,298.34,10-24-2024,955.43
1347,Alejandro Diaz,Tablet,Norte,54,"$1,049.84",2026-03-13,2004.91
7553,Alejandro Diaz,Monitor,?,30,sin dato,Julio 15 2025,1283.94
7709,Isabel Guzman,Camara,N/A,44,1171.23,05-31-2025,1655.78
2392,Ricardo Vargas,Impresora,Sur,21,719.33,01-18-2024,1073.64
1268,Carlos Ramirez,TABLET,Norte,14,813.63,03-18-2025,1404.92
4902,Laura Sanchez,Mouse,OCCIDENTE,38,"$1,051.80",2024-01-21,1125.12
1444,Camila Reyes,Monitor,Occidente,34,726.86,02-07-2025,814.46
5056,Ana Garcia,Mouse,Occidente,33,987.75,02/12/2025,1108.82
1393,Laura Sanchez,Monitor,Norte,35,$937.41,17/03/2025,2189.74
186,Jorge Morales,Mouse,Sur,46,1017.63,06/03/2025,1294.18
8477,Paola Rios,Escritorio,sur,47,1093.56,10/04/2024,1615.52
5848,Andres Ortiz,Camara,Sur,33,1234.85,2024-08-01,1336.95
2086,Luis Hernandez,Bocina,?,54,"$-1,076.91",,943.17
8962,Jose Martinez,Escritorio,Sur,53,$956.52,,953.76
97,Valeria Mendoza,Silla,Norte,31,$454.03,02-01-2024,1118.72
9336,Luis Hernandez,Camara,Norte,30,859.30,28/07/2025,935.41
2011,Ana Garcia,Teclado,,19,460.67,Mayo 29 2025,861.19
2120,Diego Romero,Bocina,CENTRO,40,1085.42,Mayo 1 2026,1353.75
9555,Paola Rios,Escritorio,Centro,1,916.44,2026-01-03,1154.12
7024,Laura Sanchez,Silla,Occidente ,41,980.11,04-19-2025,1664.07
8311,Andres Ortiz,Tablet,Occidente,41,$910.32,2026-02-24,1538.86
9089,Alejandro Diaz,Escritorio,Sur,58,sin dato,24/02/2025,1143.34
2,Fernanda Castro,Silla, Centro,36,"$1,241.26",06-16-2026,1398.44
4766,Jose Martinez,Silla,Centro,32,$887.64,11/06/2024,1658.43
1753,Ricardo Vargas,Silla,Occidente,47,$674.44,03-19-2026,2283.27
470,Jose Martinez,Silla,NORTE,48,412.18,2025-02-21,1198.76
8264,Paola Rios,Tablet,Centro,21,596.35,2024-07-10,1149.38
4673,Jorge Morales,Impresora,Centro ,24,$575.52,04-24-2024,1341.52
1660,Sofia Torres,Monitor,Sur,34,"$1,273.52",2024-04-15,2550.46
3763,Jorge Morales,Mouse,?,44,621.63,2026-02-14,1178.79
3239,Laura Sanchez,Impresora,occidente,46,1084.14,Noviembre 13 2024,1429.55
7522,Ana Garcia, Escritorio,Occidente,28,578.76,2025-04-25,1024.7
3826,Ricardo Vargas,Teclado,Norte,38,497.78,2026-06-07,1475.15
7637,Fernanda Castro,Impresora,NORTE,,$735.72,12/09/2025,2125.03
1477,Jorge Morales, Camara,sin informacion,29,$-945.43,32/13/2026,1086.43
261,Sofia Torres, Laptop,norte,41,700.77,2025-09-20,1352.06
3159,Fernanda Castro,TECLADO,Norte,69,836.22,04-14-2026,1747.52
4026,Fernanda Castro,MONITOR,Centro,24,$130.09,Julio 18 2024,1377.75
1224,Andres Ortiz,Teclado,Sur,15,946.41,2025-06-05,1167.54
5327,Daniela Cruz,Mouse,Occidente,53,1250.14,2025-08-23,1349.96
1378,Jorge Morales,Tablet,OCCIDENTE,10,1135.17,2024-08-13,684.79
6636,Luis Hernandez, Tablet,Occidente,62,$-973.90,2024-04-04,1359.16
3042,Ana Garcia,Bocina,Occidente,40,"$1,307.15",2024-05-06,853.72
5720,Daniela Cruz,Tablet,Centro,27,sin dato,Junio 18 2024,1501.51
8446,Luis Hernandez,Mouse,NORTE,37,1262.57,2024-04-30,1440.54
7307,Diego Romero,Silla,SUR,25,$727.46,2024-08-31,1453.15
1222,Alejandro Diaz,Escritorio,SUR,14,sin dato,20/10/2025,1542.41
8850,Ana Garcia,BOCINA,norte,40,"$1,154.44",2025-02-05,1268.18
9014,Daniela Cruz,Impresora,SUR,desconocida,642.33,08/06/2026,1698.17
536,Carlos Ramirez,Tablet,occidente,33,$-808.92,2024-07-02,1183.72
7600,Diego Romero,Escritorio,Norte,41,$388.65,05/07/2024,1625.29
7992,Jose Martinez, Bocina,Centro,249,354.48,04-15-2024,1699.11
6519,Isabel Guzman,Monitor,OCCIDENTE,31,576.41,2025-01-02,1106.63
2213,Pedro Aguilar,Laptop,Sur,63,800.69,2026-01-02,1281.58
6278,Ana Garcia,Mouse,Sur,38,$784.64,09-02-2025,712.35
4058,Jorge Morales,Bocina, Sur,35,$982.16,02/06/2024,1281.53
7888,Maria Lopez,Silla,Sur,18,753.57,2025-10-28,1582.82
8877,Jorge Morales,Laptop,Occidente,35,243.17,04-29-2024,1699.42
944,Miguel Flores,Impresora, Sur,43,$990.13,2026-03-16,1482.84
6760,Diego Romero,CAMARA,Centro,51,1076.52,25/01/2025,1851.99
6410,Laura Sanchez,Mouse, Norte,73,$819.92,Mayo 4 2026,1290.32
4503,Sofia Torres,Tablet,Occidente,51,802.68,Noviembre 11 2024,1654.68
242,Ana Garcia,Camara,Sur,36,$630.23,17/02/2025,1630.71
5886,Ana Garcia,Tablet,Occidente,39,1352.64,07/11/2025,1312.24
1927,Paola Rios,Tablet,Centro,23,"$1,144.34",2024-09-13,1234.38
7174,Maria Lopez,MONITOR,Norte,262,$913.08,Enero 24 2026,1172.75
2604,Valeria Mendoza,Escritorio,Sur,30,546.02,2025-05-08,1402.54
527,Paola Rios,Silla, Norte,16,$335.42,20/01/2026,1144.08
7967,Ricardo Vargas,Monitor,Sur,37,$932.01,07-02-2024,1543.79
3786,Ricardo Vargas,Camara,Sur,37,834.98,10/03/2026,1327.62
5749,Sofia Torres,Silla,SUR,46,1025.95,01-26-2024,1740.32
1160,Laura Sanchez,TECLADO,sin informacion,51,sin dato,24/02/2026,976.37
8903,Valeria Mendoza,Impresora,centro,14,"$1,135.30",Abril 28 2024,1403.59
24,Carlos Ramirez,Silla,Norte,41,"$1,247.73",32/13/2026,2104.4
8285,Paola Rios,Tablet,Occidente ,27,795.97,,1817.47
6608,Daniela Cruz,Laptop,Centro,32,857.59,32/13/2026,1083.62
2961,Jorge Morales,Bocina,occidente,29,753.50,2025-05-01,1576.09
2253,Luis Hernandez,BOCINA,Norte,47,1342.59,03-09-2024,1380.52
2089,Ricardo Vargas,Escritorio,Occidente,48,$728.60,Junio 1 2024,1624.74
6642,Jorge Morales,MOUSE,Centro,46,$760.81,2024-03-23,1541.81
6233,Sofia Torres, Mouse,Occidente,42,727.03,08/04/2024,1516.31
9824,Alejandro Diaz, Laptop,sur,61,"$1,046.75",2024-06-14,2137.58
6228,Ricardo Vargas,ESCRITORIO,Occidente,36,951.24,Septiembre 2 2024,1188.12
4526,Miguel Flores,TABLET,Sur,32,$684.60,,1272.6
4294,Diego Romero,Bocina,Norte,57,$-448.80,2025-02-03,1499.43
6163,Luis Hernandez,Impresora,Norte,52,$962.93,01/10/2025,1466.45
2326,Pedro Aguilar, Camara,Sur,46,782.69,2024-08-09,488.86
9149,Pedro Aguilar,Teclado,Centro,46,$773.02,02-03-2025,1332.37
9317,Jorge Morales, Mouse,Sur,154,sin dato,Mayo 17 2025,1481.55
7432,Luis Hernandez,Impresora,,51,1100.92,Abril 15 2025,2141.11
8450,Carlos Ramirez,Camara,Occidente,49,"$1,098.37",Enero 4 2025,620.37
6904,Ana Garcia,Tablet,Occidente,39,438.88,02/08/2025,1347.9
9391,Alejandro Diaz,Monitor,Occidente,36,"$1,253.64",2025-09-01,1763.52
1479,Andres Ortiz,Teclado,Occidente,29,342.08,2026-02-09,1175.72
4435,Sofia Torres,Silla,Norte,18,$397.95,Agosto 14 2025,1984.61
6171,Maria Lopez,Camara, Occidente,61,"$1,130.28",09/02/2025,1287.22
3989,Sofia Torres,Mouse,Sur,,693.00,Diciembre 6 2024,1090.5
6108,Camila Reyes,Tablet,Occidente,38,245.99,22/08/2025,1464.74
6771,Ana Garcia,Camara,Norte,23,263.67,27/03/2024,1415.57
9026,Isabel Guzman,Tablet,Centro ,52,"$1,025.50",32/13/2026,774.28
4350,Miguel Flores,Tablet,Occidente,51,$861.83,02-03-2025,1684.28
7318,Andres Ortiz,Camara,Norte,23,541.49,Marzo 20 2025,1189.26
321,Jorge Morales,Impresora,Occidente,14,$926.52,Junio 25 2025,1056.28
6145,Maria Lopez,Escritorio,Norte,30,650.17,Julio 29 2024,1942.31
8379,Maria Lopez,Mouse,Centro,32,$884.92,Marzo 6 2026,1384.6
5043,Valeria Mendoza,Silla,NORTE,34,$733.39,Junio 13 2024,1006.17
4216,Pedro Aguilar,Impresora,Occidente,44,"$1,149.25",06-16-2026,1344.66
6552,Ana Garcia,Silla,Occidente,-1,822.72,08-26-2025,1471.55
1085,Ricardo Vargas,Silla,sur,17,887.74,21/07/2025,949.89
8338,Andres Ortiz,Silla, Occidente,46,$854.65,2025-08-31,1401.72
7429,Isabel Guzman,Silla,Occidente,47,614.53,2024-04-11,1421.63
3653,Ricardo Vargas,BOCINA,centro,52,777.33,02-15-2025,1896.06
1192,Paola Rios, Laptop,Occidente,33,sin dato,Junio 2 2026,1235.57
3828,Ricardo Vargas,Mouse,Occidente,-1,594.32,2025-04-02,1730.12
621,Daniela Cruz, Impresora,Centro,35,"$1,183.70",2025-12-31,1266.19
2099,Daniela Cruz,Camara, Norte,31,"$1,509.18",2026-01-12,1570.05
4847,Luis Hernandez,Escritorio,Occidente,19,137.17,Junio 29 2025,1724.71
7090,Diego Romero,Tablet,Sur,45,768.85,2026-04-23,1785.46
9540,Isabel Guzman, Camara, Norte,44,sin dato,2025-01-20,1468.21
2804,Laura Sanchez,SILLA,Norte,51,"$1,066.17",25/02/2026,1265.27
5894,Daniela Cruz,Camara, Occidente,45,"$1,094.48",18/01/2026,801.32
1865,Alejandro Diaz,ESCRITORIO,Occidente,,$-334.49,2024-06-24,1425.37
7161,Alejandro Diaz,Impresora,Centro,48,833.45,2025-09-22,1105.6
6055,Sofia Torres, Silla,Centro,73,$-845.53,2025-08-24,1437.58
2296,Ricardo Vargas,Monitor, Centro,43,$854.24,Agosto 14 2024,1107.75
1960,Valeria Mendoza, Mouse,Centro,45,327.02,Diciembre 18 2025,1327.98
5874,Ana Garcia,Laptop,norte,45,$954.33,09-27-2025,1553.27
8388,Daniela Cruz,IMPRESORA,Centro,43,1040.30,2025-03-15,1672.55
578,Valeria Mendoza,Silla,SUR,23,$732.61,Marzo 31 2025,1334.56
4864,Diego Romero,Silla,Centro,43,1526.88,2026-01-28,1394.51
5764,Sofia Torres,LAPTOP,NORTE,47,$801.22,23/05/2024,1548.57
1396,Ricardo Vargas,Camara, Occidente,36,$446.75,Febrero 26 2024,98000.0
8476,Isabel Guzman,MOUSE,Occidente,33,"$1,349.26",11-24-2024,1398.06
6280,Daniela Cruz,Tablet,Sur,51,"$1,037.78",Septiembre 24 2025,1177.14
2755,Laura Sanchez,Monitor,Occidente,32,sin dato,Abril 14 2026,1678.18
1806,Pedro Aguilar,MONITOR,Centro,29,"$1,038.75",27/04/2026,1406.13
2855,Maria Lopez,Camara,Centro,34,"$1,203.00",Septiembre 25 2024,1301.51
9564,Alejandro Diaz,Camara,CENTRO,48,1164.29,2025-12-24,1517.7
3913,Maria Lopez,CAMARA,Centro,-1,sin dato,Agosto 12 2025,1261.64
4367,Laura Sanchez,Teclado,,28,$770.23,Mayo 16 2024,1891.33
171,Pedro Aguilar,Mouse,N/A,35,$706.99,08-03-2025,1513.7
2042,Andres Ortiz,Monitor,Norte,60,856.61,2025-01-07,1523.37
4441,Maria Lopez,Monitor,Centro,40,850.39,10-24-2024,1535.9
1234,Laura Sanchez,Teclado,Centro,34,491.37,2025-07-14,1095.17
5912,Valeria Mendoza,Laptop,centro,15,"$1,421.33",2024-03-05,1463.84
9017,Alejandro Diaz,Escritorio, Occidente,37,1171.65,2025-09-22,1524.86
9404,Luis Hernandez,Bocina,Occidente,41,50.00,2025-10-08,1427.89
5170,Daniela Cruz,Escritorio,SUR,22,$532.64,29/09/2025,1126.94
7388,Diego Romero,BOCINA,norte,23,"$1,344.14",10/02/2025,1091.64
8030,Miguel Flores,Camara,Centro,51,"$1,097.66",Noviembre 23 2024,1112.2
6819,Fernanda Castro,Teclado,SUR,44,1022.39,09-24-2025,1483.72
9573,Andres Ortiz, Laptop,Sur,20,999.98,Junio 2 2024,1496.71
9341,Andres Ortiz,Silla,Occidente,18,$883.49,2025-09-30,1429.64
3820,Fernanda Castro,Laptop,OCCIDENTE,30,1047.96,Julio 15 2024,1304.54
8992,Ana Garcia,Camara,Centro,38,$868.27,Mayo 27 2025,1336.96
5593,Carlos Ramirez,Silla,sur,43,$830.60,Octubre 13 2025,1485.61
2068,Luis Hernandez,Silla,Centro,29,130.47,2024-10-03,1462.09
1276,Fernanda Castro,Monitor,Norte,49,569.70,02-21-2026,1194.14
7948,Laura Sanchez,Laptop,Norte,65,653.17,Marzo 28 2026,1434.24
9162,Valeria Mendoza,Teclado,Centro,13,1010.35,2025-01-27,2007.3
9992,Camila Reyes,LAPTOP,Sur,28,416.53,Enero 7 2025,1508.83
3119,Alejandro Diaz,TABLET,Centro,30,$278.27,21/02/2025,1774.82
4396,Carlos Ramirez,Bocina,Centro,33,$439.37,27/12/2024,1538.22
2950,Jorge Morales,Impresora,Occidente,34,"$1,155.29",28/03/2025,1598.02
3582,Laura Sanchez,Escritorio,SUR,39,484.33,Febrero 7 2024,824.81
1891,Fernanda Castro,ESCRITORIO,norte,57,sin dato,2024-08-24,972.32
678,Jorge Morales,Bocina,Norte,43,$611.69,2025-12-27,125000.0
3098,Ana Garcia,Silla,norte,38,$440.67,2025-09-18,1167.02
8308,Ana Garcia,Impresora,OCCIDENTE,53,$714.49,,1844.76
1297,Maria Lopez,Escritorio,Norte,40,sin dato,2024-01-26,736.18
7629,Valeria Mendoza,Laptop,occidente,34,"$1,056.03",2025-04-27,908.57
4392,Jose Martinez,Laptop,Occidente,28,1169.78,Diciembre 31 2024,1813.61
5167,Ricardo Vargas,Monitor,Occidente,38,$783.47,22/04/2025,1545.25
4150,Maria Lopez,Silla,Sur ,48,543.47,09-05-2025,1551.01
2240,Jorge Morales,Impresora,Sur,18,950.85,2024-07-09,1458.17
3901,Daniela Cruz,Escritorio,OCCIDENTE,18,876.70,07/08/2025,1664.97
8009,Laura Sanchez,Escritorio,?,43,434.12,01/04/2024,1829.06
3343,Andres Ortiz,Bocina,NORTE,46,$735.68,08-28-2024,1685.1
6103,Luis Hernandez,LAPTOP,Occidente,33,1076.70,Julio 27 2024,1532.41
366,Alejandro Diaz,Monitor,Occidente,36,855.17,03/02/2025,1489.54
4199,Isabel Guzman,Tablet,Sur,28,1008.34,32/13/2026,2409.17
6889,Ana Garcia,Bocina,Norte ,24,$750.59,05-10-2026,1719.05
2796,Valeria Mendoza,MOUSE,Sur,27,1080.19,01-14-2024,1394.74
6828,Alejandro Diaz,Teclado,occidente,47,1051.92,27/07/2024,1553.42
3695,Daniela Cruz,Bocina,sur,60,1048.76,12-18-2024,1510.95
4406,Laura Sanchez,Teclado, Occidente,34,$643.28,05-10-2024,1861.8
3006,Maria Lopez,Impresora,Norte,35,sin dato,10-05-2024,1240.84
8622,Andres Ortiz,Camara,Centro,28,sin dato,04-11-2026,1417.81
3255,Miguel Flores,Teclado,Occidente,43,767.55,,1030.47
545,Ana Garcia, Mouse,Norte,37,$821.54,2024-12-09,1394.14
5448,Alejandro Diaz,Tablet,occidente,46,$-596.84,2024-11-27,747.36
4486,Andres Ortiz,TECLADO,Occidente,41,"$1,056.96",Abril 28 2024,772.86
4947,Sofia Torres,Escritorio,SUR,31,1563.68,2025-10-26,1586.62
5957,Isabel Guzman,Laptop,Norte,45,1011.04,03-25-2026,1205.71
6261,Ana Garcia,Teclado,Centro,40,976.82,2024-05-16,1678.0
6359,Miguel Flores,Monitor,Sur,33,893.30,16/04/2026,1752.87
5427,Sofia Torres,MOUSE,Occidente,21,755.20,Marzo 24 2026,776.48
5142,Jose Martinez,TECLADO,Occidente,35,642.77,06/03/2024,1767.71
1895,Andres Ortiz,Mouse,Centro ,58,sin dato,11/01/2026,948.38
3005,Alejandro Diaz,Teclado,Norte,31,"$-1,350.98",21/06/2024,1737.96
1899,Pedro Aguilar,Teclado,Centro,,$990.43,Marzo 5 2026,982.16
833,Laura Sanchez,Laptop,Sur,37,sin dato,Diciembre 24 2024,1760.1
6324,Laura Sanchez, Camara,Centro,38,1145.79,Marzo 31 2025,1530.53
9345,Jorge Morales,Bocina, Centro,50,$854.09,06-10-2025,1381.09
8127,Pedro Aguilar, Escritorio,Norte,31,$867.72,18/11/2024,1855.6
1513,Pedro Aguilar,Teclado,Sur,53,$523.31,04-15-2024,1714.7
6363,Camila Reyes,Monitor,Norte,42,620.98,02/05/2024,1507.7
7771,Carlos Ramirez,Silla,Norte,43,"$1,239.28",27/03/2025,1714.41
1320,Luis Hernandez,Monitor,Centro ,46,$597.48,04/10/2025,1826.59
9683,Valeria Mendoza,Bocina,Occidente,40,854.43,01-14-2025,1443.65
3883,Ricardo Vargas,TECLADO,occidente,71,$773.13,2024-05-17,318.34
1076,Sofia Torres,Camara,NORTE,27,"$1,361.58",2024-09-17,765.54
3731,Luis Hernandez,Impresora,Occidente,38,$750.42,2026-05-19,1983.13
2203,Valeria Mendoza,Camara,Sur,22,652.52,01-20-2025,1217.64
7998,Miguel Flores,Tablet,Centro,19,484.88,2025-04-20,1287.83
6454,Valeria Mendoza,Impresora,centro,43,"$1,024.10",2025-10-03,1425.09
2112,Miguel Flores,Impresora, Occidente,22,1270.47,05/06/2025,1282.1
7890,Andres Ortiz,Camara,sur,31,"$1,228.52",05/01/2024,1372.01
7063,Sofia Torres,LAPTOP,Centro,7,881.54,2025-01-05,1522.36
2603,Diego Romero,Impresora,OCCIDENTE,28,$947.02,2025-06-24,1494.6
7379,Miguel Flores,Mouse,Occidente,43,736.22,08-20-2024,1896.55
7212,Jose Martinez,Tablet,OCCIDENTE,26,485.62,24/01/2025,1646.54
1362,Ana Garcia,SILLA,SUR,57,sin dato,02-17-2024,1694.7
2010,Laura Sanchez, Teclado,Sur,48,864.58,Mayo 2 2025,1255.81
1836,Pedro Aguilar,Bocina,SUR,44,987.14,10-14-2025,1474.39
2765,Andres Ortiz,Camara,sur,41,763.42,06/09/2024,1203.87
6916,Maria Lopez,Camara,Sur,35,$695.31,Mayo 31 2025,1036.03
3808,Fernanda Castro,Silla,SUR,60,"$-1,201.54",09/07/2024,980.01
6524,Jorge Morales,Mouse,Occidente,48,sin dato,08/03/2024,1645.83
1680,Fernanda Castro,Laptop,Sur,32,$761.11,Julio 11 2024,1005.86
3590,Carlos Ramirez, Bocina,Occidente,,$815.86,13/03/2026,1051.5
2357,Andres Ortiz,Laptop,Sur,40,1132.84,,1907.03
6617,Diego Romero,CAMARA,sur,54,$457.12,07-12-2024,1442.83
9256,Diego Romero, Teclado,centro,-4,"$1,025.90",2024-04-05,1726.46
4811,Andres Ortiz,Camara,NORTE,45,1127.45,17/06/2026,1005.77
9290,Carlos Ramirez,Monitor,sur,15,$-995.25,32/13/2026,1114.12
2069,Alejandro Diaz,Impresora,Norte,29,601.45,02-06-2026,1118.65
4390,Isabel Guzman,Teclado,Centro ,30,683.30,2024-02-11,1367.18
880,Luis Hernandez,LAPTOP,Occidente,30,"$-1,216.78",2025-01-19,1933.08
6910,Miguel Flores,Impresora,Sur,47,"$1,160.48",Junio 11 2025,1081.44
9774,Sofia Torres,BOCINA,Sur,47,1241.11,2024-08-27,1289.2
4960,Andres Ortiz,Teclado, Norte,49,sin dato,31/03/2026,1202.6
3122,Alejandro Diaz,Camara,centro,64,795.10,2024-09-29,787.9
7096,Jorge Morales,Tablet,Sur,20,$855.08,04-25-2024,1052.7
4479,Maria Lopez,CAMARA,Norte ,33,sin dato,2026-06-07,1723.49
6742,Paola Rios, Escritorio,Sur,47,1364.42,2025-02-08,2017.42
1021,Paola Rios,Monitor,OCCIDENTE,54,912.15,2025-03-09,1550.82
1074,Maria Lopez,Bocina,Centro ,35,492.93,29/12/2025,1231.14
5850,Ricardo Vargas,MONITOR,Norte,42,$860.93,13/05/2026,1039.19
59,Daniela Cruz, Escritorio,NORTE,24,396.21,11-03-2025,2024.24
5335,Camila Reyes,Tablet,Occidente ,39,$793.03,2025-05-26,1446.42
6790,Paola Rios,Impresora,Sur,45,$952.24,13/07/2024,944.89
7558,Camila Reyes,Silla,Norte,38,941.71,04/09/2025,1490.47
1069,Miguel Flores,Bocina,Norte,35,813.81,Marzo 12 2025,1821.02
4452,Paola Rios,Camara,Sur,25,"$1,060.51",Diciembre 11 2024,875.91
3069,Luis Hernandez,Teclado,Occidente,,646.32,2024-12-17,1352.46
5165,Valeria Mendoza,Escritorio,Occidente,43,919.15,02-12-2025,1306.2
6292,Alejandro Diaz,Escritorio,Norte,38,"$1,068.71",32/13/2026,1146.96
9182,Alejandro Diaz,Tablet,Sur,42,"$1,015.06",Marzo 1 2026,595.43
9783,Fernanda Castro,Silla,Sur,12,781.82,23/04/2025,1576.84
4613,Sofia Torres,Monitor,,48,sin dato,09-27-2024,1024.37
3290,Sofia Torres,Mouse,OCCIDENTE,38,$687.56,31/08/2024,1051.89
1800,Maria Lopez,Escritorio,Norte,41,"$1,002.03",11/07/2025,1496.16
9233,Jose Martinez,Silla,Sur ,43,"$1,241.23",Agosto 26 2024,1646.54
7879,Fernanda Castro,ESCRITORIO,sur,30,$809.54,26/12/2024,1308.1
2501,Jose Martinez,Laptop,Occidente,37,372.05,2026-03-07,1409.44
7243,Ana Garcia,Monitor,CENTRO,38,"$1,269.38",06-21-2024,1530.09
915,Carlos Ramirez,Bocina,Occidente,32,1223.27,Octubre 28 2025,1158.87
8020,Jorge Morales,Tablet,Sur,29,$802.92,2024-05-19,1150.18
4289,Sofia Torres,ESCRITORIO, Occidente,28,$509.04,09-21-2025,1927.47
3796,Luis Hernandez,Silla,occidente,45,"$1,004.87",2026-01-31,1961.12
3722,Ana Garcia,Teclado,OCCIDENTE,53,$813.56,2026-06-15,1666.25
7561,Sofia Torres, Mouse,sin informacion,54,"$1,168.03",Septiembre 20 2024,1554.65
6275,Camila Reyes,Teclado,Centro,54,685.61,10-27-2024,1145.33
6056,Paola Rios,Silla,Sur,35,$257.41,05-09-2026,1490.64
8457,Paola Rios,Laptop,norte,55,279.06,Septiembre 25 2024,1252.06
5615,Sofia Torres,Monitor,Sur,44,"$1,147.67",2025-04-08,1234.68
1174,Isabel Guzman,Mouse,Occidente,53,$-411.25,02-03-2024,1585.26
9655,Ricardo Vargas,Tablet,Occidente,30,$854.70,03-01-2025,1116.36
2466,Maria Lopez,Escritorio,NORTE,44,$936.90,Diciembre 18 2025,1950.86
1406,Ricardo Vargas,Tablet,Centro,23,$511.78,Enero 3 2026,1909.87
8243,Laura Sanchez,Monitor,Norte,58,$357.42,2024-04-23,1372.81
2814,Fernanda Castro,Bocina,Occidente,39,1248.48,32/13/2026,1846.0
310,Fernanda Castro,Laptop,Centro,67,"$1,239.97",Agosto 18 2025,1831.57
5509,Jorge Morales,Mouse,Norte,48,861.44,2026-02-17,1299.18
4091,Carlos Ramirez, Laptop,Occidente,313,$997.89,07-18-2025,1521.94
5671,Miguel Flores,Tablet,Occidente,38,"$1,058.96",03-20-2026,1283.93
368,Paola Rios, Laptop,Centro,31,$218.09,Marzo 10 2025,911.5
571,Camila Reyes,Silla,CENTRO,30,$875.22,15/09/2024,1886.12
7612,Laura Sanchez,Bocina,Centro,33,$972.93,06/01/2025,649.82
1683,Valeria Mendoza,Bocina,Norte,64,$711.55,Noviembre 15 2025,1267.2
1542,Alejandro Diaz,Laptop,Norte,32,"$1,099.39",13/02/2026,1437.28
1902,Ricardo Vargas,Mouse,Occidente,28,$502.99,14/09/2025,1077.63
4645,Valeria Mendoza,SILLA,CENTRO,18,1236.96,2024-05-05,1198.75
5366,Ricardo Vargas,Tablet, Sur,40,$776.58,2026-05-02,1537.34
6128,Laura Sanchez, Silla,Norte,52,598.26,05-19-2025,1808.96
5042,Carlos Ramirez, Escritorio,Sur,49,"$1,059.78",,1165.7
8147,Pedro Aguilar,Laptop,Occidente,32,817.94,2024-07-03,1327.75
9466,Sofia Torres, Silla,NORTE,32,1674.22,Agosto 31 2025,1924.68
73,Valeria Mendoza,Laptop, Occidente,31,508.15,01-01-2025,1701.01
4830,Alejandro Diaz,Mouse,OCCIDENTE,56,$925.46,03-24-2025,1556.94
5091,Jose Martinez,IMPRESORA,Occidente,7,sin dato,07-22-2025,1349.15
4859,Daniela Cruz,Laptop,Occidente,31,sin dato,2025-03-23,1346.05
7864,Miguel Flores,Tablet, Sur,41,836.06,2024-04-26,1523.48
6234,Alejandro Diaz,Bocina,Norte,54,1033.75,2025-08-26,1514.82
4270,Paola Rios,Silla,sin informacion,-5,$815.84,2026-05-20,1653.09
6953,Maria Lopez,Escritorio,Norte ,45,$210.57,Marzo 29 2024,1851.62
9759,Jose Martinez,Mouse,Norte,27,$562.06,19/03/2024,1697.91
3737,Paola Rios,Silla, Centro,33,773.29,06/05/2025,1248.45
9559,Ana Garcia,Escritorio,occidente,43,646.31,01-24-2024,1486.28
6949,Jose Martinez,Camara,OCCIDENTE,34,$303.82,24/02/2026,1567.54
7055,Alejandro Diaz,Teclado,Centro,38,"$1,424.52",07/04/2024,832.98
7284,Fernanda Castro,Tablet,centro,50,638.11,22/04/2024,1641.76
7272,Jose Martinez,Monitor,centro,44,489.81,11-19-2024,1237.5
1781,Carlos Ramirez, Camara,Occidente,36,$939.92,,1577.82
6448,Daniela Cruz,Escritorio,Centro ,49,711.63,11-11-2025,1481.25
1535,Laura Sanchez,Bocina, Centro,50,998.28,2024-05-26,1605.86
3106,Daniela Cruz,Monitor,Norte,27,$-591.15,02-09-2024,835.82
3766,Maria Lopez,Mouse,OCCIDENTE,13,sin dato,,1306.61
4961,Valeria Mendoza, Mouse,CENTRO,27,$708.39,Junio 6 2025,1911.05
3331,Daniela Cruz,Laptop,occidente,16,523.57,19/09/2024,1659.23
8385,Ana Garcia,Escritorio,centro,33,sin dato,05/08/2024,768.86
8863,Isabel Guzman, Escritorio,Sur,47,941.50,Febrero 6 2025,1267.58
7773,Jorge Morales, Tablet,Norte,26,$739.71,09/01/2024,1061.47
4395,Pedro Aguilar,CAMARA,Occidente,48,981.45,Julio 20 2025,885.29
5996,Fernanda Castro,Teclado,Norte ,66,1429.83,2026-03-03,1348.41
3963,Diego Romero,Escritorio,Sur ,desconocida,$533.44,2025-06-15,1489.89
4257,Paola Rios,Bocina,Sur,27,734.75,05-19-2026,1165.26
1785,Daniela Cruz,Mouse,Centro,54,689.41,2026-06-08,1572.23
7206,Diego Romero,Escritorio,CENTRO,61,$671.06,2025-06-12,1109.82
1030,Camila Reyes,Laptop,Norte,55,sin dato,21/03/2025,1731.53
7211,Luis Hernandez,Camara,Centro,24,50.00,24/08/2024,1404.23
5320,Isabel Guzman,LAPTOP,Norte ,35,$846.73,07-31-2024,1234.44
1915,Jorge Morales,Camara, Occidente,38,1433.24,Enero 14 2026,934.25
239,Camila Reyes,MOUSE,Norte,32,$950.16,Septiembre 20 2024,1355.51
7556,Isabel Guzman,Escritorio,Norte,41,133.82,2025-04-24,1324.23
396,Sofia Torres,IMPRESORA,sur,46,1224.76,2026-05-07,1064.56
4191,Fernanda Castro,Teclado,OCCIDENTE,24,$691.49,2025-01-10,1230.26
5882,Daniela Cruz,Teclado,norte,59,1255.50,Septiembre 30 2025,1407.09
1984,Luis Hernandez,Silla,Sur,38,$722.96,Febrero 17 2025,1686.95
1937,Pedro Aguilar,Impresora,Centro,244,1135.79,03-15-2026,950.59
3365,Valeria Mendoza,Mouse, Centro,43,$610.92,Enero 6 2025,1941.75
9307,Luis Hernandez,Escritorio,Sur,49,"$1,112.05",Febrero 13 2026,1816.96
2619,Sofia Torres,Silla,Occidente,41,"$1,157.39",Marzo 21 2026,1577.05
1034,Luis Hernandez,Mouse,Centro,40,$368.46,03-16-2025,764.66
2103,Jose Martinez,Monitor, Occidente,37,829.77,04-16-2026,1575.17
605,Alejandro Diaz, Impresora,Occidente,41,1323.98,21/11/2025,1471.1
8767,Jorge Morales,Escritorio,norte,47,278.58,Abril 24 2024,1957.01
9743,Maria Lopez,Impresora,Sur ,39,sin dato,Abril 2 2026,1755.76
4903,Isabel Guzman,Tablet,Norte,41,$-317.47,27/02/2024,1657.61
4209,Sofia Torres,Silla,OCCIDENTE,34,976.81,Junio 15 2026,1108.56
1322,Laura Sanchez, Escritorio,Sur,44,$731.92,2024-11-14,1735.04
6168,Ricardo Vargas,Tablet,sur,46,765.52,Diciembre 31 2024,1175.92
2577,Jose Martinez,Tablet,Occidente,56,883.23,19/05/2024,1654.21
9539,Paola Rios,Camara,Occidente,40,650.14,Noviembre 14 2024,976.59
6915,Diego Romero,MONITOR,Sur ,35,$691.26,03/12/2024,1824.19
5274,Laura Sanchez,Laptop,Occidente,60,$384.70,Diciembre 7 2025,1956.18
6689,Maria Lopez,Escritorio,Centro,30,$825.33,Noviembre 16 2024,1353.0
9920,Luis Hernandez,Monitor,centro,25,718.60,20/05/2026,982.21
3755,Sofia Torres,Monitor,Centro,32,$681.35,11/04/2025,1932.94
5667,Jose Martinez,Monitor,sur,35,441.78,2024-09-23,1631.59
9716,Fernanda Castro,Silla,Sur,53,800.56,2025-02-08,1715.4
3381,Luis Hernandez,Bocina,Centro,55,$969.57,06/02/2024,758.53
4319,Valeria Mendoza,TECLADO,Centro,40,"$1,148.90",02/09/2025,1023.75
9471,Sofia Torres,Impresora,NORTE,41,"$1,023.33",2025-01-30,795.24
9068,Andres Ortiz,Tablet,Occidente ,41,838.68,30/11/2024,1588.24
7091,Ricardo Vargas,TABLET,Occidente,52,921.41,Diciembre 4 2024,932.26
3933,Diego Romero,Teclado,,36,1238.90,17/01/2025,1281.22
1743,Paola Rios,Camara,Sur,45,"$1,404.86",2024-02-10,1617.06
9742,Daniela Cruz,Silla,Norte,31,65.97,2025-10-22,1500.15
8922,Carlos Ramirez,Impresora,Occidente ,33,1041.66,30/08/2024,946.34
7457,Isabel Guzman,Silla,Sur,24,992.53,23/12/2025,2003.15
8966,Jorge Morales,Escritorio,Sur,51,1208.75,Noviembre 25 2024,709.14
9714,Valeria Mendoza,Camara,Occidente,13,965.76,05-12-2024,1471.82
2842,Miguel Flores,Impresora,sur,59,435.32,Noviembre 17 2024,1442.52
9119,Andres Ortiz,Escritorio,Occidente,39,"$1,306.23",08-03-2025,1311.57
4210,Andres Ortiz,Tablet, Norte,41,606.48,Agosto 30 2024,1573.36
9013,Sofia Torres,Impresora,SUR,37,$879.92,01-17-2025,942.63
8220,Ana Garcia,Laptop,CENTRO,35,$642.67,13/11/2024,1401.44
7276,Camila Reyes,Camara,Norte,31,$989.54,28/12/2024,1318.03
3569,Maria Lopez,Camara,Centro,49,328.47,08/04/2026,1072.14
7897,Valeria Mendoza,Camara,Occidente,50,$547.82,2026-03-18,1305.88
6493,Jose Martinez,Camara,Centro ,37,325.58,27/03/2024,1030.12
2177,Diego Romero,Tablet, Sur,35,$-639.98,Junio 26 2024,1548.47
4622,Laura Sanchez,Bocina,Occidente ,22,$483.38,Diciembre 11 2025,1890.1
2522,Valeria Mendoza,Teclado,NORTE,36,$947.17,Julio 27 2025,1275.06
9967,Isabel Guzman,Escritorio,sur,39,$883.90,11-29-2025,1515.61
2445,Andres Ortiz,Impresora,occidente,36,971.59,,1617.92
7605,Jorge Morales,Bocina,?,42,$792.06,Julio 12 2024,1316.9
3313,Miguel Flores,Mouse,SUR,30,"$1,026.31",Diciembre 8 2024,817.07
5792,Alejandro Diaz, Tablet, Centro,41,698.76,03-09-2024,1701.42
7036,Jose Martinez,Impresora,Centro,17,$980.54,Julio 14 2025,1247.94
1965,Laura Sanchez,Camara,Occidente,46,636.29,05-09-2025,1907.74
878,Ricardo Vargas,Impresora,sur,52,$890.96,32/13/2026,1196.21
9586,Valeria Mendoza,Teclado,NORTE,33,525.71,Junio 11 2025,1815.05
3775,Andres Ortiz,Laptop,Sur,49,"$1,138.79",06-08-2024,936.66
5736,Laura Sanchez,Tablet,centro,34,$50.00,32/13/2026,1927.95
4110,Valeria Mendoza,Tablet,Centro,9,$610.23,2025-01-16,1038.25
482,Miguel Flores,Tablet,Sur,36,$990.53,2025-09-23,1670.22
9737,Laura Sanchez,Teclado,Sur,44,399.68,2025-01-06,1757.64
7314,Ricardo Vargas,Laptop,SUR,62,618.82,2026-04-05,1446.44
6521,Daniela Cruz,Mouse,CENTRO,59,530.53,12-01-2025,928.42
9862,Andres Ortiz,Monitor,Sur,43,$-944.49,,1128.71
6648,Jose Martinez,Camara,norte,56,824.50,19/08/2025,1452.11
2919,Ana Garcia,Mouse, Centro,19,$993.20,Abril 19 2024,1202.19
4042,Camila Reyes,Silla,Norte,56,978.12,32/13/2026,1847.25
7962,Ricardo Vargas,Bocina,Norte,34,$926.37,01-02-2024,1770.64
4996,Carlos Ramirez, Tablet,sur,42,650.81,26/01/2026,1630.71
9931,Carlos Ramirez,Laptop,CENTRO,50,869.72,12/02/2025,1291.6
2247,Carlos Ramirez,Camara,Sur,37,"$1,454.83",Abril 16 2026,1166.35
7398,Maria Lopez,Mouse,SUR,29,$870.46,01-05-2026,720.05
9324,Andres Ortiz,Bocina,Sur,21,1026.22,2024-03-10,1367.56
8819,Sofia Torres,Bocina,Sur,62,"$-1,550.59",22/05/2026,1735.74
1810,Fernanda Castro,BOCINA,Sur ,66,661.66,2025-10-26,1217.37
6318,Sofia Torres,Teclado,Norte ,29,623.26,Enero 4 2024,2125.6
205,Valeria Mendoza, Camara,Occidente,20,566.95,Septiembre 15 2024,634.41
3510,Laura Sanchez,Teclado,OCCIDENTE,47,$520.01,10-16-2025,818.09
1163,Ana Garcia,Monitor,CENTRO,31,608.17,2024-10-15,810.54
6775,Pedro Aguilar,Escritorio,Occidente ,43,$675.75,2024-10-04,1484.57
87,Isabel Guzman,Monitor,norte,31,$825.74,08-14-2024,1668.7
5966,Laura Sanchez,Teclado,occidente,-9,sin dato,07-13-2024,1186.38
8659,Isabel Guzman,Bocina,Occidente,24,916.21,04-07-2026,831.54
2208,Diego Romero,Camara,Norte,50,$840.55,Marzo 8 2024,1678.74
3047,Camila Reyes,Laptop,Occidente ,48,978.17,2025-08-25,1755.03
7748,Valeria Mendoza,Teclado,norte,46,sin dato,Octubre 19 2024,1339.44
4718,Ana Garcia,Silla,Norte,45,"$1,231.30",2026-01-06,1366.63
5910,Andres Ortiz,SILLA, Occidente,14,$864.10,2025-01-10,1446.88
9635,Andres Ortiz,Escritorio,Occidente ,38,"$1,067.49",2025-06-09,1563.64
8934,Carlos Ramirez,MONITOR,Occidente,35,$973.69,17/04/2025,943.6
3981,Andres Ortiz,Monitor,Sur,23,999.97,08-07-2025,1009.5
9244,Carlos Ramirez,Silla,Occidente,,1404.88,2024-12-30,1010.24
3976,Jose Martinez,Camara,centro,50,785.45,20/03/2025,1765.39
7680,Camila Reyes,Laptop,Centro,27,$555.61,Febrero 24 2024,849.01
9314,Camila Reyes,TECLADO,Norte,42,1025.85,2025-02-27,1352.67
1000,Jose Martinez, Camara,Occidente,38,1334.09,2025-05-16,1136.79
3173,Daniela Cruz,Escritorio,Centro,32,1208.05,2024-02-07,1206.05
9469,Valeria Mendoza,IMPRESORA,CENTRO,39,914.05,29/08/2024,2136.91
5185,Luis Hernandez,Impresora,Centro,38,$947.75,25/10/2025,1460.03
996,Sofia Torres,Bocina, Norte,49,735.08,09-02-2025,1033.36
8413,Isabel Guzman,MONITOR,NORTE,31,942.27,2026-06-14,741.85
2402,Luis Hernandez,Laptop, Sur,28,"$1,409.17",Marzo 7 2025,1140.69
9874,Jose Martinez,Escritorio,Centro,19,498.42,2024-06-10,2043.48
9211,Alejandro Diaz,Silla,Norte,37,736.84,14/05/2026,1690.68
1045,Alejandro Diaz,Escritorio,Occidente,53,847.53,,1170.47
3822,Fernanda Castro,Teclado,Norte,49,$640.18,03-13-2024,1711.71
8442,Isabel Guzman,Silla,Sur ,48,"$-1,266.09",27/06/2025,1633.3
2008,Paola Rios,Impresora,Sur,27,$903.60,02-07-2025,932.11
5289,Paola Rios,Camara,Norte,33,"$1,154.63",Mayo 26 2025,1336.76
9729,Pedro Aguilar,Escritorio,Norte,54,948.97,07/04/2025,1842.15
4660,Paola Rios, Bocina,CENTRO,52,758.55,20/12/2024,1330.22
8960,Fernanda Castro,Escritorio,Sur,26,$-773.69,2024-09-05,1200.74
3467,Camila Reyes,Laptop,centro,30,471.74,Marzo 18 2024,1144.18
7215,Valeria Mendoza,Bocina, Occidente,,856.01,29/11/2025,1911.84
8997,Laura Sanchez,Teclado,Norte ,33,880.38,2025-04-16,768.17
4482,Ricardo Vargas,Camara,Centro,38,$989.26,04-30-2025,1132.37
7493,Fernanda Castro,Bocina, Norte,49,"$1,141.84",32/13/2026,1699.4
4619,Camila Reyes,Impresora,CENTRO,41,"$1,126.91",Agosto 9 2024,1768.61
592,Pedro Aguilar,CAMARA,Centro,31,370.62,10-06-2024,1126.48
9123,Daniela Cruz, Tablet,Norte,30,sin dato,2024-07-01,1289.04
2226,Carlos Ramirez, Escritorio,NORTE,28,397.51,2025-10-23,1130.27
519,Alejandro Diaz,Escritorio,Centro,51,$828.68,07-02-2025,1353.74
7871,Andres Ortiz,Escritorio,Occidente ,39,549.51,32/13/2026,696.38
5685,Miguel Flores,LAPTOP, Occidente,26,897.12,23/01/2024,1873.59
4692,Diego Romero, Tablet,Norte,,sin dato,18/01/2025,1689.92
3105,Jorge Morales,Bocina,Norte,36,895.14,12/09/2024,1913.18
9298,Carlos Ramirez,Mouse,SUR,40,$845.06,,1718.28
4063,Jorge Morales,Camara,Centro,34,698.82,09-19-2025,773.77
6604,Fernanda Castro,Tablet, Occidente,28,"$1,078.90",26/08/2025,1268.43
5983,Ana Garcia,Mouse,Sur,57,$827.48,24/07/2025,1732.84
1651,Miguel Flores,Teclado,Occidente,27,914.27,12/06/2026,1299.33
6057,Andres Ortiz,Escritorio,Sur,47,681.33,Enero 2 2024,2176.59
9989,Carlos Ramirez,Monitor,Occidente,52,"$-1,231.03",,1438.47
1817,Sofia Torres,Mouse, Norte,38,"$1,023.05",Abril 23 2025,1631.56
4852,Laura Sanchez, Monitor,norte,44,$273.93,2024-07-26,1202.38
6899,Valeria Mendoza,Tablet,norte,34,$968.93,03/05/2024,1072.49
2635,Jorge Morales, Teclado,Centro,40,$896.41,03-17-2024,1398.43
1328,Luis Hernandez,Tablet,Occidente ,43,775.87,2024-04-16,508.79
4736,Carlos Ramirez,Monitor,Centro,51,$792.76,09/10/2025,98000.0
1054,Laura Sanchez, Escritorio,Occidente,36,$440.45,Octubre 11 2025,1736.34
44,Jose Martinez,Camara,Norte,37,795.83,04-02-2026,1452.37
8,Laura Sanchez, Mouse, Sur,16,$971.91,Agosto 25 2025,1285.04
7907,Laura Sanchez,Silla,Norte,33,1156.74,,1448.01
5591,Laura Sanchez, Escritorio,Sur,34,1122.81,02-01-2026,1576.65
472,Ana Garcia,CAMARA,sur,19,sin dato,09-02-2025,780.23
2323,Maria Lopez,Camara, Occidente,24,$210.10,2025-11-16,1097.78
8092,Ricardo Vargas,Tablet,Norte,33,1133.71,Julio 4 2024,1314.18
7644,Valeria Mendoza,Bocina,Norte,-4,$418.81,Julio 3 2024,1691.72
4405,Valeria Mendoza,Camara,NORTE,58,832.84,11-18-2025,706.15
465,Sofia Torres,Mouse,Norte,40,1206.58,11-29-2024,1528.26
4564,Ana Garcia,Laptop,centro,45,sin dato,2024-01-03,1534.45
1692,Fernanda Castro,Camara,Occidente ,42,$749.30,2024-07-04,1814.07
2231,Maria Lopez,Mouse,Occidente,47,954.07,07/09/2024,1053.32
7580,Pedro Aguilar,Escritorio,,43,$799.66,2025-01-10,1322.73
2164,Ana Garcia,Bocina,centro,36,"$1,085.56",03-22-2026,1084.11
8258,Paola Rios,Camara,Centro,14,470.65,06-08-2025,1286.91
1349,Camila Reyes,Silla,Occidente,34,"$-1,657.57",Marzo 18 2025,2266.38
2481,Ana Garcia,Camara,Occidente,38,404.38,17/06/2026,834.61
5529,Miguel Flores,Mouse,centro,39,sin dato,Diciembre 25 2024,1870.34
2150,Carlos Ramirez,Silla,Sur,22,399.54,Octubre 22 2025,1009.41
2097,Paola Rios,Silla,Norte,46,$637.83,2025-11-19,1448.36
6189,Carlos Ramirez,SILLA,?,31,324.60,2025-07-12,1164.83
5092,Jose Martinez,Tablet,Sur,38,$862.31,02-04-2025,1865.23
6468,Jose Martinez,Impresora,,19,$846.39,06/04/2025,1749.77
8710,Ana Garcia,Teclado,Centro,29,$867.95,Marzo 31 2026,1245.93
7234,Camila Reyes,Camara,Sur,48,$713.25,2025-10-17,1359.14
6206,Luis Hernandez,Monitor,Centro,53,$821.93,32/13/2026,1694.15
8783,Camila Reyes,Monitor,sur,36,"$1,096.75",2026-03-28,1366.62
4226,Alejandro Diaz,Monitor,Centro,46,sin dato,2024-12-03,2172.24
4137,Ana Garcia,MONITOR,Norte,35,1028.65,2024-03-16,1239.55
850,Ana Garcia,MONITOR,Occidente,37,$690.43,10-02-2024,759.22
1822,Andres Ortiz,Tablet,CENTRO,37,1484.89,Mayo 11 2025,1615.05
418,Alejandro Diaz,Teclado, Occidente,48,$670.03,2024-09-22,1435.3
3719,Carlos Ramirez,Mouse,Norte,43,165.58,07-23-2025,1626.61
8936,Alejandro Diaz,Laptop,Norte,57,$552.98,22/02/2025,778.35
9059,Maria Lopez,Camara,Occidente,22,847.83,2024-02-07,1947.17
4174,Pedro Aguilar,Silla,Centro ,61,$-408.66,20/06/2024,1532.71
1923,Jose Martinez,Bocina,occidente,27,1073.50,10-20-2024,1365.36
9243,Pedro Aguilar,Mouse,SUR,30,"$1,215.36",Abril 30 2026,1431.84
9916,Laura Sanchez,Monitor,Centro,56,$261.60,02/02/2024,1497.56
5490,Jose Martinez,Teclado, Occidente,44,$770.22,27/12/2025,1306.41
3762,Laura Sanchez,Laptop,Occidente,39,"$1,135.18",12-04-2024,1510.22
2103,Jose Martinez,Monitor, Occidente,37,829.77,04-16-2026,1543.26
9082,Isabel Guzman,Camara,Occidente,43,$-827.13,Abril 16 2026,1630.79
4156,Valeria Mendoza,CAMARA,Norte,44,1175.26,2024-08-05,1434.6
2233,Ricardo Vargas,Bocina,Norte,36,"$1,316.15",19/03/2024,1367.03
9730,Andres Ortiz,Tablet,Sur,48,"$1,048.28",11-14-2024,1807.64
9907,Diego Romero,Monitor,Norte,20,938.61,2024-09-04,1501.49
6302,Daniela Cruz,Silla,,38,$928.19,03-22-2025,1254.93
4932,Valeria Mendoza,Escritorio,Norte,44,$437.20,2025-05-09,1616.74
30,Paola Rios,MONITOR,Centro,21,$851.12,Junio 17 2025,1281.61
8514,Miguel Flores,Escritorio,Centro,41,$868.02,24/06/2025,1943.02
1824,Camila Reyes,Laptop,Norte,21,924.50,04-02-2024,2438.93
6921,Maria Lopez,Laptop, Norte,37,$860.80,2025-03-31,1381.71
3698,Jorge Morales,Laptop,Norte ,30,914.93,2025-08-24,1886.37
8661,Carlos Ramirez,Tablet,Norte,37,1159.04,Octubre 27 2024,1077.08
3685,Diego Romero,Escritorio,Centro,49,556.14,2024-10-05,1341.39
3345,Daniela Cruz,Camara,OCCIDENTE,31,sin dato,25/07/2025,720.59
5969,Fernanda Castro,Teclado,Centro,52,193.69,2025-03-04,1841.85
7994,Paola Rios,Tablet,Centro ,25,807.78,Mayo 28 2025,1460.03
8931,Daniela Cruz,Escritorio, Centro,26,"$1,086.98",26/03/2025,1186.06
9348,Luis Hernandez, Bocina,Occidente,33,"$1,135.77",12-21-2024,1232.09
9049,Fernanda Castro,Silla,Centro,58,1354.88,Marzo 3 2025,1861.57
6512,Ana Garcia,LAPTOP,Sur,59,$918.32,2024-05-09,1356.6
3281,Pedro Aguilar,Tablet,OCCIDENTE,21,911.48,32/13/2026,1333.71
6390,Miguel Flores,Silla,Norte,74,$847.84,25/02/2025,1272.13
2948,Diego Romero,Bocina,Norte ,24,"$1,115.44",04-09-2025,1672.82
3168,Carlos Ramirez,Silla,Norte ,47,1029.02,2024-07-10,2170.86
8290,Carlos Ramirez,Mouse,,314,$951.22,02/05/2024,2078.43
7005,Valeria Mendoza,Laptop,Occidente,31,"$1,129.02",05/03/2024,1247.86
2413,Laura Sanchez,ESCRITORIO,SUR,29,"$1,075.90",Julio 22 2024,1574.12
6309,Jorge Morales,Teclado,Norte,44,644.74,2025-07-29,2190.19
2246,Alejandro Diaz,Camara,norte,52,418.39,2024-03-25,1561.76
7585,Jose Martinez,Monitor,Occidente,desconocida,1395.43,Febrero 16 2024,1894.13
4607,Daniela Cruz,Teclado,Sur,25,372.72,05-10-2024,98000.0
448,Fernanda Castro,Silla,Centro,36,$-823.36,,1660.21
5773,Valeria Mendoza,Bocina,Centro,38,$944.71,2024-03-19,1860.36
5994,Paola Rios,Tablet,Sur,28,$787.72,09-10-2024,1294.22
6965,Diego Romero,Mouse,occidente,54,720.88,Diciembre 15 2025,1181.97
15,Jorge Morales, Laptop,Sur ,45,741.96,2025-07-20,1434.84
4394,Diego Romero,Escritorio,NORTE,45,458.36,15/01/2025,1011.03
8758,Alejandro Diaz,Tablet,Norte,25,$508.81,32/13/2026,964.01
5664,Laura Sanchez,Teclado,Sur,34,358.02,2026-06-03,1272.51
5505,Sofia Torres,Tablet,OCCIDENTE,45,1263.09,07-16-2025,891.56
3795,Andres Ortiz,Camara,Sur,39,1099.13,05-31-2026,1753.92
6227,Ana Garcia,Escritorio,Norte,55,1090.77,19/04/2026,1207.59
8171,Camila Reyes,Teclado,Centro,30,"$1,155.06",Septiembre 23 2025,1382.25
9849,Ricardo Vargas,Bocina,SUR,63,1134.74,2025-06-22,1353.57
2343,Carlos Ramirez, Escritorio,,47,647.72,2024-05-07,1611.85
287,Isabel Guzman,Laptop,Centro,17,547.10,Septiembre 9 2024,1156.03
3844,Diego Romero,Silla,OCCIDENTE,39,"$1,416.34",2024-02-17,1359.57
4219,Luis Hernandez,Escritorio,Occidente,54,$985.47,Noviembre 16 2024,614.02
2313,Carlos Ramirez,Monitor,SUR,34,$718.62,2024-03-02,1046.55
5751,Jorge Morales,Impresora,sur,28,"$1,352.98",Julio 30 2024,1938.47
7271,Luis Hernandez,Monitor,Centro,44,$962.09,14/06/2024,2366.19
4020,Luis Hernandez,Escritorio,Norte,50,1435.76,27/04/2024,1490.85
2053,Daniela Cruz,Escritorio,CENTRO,45,1027.22,Junio 8 2025,1651.96
8800,Camila Reyes,Camara,Centro,49,sin dato,02-24-2024,1457.6
6661,Pedro Aguilar,Teclado,Occidente ,40,$728.65,08-18-2024,1108.28
5005,Luis Hernandez,Impresora,Occidente,42,$988.24,28/08/2024,2060.45
4447,Miguel Flores,Camara,Sur,48,sin dato,2025-07-05,1847.8
9710,Carlos Ramirez,Tablet,Norte,45,652.89,Enero 30 2026,1676.57
166,Ricardo Vargas,Escritorio,Centro,38,$723.37,Octubre 10 2025,1341.44
8762,Andres Ortiz,Impresora,Norte,29,sin dato,2025-08-20,862.27
6392,Daniela Cruz,Camara,Norte,34,$918.80,,1376.39
1340,Ricardo Vargas,Camara,Sur,20,$891.29,08/04/2025,1618.52
7044,Luis Hernandez,Bocina,Sur,52,sin dato,Agosto 14 2024,1678.37
1139,Camila Reyes,Teclado,Occidente,34,"$1,168.46",21/11/2024,1247.12
6303,Miguel Flores,Laptop,Sur,49,1102.65,Diciembre 5 2024,566.38
7754,Ana Garcia,Laptop,Norte,41,1000.25,09-16-2025,1990.98
9529,Diego Romero,Teclado,Sur ,33,729.76,01-20-2026,1419.17
2189,Isabel Guzman,Camara,OCCIDENTE,50,1102.61,12-22-2025,1775.03
3974,Laura Sanchez,Impresora,Norte ,15,$894.87,32/13/2026,1753.88
5229,Maria Lopez,Impresora,occidente,24,1442.81,2024-08-11,1806.85
300,Pedro Aguilar,Camara,N/A,58,624.92,32/13/2026,1082.27
2067,Camila Reyes,BOCINA,Occidente,26,sin dato,Febrero 22 2026,732.55
6542,Jorge Morales,Laptop,Norte,230,1269.84,Febrero 5 2024,1561.85
1616,Carlos Ramirez,Camara,Sur,21,$915.39,Agosto 28 2024,1237.23
5328,Alejandro Diaz,Escritorio,Norte,28,$985.78,Mayo 2 2025,1568.94
9201,Daniela Cruz,Camara,Norte,27,448.59,Agosto 15 2025,1572.65
5660,Paola Rios,Laptop,Sur ,48,"$1,314.54",Septiembre 14 2025,1805.48
3082,Laura Sanchez,Teclado,Centro,38,$545.21,02-25-2026,1812.78
3143,Ricardo Vargas,Monitor,Occidente,31,"$1,167.56",11-20-2024,943.02
6067,Jorge Morales,Bocina,Centro,49,"$1,026.24",07-30-2025,1330.95
1428,Valeria Mendoza,Monitor,Occidente,desconocida,$874.84,08-18-2025,943.07
5244,Miguel Flores,Monitor,Norte,52,$600.36,04-24-2026,1391.9
5625,Miguel Flores,Escritorio,Occidente,43,1348.82,2025-10-30,1192.14
4149,Andres Ortiz,Tablet,norte,28,800.37,26/06/2025,2101.46
847,Valeria Mendoza,Laptop,Norte,38,$605.57,23/12/2025,1506.83
8444,Ana Garcia, Escritorio,Sur,25,$607.60,11-09-2025,1157.43
3035,Miguel Flores,Camara,Sur,22,1020.07,Diciembre 16 2024,1109.31
9961,Ricardo Vargas,Teclado,Occidente,51,"$1,062.43",19/01/2025,874.49
32,Ricardo Vargas,Bocina,Occidente,35,"$1,061.19",Junio 14 2024,1786.99
8950,Luis Hernandez,Monitor,Sur,46,$622.46,Mayo 29 2026,1760.04
812,Pedro Aguilar,Impresora, Centro,50,"$1,218.78",03-17-2026,1562.52
9363,Pedro Aguilar,Silla,Occidente,43,$967.44,2024-05-25,1493.92
1485,Diego Romero,Escritorio,occidente,42,"$1,479.26",08-28-2025,1287.04
3460,Paola Rios,CAMARA,Norte,42,sin dato,10/05/2025,1329.85
5856,Jorge Morales,Escritorio,Occidente,36,$998.08,02/05/2024,2030.4
2145,Fernanda Castro,Teclado,?,47,"$1,080.15",02-13-2024,897.37
9800,Luis Hernandez,Impresora,Occidente,36,136.09,15/11/2025,1134.57
6453,Luis Hernandez,Silla,Occidente,45,"$1,741.80",Diciembre 21 2024,1405.47
3192,Alejandro Diaz,Bocina,sur,36,$943.88,2024-10-20,933.84
9078,Sofia Torres,Laptop,Centro,18,1144.90,2024-12-12,1661.57
7811,Luis Hernandez,IMPRESORA,Occidente,44,599.41,01/10/2025,1587.38
331,Isabel Guzman,Mouse,SUR,50,1326.86,11-14-2025,1590.68
3511,Jose Martinez, Laptop,Centro,55,910.22,2024-10-29,1074.06
9982,Maria Lopez,Mouse,Sur,36,$298.06,2024-10-15,1635.33
5612,Ricardo Vargas,Silla,OCCIDENTE,60,$928.02,2025-10-28,1297.36
6875,Miguel Flores, Laptop,centro,35,574.19,Abril 24 2025,1176.19
1199,Ricardo Vargas,Bocina,Occidente,-4,"$1,261.48",32/13/2026,1429.69
5208,Isabel Guzman,TECLADO,Centro,17,1115.33,04-20-2025,671.82
4424,Isabel Guzman,Monitor,?,37,727.96,2025-04-10,1851.6
3952,Daniela Cruz,Silla,,36,$953.82,2026-05-01,1713.7
1089,Miguel Flores,Bocina,sur,51,835.72,12-30-2025,1545.04
9282,Sofia Torres,Mouse,norte,26,796.22,,1256.5
2516,Paola Rios,Escritorio,Norte,28,$776.53,2025-12-30,1557.94
8196,Miguel Flores,LAPTOP,Centro,desconocida,778.93,2024-07-05,1313.71
3725,Fernanda Castro,Camara,Centro,26,$956.07,Noviembre 19 2024,814.03
4041,Maria Lopez,Silla,Norte,28,535.41,04-21-2026,1683.28
7924,Isabel Guzman,Silla,Centro,39,601.06,02-05-2024,1300.42
2460,Isabel Guzman,Camara,Sur,36,$538.61,08-15-2025,1647.33
550,Miguel Flores,Camara,Centro,42,833.57,Enero 15 2025,1525.47
9499,Ricardo Vargas,Impresora,Centro,25,1383.42,2025-07-08,894.48
5582,Luis Hernandez,Silla, Centro,26,"$1,031.38",Septiembre 6 2024,1330.33
2301,Daniela Cruz,Camara,Sur,,$998.01,Enero 11 2024,1430.49
4361,Sofia Torres,Camara,OCCIDENTE,25,"$1,340.08",32/13/2026,1680.62
3096,Camila Reyes,Tablet,Centro,34,$613.23,Diciembre 1 2025,1281.56
8756,Miguel Flores,Silla,Centro,30,$622.60,07/04/2025,1074.14
8093,Camila Reyes,Silla,Occidente,47,1365.98,2024-03-23,1428.6
919,Isabel Guzman,Mouse,Sur ,49,"$1,254.87",Mayo 2 2025,1415.94
5161,Ricardo Vargas,Escritorio,SUR,45,1111.20,Diciembre 24 2024,1670.41
9167,Carlos Ramirez,Impresora, Norte,48,671.00,Enero 19 2026,2019.59
2602,Sofia Torres,Silla,Norte,35,735.60,05-27-2025,1816.18
3634,Sofia Torres,Escritorio,Centro,53,971.87,12-18-2025,1191.0
8660,Maria Lopez,Laptop,Norte,379,550.89,22/09/2024,1757.7
5098,Luis Hernandez,Bocina,sur,39,564.43,Septiembre 29 2024,1625.44
4631,Ricardo Vargas,Teclado,Occidente,35,"$1,205.60",Junio 5 2026,922.56
12,Alejandro Diaz,Mouse,Sur,25,$628.81,2026-05-13,1201.25
4171,Sofia Torres,Tablet,CENTRO,217,206.19,Abril 2 2024,1540.6
1889,Laura Sanchez,Camara,Norte,54,$732.62,20/08/2024,1557.49
9138,Alejandro Diaz,Tablet,Centro,44,1178.14,,1289.68
5806,Andres Ortiz,Laptop,NORTE,40,sin dato,10/05/2026,1799.03
4862,Maria Lopez,Laptop,Occidente,48,"$1,069.49",2026-05-15,1402.04
6121,Carlos Ramirez,SILLA,Occidente,61,$602.09,2026-04-16,966.63
8214,Carlos Ramirez,Silla,Centro,52,$803.44,08-09-2024,991.78
1205,Luis Hernandez,Laptop,CENTRO,40,905.61,Enero 12 2025,625.41
6525,Carlos Ramirez,Monitor,sur,40,1275.78,2024-12-20,1578.84
2674,Fernanda Castro,Camara,Centro ,45,$869.29,18/12/2024,1206.47
5626,Carlos Ramirez,Bocina,Sur,33,$753.98,Mayo 12 2026,1179.45
7358,Valeria Mendoza,Camara, Occidente,46,924.59,08-17-2024,1351.82
6632,Ricardo Vargas,Silla,Norte,42,$899.32,Julio 4 2025,1294.68
3248,Andres Ortiz,Laptop,Centro,48,sin dato,11-04-2025,1526.81
9866,Pedro Aguilar, Teclado,Occidente,44,$466.29,Agosto 2 2024,1224.69
4391,Ana Garcia,LAPTOP,Sur ,30,505.45,2024-03-02,1691.88
6074,Daniela Cruz,Silla,occidente,37,sin dato,2024-05-10,1254.38
8774,Carlos Ramirez,Tablet, Sur,29,882.62,11-06-2025,1211.76
811,Jose Martinez,Silla,Sur,35,"$1,066.03",02-14-2026,882.92
6786,Alejandro Diaz,Laptop,occidente,39,661.49,32/13/2026,1708.09
4593,Maria Lopez,TABLET,Occidente,45,$889.87,08-02-2024,1789.53
1369,Diego Romero,Silla,CENTRO,21,1001.36,Abril 25 2026,1691.7
1521,Laura Sanchez,Silla,sin informacion,22,397.35,08/11/2025,1543.03
9957,Paola Rios,Teclado,Centro,34,773.92,Diciembre 29 2025,975.15
1206,Sofia Torres,Escritorio,CENTRO,43,869.71,29/01/2026,1087.15
7239,Ricardo Vargas,Bocina,sin informacion,39,$915.12,03/05/2025,1461.27
2333,Pedro Aguilar,Laptop,Sur,16,588.21,Julio 19 2024,1121.42
4035,Ana Garcia,Camara,Sur,36,$601.09,Noviembre 24 2024,1645.08
3850,Camila Reyes,Silla,Sur ,43,$756.12,Enero 29 2024,1476.13
4227,Jorge Morales, Monitor,Norte,28,775.89,06-03-2026,1142.92
860,Paola Rios,Camara,Centro,33,"$1,188.47",,1262.34
2034,Ricardo Vargas,Tablet,Occidente,50,$951.68,02-16-2026,932.69
1316,Carlos Ramirez,Tablet,Norte,28,$981.51,2025-09-28,1317.1
8499,Maria Lopez,Impresora,Sur,43,sin dato,Enero 8 2024,1790.96
7123,Valeria Mendoza,Laptop,Norte ,14,343.68,12-26-2024,2246.11
4720,Jose Martinez,Silla,Sur,47,610.77,01-12-2024,1436.24
7639,Luis Hernandez,Monitor,Occidente,20,$976.28,10-18-2024,1656.94
4785,Jorge Morales,Camara,Centro,34,$777.57,28/08/2024,1462.35
56,Isabel Guzman,Tablet,Occidente,27,800.56,2024-12-17,1838.55
1367,Ricardo Vargas,Laptop,Centro,,"$1,026.06",2025-11-04,1428.06
7294,Pedro Aguilar,MONITOR,Centro,52,"$1,090.24",2024-09-28,1759.98
3925,Alejandro Diaz,Mouse,Sur,38,$978.07,10-10-2025,2061.41
7505,Daniela Cruz,Mouse,sur,26,sin dato,2026-04-17,2010.94
2507,Fernanda Castro,Monitor,sur,34,212.17,09-25-2024,2002.22
7200,Alejandro Diaz, Silla,OCCIDENTE,328,620.19,2026-06-06,1172.01
5876,Isabel Guzman,Impresora,Occidente,40,671.14,2024-01-29,1643.63
7459,Isabel Guzman,Laptop,Sur,28,sin dato,2024-10-06,1590.65
8655,Ana Garcia,Impresora,Occidente,21,$744.64,Abril 29 2026,1370.56
1574,Isabel Guzman,Escritorio,Occidente,37,$917.52,Junio 1 2024,1735.83
4889,Andres Ortiz,BOCINA,occidente,34,1016.72,02-23-2026,1110.41
309,Maria Lopez,Laptop, Occidente,40,400.50,Octubre 14 2024,594.61
6508,Jorge Morales,Escritorio,Occidente,28,sin dato,Abril 21 2024,662.4
580,Alejandro Diaz, Mouse,norte,,584.26,Septiembre 3 2024,1223.97
1706,Carlos Ramirez,Bocina,Sur,42,760.83,2026-05-26,1035.6
7277,Fernanda Castro,MOUSE,Norte,40,623.26,08/04/2024,830.73
6652,Jose Martinez,Mouse, Occidente,46,1035.12,10-08-2025,1043.99
5108,Alejandro Diaz,Teclado,Occidente,22,1136.46,2024-11-29,1222.25
8982,Sofia Torres,Monitor,Norte ,31,494.50,Junio 3 2024,1206.05
2995,Pedro Aguilar, Silla,Occidente,59,731.73,2025-07-24,1033.85
7179,Miguel Flores,Impresora,NORTE,42,1004.03,2025-04-19,1502.1
5131,Andres Ortiz,Tablet,norte,21,$106.69,10/09/2025,1729.54
5901,Luis Hernandez,Escritorio,Centro ,46,"$1,059.57",21/04/2024,2330.76
697,Andres Ortiz, Teclado,Centro,34,$825.83,31/01/2025,1372.39
6478,Fernanda Castro,Escritorio,Centro,22,$755.87,06-19-2024,560.89
6956,Maria Lopez,Teclado,Norte,34,$575.05,Febrero 1 2026,1395.04
6333,Jose Martinez,Bocina,Norte,36,827.32,Mayo 16 2026,1199.94
8797,Diego Romero,Escritorio,sur,38,863.59,29/04/2026,1873.87
7064,Andres Ortiz,Camara,Sur,23,876.55,Diciembre 25 2025,1417.74
5804,Pedro Aguilar,Bocina,sur,47,$596.96,2025-05-03,1375.56
958,Daniela Cruz,Monitor,Norte ,58,377.05,02/05/2026,1561.92
5915,Carlos Ramirez,Impresora,N/A,24,496.40,,1589.96
7007,Paola Rios, Tablet,Occidente,46,1459.68,Febrero 8 2025,1318.98
5270,Fernanda Castro,Bocina,Centro,54,1556.91,2025-06-11,1463.3
6072,Luis Hernandez,Camara,OCCIDENTE,47,$843.70,Febrero 2 2024,1094.07
354,Diego Romero,TABLET,Centro,49,926.51,10/05/2026,1157.25
4828,Diego Romero,Escritorio,norte,40,$524.25,05-28-2024,1304.01
4799,Pedro Aguilar,Silla,norte,27,753.29,2026-04-19,1410.48
9881,Jose Martinez,Camara,Occidente,51,664.67,12-31-2024,1056.8
6759,Luis Hernandez,Escritorio,CENTRO,41,"$1,747.50",2024-11-22,1783.86
9016,Carlos Ramirez, Mouse,Occidente,41,982.03,02/09/2024,772.54
8928,Sofia Torres,Impresora, Occidente,24,584.00,24/04/2025,1555.32
7282,Maria Lopez,Impresora,Centro ,20,sin dato,22/04/2026,1500.35
3247,Carlos Ramirez, Mouse,,49,$791.36,26/08/2024,1142.8
502,Miguel Flores,Mouse,Centro,38,$-843.33,Diciembre 29 2025,1945.13
9595,Jose Martinez,Tablet,norte,46,474.98,2025-09-01,1896.1
9940,Luis Hernandez, Silla,Norte,39,$424.20,01-30-2026,1542.64
1008,Jorge Morales, Bocina,Centro,25,728.83,20/05/2026,1499.68
7153,Miguel Flores,Impresora, Centro,29,514.00,2025-04-21,1417.41
2172,Jorge Morales,Tablet,Sur,29,$647.54,2025-11-03,1239.17
5384,Maria Lopez,Laptop,Occidente,41,1031.80,Abril 7 2025,1235.86
4465,Daniela Cruz,IMPRESORA,Occidente,39,611.30,31/01/2025,1800.81
9890,Jose Martinez, Bocina,sur,37,1003.02,06-27-2025,874.53
8788,Jose Martinez,BOCINA,OCCIDENTE,13,1041.13,32/13/2026,1156.47
1319,Paola Rios,TECLADO,sur,27,699.94,11-24-2024,1692.37
4590,Andres Ortiz, Teclado,Occidente ,57,$883.68,04-29-2025,1659.23
4430,Jose Martinez,Teclado,Sur,53,$-670.60,2024-07-20,1088.97
1476,Valeria Mendoza,Camara,Norte,45,$485.81,08-27-2024,1315.51
6933,Alejandro Diaz,Monitor,CENTRO,42,$808.64,,1497.04
5318,Paola Rios, Camara,Sur,31,734.69,05-14-2025,1013.62
8039,Camila Reyes,Bocina, Norte,33,1030.21,30/12/2024,1189.33
8573,Jose Martinez,Mouse,Sur,50,896.54,2024-01-29,1453.0
9359,Jose Martinez,Escritorio,occidente,16,788.53,02-13-2024,1419.33
5832,Luis Hernandez, Impresora,sur,33,$920.96,Junio 18 2025,1049.29
4164,Paola Rios,Impresora,?,53,$698.12,Diciembre 3 2025,1076.84
8670,Andres Ortiz,Camara, Occidente,52,686.39,09-05-2025,1569.87
8096,Fernanda Castro, Silla,Norte,33,"$1,183.74",2024-06-04,905.78
1614,Pedro Aguilar,Teclado,sur,48,722.50,14/12/2025,1657.27
5269,Daniela Cruz,Silla,Norte,37,840.35,06-04-2025,1870.46
426,Maria Lopez,Bocina,Sur,45,316.70,Mayo 16 2025,1363.87
7747,Paola Rios, Teclado,Occidente,56,sin dato,Noviembre 13 2025,957.26
9062,Carlos Ramirez,Bocina,Centro,42,"$1,032.49",Marzo 6 2025,1490.69
8392,Ana Garcia, Silla,Centro,,701.61,10-26-2025,1474.0
8808,Ana Garcia,LAPTOP,Norte,26,$633.94,Enero 13 2024,976.71
144,Sofia Torres,Camara,Sur ,46,875.11,,1102.56
3821,Laura Sanchez,Teclado,Norte,32,1388.41,11/04/2026,1271.78
7725,Valeria Mendoza, Silla,Sur,46,$557.93,Abril 11 2024,942.63
4346,Diego Romero,Mouse,Occidente,36,997.69,2026-02-25,1104.27
8497,Diego Romero,Teclado,SUR,37,$990.92,21/08/2024,1533.29
4789,Laura Sanchez,Laptop,Occidente ,26,1023.83,2025-05-31,667.24
7662,Camila Reyes,Teclado, Norte,52,837.58,09-04-2024,1610.42
4398,Jose Martinez,Mouse,NORTE,52,$849.46,32/13/2026,2099.78
4682,Luis Hernandez,Bocina,Sur,48,$-854.46,16/03/2024,977.17
5370,Pedro Aguilar,Teclado,Occidente,17,1150.04,03-24-2026,984.4
2310,Sofia Torres, Silla,Occidente,56,890.40,02-06-2026,1289.73
2113,Camila Reyes,Impresora,Centro,38,832.37,2024-03-02,1365.94
835,Valeria Mendoza,Tablet,Occidente,55,803.45,Febrero 16 2024,1393.04
594,Isabel Guzman,Laptop,Centro ,42,$857.37,2026-04-03,1953.39
7733,Paola Rios, Monitor,Norte,32,$-298.41,31/10/2025,1479.85
5009,Diego Romero,Impresora,Centro,32,630.25,03-23-2025,1987.05
2132,Daniela Cruz,Bocina,Norte,55,550.78,2024-06-24,1414.95
766,Ricardo Vargas,Impresora,Centro,50,"$1,029.70",12-24-2025,1463.16
9491,Ana Garcia,Escritorio,Sur,22,944.46,09/01/2025,1234.32
147,Luis Hernandez, Escritorio,Occidente,27,"$1,087.72",Septiembre 25 2024,1455.85
395,Jorge Morales,Escritorio,Occidente,57,639.16,Febrero 15 2025,1293.24
7702,Maria Lopez,SILLA,norte,42,749.07,01-25-2026,886.68
8601,Fernanda Castro,Mouse, Norte,24,938.17,,1040.5
3809,Sofia Torres,Escritorio,NORTE,46,$693.14,2024-01-22,1319.89
8238,Carlos Ramirez,Escritorio,Centro,44,sin dato,06-11-2024,738.38
7722,Miguel Flores,Silla,Occidente,46,$817.02,06-24-2024,1300.16
3495,Isabel Guzman,Tablet,Sur ,60,sin dato,2026-04-03,2011.26
2185,Jose Martinez,Bocina,norte,32,$504.78,Febrero 12 2024,1366.7
3337,Pedro Aguilar,Laptop,norte,23,1036.86,06-14-2026,1568.44
2160,Isabel Guzman,Escritorio,OCCIDENTE,43,442.84,32/13/2026,1283.25
6733,Maria Lopez,Laptop,CENTRO,44,$-218.76,2024-05-17,1421.4
7486,Luis Hernandez,Silla,norte,44,990.22,09-17-2025,1464.24
5713,Paola Rios,CAMARA,Sur,13,646.26,02-13-2025,1519.56
3411,Ana Garcia,Mouse,Centro ,67,$896.70,23/07/2024,1162.23
9260,Camila Reyes,Laptop,Norte,46,$856.00,07-06-2025,1675.14
3498,Maria Lopez,Teclado,Occidente,42,"$1,055.91",Octubre 6 2025,1232.05
2072,Pedro Aguilar,Tablet,Centro,17,$738.48,2025-04-09,1714.75
1368,Diego Romero,Escritorio,NORTE,33,$639.75,06/10/2025,1276.22
2365,Alejandro Diaz,Monitor, Sur,30,$811.01,2026-03-18,1242.42
7710,Ana Garcia,Monitor,SUR,49,358.09,03-04-2024,1193.49
4077,Isabel Guzman,Silla,Centro,45,$773.07,Noviembre 20 2024,1986.24
3513,Diego Romero,Silla,NORTE,30,$292.90,Junio 15 2025,1229.71
6365,Ana Garcia,Teclado, Norte,15,$-840.38,2025-01-08,1405.65
3502,Alejandro Diaz,Monitor,Sur,33,$912.50,19/08/2024,1159.69
4575,Camila Reyes,Laptop,Sur ,38,$636.23,07/02/2024,1396.63
3142,Jorge Morales,LAPTOP,occidente,40,$542.85,32/13/2026,1444.42
6042,Jose Martinez,Teclado,Centro,29,550.50,Febrero 28 2024,1831.73
1248,Carlos Ramirez,Silla,Occidente,18,1457.17,29/09/2024,2037.12
8799,Sofia Torres,Tablet,occidente,46,1220.88,11-18-2024,1466.61
75,Jorge Morales,Bocina,sur,40,1317.58,19/10/2024,1590.4
5861,Miguel Flores,Tablet,SUR,32,$758.76,Septiembre 25 2024,1397.57
7335,Miguel Flores,Camara,Norte,41,$888.52,09-24-2024,1669.4
2397,Ana Garcia, Bocina,Norte,39,629.72,2025-02-07,1751.87
8306,Isabel Guzman,Bocina,Occidente,45,sin dato,2024-10-30,1322.45
987,Sofia Torres,BOCINA,norte,52,$860.61,Enero 19 2026,1816.67
8348,Ricardo Vargas,Silla,Sur ,48,$543.29,2026-03-30,826.25
4844,Alejandro Diaz,Monitor,Centro,48,537.49,2025-04-09,2269.61
5960,Andres Ortiz,Teclado,Sur,58,"$1,055.98",2025-12-27,1767.54
8415,Camila Reyes,Monitor,CENTRO,44,710.31,24/07/2025,1514.54
5599,Ricardo Vargas,Silla,Sur,49,1225.24,2025-01-02,1467.91
5762,Luis Hernandez,Tablet,Sur,23,$866.05,01/04/2025,1834.79
7700,Pedro Aguilar,Monitor,Occidente,42,$651.45,Octubre 25 2025,1588.94
4132,Paola Rios,Escritorio,Occidente,36,"$1,386.69",2024-02-24,1150.25
8835,Alejandro Diaz, Tablet,Norte,53,1118.17,13/05/2025,1114.26
1762,Alejandro Diaz,Monitor,Norte,49,$410.81,Marzo 6 2025,1154.2
4264,Maria Lopez,Bocina,Norte ,31,808.53,10-14-2024,1872.43
4213,Maria Lopez,Escritorio,Sur,,$963.58,10-21-2025,1341.57
4044,Fernanda Castro,Laptop,Occidente,29,995.85,Agosto 27 2025,895.93
531,Fernanda Castro,Bocina,CENTRO,60,630.65,Febrero 8 2025,1193.19
9898,Daniela Cruz,Camara,Sur,46,$851.67,27/12/2024,1642.01
5125,Luis Hernandez, Escritorio,Sur,19,647.16,01/04/2024,2003.43
3955,Jose Martinez,Escritorio,Centro,20,623.30,03-25-2026,1313.24
7815,Andres Ortiz, Mouse,CENTRO,32,948.28,13/04/2025,2037.54
5064,Fernanda Castro, Camara,Centro,30,$678.22,25/04/2024,1533.36
5721,Isabel Guzman,Monitor,,41,914.63,08-14-2025,1528.0
224,Isabel Guzman,Impresora,Sur,156,882.15,Agosto 1 2025,556.6
7908,Luis Hernandez,Bocina,N/A,41,sin dato,Septiembre 22 2024,1645.08
404,Andres Ortiz,Escritorio,Norte,38,$-667.47,10/09/2024,1198.38
1780,Maria Lopez,Mouse,NORTE,29,814.83,2025-12-15,645.8
1026,Luis Hernandez,Escritorio,CENTRO,44,579.07,26/03/2024,1605.38
6569,Laura Sanchez,Mouse,Centro,38,$704.38,2024-10-01,1190.12
3779,Ricardo Vargas,Mouse,Norte,35,"$1,045.81",Octubre 7 2025,2102.03
8274,Valeria Mendoza,Laptop,Centro,29,$979.09,2025-07-03,781.11
9025,Luis Hernandez,MONITOR,Sur,53,$696.13,2025-09-01,1514.7
2717,Jorge Morales,Monitor,Centro,55,sin dato,03-19-2026,1668.87
6207,Laura Sanchez,Laptop,sur,35,566.15,05-24-2026,1226.87
8954,Carlos Ramirez,SILLA,centro,27,$471.54,Julio 26 2024,1477.78
6994,Daniela Cruz,Tablet,Occidente,50,1049.74,,1153.15
3483,Isabel Guzman,Impresora,Sur,43,$725.85,Mayo 12 2024,786.73
4654,Daniela Cruz,MOUSE,OCCIDENTE,24,938.70,02-23-2026,1472.29
3403,Diego Romero,Camara,Sur,35,$302.42,Diciembre 15 2024,1230.19
6254,Diego Romero,CAMARA,sur,36,352.30,Octubre 12 2025,1492.49
5726,Sofia Torres,Monitor,norte,26,$571.59,2024-02-13,1690.84
6795,Jorge Morales,Silla,Norte ,32,$762.21,08-11-2024,2141.72
3870,Andres Ortiz,Mouse,norte,28,"$1,129.50",Agosto 11 2025,1918.96
5742,Laura Sanchez,CAMARA,Norte ,50,$783.74,05-29-2024,1045.73
5801,Jorge Morales,Mouse,Centro,21,$-603.22,02/03/2026,827.49
1379,Diego Romero,Laptop,Norte,46,933.03,26/02/2024,1584.65
7399,Maria Lopez,Laptop, Centro,36,1147.90,2025-03-20,1133.46
1552,Maria Lopez,Escritorio,Sur,23,$427.66,2025-08-10,1293.14
3137,Ana Garcia,Bocina,Sur ,17,726.80,02/03/2026,1362.7
8504,Jorge Morales,Bocina,norte,42,"$1,173.57",Marzo 30 2024,1117.57
1632,Diego Romero, Bocina,Sur,46,"$1,661.38",Agosto 22 2024,1470.94
4261,Diego Romero,Silla,Occidente,29,1505.23,25/02/2026,618.61
4454,Laura Sanchez,Tablet,Sur,49,$-673.10,06-27-2024,1335.24
6505,Daniela Cruz,Bocina,Sur,45,848.78,,1304.53
3811,Daniela Cruz,Silla,Centro,-2,$762.57,20/09/2025,1779.95
5467,Camila Reyes,Tablet,Sur ,32,587.23,Diciembre 3 2024,931.52
9184,Miguel Flores,Laptop, Norte,58,710.60,10-19-2025,1569.53
5924,Miguel Flores,Tablet,Norte,39,"$-1,607.29",Diciembre 4 2025,1798.28
129,Ricardo Vargas,Mouse,norte,21,$894.44,2025-02-04,1181.94
1010,Diego Romero,Mouse,Norte ,16,$771.89,12-07-2024,1300.67
1291,Jorge Morales,Mouse,Occidente,47,sin dato,06-01-2025,1925.08
5343,Miguel Flores,Monitor,sur,5,880.06,Octubre 13 2024,1276.88
202,Pedro Aguilar,ESCRITORIO,SUR,36,1636.51,2024-10-02,840.58
3696,Diego Romero, Mouse,Centro,24,$361.72,13/12/2024,1759.13
7441,Camila Reyes,Escritorio,Sur,25,$800.21,02/09/2025,1198.67
1544,Isabel Guzman,Teclado,Norte,23,1077.15,05/02/2025,1045.18
5518,Alejandro Diaz,Escritorio,Sur,23,$294.37,Mayo 29 2026,1294.21
5914,Pedro Aguilar,Bocina,Sur,21,897.82,13/01/2025,1463.76
955,Carlos Ramirez,Impresora,Occidente,37,$936.99,Junio 25 2025,1608.37
4021,Ricardo Vargas,Escritorio,Occidente,39,$730.80,04-23-2026,741.01
2362,Jorge Morales,TABLET,Norte,389,sin dato,Marzo 14 2024,1691.5
8150,Laura Sanchez,Tablet,CENTRO,29,853.26,12-17-2025,1864.76
4690,Andres Ortiz,Teclado,OCCIDENTE,30,$795.78,23/05/2026,1215.84
8395,Jose Martinez,Bocina,Sur,35,1313.71,13/11/2025,1424.45
8022,Valeria Mendoza,Mouse,Centro,40,"$1,651.53",Enero 25 2024,1533.38
983,Sofia Torres, Impresora,NORTE,42,$419.55,20/04/2026,1017.77
3697,Laura Sanchez,Silla,Sur,34,$601.49,07/05/2024,1487.28
6143,Ricardo Vargas,Tablet,Norte,27,$498.70,2025-03-29,1566.08
6077,Maria Lopez, Silla,Sur ,27,938.31,05/04/2026,1472.24
2381,Pedro Aguilar,Tablet,Norte,34,"$1,262.93",Mayo 20 2025,2218.74
2487,Miguel Flores, Escritorio,sin informacion,40,482.05,Mayo 5 2024,916.66
6471,Jose Martinez,Teclado,centro,38,690.15,,1237.79
3207,Fernanda Castro, Escritorio,NORTE,50,708.08,2025-10-06,825.06
5959,Carlos Ramirez,Camara,Norte,30,sin dato,31/05/2025,1152.4
3090,Daniela Cruz,Camara,Occidente ,48,933.65,Mayo 29 2025,1522.81
6167,Miguel Flores,Impresora,Sur ,44,609.87,,937.61
1188,Fernanda Castro,Monitor,Occidente,35,897.01,13/02/2026,1624.51
6426,Diego Romero,Mouse,Occidente,38,"$1,148.31",2025-08-23,1479.13
6439,Ana Garcia,Silla, Sur,48,$996.62,2024-07-05,1219.65
4448,Isabel Guzman, Impresora,Norte,-6,$602.57,27/05/2024,833.56
7500,Daniela Cruz,Silla,Centro,52,825.78,Abril 18 2026,1676.02
3920,Paola Rios,Bocina,Sur,18,1334.14,25/05/2026,1602.86
1596,Ricardo Vargas,Monitor,Sur ,42,969.36,06/02/2024,1305.59
4093,Maria Lopez,Bocina,Centro,43,742.43,2024-10-26,1051.5
8235,Jose Martinez,LAPTOP,Norte,53,sin dato,2025-08-05,1160.39
6666,Maria Lopez,Monitor,Centro ,43,979.22,2024-05-23,1699.18
6246,Sofia Torres,Escritorio,Sur,39,"$1,620.74",,1730.69
3348,Isabel Guzman, Camara,Sur,48,$-953.99,28/01/2024,1157.74
9812,Andres Ortiz,Silla,Occidente ,20,$633.06,10/09/2024,1363.37
5169,Jorge Morales,BOCINA,,45,"$1,209.51",2025-05-20,1993.83
1274,Sofia Torres,Impresora,Norte,41,$958.94,Abril 5 2025,1449.95
575,Valeria Mendoza,Mouse,Centro,38,1440.03,11-25-2024,1667.31
145,Jorge Morales,Silla,Occidente ,35,sin dato,09-13-2024,1254.91
6273,Carlos Ramirez,SILLA,CENTRO,45,sin dato,2025-07-15,648.15
8062,Alejandro Diaz,Silla,Occidente ,35,419.92,14/04/2025,1684.12
6144,Isabel Guzman,MOUSE,norte,48,$545.46,20/05/2025,1295.8
2621,Laura Sanchez, Tablet,Sur,28,sin dato,31/01/2026,915.76
4915,Isabel Guzman, Escritorio,Norte,48,$743.43,,927.07
5995,Maria Lopez,Bocina,Occidente,38,$696.22,27/01/2024,1559.56
9935,Miguel Flores,Teclado,Occidente ,57,978.22,01-01-2024,1834.9
4972,Fernanda Castro,Impresora,Norte ,45,1104.92,Febrero 12 2025,1268.46
2771,Pedro Aguilar,Tablet,Centro ,42,$604.59,31/01/2025,877.37
4890,Andres Ortiz,MONITOR,sur,38,1106.79,17/08/2025,849.7
7323,Ana Garcia, Escritorio,Occidente,28,$845.78,Febrero 13 2026,1593.22
7506,Laura Sanchez,Silla,CENTRO,,$689.62,2024-10-21,1127.03
989,Isabel Guzman,Monitor,Norte,30,$944.47,2024-06-06,1522.6
9707,Carlos Ramirez,Camara,OCCIDENTE,45,"$1,231.09",07-02-2025,1999.44
4481,Laura Sanchez,Impresora,NORTE,33,906.07,13/11/2025,1168.34
7978,Laura Sanchez,Laptop,Norte,31,1299.92,2026-03-24,1287.16
8904,Fernanda Castro,Tablet,Norte ,41,355.10,17/10/2024,1398.46
3851,Carlos Ramirez,Impresora,,34,381.35,30/10/2024,1497.95
6223,Alejandro Diaz,Impresora,Occidente,24,$187.81,Marzo 7 2026,1582.55
6685,Jose Martinez,Impresora,Norte,61,"$1,143.74",2025-10-17,1795.79
3566,Ricardo Vargas,Monitor,norte,53,1082.73,08/09/2024,805.12
6504,Fernanda Castro,Escritorio,occidente,46,792.07,Junio 10 2025,1775.89
3888,Jorge Morales,Escritorio,NORTE,43,741.82,14/11/2024,1530.66
3297,Diego Romero, Bocina,Norte,25,$790.79,07/09/2024,1164.2
4404,Carlos Ramirez,Teclado,centro,48,882.77,Noviembre 20 2024,1924.03
3462,Andres Ortiz,Bocina,centro,50,726.70,2024-10-01,1466.53
4910,Alejandro Diaz,Camara,Sur,39,1270.00,2024-05-18,1988.35
4138,Fernanda Castro, Impresora,occidente,48,802.63,Noviembre 29 2025,1398.84
8698,Carlos Ramirez,Bocina,Norte,51,$256.26,23/05/2025,1705.94
7957,Ricardo Vargas,Silla,Centro,-1,"$1,453.15",,1311.04
9040,Pedro Aguilar,Bocina,CENTRO,13,697.68,Febrero 11 2024,1482.08
8029,Jorge Morales,Silla,Centro,76,762.06,10-09-2024,1695.21
4795,Alejandro Diaz,Silla,occidente,43,$831.83,08-27-2024,1431.8
726,Carlos Ramirez,Impresora,norte,33,$716.97,,1298.89
6064,Valeria Mendoza,Tablet,Occidente,53,"$1,536.29",11/09/2025,2064.9
2052,Laura Sanchez,BOCINA, Norte,48,514.17,10-04-2024,1409.98
5784,Diego Romero,Bocina, Norte,34,1322.98,2026-04-28,1762.44
4312,Pedro Aguilar,Bocina,Centro,21,535.65,04-25-2025,1683.04
2147,Jose Martinez,Teclado,Sur,51,924.90,30/10/2025,1436.91
2697,Carlos Ramirez,Escritorio,Centro,46,845.68,10-01-2024,1673.88
2483,Isabel Guzman,Escritorio,Centro,31,"$1,462.83",10-15-2025,843.99
1371,Miguel Flores,Teclado,Norte,41,$-951.28,2026-03-14,1502.91
1567,Sofia Torres,Laptop,NORTE,33,494.69,20/12/2024,1355.39
7417,Fernanda Castro,Impresora,Occidente,36,$396.80,2025-02-02,1414.91
9552,Daniela Cruz,Impresora,Occidente,17,$901.63,2025-03-31,1195.73
1517,Isabel Guzman, Impresora, Norte,27,$806.26,32/13/2026,949.67
6845,Carlos Ramirez,Monitor,Occidente,46,826.06,Enero 7 2024,1251.92
5863,Isabel Guzman,Camara, Centro,55,827.28,Enero 30 2025,2026.09
3628,Carlos Ramirez,Tablet,Sur,19,845.80,2025-04-19,2290.41
3309,Fernanda Castro,Silla,Occidente,39,1303.31,01-20-2024,1440.62
3732,Daniela Cruz,Mouse,Occidente,34,"$1,120.80",27/11/2025,1413.63
1038,Laura Sanchez,Laptop,Occidente,37,$999.87,01/12/2025,1438.96
2438,Miguel Flores, Camara,CENTRO,26,"$1,070.39",,1420.12
3000,Andres Ortiz,Impresora, Occidente,49,1209.61,Enero 1 2026,1259.45
1511,Jose Martinez,Bocina,Occidente,54,1336.70,2025-01-12,1532.75
412,Ana Garcia,Mouse,Occidente ,29,$929.30,Octubre 14 2024,1294.6
9224,Luis Hernandez,Laptop,OCCIDENTE,25,901.66,2026-06-01,1644.84
7775,Isabel Guzman,Bocina,Norte,59,796.87,12/10/2025,1826.13
3260,Maria Lopez, Monitor,,52,771.89,17/02/2025,1215.87
5393,Miguel Flores,Impresora,Occidente,36,803.05,Abril 3 2026,921.45
1318,Sofia Torres,Impresora,Norte,36,"$-1,293.94",07-09-2024,1956.78
7572,Andres Ortiz,Tablet,sur,38,557.40,22/01/2024,1413.91
8970,Luis Hernandez,Camara,CENTRO,,$733.28,Febrero 24 2025,1035.17
3070,Jose Martinez,Tablet,Centro,56,$898.09,2024-11-11,1097.69
6646,Sofia Torres,Escritorio,Centro,24,$897.49,2025-09-06,859.03
4672,Paola Rios,ESCRITORIO,occidente,39,676.36,2024-05-08,1095.63
7988,Ricardo Vargas,Laptop,Norte ,,$436.85,2025-06-14,1268.45
4855,Luis Hernandez,Escritorio,Occidente,42,"$1,033.53",32/13/2026,1320.96
4891,Maria Lopez,Tablet,Norte ,15,"$1,011.37",2024-11-09,1434.39
8218,Isabel Guzman,Silla,,46,284.47,2024-05-18,1337.91
3393,Carlos Ramirez,Mouse, Sur,49,$608.82,06-02-2024,1770.66
5223,Pedro Aguilar,Escritorio,Centro,38,973.13,05/02/2024,1755.09
7674,Ricardo Vargas,Impresora,Centro,47,"$1,063.62",32/13/2026,1524.04
506,Laura Sanchez,Mouse,Sur ,41,$913.56,03-30-2026,1981.83
1561,Daniela Cruz,Silla,Occidente,33,sin dato,2026-04-26,1774.52
7539,Paola Rios,Impresora,Sur,45,$-544.56,04/01/2026,1559.9
6611,Carlos Ramirez,Impresora,Occidente,35,$577.13,24/04/2025,1348.56
7617,Valeria Mendoza,Mouse,Centro,40,sin dato,Abril 28 2024,1393.24
6405,Carlos Ramirez,Silla,Sur,36,1246.77,01-06-2025,1725.94
9067,Diego Romero,Escritorio, Centro,48,823.15,Mayo 20 2025,1639.01
1121,Pedro Aguilar,Bocina,Occidente,41,686.48,18/10/2025,1302.03
3067,Paola Rios,Impresora,Centro,45,$610.60,10-30-2025,976.05
4683,Valeria Mendoza,Silla,Occidente,48,sin dato,09-29-2024,1066.04
8794,Pedro Aguilar, Camara,Occidente,25,$903.22,32/13/2026,2235.11
4708,Carlos Ramirez,Escritorio,Centro,66,$508.57,05/08/2025,1565.79
7283,Carlos Ramirez,CAMARA,Occidente,30,"$1,357.79",10/05/2025,1870.69
6570,Sofia Torres,Escritorio,Centro,42,$713.99,Abril 2 2024,1527.19
3942,Andres Ortiz,TECLADO,Occidente,42,$491.04,10/01/2026,1244.09
2738,Daniela Cruz,Mouse,Norte,47,374.12,02-23-2025,1741.2
5632,Ricardo Vargas,LAPTOP,Occidente,33,1020.73,Octubre 30 2024,1443.78
8541,Miguel Flores,TECLADO,Sur,50,"$1,215.83",Marzo 16 2025,1858.38
4982,Miguel Flores,Escritorio, Occidente,35,50.00,25/05/2026,983.47
6628,Jose Martinez, Mouse,occidente,27,$618.35,2025-01-24,772.86
9811,Diego Romero,Silla,Centro,52,"$1,324.11",22/10/2025,1617.94
4879,Sofia Torres,Monitor,norte,31,"$1,071.81",04-06-2026,928.11
8822,Luis Hernandez,Impresora,Centro,46,"$1,527.09",03-05-2026,1355.55
2518,Valeria Mendoza,Teclado,Sur,29,"$1,142.21",,1057.65
7190,Sofia Torres,Mouse,Norte,49,898.65,02/06/2025,1207.67
2549,Fernanda Castro,Impresora,Centro,31,$768.60,,274.48
9120,Camila Reyes,Teclado,Norte ,60,603.66,2024-12-10,1676.85
6554,Ana Garcia,Tablet,Sur,57,1385.87,22/04/2024,1481.61
409,Diego Romero,Silla, Norte,31,810.93,10-31-2024,1918.15
3392,Ana Garcia,Laptop,Occidente,24,$690.14,22/04/2024,1118.11
8357,Isabel Guzman,Camara,Centro,37,974.38,04/09/2024,1696.93
2292,Jorge Morales,Tablet,OCCIDENTE,45,922.29,Febrero 17 2024,1439.51
2337,Maria Lopez,CAMARA,Centro,26,$542.51,10/08/2024,1279.46
7823,Carlos Ramirez,Silla,Norte,63,970.83,Agosto 1 2025,1871.08
6069,Isabel Guzman, Bocina,Centro ,46,"$1,027.26",Noviembre 6 2025,1665.88
5819,Luis Hernandez, Mouse,Centro,21,$50.00,Enero 25 2026,1441.49
5282,Jorge Morales,Teclado,Norte,23,1723.09,Mayo 21 2024,1638.12
3771,Camila Reyes,Mouse,Centro,24,1137.38,18/07/2025,1773.93
7236,Camila Reyes,Monitor,Occidente,41,569.56,09-25-2024,1692.16
5964,Sofia Torres,Tablet,Centro,28,1223.65,Marzo 21 2026,1173.06
5851,Jose Martinez, Laptop,Norte,48,$996.47,Mayo 21 2026,1501.79
7471,Maria Lopez,Laptop,Sur,38,$622.46,Julio 29 2024,1560.51
5062,Isabel Guzman, Teclado,Occidente,,1229.47,2026-02-04,1241.7
2861,Ana Garcia,Tablet,Norte,-1,859.31,08-22-2025,1030.99
2364,Laura Sanchez,TABLET,Sur,7,387.25,Abril 11 2025,1241.87
4625,Diego Romero,Silla,centro,57,"$1,220.99",Abril 23 2025,1237.58
7322,Ricardo Vargas,Escritorio,Centro,37,323.93,01-13-2025,955.55
6065,Alejandro Diaz,Camara,Norte,57,$906.68,2024-08-03,1326.99
4124,Fernanda Castro,Laptop,Norte,34,"$1,043.36",11-04-2025,1197.29
275,Jose Martinez,Monitor,Sur ,62,"$1,414.04",06-21-2024,903.08
7999,Daniela Cruz,Impresora,SUR,50,804.00,23/06/2025,1232.05
6277,Daniela Cruz,Escritorio,Centro,61,"$1,700.89",2025-07-11,1466.66
7814,Pedro Aguilar, Teclado,SUR,30,643.16,2026-04-24,1181.23
8868,Andres Ortiz,Mouse,Occidente,15,679.82,10-14-2025,1571.66
6399,Fernanda Castro,Monitor, Occidente,34,"$1,049.21",18/11/2024,1152.96
3383,Alejandro Diaz,TABLET,Occidente ,33,882.59,2025-07-09,1284.68
6734,Luis Hernandez,Impresora,Centro,3,"$1,149.59",Febrero 28 2025,955.28
9552,Daniela Cruz,Impresora,Occidente,17,$901.63,2025-03-31,1148.91
3705,Diego Romero,Mouse,Norte,24,"$1,148.57",Abril 30 2025,1486.8
586,Diego Romero,Monitor,CENTRO,35,1114.21,32/13/2026,1685.35
838,Andres Ortiz,Impresora,Sur,54,$769.63,02-18-2025,1822.11
4807,Pedro Aguilar, Teclado,occidente,42,1027.05,21/05/2024,1913.39
4400,Jose Martinez,Monitor,Centro,52,332.12,01-07-2024,1656.09
2616,Diego Romero,Camara,Norte,42,1041.00,18/01/2026,1296.32
5347,Fernanda Castro,Laptop,Centro,45,$942.20,28/08/2024,1371.72
7244,Ricardo Vargas, Silla,Sur,47,$958.29,14/09/2024,1481.79
1554,Daniela Cruz,Laptop,Sur,47,1069.24,2026-01-30,1588.11
817,Maria Lopez,Monitor,occidente,44,sin dato,03-11-2024,1437.77
303,Diego Romero,Monitor,centro,30,sin dato,2025-04-26,1434.26
2620,Andres Ortiz,Camara,Occidente,44,$997.93,Junio 12 2025,1323.93
8142,Isabel Guzman,Tablet,Centro,43,sin dato,,1220.88
2486,Jorge Morales,Impresora,Centro,31,390.63,2025-05-09,1262.59
567,Laura Sanchez,CAMARA,sur,38,$704.86,2025-08-14,1474.03
1064,Luis Hernandez,Monitor,norte,33,$986.72,08/12/2024,1176.71
9065,Miguel Flores,Bocina,OCCIDENTE,23,$956.05,06/09/2024,1652.81
2820,Valeria Mendoza,Silla,occidente,33,"$1,074.11",Junio 15 2024,1212.6
953,Diego Romero,Mouse,Centro,39,$862.09,2026-02-18,1249.27
160,Maria Lopez,Silla,Centro,47,635.16,19/02/2025,1239.07
924,Diego Romero,Mouse,Occidente,31,379.86,Junio 4 2025,1227.57
7019,Valeria Mendoza,Teclado,Sur ,45,$490.61,2025-11-08,995.6
9745,Ricardo Vargas,Silla,Centro,24,742.48,28/02/2026,2061.0
88,Camila Reyes,Monitor,Norte,,780.60,2025-07-23,1224.95
7900,Sofia Torres, Laptop,Norte,32,$618.87,10-12-2025,1482.34
1840,Alejandro Diaz,MOUSE,centro,38,685.34,2025-03-05,1336.55
2057,Fernanda Castro,Impresora,centro,41,955.52,2025-11-09,1476.51
8682,Alejandro Diaz,Escritorio,Centro,42,1084.57,10/12/2024,1078.1
3714,Paola Rios,Monitor,sur,37,$354.04,,1541.47
4926,Diego Romero,Monitor,Centro,59,780.34,2025-10-07,1138.5
386,Ana Garcia,Bocina,Centro,40,sin dato,15/04/2026,1325.89
2284,Diego Romero,Camara,occidente,44,"$1,034.39",2025-09-13,851.83
1825,Pedro Aguilar,Tablet,Sur,34,841.91,28/07/2025,1287.62
5485,Luis Hernandez,Monitor,Sur,34,$896.79,Junio 12 2026,795.51
4420,Ana Garcia,Silla,?,26,$566.34,2025-05-30,1604.48
1589,Alejandro Diaz,Mouse,sur,25,$849.69,Junio 23 2025,1718.0
2872,Diego Romero,MONITOR,NORTE,32,1054.57,Enero 21 2025,1790.32
3349,Carlos Ramirez,Bocina,Sur,25,$487.29,2024-09-17,1286.96
5401,Andres Ortiz,Bocina,Centro,-1,"$1,128.48",Junio 19 2024,1903.98
4090,Miguel Flores,Teclado,Norte,51,sin dato,22/08/2025,1452.56
5889,Paola Rios,Teclado,Centro,43,"$1,080.31",Marzo 19 2025,1696.73
1290,Miguel Flores,Bocina,Centro,39,"$1,028.26",24/05/2024,1689.37
4097,Laura Sanchez,Teclado,Centro,47,$479.38,2026-06-15,1647.16
3161,Laura Sanchez,Tablet,NORTE,51,476.62,2024-10-15,1749.38
964,Carlos Ramirez,Tablet,occidente,46,"$1,048.69",2025-01-17,1522.1
353,Ana Garcia,Impresora,sur,31,244.28,04/03/2026,1373.03
9250,Ana Garcia,Teclado,centro,43,"$1,473.95",2024-05-16,1670.86
6587,Carlos Ramirez,Tablet,Centro,44,"$1,359.50",Junio 11 2024,1474.45
8194,Ana Garcia,Impresora,Centro,31,502.46,07-12-2025,1494.07
8976,Ana Garcia,Bocina,Centro,40,620.19,2024-10-09,1763.43
9274,Fernanda Castro,Tablet,sur,35,472.96,Noviembre 18 2024,1440.03
69,Pedro Aguilar,Camara,Centro,26,1143.42,24/06/2024,1542.47
8596,Paola Rios,Escritorio,centro,47,$550.70,07-10-2025,1316.34
8117,Sofia Torres,Monitor,Sur,39,309.11,04/01/2025,944.32
7195,Laura Sanchez,Impresora,Occidente,48,"$1,169.45",02-08-2024,1274.12
1162,Pedro Aguilar,Teclado,Occidente,19,$-821.74,2024-06-09,863.77
219,Isabel Guzman,Mouse,Sur,44,776.84,Agosto 28 2025,645.59
4274,Miguel Flores,Bocina,Centro,51,928.79,Diciembre 21 2025,1123.49
1201,Valeria Mendoza,Tablet,Centro,50,591.70,10/04/2024,907.79
6073,Valeria Mendoza,TECLADO,N/A,45,909.29,2024-09-22,1520.61
2916,Paola Rios,Escritorio,Norte,20,$861.43,12/10/2024,785.04
1757,Ricardo Vargas, Escritorio,SUR,46,802.63,09-11-2025,684.48
3487,Carlos Ramirez,Escritorio,Sur ,24,sin dato,11-01-2025,1363.18
6703,Andres Ortiz,Teclado,Occidente,39,1638.89,2025-07-04,1021.16
2720,Maria Lopez,Mouse,Centro ,25,979.73,Agosto 11 2024,1634.5
2242,Diego Romero, Bocina,Occidente,50,1164.92,2025-10-22,1235.62
6025,Camila Reyes,Monitor,Occidente,26,479.57,Octubre 11 2024,1785.52
5594,Fernanda Castro,Laptop,Occidente,42,$341.06,04-27-2024,1843.49
3750,Diego Romero,Teclado,Norte,40,$794.68,2024-06-29,1004.24
9475,Andres Ortiz,Mouse,Norte ,25,1306.15,18/11/2025,1011.81
539,Diego Romero,Camara,Norte,54,$819.17,09/04/2025,1976.41
1331,Jorge Morales,Mouse,Norte,46,906.58,14/12/2025,1682.67
2304,Ricardo Vargas,TABLET,Centro,32,1055.61,05-23-2025,1167.78
1613,Luis Hernandez,Mouse,sin informacion,36,"$1,364.90",31/01/2026,1507.53
1489,Daniela Cruz,Bocina,Norte,48,"$1,475.03",2024-09-12,1399.76
1745,Paola Rios,Escritorio,Centro,37,$269.60,10-29-2024,1175.13
9678,Laura Sanchez,TABLET,Sur,43,"$1,384.81",13/10/2025,839.67
1435,Andres Ortiz,SILLA,Centro ,33,1016.51,2024-09-21,880.44
1394,Pedro Aguilar,Bocina,,41,1323.28,2024-08-31,1676.69
5406,Andres Ortiz,Tablet,Centro,37,$997.55,08-12-2025,1207.57
3646,Valeria Mendoza,Teclado,Occidente,41,"$1,230.71",03-09-2026,1057.4
5963,Ricardo Vargas,Tablet,Sur,44,$498.48,Junio 2 2024,1439.61
3801,Andres Ortiz,TABLET,,36,"$1,065.54",2026-03-30,2174.53
9508,Jose Martinez,Teclado,Norte,51,$935.46,2024-10-30,1316.03
2813,Maria Lopez,Tablet,NORTE,32,$472.85,21/10/2024,1634.83
2670,Paola Rios,Monitor,Norte,50,838.47,05-24-2025,784.16
9375,Valeria Mendoza,Impresora,Sur,33,506.62,,1993.52
7845,Daniela Cruz, Silla,Sur,28,"$1,188.26",Octubre 5 2024,1070.57
5214,Diego Romero, Monitor,Occidente,18,1010.10,Agosto 7 2025,2038.85
3249,Diego Romero,Tablet,Centro,51,"$1,177.89",Enero 29 2026,1230.64
6864,Isabel Guzman,Silla,sur,29,324.01,04-28-2026,1300.76
574,Carlos Ramirez,Teclado,Sur,37,$878.78,,884.39
7749,Laura Sanchez,Monitor,Sur,64,717.40,05/09/2025,1273.58
8889,Laura Sanchez,Tablet,Occidente,30,707.50,2024-06-16,619.92
5508,Sofia Torres,Bocina,centro,32,687.75,07/12/2025,1266.65
1557,Diego Romero,Mouse,sur,18,"$1,150.82",2025-05-22,1006.26
7266,Alejandro Diaz,Mouse,centro,23,958.71,22/08/2024,1725.02
2599,Miguel Flores,Silla,Centro,26,1053.14,2026-05-08,1275.88
5168,Camila Reyes,Laptop,Occidente,38,$968.35,2025-06-28,1480.12
4158,Miguel Flores,Silla,Centro,64,756.51,03-20-2024,1259.34
2188,Isabel Guzman,Teclado,CENTRO,38,906.38,,1279.82
4023,Miguel Flores,Laptop,Occidente,46,$682.64,Junio 19 2025,1545.68
8454,Camila Reyes, Mouse,NORTE,48,985.73,09-23-2024,1047.77
8475,Isabel Guzman,Escritorio,SUR,22,489.70,32/13/2026,1506.64
259,Miguel Flores,Escritorio,Sur,49,$896.87,25/01/2025,1406.0
2665,Miguel Flores,Tablet,,20,sin dato,27/03/2024,1469.41
9401,Diego Romero,TABLET,Norte,31,566.06,19/03/2024,1414.73
3234,Diego Romero,Tablet, Sur,55,sin dato,2024-01-03,1916.71
8918,Pedro Aguilar,Mouse,Sur,27,778.71,11-24-2025,1179.67
7015,Carlos Ramirez,Bocina,norte,24,702.03,06-25-2025,1390.89
9311,Luis Hernandez,Escritorio,Sur,39,$579.05,05/04/2026,1190.35
5249,Camila Reyes,Camara, Sur,22,971.24,04-23-2024,1313.68
5443,Camila Reyes,Monitor,Norte,41,sin dato,19/04/2024,1073.29
8248,Paola Rios, Laptop,norte,43,$463.39,03-29-2024,1485.04
3615,Miguel Flores,Bocina, Centro,17,1125.10,11-20-2025,1297.95
9533,Ana Garcia,TABLET,Occidente,13,1198.41,03-03-2025,687.6
2215,Carlos Ramirez, Escritorio,NORTE,50,1056.84,01/03/2025,1382.67
5458,Jorge Morales,Monitor,Sur,55,$955.75,2024-07-11,1048.01
2936,Maria Lopez,Bocina,centro,35,"$1,138.56",2025-12-10,1659.43
889,Paola Rios,Mouse,Sur,44,950.56,06-06-2025,1115.42
2955,Laura Sanchez,Silla,Norte,33,$875.41,32/13/2026,982.79
1688,Carlos Ramirez,Monitor,Sur,36,$-703.48,2025-04-14,1723.2
1820,Maria Lopez, Tablet,Occidente,14,1088.84,2025-10-19,1294.66
3704,Valeria Mendoza,Impresora,Norte,39,966.72,23/12/2025,1406.86
1973,Jorge Morales,Silla, Norte,46,"$1,030.41",2025-05-24,1601.44
8114,Ricardo Vargas,SILLA,Sur,16,$295.35,11-25-2024,1326.98
8188,Maria Lopez,Monitor,Occidente,371,1020.14,2025-03-07,947.5
8907,Paola Rios,IMPRESORA,Centro,25,439.89,07-11-2025,1473.89
5153,Pedro Aguilar,Bocina, Norte,18,889.06,Octubre 8 2025,1486.28
7872,Pedro Aguilar,Teclado,Occidente,23,"$1,174.98",2024-02-12,1162.28
9330,Valeria Mendoza,Monitor,Centro,19,$786.89,Marzo 25 2025,1369.61
4714,Jose Martinez,Camara,SUR,28,$995.71,Diciembre 26 2025,1863.73
8316,Alejandro Diaz,Monitor,Norte,24,993.73,14/09/2024,1627.01
9512,Maria Lopez, Monitor,occidente,43,$991.77,09/04/2025,1449.89
9585,Jose Martinez,Silla,Occidente,45,$916.91,11/01/2025,1671.39
981,Alejandro Diaz,Silla,Centro,16,947.59,Octubre 19 2025,1085.03
7833,Camila Reyes,Laptop,N/A,40,sin dato,06-10-2026,1284.57
5504,Luis Hernandez,Mouse,sur,44,1044.25,Octubre 6 2024,1445.76
7262,Ricardo Vargas,Silla,CENTRO,18,862.18,30/12/2025,1801.58
7224,Sofia Torres,Monitor,occidente,43,$311.10,24/12/2024,1669.35
8368,Daniela Cruz,Camara,Sur,57,875.46,2024-05-09,1490.36
582,Maria Lopez,Camara,Sur,56,1265.73,Mayo 3 2025,2083.55
5291,Laura Sanchez,Laptop,Norte,26,694.38,10/10/2025,1898.52
2877,Daniela Cruz,BOCINA,occidente,32,$791.48,02-07-2024,1379.02
7136,Luis Hernandez,Mouse,Norte,20,877.90,32/13/2026,1342.38
9580,Daniela Cruz,Bocina, Sur,48,1323.85,04-01-2025,1645.16
5976,Ricardo Vargas,Escritorio,Centro,58,$748.65,Julio 26 2025,1191.68
1862,Sofia Torres,Monitor,NORTE,24,546.29,12-02-2025,945.61
5447,Pedro Aguilar,Bocina,Centro,,855.95,Julio 4 2024,516.37
3576,Ana Garcia,Monitor,Occidente,37,$982.44,Julio 30 2024,1546.73
1788,Sofia Torres,CAMARA, Occidente,35,1113.98,22/10/2025,1391.32
4506,Fernanda Castro,Mouse,Sur,41,$693.45,17/02/2025,1155.03
4772,Pedro Aguilar,Mouse,Norte,39,sin dato,Mayo 30 2025,1199.92
298,Paola Rios,Laptop, Occidente,39,623.04,2024-01-26,1493.76
926,Paola Rios,BOCINA,Sur,33,801.60,28/08/2025,1568.55
1591,Jorge Morales,Mouse,Sur,51,$623.94,08-06-2024,1460.37
7766,Maria Lopez,Camara,CENTRO,30,510.63,,1476.95
7491,Jorge Morales,Impresora,Sur,44,$849.90,04/03/2026,1427.67
1308,Carlos Ramirez, Bocina,OCCIDENTE,26,$-660.53,08/12/2025,1330.04
7038,Sofia Torres, Camara,Centro,39,$715.14,12-26-2025,1407.98
4768,Miguel Flores,LAPTOP, Norte,56,"$1,032.61",Mayo 26 2024,626.56
1673,Pedro Aguilar,Laptop,SUR,38,"$1,147.42",Junio 14 2025,820.41
2230,Valeria Mendoza,Silla,Norte,34,1471.26,2024-07-28,828.1
9752,Carlos Ramirez,Laptop, Sur,46,$946.67,2025-12-06,1122.77
294,Luis Hernandez,Bocina,Centro,30,1078.82,06-10-2025,1347.51
6346,Laura Sanchez,Tablet,Norte,8,$314.39,18/07/2025,1579.62
4223,Miguel Flores,Impresora,occidente,48,$424.10,Junio 12 2024,963.97
2580,Miguel Flores,Silla, Norte,26,$517.93,06-22-2024,994.74
7576,Isabel Guzman,Mouse,Norte,42,$761.05,2024-02-25,1588.95
6344,Laura Sanchez,Monitor, Centro,,936.52,Septiembre 30 2025,1599.22
8315,Alejandro Diaz,Camara,Sur,37,605.31,17/03/2025,1037.2
693,Carlos Ramirez,Camara,Centro,23,$648.04,2026-04-07,1948.55
687,Laura Sanchez,Escritorio,Norte ,32,598.01,Mayo 28 2024,1657.21
818,Carlos Ramirez,Monitor,Occidente,38,1230.20,2025-03-28,1521.86
217,Alejandro Diaz,Bocina,Sur,30,219.53,,1728.97
7935,Ricardo Vargas,Teclado,Occidente,16,1757.46,19/05/2025,1255.07
3890,Isabel Guzman,Silla,NORTE,30,1065.35,Mayo 22 2026,1775.78
323,Carlos Ramirez, Escritorio,sur,12,sin dato,,821.18
6105,Paola Rios, Laptop,occidente,53,sin dato,29/07/2025,1674.71
479,Fernanda Castro,Camara,Norte,36,$453.78,04-19-2025,1812.85
5379,Ricardo Vargas,Bocina,Occidente,41,482.26,Agosto 9 2025,1604.38
5701,Ana Garcia,LAPTOP,Sur ,33,$839.56,08/01/2026,1960.45
1890,Maria Lopez,Escritorio,Norte,26,1203.20,05/06/2025,1332.15
5763,Maria Lopez,Tablet,?,54,$731.57,04/11/2024,1593.91
813,Miguel Flores,Escritorio,Sur,43,$953.16,05-01-2024,1381.89
7434,Daniela Cruz,Impresora,Centro,39,1274.48,2025-08-30,1044.62
4347,Carlos Ramirez,Monitor,Occidente,26,$851.54,2026-04-30,1813.09
9036,Fernanda Castro,LAPTOP,Occidente,51,1078.97,32/13/2026,1897.53
6222,Paola Rios,Camara,Norte,44,$504.27,Mayo 16 2024,1346.57
3057,Paola Rios,Monitor,Centro,63,584.72,03-03-2024,1354.4
2376,Jorge Morales,Bocina,Centro,33,1271.27,10/08/2025,2128.94
4070,Sofia Torres,Escritorio,Occidente,48,133.15,2024-12-24,858.14
2033,Alejandro Diaz,Laptop,Sur,39,$533.06,2026-04-02,2001.32
968,Pedro Aguilar,Teclado,NORTE,34,$592.73,2025-03-28,1265.81
9644,Isabel Guzman,Impresora,Occidente ,32,1111.06,05-31-2024,1520.18
973,Isabel Guzman, Monitor,Sur,,"$-1,528.24",2024-12-22,397.88
6332,Sofia Torres,Bocina,Norte,35,966.13,11-03-2024,1698.11
2705,Ana Garcia,Teclado,centro,43,$729.54,Agosto 30 2025,1047.4
6300,Fernanda Castro,Bocina,sur,35,$660.61,2024-05-30,1388.57
7861,Diego Romero,Laptop,,27,$811.85,07-31-2025,1510.04
3375,Sofia Torres,Monitor,Occidente,58,529.28,2025-10-24,1388.47
9347,Maria Lopez,Tablet,Occidente,30,"$1,253.27",2025-07-22,1471.27
5602,Isabel Guzman,Tablet,,56,$786.91,2026-05-04,1245.02
2952,Paola Rios,Escritorio, Occidente,15,1078.13,2025-01-09,2237.98
9168,Isabel Guzman,Escritorio,occidente,29,1043.00,2024-04-03,1525.54
8702,Miguel Flores,Escritorio,CENTRO,45,$563.41,,1618.86
123,Daniela Cruz,Tablet,Centro ,27,1086.59,09-21-2024,1316.1
7217,Laura Sanchez,Mouse,Centro,38,882.81,Marzo 19 2025,1281.82
9767,Fernanda Castro,Bocina,SUR,34,1446.95,04/02/2026,1036.23
2101,Jorge Morales,Teclado,norte,42,"$1,167.09",04-10-2026,1084.06
870,Isabel Guzman,Laptop,Occidente,51,841.32,2025-04-18,1542.55
9223,Camila Reyes,Silla,sur,40,$866.35,2025-02-17,1860.49
6791,Isabel Guzman,Bocina,Norte,32,$318.38,11-28-2024,1175.45
1999,Daniela Cruz,Silla,OCCIDENTE,29,746.35,Febrero 22 2024,1639.05
3591,Sofia Torres, Teclado,Sur,57,721.21,07/09/2024,1369.67
1157,Miguel Flores,CAMARA,Occidente,41,$878.21,06/09/2025,1473.68
3157,Ricardo Vargas,Laptop,NORTE,53,"$1,077.49",2025-08-02,1156.87
4429,Pedro Aguilar,Mouse,Occidente,23,708.74,2024-05-26,1942.85
5689,Diego Romero, Tablet,Occidente,39,1094.77,2026-03-01,1016.77
6481,Alejandro Diaz,Impresora,Centro,27,$833.65,10/03/2024,1543.81
1576,Maria Lopez,Laptop,Norte,37,$689.46,06-02-2025,1002.81
9952,Sofia Torres,Escritorio,CENTRO,46,$657.64,15/01/2026,1151.08
8254,Diego Romero,Mouse, Centro,26,"$1,176.11",2025-01-07,1359.89
473,Jorge Morales,MONITOR,Occidente ,46,742.76,2024-02-10,1179.57
4998,Fernanda Castro,Bocina,centro,30,"$1,364.24",05-31-2024,905.55
9058,Alejandro Diaz,Laptop,Centro,48,$397.89,13/07/2024,1728.14
3584,Jorge Morales,BOCINA,Occidente,47,$595.16,2024-07-20,2047.82
2933,Andres Ortiz,TABLET, Occidente,43,$908.51,Noviembre 18 2024,2109.39
5426,Camila Reyes,Impresora,Centro,33,"$1,517.66",05/02/2025,1699.17
8752,Luis Hernandez,Silla,OCCIDENTE,40,1402.97,02/06/2026,1573.67
3389,Isabel Guzman,Mouse,Centro,28,898.97,2024-12-29,1390.62
2181,Andres Ortiz,SILLA,Centro,16,$870.93,02-09-2026,950.56
4744,Valeria Mendoza,Camara,Norte,41,"$1,370.57",2025-11-29,1491.96
9925,Valeria Mendoza,Monitor,norte,30,sin dato,25/11/2024,1644.01
7126,Carlos Ramirez,Escritorio, Norte,16,$880.55,2026-04-03,1588.24
5489,Jose Martinez,Tablet,Occidente,37,629.99,05-02-2026,1778.08
1150,Andres Ortiz,Silla,sur,50,404.21,Julio 18 2024,1087.07
1161,Maria Lopez,Impresora,Norte,52,$979.83,Diciembre 26 2024,1421.93
8001,Paola Rios,Laptop,Centro,48,839.11,10-16-2025,1042.76
257,Maria Lopez,Laptop,occidente,60,"$1,174.10",11-11-2025,1460.43
794,Diego Romero,MONITOR,Centro,43,$925.18,Marzo 11 2026,1673.75
4874,Daniela Cruz,Silla,Norte,63,118.65,Septiembre 7 2025,1336.76
9298,Carlos Ramirez,Mouse,SUR,40,$845.06,,1665.97
6198,Jose Martinez,ESCRITORIO,SUR,42,"$1,134.31",08/04/2025,1380.88
3856,Jorge Morales,Laptop, Occidente,31,$445.32,05/05/2024,1443.96
558,Diego Romero,Bocina,Occidente,57,$499.93,Marzo 29 2026,1101.65
2900,Fernanda Castro,Escritorio,Centro ,31,$652.53,01-25-2026,1381.33
3221,Jorge Morales,Bocina,NORTE,30,423.32,2024-02-20,1766.75
262,Isabel Guzman,Monitor,Centro,43,658.64,05/05/2024,1274.83
3741,Isabel Guzman,Silla,Centro ,40,$634.43,2025-09-02,1422.07
6763,Valeria Mendoza,SILLA,Occidente,33,$820.91,Mayo 29 2024,1585.35
8820,Maria Lopez,Escritorio, Centro,5,"$1,044.88",02-28-2026,1274.53
7228,Jose Martinez, Mouse, Occidente,31,548.71,Septiembre 18 2024,871.92
4306,Sofia Torres,MOUSE,Centro ,28,"$1,237.50",Abril 27 2024,335.32
4305,Miguel Flores,CAMARA,Sur,46,$968.74,09-21-2025,1730.54
5245,Paola Rios,MOUSE,SUR,6,$796.90,2025-07-09,1783.5
9213,Maria Lopez,Impresora,Norte,44,889.94,06-18-2025,1057.74
8801,Maria Lopez,Monitor,Norte,26,$-576.48,Abril 21 2025,2112.37
6823,Jose Martinez,Bocina, Centro,43,970.52,Abril 17 2026,2122.57
210,Alejandro Diaz,Monitor,Centro ,39,901.75,05-23-2026,1034.56
3799,Jose Martinez,Silla,Norte,48,$-966.98,2026-01-13,1069.79
3540,Diego Romero, Camara,Occidente,33,$-824.85,12-01-2024,1369.24
154,Isabel Guzman,Impresora,Occidente,57,654.73,01-25-2026,850.93
1148,Alejandro Diaz,IMPRESORA,Centro,45,611.51,11-19-2024,1080.07
1968,Luis Hernandez,Silla,Norte,16,"$1,121.11",2024-12-05,1148.12
8154,Daniela Cruz,Silla, Centro,58,$932.08,Noviembre 3 2025,1684.0
2434,Alejandro Diaz, Laptop,Norte,47,963.06,Septiembre 14 2024,1815.89
598,Diego Romero,Bocina, Sur,38,$706.83,Febrero 15 2026,1089.55
3138,Jorge Morales,Laptop,Sur,45,$918.49,29/11/2025,1151.93
6028,Ricardo Vargas,Mouse,Centro,-9,"$1,009.50",2024-12-18,1211.78
4777,Miguel Flores, Impresora,Sur,53,$514.82,26/02/2026,1038.34
9536,Daniela Cruz,Escritorio,Norte ,62,907.46,25/01/2026,930.52
1566,Maria Lopez,Teclado,sur,32,1317.78,18/03/2025,1428.76
6247,Maria Lopez,Escritorio,Centro ,48,"$1,103.20",11/12/2025,1634.21
7404,Carlos Ramirez,Escritorio,Centro,56,$700.88,14/05/2026,1327.34
6449,Miguel Flores,Impresora,Occidente,41,753.82,07-05-2025,1167.93
9446,Miguel Flores,Teclado,Centro,26,$-322.85,,1144.87
7305,Valeria Mendoza,Monitor,Sur,41,491.89,01-12-2026,1190.11
8418,Ricardo Vargas,Silla,Norte,52,1236.27,04-15-2026,1577.15
9704,Ricardo Vargas,Mouse,Centro,35,"$1,192.33",Diciembre 17 2024,2202.73
2244,Luis Hernandez,Laptop,Centro,48,"$1,146.29",03-16-2024,2258.51
1361,Ana Garcia,Laptop,Norte,25,$-877.43,Mayo 4 2026,1595.57
3305,Jorge Morales,Mouse,Norte,26,$514.09,Marzo 7 2025,1516.58
2325,Ana Garcia, Mouse,Sur,51,909.10,,964.73
8041,Luis Hernandez,Tablet,Sur,32,"$1,193.89",2025-08-30,1259.27
1481,Alejandro Diaz,Monitor,sur,45,$664.93,2024-04-19,1111.09
1834,Alejandro Diaz,Laptop,Sur ,27,804.93,32/13/2026,1541.05
3662,Laura Sanchez,Escritorio,Norte,35,600.64,Septiembre 9 2025,1538.36
7695,Maria Lopez,Mouse,Centro,49,978.89,2024-03-25,902.33
5124,Carlos Ramirez,Silla,NORTE,43,733.35,2026-06-14,1076.83
4188,Alejandro Diaz,Tablet,Norte,42,$562.22,Abril 7 2025,1419.73
7472,Camila Reyes,Impresora,Norte,37,1092.33,Enero 14 2024,1423.34
7655,Fernanda Castro,BOCINA,Sur,32,1031.38,Marzo 23 2024,1656.54
8886,Jose Martinez,Laptop,Centro,33,$809.55,23/06/2024,963.0
5242,Pedro Aguilar,Silla,Norte,48,1013.76,2026-02-26,1675.83
9806,Andres Ortiz,LAPTOP,Norte,35,346.57,04/03/2026,1632.08
5835,Valeria Mendoza,Camara, Norte,45,$716.33,04-17-2024,1661.54
1187,Alejandro Diaz,Silla,Centro,19,"$1,067.32",2025-09-22,1011.33
1908,Ana Garcia,CAMARA,CENTRO,51,1042.28,2024-05-06,1039.58
4089,Daniela Cruz, Impresora,NORTE,43,$899.21,22/07/2024,1671.53
2478,Andres Ortiz,Monitor,centro,35,sin dato,2024-08-23,1213.49
8209,Alejandro Diaz,Silla,Occidente,34,$655.14,2025-10-18,1967.17
9880,Diego Romero,Camara,,39,$856.03,Enero 4 2025,1179.11
6848,Camila Reyes,Laptop,Occidente,25,982.81,2024-04-05,794.95
1487,Camila Reyes,Escritorio,Norte,38,1095.59,2025-06-25,652.39
1677,Sofia Torres,Monitor,Occidente,48,$960.05,Noviembre 24 2024,1004.78
2354,Maria Lopez, Escritorio,Sur,51,$807.08,13/03/2024,1411.37
8849,Jorge Morales,Silla,Centro,43,"$1,057.93",10-03-2024,1641.85
1572,Maria Lopez,MONITOR,Sur ,-5,$137.70,16/01/2024,1423.49
5516,Ana Garcia,TABLET,Sur,49,749.91,17/04/2025,1622.99
4496,Alejandro Diaz,Impresora,Centro,61,"$1,067.38",2024-06-27,1443.03
619,Sofia Torres,Impresora,Centro,39,1040.41,01-11-2024,1718.47
6224,Sofia Torres,Tablet,Norte,36,530.53,Enero 14 2026,1877.25
6881,Laura Sanchez,ESCRITORIO,Occidente,34,585.45,08-23-2025,1670.58
2848,Andres Ortiz,Bocina,SUR,28,$972.70,27/01/2025,1225.66
868,Ricardo Vargas,Monitor,Occidente ,45,827.52,Noviembre 14 2024,1016.57
2508,Luis Hernandez,Tablet,SUR,47,$694.82,32/13/2026,2062.09
4983,Laura Sanchez, Teclado,Sur,36,1037.44,Noviembre 2 2024,1420.4
4696,Fernanda Castro,Bocina,,49,713.18,12-06-2025,919.62
8040,Miguel Flores,Camara,Sur,34,939.80,Febrero 4 2024,1629.21
4419,Diego Romero,Impresora,Centro,32,1094.89,2025-08-30,1385.98
7004,Isabel Guzman,Escritorio,Sur ,50,1398.84,01/07/2024,1570.38
8650,Diego Romero,Camara,sur,36,924.01,,1859.75
7707,Alejandro Diaz,Mouse,Occidente,33,935.35,06-29-2024,1952.04
791,Sofia Torres,Camara,Centro,51,$854.82,Enero 5 2024,1606.84
7786,Ana Garcia,Tablet,Sur,38,$891.77,04-11-2025,1796.96
7451,Andres Ortiz,Mouse,Centro,37,476.64,05-15-2026,1191.01
3823,Jose Martinez,Escritorio,norte,30,"$1,070.90",Mayo 23 2024,1986.63
7516,Isabel Guzman,Silla,Sur,50,1280.28,Diciembre 23 2025,1900.41
7830,Luis Hernandez,Monitor,Sur ,38,499.32,32/13/2026,1396.83
9851,Miguel Flores,Monitor,Centro,28,1221.06,08-24-2025,1510.89
2809,Luis Hernandez,Tablet,Occidente,37,$-759.45,12-07-2024,1523.88
5051,Carlos Ramirez,TECLADO,Centro,49,344.07,Diciembre 25 2024,1349.33
3519,Luis Hernandez,Camara,centro,9,$916.29,2025-10-16,1760.66
8926,Sofia Torres,Tablet,sin informacion,11,$265.57,2024-06-16,1358.83
1763,Jose Martinez,Escritorio,occidente,29,$847.27,Septiembre 22 2025,1762.59
3959,Miguel Flores,Impresora,Sur,28,"$1,339.66",19/06/2025,1315.85
7345,Ricardo Vargas,Bocina,NORTE,27,"$1,025.84",20/04/2026,1302.0
2134,Diego Romero,Bocina,Occidente ,49,811.94,2026-05-08,1843.45
5053,Miguel Flores,Laptop,centro,49,$876.83,04/05/2025,1639.68
8656,Miguel Flores,Impresora,Centro,36,$695.90,15/09/2024,1587.61
2280,Paola Rios,Impresora,Occidente,44,602.40,32/13/2026,912.97
660,Jose Martinez,Tablet,Norte,41,555.50,12-20-2024,1995.92
2431,Jorge Morales,TECLADO,Sur,40,"$1,057.83",30/08/2025,1036.55
3752,Alejandro Diaz,Tablet,Sur,57,801.53,03/08/2025,759.24
9794,Camila Reyes,Tablet,Norte,20,540.71,24/12/2024,953.14
2592,Pedro Aguilar,SILLA,Centro,56,$418.58,Junio 27 2024,1812.8
6316,Valeria Mendoza,Silla,Sur,36,220.03,10-18-2025,1734.33
643,Maria Lopez,Impresora,occidente,23,$786.08,02-17-2026,1376.38
169,Miguel Flores,Escritorio,sin informacion,28,274.95,Junio 4 2025,1071.35
1801,Pedro Aguilar,Teclado,CENTRO,33,929.42,Junio 28 2024,1706.0
3395,Ana Garcia,Mouse,Norte,35,881.07,32/13/2026,1403.91
1918,Paola Rios,Tablet,occidente,33,880.06,29/07/2025,1919.72
273,Laura Sanchez,Escritorio,Occidente,48,$843.81,Enero 13 2024,1476.2
4480,Daniela Cruz,Mouse, Occidente,60,$560.63,Marzo 7 2024,1680.08
9259,Ana Garcia,Escritorio,Sur,25,$790.12,,1249.87
495,Jose Martinez,Silla,Occidente,66,"$1,288.89",2024-12-08,1019.18
6789,Maria Lopez,Bocina,Norte,30,$346.25,32/13/2026,1609.78
1913,Sofia Torres,Camara,Centro ,37,$870.64,01-26-2026,1271.25
3647,Alejandro Diaz,Escritorio,Occidente,39,$289.16,2026-04-12,1664.12
8231,Laura Sanchez, Teclado,CENTRO,27,630.99,Enero 31 2025,720.6
307,Sofia Torres,Mouse,sur,52,"$1,078.13",Febrero 14 2025,699.27
4103,Carlos Ramirez,Impresora,centro,53,1319.10,2024-08-09,1760.15
782,Valeria Mendoza,Monitor,Occidente,28,532.33,04/12/2025,1809.04
5287,Valeria Mendoza, Tablet,occidente,21,872.23,08-11-2024,2382.21
535,Valeria Mendoza,Escritorio,Centro,28,612.30,2025-01-20,848.93
584,Jose Martinez,Escritorio,sur,51,1228.88,2024-09-22,1285.26
1301,Ricardo Vargas,Laptop,SUR,40,871.48,2025-06-21,989.5
7061,Paola Rios, Camara,Occidente,27,$-241.57,23/06/2025,1488.73
7496,Carlos Ramirez,Mouse,Occidente,17,707.49,2026-01-22,1365.65
8242,Carlos Ramirez,IMPRESORA,Occidente,34,1268.45,Abril 26 2025,1219.79
317,Valeria Mendoza,Camara,Sur,43,832.20,12-06-2025,1478.52
6511,Miguel Flores,Laptop,CENTRO,44,356.79,Noviembre 6 2025,1678.65
2565,Daniela Cruz,TECLADO,centro,35,"$1,199.00",03-20-2024,1816.53
1795,Maria Lopez, Laptop,Occidente,42,$833.62,Diciembre 26 2025,1287.95
6678,Jose Martinez,Escritorio,SUR,21,"$1,257.39",2025-09-20,1299.39
9929,Jorge Morales,Monitor,Centro ,38,"$1,046.93",2025-12-15,911.92
8464,Alejandro Diaz,TECLADO,centro,37,$-610.45,13/11/2024,610.79
549,Alejandro Diaz,Mouse,Sur,39,904.26,05-12-2024,1627.14
1693,Diego Romero, Impresora,Sur,36,sin dato,Septiembre 14 2025,2226.82
3526,Ana Garcia,Escritorio,occidente,34,1084.36,02-12-2024,708.89
3013,Alejandro Diaz,Tablet,Occidente,48,"$1,077.33",Marzo 20 2026,1900.55
1631,Laura Sanchez,Tablet,OCCIDENTE,57,"$1,018.47",Marzo 25 2024,1376.78
2391,Isabel Guzman,Bocina,Centro,13,$738.37,2025-01-25,1669.66
4695,Pedro Aguilar,Escritorio,Norte,46,475.22,2025-09-11,1673.27
9087,Diego Romero, Tablet,Norte,62,693.14,2025-09-24,1905.26
9440,Luis Hernandez,Silla,Sur,46,546.06,2024-06-28,1248.18
7705,Paola Rios,Monitor,Occidente,42,940.91,2024-08-05,1887.57
4488,Valeria Mendoza,Teclado,CENTRO,50,$313.69,2024-09-18,1274.31
1260,Ana Garcia, Camara,Occidente,46,$581.47,Mayo 19 2025,1020.01
8023,Pedro Aguilar,Impresora,OCCIDENTE,45,1223.70,10/11/2025,1398.58
810,Luis Hernandez,LAPTOP,SUR,35,sin dato,Mayo 28 2026,1690.16
6389,Fernanda Castro,Escritorio,Sur,39,1100.41,2025-12-23,2131.97
1050,Paola Rios,Mouse,Occidente ,19,882.86,03-12-2026,1360.68
7391,Miguel Flores,Tablet,Sur,46,$558.98,Diciembre 6 2024,1424.1
108,Miguel Flores,Camara,Centro,39,991.01,Septiembre 12 2025,1766.84
6250,Carlos Ramirez,Tablet, Norte,42,1139.57,Enero 3 2024,1173.41
8866,Carlos Ramirez,Teclado,Occidente,49,$898.09,2025-11-14,1734.69
6787,Pedro Aguilar,Monitor,Centro,39,$851.59,17/03/2026,1351.49
9733,Alejandro Diaz,Mouse,Norte,77,977.69,09-01-2025,1066.93
4606,Valeria Mendoza,Escritorio,centro,52,$377.47,05-25-2026,940.34
9550,Valeria Mendoza,Camara,Sur,31,1011.98,2024-07-13,1618.59
5456,Luis Hernandez,Mouse,Centro,366,sin dato,16/03/2026,1962.74
1533,Diego Romero,Tablet,sin informacion,47,911.37,Junio 3 2025,1175.08
4963,Carlos Ramirez,Camara,Centro,38,546.37,01/09/2024,762.37
212,Sofia Torres,Laptop,Centro,48,1230.85,Febrero 20 2025,1676.87
3148,Camila Reyes,Bocina,Centro ,38,358.02,15/03/2024,933.94
5157,Luis Hernandez,Escritorio, Centro,20,416.48,07-17-2024,1864.21
2151,Pedro Aguilar,Monitor,Centro,32,234.33,Septiembre 23 2024,1999.99
6996,Ana Garcia, Laptop,Norte,31,$413.60,2024-09-05,1779.71
1974,Miguel Flores,Silla,Centro,37,1208.03,Junio 17 2026,991.57
4686,Valeria Mendoza,Escritorio,Norte ,42,1155.22,2025-03-23,406.76
8183,Sofia Torres,Tablet,OCCIDENTE,48,$790.81,Julio 2 2024,1280.52
7608,Jorge Morales,Bocina,Occidente ,34,1221.23,Febrero 10 2026,1345.77
8839,Fernanda Castro,Laptop,Centro,61,$708.86,17/03/2026,1035.22
772,Jorge Morales,Tablet,Norte,34,461.61,32/13/2026,796.12
7503,Miguel Flores,Silla,Norte,47,"$1,530.26",Junio 15 2026,1480.45
8896,Isabel Guzman,Escritorio,Sur,29,828.19,18/04/2024,1172.38
1250,Valeria Mendoza,Silla,Sur,49,"$1,205.31",01/08/2025,1839.46
7891,Fernanda Castro,Laptop,Sur,41,$551.90,2025-03-01,1727.72
7254,Ricardo Vargas,Monitor,SUR,56,sin dato,2024-05-30,1429.63
9728,Jose Martinez,Impresora, Norte,41,818.90,22/03/2026,1611.02
6574,Andres Ortiz,Monitor,Sur ,44,713.67,03/11/2024,1496.56
6820,Pedro Aguilar,LAPTOP,Norte ,35,sin dato,09-01-2024,1322.81
710,Maria Lopez,Tablet,Occidente,42,691.99,Abril 17 2026,1833.52
2673,Ana Garcia,Monitor,centro,41,"$1,194.37",21/07/2024,1969.55
4515,Luis Hernandez,Camara,Centro,25,"$1,419.08",Agosto 8 2024,1266.7
1462,Jose Martinez,Laptop,,366,1019.58,22/12/2025,1604.18
2546,Andres Ortiz,Mouse,Sur,9,$752.72,31/01/2024,1234.4
7742,Camila Reyes,LAPTOP,Occidente,48,511.79,32/13/2026,1671.18
7218,Pedro Aguilar, Monitor,sur,48,1055.30,Octubre 27 2025,1686.67
8423,Carlos Ramirez,Camara,Centro,34,sin dato,22/01/2026,1711.82
1357,Daniela Cruz,Escritorio,Sur,36,1139.85,03/07/2025,1158.18
3012,Carlos Ramirez, Teclado,occidente,35,$920.55,Septiembre 7 2024,1373.02
852,Pedro Aguilar,Escritorio,occidente,51,$669.93,04/10/2024,1372.71
1005,Jorge Morales,Tablet,Norte,384,769.35,32/13/2026,1877.9
1835,Sofia Torres,Silla,Occidente,44,$567.49,21/05/2025,1961.27
7904,Fernanda Castro,MONITOR,occidente,22,$526.75,28/11/2024,1554.83
8338,Andres Ortiz,Silla, Occidente,46,$854.65,2025-08-31,1401.72
7743,Pedro Aguilar, Camara,Centro ,30,657.94,20/02/2026,1488.18
1317,Fernanda Castro, Mouse,norte,35,1262.18,06-01-2026,789.75
3328,Daniela Cruz,Camara,Occidente,15,$673.20,Mayo 19 2025,506.02
1624,Miguel Flores,Escritorio,Norte,34,$917.55,11-18-2024,1834.28
3834,Valeria Mendoza,Mouse,Occidente,32,"$1,058.77",Enero 1 2024,1734.76
5745,Jorge Morales,Silla,Occidente,47,617.63,Junio 20 2025,1069.81
1279,Valeria Mendoza,TECLADO,centro,47,$525.94,2025-08-20,1780.77
9246,Maria Lopez,MONITOR,OCCIDENTE,42,717.25,2025-12-28,1291.36
4146,Carlos Ramirez,Laptop,Sur,34,"$1,070.61",2024-01-24,881.36
8668,Jorge Morales,TECLADO,Centro,31,"$1,049.45",Noviembre 15 2025,1426.45
3147,Valeria Mendoza,Silla,Centro,52,"$1,209.37",2024-06-27,1843.11
5643,Luis Hernandez,Impresora,NORTE,47,$955.47,05-08-2025,1250.64
8528,Jorge Morales,Teclado,Centro,22,"$1,315.72",Agosto 11 2024,1699.92
7140,Isabel Guzman,Laptop,Norte,36,$764.67,2024-10-09,1152.57
2618,Camila Reyes,Laptop,Norte,47,898.55,2024-11-10,696.61
3663,Miguel Flores,TABLET,Norte,desconocida,1205.14,Octubre 31 2024,1457.01
89,Valeria Mendoza,Impresora,N/A,23,993.59,Mayo 17 2025,2083.37
875,Maria Lopez,Bocina,Norte ,37,739.42,,1337.19
8736,Carlos Ramirez,MOUSE,Occidente,24,876.04,32/13/2026,1869.22
3001,Paola Rios,Silla,N/A,26,"$1,095.30",09-20-2025,1024.62
2761,Isabel Guzman,Escritorio,Centro,29,$718.72,2026-02-27,1323.79
1881,Maria Lopez,SILLA, Occidente,28,"$1,092.29",03-20-2024,842.69
107,Andres Ortiz,Teclado,Sur,28,$537.86,03-08-2024,1238.8
927,Luis Hernandez,Escritorio,Norte ,49,sin dato,07-20-2025,1601.71
6366,Luis Hernandez,Tablet,CENTRO,48,"$1,131.78",31/01/2026,2005.7
320,Luis Hernandez,Escritorio,Sur,39,661.74,Marzo 16 2026,1607.21
879,Diego Romero,Laptop,Centro,51,$771.57,14/01/2025,1203.67
6774,Pedro Aguilar,SILLA,Sur,32,$907.58,2025-01-03,1503.37
3995,Daniela Cruz,Camara,N/A,52,865.41,Junio 7 2026,1279.63
4922,Paola Rios,Tablet,Occidente,32,1305.46,Abril 2 2026,1502.1
5387,Pedro Aguilar,Bocina,Occidente,47,$655.73,09/06/2026,1340.61
3079,Carlos Ramirez,SILLA,Centro,38,sin dato,Abril 4 2026,591.36
4731,Jose Martinez,Camara,OCCIDENTE,25,934.31,30/03/2026,1546.7
4235,Carlos Ramirez, Teclado,Centro,35,1034.64,14/04/2026,1699.07
4260,Valeria Mendoza,Escritorio,norte,28,"$1,101.87",,879.12
3727,Maria Lopez,Tablet,centro,-2,654.04,Julio 19 2025,1386.8
3753,Sofia Torres,Tablet,Norte,41,$231.24,01/03/2025,1574.96
9238,Valeria Mendoza,Silla,Occidente ,30,$275.25,13/07/2025,1961.52
1751,Isabel Guzman,Bocina,Sur,29,sin dato,2025-05-20,1662.93
7692,Fernanda Castro,Tablet,Occidente,32,752.74,07/01/2024,1330.89
5152,Ricardo Vargas,Bocina,Occidente,32,$812.39,2026-06-13,1349.56
3879,Andres Ortiz,Camara,Centro,30,$847.52,14/01/2025,1956.07
5865,Andres Ortiz,Laptop,Centro,39,$654.51,30/01/2026,1880.45
5601,Jose Martinez,BOCINA,Occidente,45,$361.48,24/01/2025,1647.4
1044,Fernanda Castro,Laptop, Norte,9,$828.12,,1193.67
3011,Diego Romero,Escritorio,Norte,40,1010.24,2024-02-27,1066.06
5156,Fernanda Castro,Tablet,norte,32,sin dato,03/01/2024,1124.47
6778,Ana Garcia, Bocina, Centro,58,$767.77,2024-09-27,1947.2
7787,Jose Martinez,ESCRITORIO,Occidente,,"$1,209.06",,1622.09
4591,Daniela Cruz,MOUSE,Centro,26,636.28,2025-10-05,1426.06
4752,Maria Lopez,Monitor,SUR,40,$743.13,Julio 6 2025,1574.93
2965,Daniela Cruz,Laptop,Occidente,-5,$792.51,08-31-2024,1537.08
8834,Daniela Cruz,Mouse,Sur,60,1230.77,2024-12-30,1707.61
138,Pedro Aguilar,Monitor,Norte,24,755.94,2024-10-04,1395.54
9073,Fernanda Castro,Teclado,Occidente,3,733.43,Julio 23 2024,1135.88
1098,Jorge Morales,Monitor,Occidente,36,"$1,013.18",24/05/2026,1062.77
9604,Ana Garcia, Camara,Occidente,36,"$1,146.82",2024-05-13,1574.27
6550,Isabel Guzman,Monitor,Sur,23,345.93,2025-07-01,1369.33
9459,Andres Ortiz,Bocina,Centro,,1009.95,04/04/2026,1988.54
6472,Andres Ortiz,Escritorio,Centro,42,703.96,06-26-2024,1425.26
6462,Ana Garcia,Mouse,Centro,46,$831.98,07-13-2025,1094.28
5266,Jorge Morales, Tablet, Norte,-1,$627.16,Septiembre 20 2024,1626.56
2136,Jose Martinez,BOCINA,Sur,38,$669.35,03-15-2026,1803.73
5459,Pedro Aguilar,Monitor,Centro,51,"$1,332.78",2025-06-23,1594.57
5079,Valeria Mendoza,Teclado,Occidente,34,918.35,2024-11-30,623.86
3368,Ana Garcia,Impresora,centro,42,"$1,094.22",2026-01-06,1184.7
3730,Camila Reyes,Mouse,Sur,45,sin dato,18/12/2025,1216.05
149,Paola Rios,Teclado,Norte,28,570.92,01/06/2024,946.36
304,Camila Reyes,Impresora,Sur ,32,$604.78,Junio 8 2026,1186.84
5114,Jorge Morales, Silla,Norte,37,985.84,01-13-2025,1215.42
5149,Diego Romero,Impresora,CENTRO,27,$788.90,Diciembre 6 2025,1962.38
1271,Camila Reyes,Bocina,Occidente ,32,sin dato,Abril 11 2025,1646.27
1905,Daniela Cruz,Teclado,Centro,42,$935.95,Mayo 8 2024,1696.5
2211,Sofia Torres,Bocina,Occidente,58,853.61,Julio 26 2025,1866.07
4295,Fernanda Castro,Silla,Norte,40,815.56,02-08-2025,1319.93
3843,Jorge Morales,Teclado,Occidente,,"$-1,149.56",2024-12-10,1215.57
3575,Andres Ortiz,Teclado,Centro,55,456.49,Junio 2 2025,1173.12
2876,Miguel Flores,Silla,Norte,20,"$1,345.01",01/10/2025,1134.51
5041,Luis Hernandez,Bocina,Occidente,43,972.17,2026-06-10,2034.85
2299,Jose Martinez,Silla,sur,45,$763.27,02-19-2026,1129.04
8676,Pedro Aguilar,Silla, Norte,38,$-999.74,Mayo 17 2026,1138.48
8156,Paola Rios,Mouse,sur,45,409.36,2024-07-07,1974.87
5279,Camila Reyes,Impresora, Occidente,53,"$1,068.12",29/07/2025,1133.86
5436,Andres Ortiz,Silla,CENTRO,30,824.78,2024-01-03,1229.04
9473,Maria Lopez,Monitor,Sur,47,895.43,05-28-2025,1470.62
5128,Laura Sanchez,Mouse,centro,52,1054.60,2026-05-14,895.1
8984,Diego Romero,Mouse,Occidente,50,$984.67,17/01/2024,1428.18
6529,Laura Sanchez, Teclado,SUR,33,$272.52,08-22-2024,1555.86
6895,Pedro Aguilar,Mouse,Norte,38,$506.94,Enero 23 2026,1430.67
1202,Alejandro Diaz,Monitor,norte,44,"$1,322.77",Abril 15 2026,1799.32
443,Jorge Morales,Impresora,centro,45,1209.19,2025-01-30,865.59
3430,Jorge Morales,Monitor, Norte,62,$253.28,05-23-2024,1392.56
1866,Isabel Guzman,Tablet, Centro,-5,1251.40,15/05/2026,1418.18
3284,Jorge Morales,Monitor,norte,20,"$1,236.63",Enero 10 2025,1723.63
5576,Alejandro Diaz,SILLA,norte,38,"$1,087.78",05-20-2024,1027.06
7058,Jose Martinez,Impresora,NORTE,49,$822.75,26/03/2026,1961.57
5717,Miguel Flores,Mouse,Norte,28,$421.82,Enero 2 2026,911.13
4999,Laura Sanchez,MOUSE,Centro,46,996.60,27/11/2024,1729.15
2810,Isabel Guzman,Teclado,Centro,31,657.39,2025-08-05,532.67
8878,Sofia Torres,Silla,Occidente ,56,1147.92,06-25-2024,1494.55
4256,Alejandro Diaz,Silla,norte,25,669.75,08/05/2026,1283.46
7529,Ana Garcia,Mouse,norte,41,864.30,11-30-2024,1176.28
8753,Luis Hernandez,Camara,centro,39,$754.00,32/13/2026,1760.25
2891,Isabel Guzman,LAPTOP,Norte,53,$843.69,25/12/2024,997.77
3501,Andres Ortiz,Tablet,Occidente,34,sin dato,24/05/2026,1633.56
521,Jose Martinez,Camara,occidente,9,$533.61,Diciembre 23 2025,1204.17
3380,Camila Reyes, Tablet,Occidente,47,"$1,329.32",01-23-2024,1267.9
3194,Fernanda Castro, Mouse,Sur,57,729.33,2024-04-03,1180.8
1447,Fernanda Castro,Laptop,Norte,34,$680.28,2024-05-22,1381.8
1953,Valeria Mendoza,Escritorio,Norte,34,782.73,03-09-2025,1209.35
7125,Ricardo Vargas,Bocina,Occidente,-1,582.35,24/06/2024,793.79
9115,Luis Hernandez,Tablet,Sur,44,820.84,Abril 20 2024,2030.83
1625,Daniela Cruz,Teclado,Occidente,49,"$1,027.59",09-20-2025,658.05
8503,Miguel Flores,Escritorio,Occidente,44,961.41,16/07/2025,1445.1
6950,Laura Sanchez,Mouse, Norte,50,$831.72,02-21-2025,1501.6
1320,Luis Hernandez,Monitor,Centro ,46,$597.48,04/10/2025,1904.46
3532,Alejandro Diaz,Silla,Norte,4,sin dato,,1220.33
1664,Miguel Flores,Impresora, Sur,31,826.23,06-03-2026,1588.63
816,Camila Reyes,Silla,Norte ,40,713.61,Enero 1 2025,1519.73
4776,Diego Romero,Teclado, Sur,45,$493.77,Febrero 12 2026,805.5
9892,Paola Rios,Tablet,Norte,62,856.86,2025-08-01,1315.7
1094,Carlos Ramirez,BOCINA,Sur,39,671.72,2024-04-08,1680.22
4177,Maria Lopez,Tablet,Centro ,28,$742.44,2024-05-18,1154.5
1951,Andres Ortiz,Impresora,,33,736.15,29/01/2025,2115.44
3885,Carlos Ramirez,Monitor,Centro,25,$819.74,02/09/2025,771.93
9798,Valeria Mendoza,Bocina,CENTRO,13,1544.10,,1967.54
9955,Jorge Morales,Monitor,Occidente,40,173.31,03-16-2025,1280.0
2801,Maria Lopez,Monitor,SUR,22,"$1,438.21",2025-09-15,1168.88
1240,Andres Ortiz,Mouse,CENTRO,37,737.06,Octubre 3 2024,1427.52
330,Fernanda Castro,Mouse,Sur,323,$821.26,2026-02-18,76000.0
3103,Laura Sanchez,Silla,Sur ,15,550.50,,1468.82
8435,Sofia Torres,Camara,Occidente ,43,690.40,03-03-2024,1058.49
2543,Daniela Cruz,Tablet,Sur,34,$892.69,Marzo 16 2026,2296.98
4738,Pedro Aguilar,Silla,Occidente,26,1052.12,2026-05-12,647.73
4793,Miguel Flores,Bocina,N/A,31,608.10,Noviembre 20 2025,1751.37
6647,Carlos Ramirez,Tablet,SUR,34,"$1,129.72",2025-03-27,1223.11
2819,Camila Reyes,Bocina,Norte,45,1027.90,Enero 24 2024,1119.35
754,Laura Sanchez,Teclado,NORTE,39,1035.72,,1294.69
4532,Luis Hernandez,Silla,Norte,32,1103.73,07/03/2024,1956.84
1564,Jorge Morales,Silla,Sur,49,$548.03,2024-01-10,1672.21
1935,Alejandro Diaz,Camara,centro,47,"$1,087.60",09-07-2024,1441.7
7208,Camila Reyes,LAPTOP,Sur,36,457.62,05/01/2026,1208.73
4563,Laura Sanchez,Monitor,Occidente,26,"$1,036.07",24/01/2026,1145.99
3494,Luis Hernandez,Bocina,Norte,52,$714.93,2026-04-26,1529.66
7713,Pedro Aguilar,Camara,sur,47,757.04,Agosto 30 2025,1077.84
1857,Fernanda Castro,Impresora,Sur ,27,"$1,339.78",01-18-2025,76000.0
4698,Camila Reyes,Bocina,Centro,31,570.56,18/06/2025,1547.14
3564,Laura Sanchez,Silla,norte,50,$971.46,,1600.08
1014,Miguel Flores,LAPTOP,sur,32,1374.19,2026-03-05,1321.44
9620,Isabel Guzman,SILLA,Centro,33,285.20,02-10-2025,1710.15
6109,Miguel Flores,Camara,Norte,25,sin dato,16/04/2025,1310.54
5483,Isabel Guzman,Laptop,Occidente,41,"$1,008.29",32/13/2026,1449.72
9488,Jose Martinez,Escritorio,Occidente,45,948.29,05-23-2026,1142.15
467,Jorge Morales,Silla,Sur ,41,943.52,01/10/2024,1214.82
4029,Ricardo Vargas,Laptop,?,50,703.91,2025-07-01,1323.44
175,Luis Hernandez,Teclado,Norte,54,sin dato,2024-07-25,1341.85
4881,Alejandro Diaz,Bocina,occidente,40,$-669.99,Marzo 16 2024,1306.45
278,Paola Rios,Impresora,Occidente,44,sin dato,04-21-2025,1452.46
1070,Valeria Mendoza,Silla,CENTRO,33,682.63,2026-05-23,794.89
9217,Miguel Flores,Silla,norte,,$915.89,2026-01-30,1850.53
5562,Camila Reyes,Laptop, Centro,73,1044.69,2024-01-30,1687.46
6867,Pedro Aguilar,Escritorio,OCCIDENTE,43,962.74,Septiembre 30 2024,1892.65
5037,Pedro Aguilar,TECLADO,Norte,24,"$1,189.92",2024-06-12,1350.51
6804,Jose Martinez,Mouse,SUR,28,$866.46,Febrero 14 2025,856.62
9659,Jose Martinez,Bocina,Norte,41,1042.53,26/09/2024,804.89
9820,Maria Lopez,Teclado,CENTRO,31,$816.63,2024-04-20,1527.52
5546,Jorge Morales,Impresora,CENTRO,36,$559.54,Abril 20 2024,1867.1
5003,Valeria Mendoza,TECLADO,Sur,30,$756.25,32/13/2026,1108.18
1714,Fernanda Castro,Laptop,Occidente,33,1224.89,08-22-2025,1929.67
7641,Valeria Mendoza,Laptop,SUR,31,564.17,,1611.39
2612,Laura Sanchez,Bocina, Occidente,19,681.89,Abril 25 2025,1274.53
7394,Pedro Aguilar,MONITOR,Sur ,50,$791.82,2025-03-17,1221.24
389,Maria Lopez,Monitor,Centro,40,$898.47,Agosto 17 2025,1830.37
8021,Daniela Cruz,Teclado,Occidente,15,$779.72,04-29-2024,803.54
3496,Alejandro Diaz, Silla,NORTE,34,sin dato,Diciembre 27 2025,1193.36
4977,Laura Sanchez,Mouse,SUR,23,$960.73,Septiembre 1 2024,1229.67
9617,Carlos Ramirez, Silla,,31,821.91,09/02/2026,1385.62
3543,Laura Sanchez,Camara,Occidente,29,$682.13,Julio 19 2025,995.63
7289,Alejandro Diaz, Monitor,Norte,36,$947.07,Enero 21 2025,1198.94
7311,Diego Romero,Bocina,Sur,34,958.39,12-13-2025,1091.89
51,Maria Lopez,TABLET,Centro,62,$736.14,11-05-2024,1062.55
6588,Miguel Flores,Impresora, Norte,32,sin dato,,1700.58
4230,Camila Reyes,Monitor,Occidente,34,$746.07,Febrero 27 2025,1545.98
483,Jose Martinez,Escritorio,Occidente,54,670.44,Febrero 25 2024,1563.03
2252,Diego Romero,Teclado,centro,40,1207.38,07-14-2024,1781.83
4163,Paola Rios,Tablet,Centro,41,$811.14,08/11/2024,1520.83
9272,Miguel Flores,Impresora,Centro,31,$561.02,32/13/2026,895.06
5093,Laura Sanchez,Bocina,Centro,41,911.78,12-09-2024,1563.99
3104,Paola Rios,Mouse,Centro,61,"$-1,196.86",2026-04-10,967.49
2930,Isabel Guzman,Tablet,sur,41,818.77,Abril 18 2026,1125.29
6777,Isabel Guzman, Escritorio,sur,57,630.47,2024-11-14,1115.96
4970,Isabel Guzman,Mouse,Occidente,47,$783.08,Marzo 24 2026,1389.78
65,Pedro Aguilar,Monitor,Norte,57,$861.03,2025-07-29,1885.84
1678,Carlos Ramirez, Silla,Norte,44,$786.77,24/10/2025,1237.21
7574,Andres Ortiz,Tablet,Occidente,23,364.35,07/12/2024,2239.09
8969,Pedro Aguilar,Mouse,Sur,55,467.44,11/06/2025,1448.08
4588,Pedro Aguilar,Silla,CENTRO,32,1019.65,Marzo 11 2025,1640.04
6403,Maria Lopez,Escritorio,centro,40,1084.18,02/03/2024,1712.79
6210,Miguel Flores,Impresora,Occidente,46,364.01,07/05/2026,1514.15
4617,Pedro Aguilar,Mouse,Centro,51,865.48,,1359.22
3333,Carlos Ramirez,Impresora,Occidente,25,1211.28,25/03/2025,1240.85
7588,Ricardo Vargas,IMPRESORA,Centro,29,583.06,Junio 4 2025,1491.07
2816,Jose Martinez, Silla,NORTE,27,1198.06,2025-12-14,2254.76
3965,Daniela Cruz,Laptop,Sur,52,$832.48,01-16-2024,1337.84
7607,Andres Ortiz,Mouse,sur,54,"$1,169.45",Junio 9 2025,1148.26
5382,Luis Hernandez,Bocina,CENTRO,42,567.85,11/03/2025,1291.96
5940,Ana Garcia,Bocina,Centro,43,1163.40,2026-02-20,1043.91
8917,Alejandro Diaz,Silla, Norte,49,$542.23,2024-10-31,2205.6
3242,Diego Romero,Impresora,Centro ,48,$836.44,2025-07-01,1702.64
2794,Daniela Cruz,Monitor,Centro,37,$990.15,04/08/2024,1485.49
5734,Luis Hernandez,Camara,Norte ,28,657.09,2026-03-19,1367.68
2525,Alejandro Diaz,Laptop,Sur,24,899.62,Mayo 10 2024,1626.04
1736,Ricardo Vargas,Silla,OCCIDENTE,48,903.91,03-15-2025,1738.29
7961,Diego Romero,Impresora,norte,23,"$1,643.89",06-04-2024,1763.45
3125,Pedro Aguilar, Laptop,Occidente,41,848.56,19/12/2025,1630.64
4941,Jorge Morales,Camara,norte,53,$999.99,Mayo 11 2024,1790.89
7976,Sofia Torres,Laptop,Sur,25,"$1,092.61",2025-03-17,1655.26
274,Pedro Aguilar,Camara, Occidente,39,$562.07,2026-01-22,1599.05
66,Ana Garcia,Silla,Sur,26,1181.30,Diciembre 3 2024,1086.27
7022,Andres Ortiz,Silla,OCCIDENTE,43,$764.01,19/04/2025,1563.23
9848,Paola Rios,Tablet,NORTE,29,956.11,2025-04-28,1243.88
6556,Jorge Morales, Laptop,OCCIDENTE,35,1212.39,,1538.79
5579,Alejandro Diaz,Camara,Centro,43,$691.95,03-24-2026,1276.43
5497,Miguel Flores,Impresora,Occidente,29,885.01,2024-09-26,1198.39
1453,Fernanda Castro,Laptop, Norte,28,$832.77,Febrero 12 2024,1621.98
2693,Camila Reyes,Impresora,Norte,32,$-981.04,Junio 7 2024,1366.28
2768,Fernanda Castro,Silla,Occidente ,45,$699.68,23/05/2024,1061.94
8411,Sofia Torres,Laptop,Norte,45,822.67,2024-11-10,1255.79
240,Camila Reyes,Laptop,Occidente,26,903.59,Noviembre 24 2024,1926.66
1132,Diego Romero,Mouse, Centro,26,918.02,23/11/2025,1660.39
7894,Alejandro Diaz,Monitor,Sur,37,"$1,017.26",07-21-2024,1133.13
3265,Miguel Flores,Monitor,Norte,36,$571.20,13/06/2026,1511.26
5350,Jorge Morales, Mouse,NORTE,29,961.46,09-19-2025,1478.85
5765,Ana Garcia, Teclado,Centro,53,876.97,04-11-2026,1767.61
1384,Ana Garcia, Impresora,Norte,25,sin dato,02-27-2024,1671.85
3075,Jose Martinez,Teclado,Norte ,24,$808.19,15/06/2024,1132.13
4861,Ana Garcia,Monitor,Sur,38,980.32,04-05-2025,1418.92
1358,Alejandro Diaz,Camara,Centro,9,1007.14,2025-01-13,1541.57
4872,Maria Lopez,Bocina, Centro,19,825.19,01-06-2025,1375.87
2631,Jose Martinez,Camara,Norte,53,389.71,11-11-2024,1930.39
625,Pedro Aguilar,Laptop,Centro ,44,674.36,2025-08-26,1177.29
840,Laura Sanchez,Bocina,NORTE,-2,$358.73,04-01-2024,1655.99
4724,Laura Sanchez,Teclado,Sur,-2,"$1,365.88",05/09/2024,1007.25
7664,Laura Sanchez,CAMARA,Norte,33,"$1,329.17",2025-07-08,1325.21
324,Isabel Guzman,Camara,Occidente,33,503.03,2024-04-04,464.74
1868,Paola Rios,Camara,Norte,47,$611.77,31/10/2025,1170.57
5257,Valeria Mendoza,Bocina,Sur,33,635.30,2024-10-03,1274.23
2827,Paola Rios,Teclado,Centro,37,1233.77,2026-01-26,1124.67
5173,Luis Hernandez,Escritorio,Norte,38,$544.48,04-06-2024,1623.11
7084,Paola Rios,BOCINA,Centro,27,"$1,087.64",15/01/2025,1265.16
3928,Jorge Morales, Bocina,centro,49,$762.81,2026-02-27,1851.43
8630,Maria Lopez,Impresora,Sur,49,$-778.07,2024-12-05,1265.95
120,Ricardo Vargas,Teclado,centro,29,$628.13,2024-04-10,1525.52
9974,Valeria Mendoza,Camara,Sur,44,$811.03,27/05/2024,1523.16
9858,Diego Romero,Silla,Sur,,$980.78,07-14-2025,2144.77
2378,Jorge Morales,Escritorio,CENTRO,46,944.92,18/05/2025,1447.15
5911,Sofia Torres, Monitor,sur,32,1087.17,Junio 2 2024,1179.53
7510,Ricardo Vargas,Bocina,Norte,64,$837.22,2025-01-22,1057.35
9219,Carlos Ramirez,Bocina,norte,231,$890.59,01-06-2024,1615.07
3302,Valeria Mendoza,Tablet,norte,22,1095.85,2025-10-13,1606.38
7525,Miguel Flores,Mouse,Norte,17,$733.35,19/09/2024,1632.16
4173,Laura Sanchez, Camara,Occidente ,37,$568.13,2025-05-17,1781.45
9093,Isabel Guzman, Impresora,Sur,31,871.38,19/03/2025,1186.47
7880,Maria Lopez,Teclado,norte,40,596.33,Marzo 28 2024,1233.0
9397,Alejandro Diaz,Silla,Centro,42,$781.57,Marzo 3 2026,1097.39
2908,Maria Lopez,Impresora,occidente,40,980.48,12-12-2024,1461.95
5038,Laura Sanchez,Monitor,Centro,25,283.35,Mayo 31 2025,1460.22
6722,Andres Ortiz,Monitor,Sur,28,704.30,2024-08-12,1615.24
4051,Camila Reyes,Mouse,centro,49,$499.94,Mayo 3 2025,1921.1
6964,Sofia Torres,Escritorio,Norte,13,1034.68,Marzo 3 2025,1089.73
553,Jorge Morales,Camara,Centro,59,"$1,044.05",2025-09-09,1672.35
407,Laura Sanchez,MONITOR,CENTRO,39,$951.99,,1214.39
6214,Valeria Mendoza,SILLA,Centro,36,1178.73,09/09/2024,966.24
3135,Diego Romero,Mouse,,53,"$1,455.14",27/07/2025,1641.93
3299,Ricardo Vargas,Impresora,Sur,53,$694.56,2024-02-09,915.21
7480,Sofia Torres,Laptop,Sur,-4,1638.50,Marzo 25 2024,1723.65
2350,Alejandro Diaz,Bocina,Sur,31,$573.00,26/12/2024,1515.26
5843,Carlos Ramirez,Tablet,Norte,38,586.30,05-02-2026,1115.47
7666,Laura Sanchez,Camara,centro,49,1364.39,2024-07-31,1427.38
237,Camila Reyes,Tablet,Occidente,52,sin dato,2025-08-10,1419.31
5782,Carlos Ramirez,Teclado,Sur,45,1071.96,05-10-2024,1433.13
6083,Valeria Mendoza,Bocina,Occidente,43,$-736.59,2024-12-25,1188.97
6080,Maria Lopez,Monitor,Sur ,55,$707.80,19/01/2024,1302.62
7898,Sofia Torres,Tablet,sur,63,$571.32,20/10/2025,879.47
3164,Valeria Mendoza,Escritorio,OCCIDENTE,29,"$1,260.37",2024-05-14,1144.43
500,Miguel Flores,TABLET,occidente,62,$398.56,13/02/2026,1274.93
4919,Sofia Torres,Silla,Centro,63,1025.22,2024-08-18,1624.43
3626,Jorge Morales,Escritorio,Norte,31,$960.28,32/13/2026,1137.28
3128,Alejandro Diaz,Mouse,CENTRO,30,1331.66,2024-10-12,847.65
8987,Carlos Ramirez, Escritorio, Sur,34,$593.84,Enero 11 2024,1573.97
3359,Isabel Guzman,Mouse,Norte,30,$645.69,2025-03-25,1291.47
9183,Ana Garcia,Silla,Centro,43,1024.04,03/04/2024,1575.47
7079,Carlos Ramirez,MONITOR,occidente,37,$910.19,Junio 5 2024,2069.56
8583,Daniela Cruz,Camara,Centro,29,$970.80,,1976.08
4840,Isabel Guzman,TECLADO,centro,38,1227.40,11/10/2025,1859.48
1218,Isabel Guzman,Tablet,Norte,36,$433.71,09-29-2025,1466.31
236,Maria Lopez,Bocina,N/A,18,"$1,310.63",32/13/2026,1580.03
332,Jorge Morales,Laptop,Occidente,33,"$1,246.37",32/13/2026,1610.89
4577,Luis Hernandez,Monitor,centro,27,$394.39,24/12/2024,1607.28
3189,Luis Hernandez,Teclado,Sur,43,"$1,162.00",32/13/2026,1227.09
7777,Andres Ortiz,Camara,Norte,64,$841.78,02-15-2024,1789.79
45,Alejandro Diaz,Escritorio,Occidente,35,898.30,2026-05-24,1365.86
7926,Carlos Ramirez, Silla,Centro,43,"$1,164.57",29/07/2025,920.44
4217,Laura Sanchez,Tablet,Norte,62,1478.06,10/02/2026,755.0
3073,Ricardo Vargas,Teclado,Sur,46,$415.84,Marzo 5 2026,1708.39
7912,Miguel Flores,Mouse,Centro,36,"$1,104.76",09-07-2024,992.26
5023,Andres Ortiz,Mouse,Centro,19,587.29,30/07/2024,1355.71
6660,Sofia Torres,Laptop,Sur,41,$615.66,11-13-2025,1014.63
1595,Camila Reyes,Impresora,occidente,39,$880.62,03/02/2026,1439.64
8416,Jorge Morales,Silla,SUR,36,1040.25,22/12/2024,933.14
4710,Miguel Flores,Laptop,Sur ,30,"$1,014.44",Julio 1 2024,1303.85
2892,Isabel Guzman,Camara,Norte,40,626.37,32/13/2026,1126.21
1246,Isabel Guzman,Mouse,Sur,17,$805.19,29/11/2024,1715.16
7770,Luis Hernandez,CAMARA,occidente,49,$483.42,01/04/2024,1647.3
1541,Laura Sanchez,Impresora,Norte,55,$693.39,26/07/2024,470.95
4626,Sofia Torres,Teclado,OCCIDENTE,40,915.45,2024-07-08,1213.63
819,Ricardo Vargas, Camara,NORTE,55,"$1,060.94",02-14-2024,1094.82
156,Isabel Guzman,Laptop,Occidente,23,799.93,18/10/2024,1819.54
7511,Pedro Aguilar,IMPRESORA,Occidente,39,1337.91,Mayo 6 2024,1498.82
6745,Andres Ortiz,Silla,OCCIDENTE,26,638.04,Diciembre 4 2024,1351.12
8636,Daniela Cruz,Impresora,Centro,37,$983.18,2024-08-04,1088.46
249,Luis Hernandez,CAMARA,SUR,54,$873.04,08/02/2024,1687.16
4015,Jorge Morales,Tablet,Sur,57,$852.85,Octubre 7 2024,1874.93
7610,Miguel Flores,Camara,norte,48,50.00,09/03/2025,1379.35
5227,Jorge Morales,Laptop,Norte,35,352.86,Diciembre 6 2024,1265.8
8175,Andres Ortiz,Bocina,sur,321,$819.67,,1043.31
8986,Laura Sanchez,Impresora,Occidente,42,$615.63,18/05/2026,1854.26
8120,Laura Sanchez, Escritorio,centro,39,"$1,000.96",09/02/2026,1715.12
3190,Alejandro Diaz,SILLA,SUR,29,748.13,Noviembre 23 2025,1105.85
2650,Fernanda Castro,Monitor,Norte,42,"$1,556.02",,1663.91
629,Diego Romero,Monitor,Sur,18,$741.78,Julio 8 2025,1638.18
1231,Luis Hernandez,Tablet,Centro,,$680.11,32/13/2026,1228.24
2340,Paola Rios,Monitor,SUR,24,710.22,2025-04-26,1555.45
7708,Isabel Guzman,Tablet,Centro,16,$788.86,Enero 16 2024,1172.77
6831,Alejandro Diaz,Tablet,Sur,43,457.76,03/04/2025,1720.98
7369,Andres Ortiz,Monitor,Centro,33,934.35,2024-09-30,1823.61
9813,Laura Sanchez,Tablet,Occidente,39,696.34,11/08/2024,1316.41
1452,Jose Martinez,Tablet,Centro,23,$741.63,2026-02-11,782.69
1829,Fernanda Castro,Teclado,norte,37,1166.40,03-13-2025,1414.46
9019,Laura Sanchez,Camara, Occidente,29,457.56,Abril 18 2024,1770.03
1640,Daniela Cruz,Tablet,Occidente,55,636.95,08-14-2025,1665.28
3865,Maria Lopez,ESCRITORIO,norte,20,$-674.16,Mayo 24 2025,1400.08
7938,Maria Lopez,Escritorio,Norte,25,$600.13,14/07/2025,1176.86
3421,Sofia Torres, Mouse,sur,43,$797.58,Junio 1 2025,681.22
3768,Diego Romero,Silla,sur,42,473.99,05-10-2026,1758.29
8728,Luis Hernandez, Impresora,sur,38,$540.74,Diciembre 2 2025,1311.61
5907,Alejandro Diaz,Escritorio, Sur,38,1179.20,31/03/2025,1208.19
8347,Ana Garcia,Tablet,Occidente,17,"$1,022.05",28/03/2025,1737.78
5597,Sofia Torres,Monitor,Occidente,10,$695.18,Diciembre 9 2024,1261.95
3150,Maria Lopez,Escritorio,Norte,67,1160.25,Octubre 23 2025,917.68
9504,Isabel Guzman,MONITOR,occidente,30,584.96,Julio 16 2024,2135.8
8515,Diego Romero,Laptop,Occidente,35,978.27,24/06/2025,1200.33
5807,Valeria Mendoza,Bocina,Norte,41,$818.10,15/03/2026,1963.59
4111,Maria Lopez,Camara,norte,62,1080.40,Septiembre 12 2024,970.01
1799,Ana Garcia,Teclado,Centro,55,$663.92,10-28-2024,1813.99
8275,Andres Ortiz, Bocina,Centro,40,1230.69,2026-05-24,1523.1
1989,Daniela Cruz,Tablet,Norte,23,592.25,2025-04-20,1475.68
1575,Pedro Aguilar,Silla,Sur,34,842.29,Septiembre 29 2025,882.84
2724,Carlos Ramirez,TECLADO,Centro,5,553.87,11-02-2024,1674.15
2059,Jorge Morales,Escritorio,centro,26,$668.59,06/04/2024,1730.08
9687,Camila Reyes,Escritorio,Sur,29,655.76,2025-03-10,1608.25
9367,Paola Rios,Mouse,Sur,49,945.68,30/12/2024,1452.5
4510,Carlos Ramirez,Silla,Sur,41,$624.30,Julio 6 2024,698.75
4262,Daniela Cruz,Mouse, Occidente,38,$820.63,2024-11-22,909.11
9593,Jose Martinez, Mouse,occidente,42,sin dato,Abril 1 2026,1478.34
6252,Pedro Aguilar,MONITOR,occidente,35,561.16,04-16-2025,1640.56
615,Sofia Torres,Camara,Centro,36,$831.05,Marzo 11 2025,2104.22
3094,Miguel Flores,Tablet,Centro,33,509.74,04-04-2026,954.21
3451,Fernanda Castro,Silla,Centro,50,$714.28,2025-06-13,1817.89
1015,Andres Ortiz,Teclado,CENTRO,35,959.08,2025-12-04,535.55
1717,Jorge Morales,Teclado,Occidente,47,885.94,2025-02-08,2015.91
3906,Diego Romero,Camara,Occidente,39,459.40,2026-06-14,1990.1
7501,Pedro Aguilar, Laptop,Centro,46,421.43,2024-07-29,1439.34
3419,Sofia Torres,Bocina,Occidente,41,586.36,32/13/2026,1471.76
4652,Fernanda Castro, Laptop,Centro,50,$-822.70,2025-07-16,1707.96
3101,Fernanda Castro,Tablet,Centro,33,$932.65,2026-05-23,990.52
6465,Camila Reyes,Monitor, Occidente,35,$833.56,21/11/2024,1603.18
4905,Maria Lopez,Silla,centro,46,"$-1,102.94",04-06-2025,935.56
1212,Jose Martinez,Monitor,Sur,32,$468.67,07/06/2026,1342.85
1436,Paola Rios,Laptop,Centro,35,$589.92,2024-06-26,1545.53
8827,Valeria Mendoza,Laptop,Sur,32,812.28,Abril 18 2025,1441.74
9248,Camila Reyes,Laptop,norte,43,$655.63,07/05/2026,1411.39
8989,Isabel Guzman,Impresora,Sur,304,"$1,073.30",Noviembre 24 2025,1827.89
7087,Pedro Aguilar,BOCINA,sur,28,"$1,076.40",Abril 9 2026,1443.42
5188,Andres Ortiz,ESCRITORIO,Centro,39,1015.03,22/11/2024,1456.95
4271,Carlos Ramirez,Camara, Sur,39,791.28,29/09/2025,1078.23
2815,Paola Rios,BOCINA,Centro,56,$636.68,09/11/2025,1560.7
1081,Diego Romero,ESCRITORIO,Sur,24,556.08,2026-01-03,1397.44
9847,Valeria Mendoza,Monitor,Sur,21,$625.85,07/07/2024,982.67
1608,Daniela Cruz,Bocina,CENTRO,26,"$1,232.53",01/06/2026,1357.72
8337,Jose Martinez,Impresora,Centro ,,1039.35,04-20-2026,2112.22
4242,Jorge Morales,Camara,,41,913.21,Febrero 2 2024,1452.54
91,Ana Garcia,Tablet,sur,45,$511.10,2025-05-05,1780.61
7847,Laura Sanchez,Monitor,Occidente ,44,"$1,014.74",14/08/2025,1660.9
7931,Valeria Mendoza,Teclado,Sur,31,877.72,2026-01-16,850.15
683,Miguel Flores,Teclado,Centro,51,$779.27,Junio 10 2026,943.59
8042,Maria Lopez,Silla,CENTRO,40,$742.92,10/10/2025,1347.99
8286,Maria Lopez,Camara,occidente,41,1182.42,28/03/2026,1868.04
9027,Jorge Morales,Laptop,Occidente,52,656.26,32/13/2026,841.53
6053,Jose Martinez,Escritorio,Sur,51,505.90,2025-06-20,1292.13
6006,Valeria Mendoza,Tablet,Sur,-7,1034.22,2024-01-26,1254.14
5132,Laura Sanchez,Bocina,Centro,45,722.37,Octubre 17 2025,1520.9
1401,Fernanda Castro,Escritorio,Norte,37,"$1,386.43",2025-03-18,1996.57
9693,Ana Garcia,Camara,Norte ,48,950.73,Abril 21 2024,1510.26
7256,Miguel Flores,Laptop,Centro,38,1231.01,07/04/2025,1516.22
2263,Alejandro Diaz,Impresora,Centro,41,"$1,755.71",Marzo 12 2025,1684.82
9661,Diego Romero, Teclado,Centro,42,$675.65,2024-04-18,1096.06
3246,Camila Reyes,Escritorio,Norte,38,sin dato,2026-02-16,1710.03
9191,Isabel Guzman,Laptop,Centro,34,"$1,119.05",Octubre 25 2025,1289.35
854,Jorge Morales,SILLA,Centro,44,$681.47,2025-12-09,1610.57
9335,Ana Garcia,Escritorio,Norte,22,504.30,12-10-2025,1103.26
7844,Ana Garcia,Tablet,CENTRO,11,$407.04,21/06/2025,1181.53
2275,Daniela Cruz,Teclado,Occidente,50,$522.40,08/07/2024,986.85
7041,Paola Rios,Impresora,Sur,22,$977.82,02-03-2026,1601.21
7563,Miguel Flores,Mouse,Centro,50,$545.38,,1058.71
4498,Ricardo Vargas,Escritorio,Sur,44,"$1,391.12",Julio 5 2025,967.42
7573,Jorge Morales,Silla,Norte,35,419.35,2025-09-26,802.04
1104,Fernanda Castro,Monitor,Norte,71,449.73,Marzo 29 2026,1397.04
85,Jose Martinez,Mouse,Sur,45,$718.48,05/07/2025,1914.91
5953,Andres Ortiz,Camara,Sur,40,1360.71,03-03-2025,941.05
4211,Laura Sanchez,Tablet,SUR,53,897.44,2025-08-25,1511.56
6815,Alejandro Diaz,Escritorio,Sur,29,1144.28,2025-11-15,1286.16
5682,Diego Romero, Mouse,Norte,33,647.03,Abril 4 2025,1977.24
3441,Isabel Guzman,Laptop,Occidente,38,sin dato,04-17-2025,1038.52
1568,Pedro Aguilar,Tablet,Occidente,41,666.81,2025-01-06,1531.53
7034,Isabel Guzman,Impresora,occidente,42,$549.32,11-03-2025,1879.16
5598,Daniela Cruz,Camara,?,27,974.69,2026-01-30,1555.43
1661,Paola Rios,SILLA,centro,44,975.78,05-15-2024,1291.1
9749,Sofia Torres,Impresora,Sur ,42,"$-1,097.81",Abril 25 2024,1270.96
3765,Miguel Flores,Tablet,Centro,31,544.36,2024-06-08,1723.64
3585,Jorge Morales,Teclado,Centro,36,$148.71,11/03/2024,1601.16
6952,Diego Romero,Camara,Occidente,39,$788.74,2024-12-03,1228.27
2875,Ricardo Vargas,Laptop,Centro ,38,687.96,27/01/2024,1523.64
2885,Sofia Torres,MONITOR,Sur,8,818.38,04/09/2024,1303.18
3008,Jose Martinez,MONITOR,norte,50,374.74,2025-05-01,1632.03
1827,Carlos Ramirez,Tablet,sur,33,"$1,610.86",12-03-2024,1440.94
5930,Paola Rios,Mouse,Centro,22,$849.62,,1643.19
2641,Maria Lopez,Mouse,NORTE,,956.42,Mayo 19 2024,1358.58
9718,Ricardo Vargas,Escritorio,norte,,688.74,2025-12-10,1861.33
9755,Daniela Cruz,Camara, Occidente,49,$806.50,26/06/2024,1058.21
5702,Maria Lopez,Laptop,Norte,36,$-636.52,2024-06-22,1686.37
8536,Carlos Ramirez,Teclado,Centro,35,1519.03,Junio 18 2024,1163.62
6438,Jose Martinez,Camara,Centro,52,$-450.29,09-27-2025,1883.1
6323,Luis Hernandez,Monitor,centro,53,"$1,433.46",2025-09-12,1723.13
2708,Fernanda Castro,Tablet,sur,34,599.87,01-29-2025,1132.02
6159,Diego Romero, Laptop,Norte ,26,"$1,112.39",2024-07-07,1794.39
7855,Pedro Aguilar, Bocina, Sur,53,$786.41,03-20-2024,1394.2
9303,Andres Ortiz,Teclado,norte,21,"$1,064.52",13/06/2026,1802.62
2214,Luis Hernandez, Mouse,Centro,23,"$1,136.36",2025-02-04,1658.18
1360,Alejandro Diaz,Escritorio,norte,34,898.00,06-08-2026,779.83
2108,Daniela Cruz,Bocina,sur,31,732.39,Agosto 24 2025,2124.66
4806,Ricardo Vargas,Bocina,NORTE,51,1047.44,Marzo 15 2025,1755.92
5975,Laura Sanchez,Monitor,Norte,37,"$1,019.76",Junio 7 2026,1705.64
6821,Paola Rios,Teclado,Sur,32,$792.85,Junio 20 2025,1556.15
9571,Jose Martinez,Teclado,sur,196,900.46,11-15-2024,1582.9
2829,Andres Ortiz,Teclado,SUR,31,$814.23,Octubre 14 2025,1597.41
425,Jose Martinez, Escritorio,centro,50,$645.33,11-27-2025,942.03
293,Luis Hernandez,Impresora,Occidente,51,"$-1,435.08",11-06-2025,2049.54
1066,Daniela Cruz,Tablet,Occidente,25,"$1,064.84",28/05/2024,1230.76
7018,Pedro Aguilar,Bocina,Centro,28,"$1,022.05",2024-06-16,966.05
5735,Laura Sanchez,Teclado,Sur,23,$479.31,,1522.5
5109,Alejandro Diaz,Impresora,norte,63,522.11,Julio 21 2025,1535.52
9910,Miguel Flores,Silla,Occidente ,37,$476.02,Septiembre 13 2024,829.89
7197,Daniela Cruz,Impresora,Occidente,34,$567.47,17/03/2025,1468.74
938,Daniela Cruz,Laptop,sin informacion,41,705.20,Julio 13 2025,1696.92
3780,Jorge Morales,Teclado,Occidente,65,1204.92,27/04/2024,1548.89
6894,Ana Garcia,Escritorio,norte,26,$302.92,2024-06-02,1428.12
8447,Ana Garcia,Mouse,Sur,58,640.77,08-31-2025,1648.56
9675,Paola Rios,Silla,Sur,30,$721.01,Enero 8 2024,1434.01
9137,Laura Sanchez,Monitor, Norte,23,1495.27,2024-05-02,934.17
5099,Carlos Ramirez,Mouse,Occidente,39,sin dato,07-16-2024,2010.69
6281,Daniela Cruz,Teclado,Occidente,45,449.93,06-07-2024,1320.43
3267,Jorge Morales, Camara,Sur,19,595.17,Septiembre 7 2025,1439.18
7347,Ana Garcia,Laptop,Centro ,26,"$1,312.53",07/11/2025,1944.27
7724,Andres Ortiz,IMPRESORA,Occidente,34,$833.66,02-29-2024,1909.0
4820,Alejandro Diaz, Escritorio,norte,57,1089.31,Abril 20 2025,1023.36
970,Miguel Flores,Silla,Centro,64,886.57,Mayo 10 2026,1495.29
497,Andres Ortiz,Monitor,OCCIDENTE,35,1120.74,,1567.19
5836,Camila Reyes,Bocina,Occidente,31,1022.51,06-19-2024,1280.17
8530,Fernanda Castro,ESCRITORIO,Norte,41,$441.74,2024-10-07,1269.96
4705,Paola Rios,Monitor,Norte,32,371.68,2026-04-12,937.12
1149,Ricardo Vargas,ESCRITORIO,Occidente,49,705.01,2026-06-05,1056.27
5810,Miguel Flores,Tablet,Sur,31,$755.42,06/01/2025,1267.43
2853,Miguel Flores,Tablet,Occidente,52,$480.92,2025-03-15,1300.52
5006,Fernanda Castro,Mouse,Norte ,38,552.41,05-17-2024,2141.32
3969,Maria Lopez,Silla,Occidente,31,"$1,699.69",2024-04-19,1741.74
2152,Isabel Guzman,Escritorio,Sur,40,1159.08,01-09-2025,1675.77
7762,Luis Hernandez,BOCINA,Sur,50,529.67,04-23-2026,2001.16
2492,Valeria Mendoza, Monitor,Centro,41,855.12,Septiembre 15 2024,433.76
53,Pedro Aguilar,Mouse,Centro ,49,$401.01,10/06/2024,1632.07
4816,Pedro Aguilar,Mouse,Norte,40,833.30,2026-02-07,550.87
2825,Ricardo Vargas,Teclado,Norte,36,$548.38,16/01/2024,786.31
5666,Fernanda Castro,Monitor,Norte,54,sin dato,2025-01-20,1549.48
7039,Maria Lopez, Mouse,Occidente,56,852.15,Mayo 23 2026,1705.66
2276,Miguel Flores, Silla,Norte ,58,$688.61,04/09/2024,1404.64
8627,Miguel Flores,Escritorio, Centro,25,804.48,01-15-2025,1854.03
8168,Alejandro Diaz,Impresora,Norte,15,$460.88,2024-05-04,1163.26
5396,Maria Lopez,Impresora,Norte,44,823.49,08-15-2024,1596.12
6271,Jorge Morales,Tablet,Norte,25,$829.84,2024-07-28,995.38
3756,Daniela Cruz,MOUSE,SUR,28,1135.29,05-01-2025,1567.84
7918,Pedro Aguilar,Camara,Sur,38,921.76,Octubre 23 2025,1488.53
7205,Jorge Morales, Laptop,SUR,52,1174.00,02/12/2025,1504.83
3212,Sofia Torres,Mouse,Occidente,18,1178.75,Agosto 15 2025,1433.07
4309,Paola Rios,SILLA,Sur,27,"$1,076.12",Abril 19 2024,1493.83
4993,Paola Rios,Tablet,Norte,40,"$1,662.87",06-27-2025,1184.11
3541,Isabel Guzman,Impresora,Centro,19,$733.57,15/03/2026,1369.75
1942,Jose Martinez, Laptop,Centro,43,"$-1,066.00",2024-10-24,875.37
3600,Maria Lopez,Mouse,Occidente,45,$656.39,Enero 6 2026,1427.86
5386,Maria Lopez,Camara,Centro,39,$938.24,04-09-2026,1050.86
9458,Sofia Torres, Laptop,Occidente,38,$998.18,01-17-2024,747.31
4439,Ana Garcia, Mouse,SUR,387,"$1,134.89",07/08/2025,1416.28
2598,Fernanda Castro, Monitor,Centro,53,651.56,11-20-2025,1261.41
1411,Daniela Cruz,Teclado,Sur,35,944.75,01/02/2025,1578.4
1215,Pedro Aguilar,Silla,CENTRO,45,$961.38,2025-03-16,1800.23
9159,Jorge Morales,Mouse,Centro,68,952.94,07/06/2025,98000.0
9423,Luis Hernandez,Laptop,Norte,29,"$1,052.56",2025-03-20,1834.72
6440,Diego Romero,Bocina,Sur,50,"$1,171.72",03-24-2026,1938.99
4792,Carlos Ramirez,Laptop,sur,55,"$1,168.48",Marzo 2 2024,655.47
7597,Valeria Mendoza,Monitor,occidente,37,796.03,,1379.35
6218,Valeria Mendoza,Monitor,SUR,,1317.29,2025-05-14,992.42
606,Diego Romero,Tablet,Centro,48,1333.63,10-15-2025,1591.22
8297,Fernanda Castro,LAPTOP,norte,31,1345.26,05-15-2024,1701.82
646,Valeria Mendoza,Bocina,occidente,40,$521.38,15/06/2024,1054.83
5501,Miguel Flores,Monitor,Occidente ,51,$526.83,11/10/2024,1266.88
3089,Jorge Morales,Laptop,Centro,43,826.60,Mayo 1 2026,1039.42
9212,Andres Ortiz,Laptop,Norte,40,sin dato,Marzo 3 2025,1229.28
8284,Carlos Ramirez,Bocina,Occidente,26,$479.05,05/11/2024,1084.71
5209,Camila Reyes,MOUSE,OCCIDENTE,32,"$1,484.05",2026-01-21,657.01
2871,Valeria Mendoza,Escritorio,norte,29,819.62,Febrero 23 2026,1603.73
9101,Daniela Cruz,Escritorio,Sur,46,435.09,32/13/2026,1563.4
5571,Fernanda Castro,Laptop,Sur,23,$799.88,03-10-2024,1495.81
5838,Laura Sanchez,Bocina,Occidente,34,642.57,18/09/2025,962.38
8431,Jose Martinez,Teclado,Centro,36,"$1,107.16",05/11/2024,1323.07
3141,Fernanda Castro,Silla,Centro,-9,484.85,25/10/2025,1818.3
9135,Paola Rios,Escritorio,centro,59,1542.48,11/10/2025,1545.03
9463,Carlos Ramirez,Monitor,Norte,45,$924.51,27/12/2025,1180.74
939,Diego Romero,Camara,Occidente,40,$930.22,2026-03-14,1165.34
5521,Jose Martinez, Mouse,Sur,30,"$1,241.44",Marzo 16 2024,1136.73
3230,Jorge Morales,Teclado,Norte,59,"$1,007.06",2025-03-01,1478.58
1863,Diego Romero,Monitor,norte,36,672.52,Noviembre 5 2024,1595.42
1670,Jose Martinez,Escritorio,Sur,44,668.47,12-09-2025,2023.87
8198,Carlos Ramirez,Bocina,OCCIDENTE,32,$446.48,Agosto 24 2024,1529.71
4344,Pedro Aguilar,Monitor,CENTRO,38,885.35,01-02-2024,1060.16
3944,Pedro Aguilar,Tablet,Sur,31,$463.45,08/05/2026,2003.01
3014,Diego Romero,Teclado,Sur,30,$322.34,,1232.39
19,Maria Lopez,LAPTOP,centro,56,$677.31,08/11/2025,1857.86
7575,Ricardo Vargas,Camara,Occidente,35,1139.68,2025-10-11,907.46
6578,Daniela Cruz,Bocina,Norte,22,$629.10,11-25-2024,2063.58
9004,Ricardo Vargas,Mouse,Occidente,49,$-732.31,2025-11-26,1163.24
9493,Ricardo Vargas,Teclado,Centro,59,650.56,02/07/2025,1408.76
5432,Carlos Ramirez,Bocina,sur,47,582.13,15/05/2026,1481.51
8453,Pedro Aguilar,Monitor,occidente,36,$956.32,31/01/2024,1759.65
9997,Alejandro Diaz,TABLET,sur,37,1050.91,08-08-2025,1840.14
1571,Laura Sanchez,Impresora,Occidente,12,367.45,Marzo 15 2025,912.39
1744,Luis Hernandez,Mouse,Occidente,54,$723.90,09/06/2024,1634.45
7010,Daniela Cruz,Tablet,norte,31,$783.25,03-18-2026,1426.49
9823,Ana Garcia,Laptop,sin informacion,56,882.02,Junio 8 2025,1674.14
9909,Laura Sanchez,Teclado,Norte,51,$809.86,32/13/2026,1062.51
521,Jose Martinez,Camara,occidente,9,$533.61,Diciembre 23 2025,1192.82
3938,Jorge Morales,Escritorio,Centro,33,1066.29,12/02/2024,1358.23
1659,Daniela Cruz,Impresora,Occidente,32,$936.34,Abril 20 2026,1071.33
3473,Jorge Morales,TABLET,,39,$189.70,13/01/2026,1298.67
2476,Ricardo Vargas,Silla, Norte,21,"$1,089.43",Marzo 5 2024,1154.44
3949,Jose Martinez,TABLET,Sur,46,"$1,075.60",05/06/2026,1798.69
3935,Diego Romero,Bocina,,,"$1,084.22",04-28-2026,1443.06
7154,Andres Ortiz,Escritorio,NORTE,37,$754.81,13/06/2026,778.58
764,Sofia Torres,Silla,Centro,39,"$1,228.73",2024-01-25,1261.82
4704,Alejandro Diaz,ESCRITORIO,occidente,40,1149.80,Junio 25 2025,1794.34
7237,Camila Reyes,Escritorio,centro,29,$345.63,Abril 13 2025,1853.65
8028,Valeria Mendoza,Escritorio, Centro,29,944.64,Octubre 18 2024,1578.13
4428,Alejandro Diaz, Silla,Centro,58,1113.18,32/13/2026,1729.25
7659,Miguel Flores,Camara, Occidente,27,$569.78,23/05/2025,1710.74
7730,Jose Martinez,Laptop,sur,48,"$1,271.93",09/12/2024,1564.91
1092,Sofia Torres,Tablet,Centro ,43,"$1,354.06",Noviembre 10 2024,1226.65
3609,Ricardo Vargas,Silla,occidente,39,753.22,2025-12-19,1759.98
1102,Daniela Cruz,Monitor,Occidente,35,930.25,Julio 23 2024,1650.04
7380,Pedro Aguilar,Camara,Occidente,26,"$1,180.90",04-02-2025,1736.68
959,Maria Lopez,Mouse,CENTRO,55,989.11,32/13/2026,1091.6
560,Camila Reyes,LAPTOP,SUR,47,"$1,048.75",2024-11-18,1822.41
6991,Paola Rios,Escritorio,Norte,30,482.20,Abril 12 2025,2233.63
6835,Carlos Ramirez,Teclado, Norte,33,1304.12,Noviembre 4 2025,1607.34
1520,Jorge Morales,Camara,N/A,44,sin dato,21/08/2025,1910.21
8840,Isabel Guzman,Escritorio,Norte,43,$395.84,Marzo 19 2025,1300.23
6129,Luis Hernandez,Laptop,Centro,40,665.72,2024-06-07,1339.15
2485,Paola Rios,Mouse,Norte,41,"$1,188.15",2025-03-03,653.35
6635,Jose Martinez,Monitor,Sur,54,$637.82,2024-09-22,1336.34
367,Alejandro Diaz,Escritorio,Centro,27,"$1,161.52",2024-04-19,1787.17
6194,Sofia Torres,Monitor,Norte,42,$738.11,2026-03-25,1413.67
7532,Fernanda Castro, Impresora,occidente,50,641.21,Junio 15 2024,1364.14
1949,Valeria Mendoza, Tablet,Occidente,46,939.86,2025-07-03,918.48
9765,Pedro Aguilar,BOCINA,OCCIDENTE,33,803.71,2024-11-29,1399.0
809,Carlos Ramirez,Bocina,CENTRO,37,$876.20,12/03/2025,1266.69
8204,Fernanda Castro,Silla,Occidente,38,"$1,083.88",11-05-2025,1210.0
5014,Isabel Guzman,Camara,Occidente,44,953.21,32/13/2026,977.36
7686,Valeria Mendoza,Mouse,Norte,17,"$1,031.47",Marzo 14 2024,1049.81
6784,Diego Romero,Camara,Sur,44,"$-1,100.29",2026-03-07,1777.06
8369,Fernanda Castro,Camara,norte,43,1033.44,04/02/2024,929.45
2570,Camila Reyes,Tablet,Occidente,55,599.41,01/04/2025,1480.29
3521,Carlos Ramirez,Impresora,?,,947.96,32/13/2026,1349.98
3283,Ricardo Vargas,Teclado,Occidente,38,949.50,2025-09-22,1559.38
1665,Jorge Morales,Silla,OCCIDENTE,22,895.07,2025-06-20,1788.2
1503,Fernanda Castro,MONITOR, Sur,-4,1043.48,32/13/2026,1126.12
3371,Luis Hernandez,Escritorio,Norte,54,"$1,253.97",03-25-2025,1562.65
6967,Diego Romero,Laptop,Sur,23,"$1,093.25",2025-12-11,1810.87
8116,Jorge Morales,Bocina, Centro,50,599.67,Diciembre 3 2025,1333.03
6573,Ricardo Vargas,Impresora, Norte,45,"$1,044.06",10/08/2024,2292.38
7928,Isabel Guzman, Camara, Occidente,32,874.25,05-11-2026,1626.81
4253,Miguel Flores,Escritorio,norte,38,$578.44,2025-03-22,1301.21
6684,Laura Sanchez,Tablet,Norte,41,$607.53,07-23-2024,1788.92
3579,Sofia Torres,Mouse,CENTRO,42,969.61,Mayo 29 2025,1081.33
5947,Camila Reyes,Tablet,Centro,16,$469.22,25/06/2025,1422.18
6606,Maria Lopez,Impresora,?,51,sin dato,,1747.15
2625,Ricardo Vargas,Teclado,Centro,63,$347.38,06-15-2025,1336.02
6400,Jorge Morales,Monitor,Centro,29,$834.11,2025-04-04,1181.29
6102,Pedro Aguilar,IMPRESORA,Occidente ,46,50.00,20/10/2025,1609.66
9378,Pedro Aguilar,TECLADO,SUR,32,"$1,024.38",26/02/2024,1353.82
1007,Jose Martinez,Silla,Norte,46,773.18,,1362.74
2050,Isabel Guzman,Impresora,centro,32,$66.86,09/12/2025,1514.57
4012,Paola Rios,Camara,Centro,46,1360.15,05/09/2025,1544.38
270,Pedro Aguilar,Monitor,Occidente,43,868.70,Marzo 12 2026,1403.68
1994,Camila Reyes,SILLA,Sur ,32,$458.65,07-26-2024,1578.08
266,Sofia Torres,MONITOR,Centro ,53,683.83,09/03/2024,1584.35
9107,Diego Romero,Impresora,Occidente,45,926.70,2024-03-15,1529.52
8049,Isabel Guzman,Bocina,Sur,60,sin dato,20/03/2024,1196.14
291,Valeria Mendoza,Escritorio,Sur,51,$688.03,11-26-2025,2273.55
2913,Maria Lopez, Laptop,OCCIDENTE,30,$901.54,2025-12-09,1742.41
6543,Diego Romero,Camara,Sur,55,$648.07,Noviembre 25 2024,1061.53
9845,Fernanda Castro, Camara,Occidente,desconocida,678.63,03-25-2024,1554.69
4142,Andres Ortiz,Laptop,SUR,,$645.92,15/11/2024,928.33
4258,Valeria Mendoza,Tablet,Occidente,26,1058.62,Agosto 8 2025,1114.87
6872,Andres Ortiz,Escritorio,norte,41,520.10,Septiembre 11 2024,1756.97
289,Miguel Flores,TECLADO,OCCIDENTE,59,519.78,2024-10-17,1450.27
7758,Ana Garcia,Bocina,Norte ,43,611.92,05-07-2026,1175.0
3108,Carlos Ramirez,Escritorio,occidente,54,1237.40,25/09/2024,1636.65
8070,Sofia Torres, Laptop,Centro,51,$-937.24,10-17-2025,1203.85
6045,Luis Hernandez,Escritorio,Occidente ,35,$892.41,2025-07-09,1435.47
576,Paola Rios,Camara,Occidente,23,$566.30,Julio 9 2024,1663.9
851,Andres Ortiz,Escritorio,Centro,-8,$685.50,Junio 4 2025,1312.88
7484,Diego Romero,Silla,Norte,40,$998.62,Diciembre 22 2024,1299.05
5351,Jorge Morales,Mouse,Sur ,28,932.97,Octubre 11 2024,1894.03
9915,Camila Reyes,Teclado,Centro,47,816.48,Mayo 26 2024,1864.22
6230,Carlos Ramirez,Tablet,occidente,33,1351.70,Mayo 16 2024,1060.07
3950,Alejandro Diaz,TECLADO,Sur,14,$765.70,26/12/2024,1514.65
9293,Jorge Morales,Laptop,Centro,39,"$1,208.52",Octubre 21 2025,1891.59
7802,Ricardo Vargas,Impresora,Centro,27,431.00,Noviembre 11 2025,2086.03
9400,Laura Sanchez,Monitor,sin informacion,63,620.16,2026-04-07,1426.86
1844,Sofia Torres,Laptop,centro,29,$295.38,2024-04-23,1378.15
1849,Valeria Mendoza,Impresora,Centro,33,1330.53,Julio 7 2025,1308.89
3948,Fernanda Castro,Laptop,Sur,29,1283.65,32/13/2026,1375.16
1695,Diego Romero,Laptop,Norte,30,$390.39,22/12/2024,1753.49
4182,Andres Ortiz,Teclado,norte,,$864.75,2025-01-23,1445.21
6370,Maria Lopez,Impresora,Centro,29,$833.25,11/04/2026,1347.41
234,Camila Reyes,Monitor,Sur ,22,sin dato,2025-03-07,1270.72
2648,Paola Rios,Camara,Norte,34,1421.62,01-30-2025,1484.0
1712,Carlos Ramirez,Impresora,sur,61,$996.57,32/13/2026,1996.03
8375,Carlos Ramirez, Monitor,centro,37,871.04,04-11-2026,1210.01
5097,Alejandro Diaz,Silla,Sur,41,$639.52,2026-02-25,2136.52
5738,Fernanda Castro, Bocina,Centro,67,1607.84,Febrero 26 2025,1482.57
5453,Maria Lopez,Mouse,Occidente,30,$484.03,06-03-2025,1306.78
1463,Jorge Morales,Tablet,occidente,46,"$1,363.86",19/02/2025,1552.12
50,Ana Garcia,Camara,Centro,31,$777.50,12/07/2025,1342.18
6674,Fernanda Castro,Tablet,OCCIDENTE,28,$689.84,11-21-2025,1617.82
5355,Alejandro Diaz,Tablet,occidente,64,643.11,19/09/2025,999.7
6005,Maria Lopez, Impresora,Sur,51,50.00,Junio 6 2026,1664.83
7791,Paola Rios,Monitor, Occidente,55,1446.78,2025-04-13,1462.95
8299,Luis Hernandez,Monitor,Sur ,37,sin dato,2026-01-24,2080.94
444,Jose Martinez,Tablet,Centro,27,733.99,Abril 3 2024,1293.95
2756,Alejandro Diaz,Bocina,Occidente,32,1202.38,22/08/2025,1234.78
7657,Jose Martinez,BOCINA,occidente,38,407.47,03/04/2025,1655.74
4743,Jose Martinez,Monitor,Sur ,43,"$1,298.32",06-14-2026,1224.9
7181,Fernanda Castro,Monitor,occidente,13,380.23,2025-02-22,2312.44
727,Camila Reyes,Teclado,sur,52,844.44,12-12-2024,1333.04
2239,Ana Garcia,Silla,Centro,32,"$1,082.67",07/04/2025,1218.08
7933,Jorge Morales,Camara,Norte,51,350.39,2024-08-27,1806.99
2331,Carlos Ramirez,Mouse,?,46,$265.46,03/01/2026,1873.85
4126,Luis Hernandez,Mouse,Norte,53,1051.04,2025-09-23,1666.39
170,Alejandro Diaz,Silla,Centro ,22,"$1,018.39",2026-01-17,1290.16
1002,Daniela Cruz,Silla,,57,995.39,32/13/2026,1136.26
3253,Andres Ortiz,Escritorio,Norte,43,$945.84,Abril 9 2024,709.85
2149,Isabel Guzman, Escritorio,Sur,37,$767.85,11-03-2024,1729.66
198,Ana Garcia,Tablet,Sur,41,984.57,32/13/2026,2012.7
6123,Jorge Morales, Camara,Sur,46,931.48,2026-04-22,1204.97
3794,Andres Ortiz,Monitor,Centro,25,$578.76,Enero 26 2026,1326.85
648,Camila Reyes,BOCINA,Occidente ,31,"$1,187.53",2024-09-18,1517.48
4141,Jose Martinez,Camara,Centro,42,872.16,05-01-2025,1533.72
2759,Diego Romero,Laptop,Norte,38,$383.48,2025-06-02,1715.89
8566,Alejandro Diaz,Monitor,SUR,25,543.36,2024-12-14,1075.27
8759,Pedro Aguilar,Silla,?,30,681.96,30/09/2024,1488.32
3486,Carlos Ramirez, Impresora,Centro,,$336.46,02-08-2024,1545.81
1156,Fernanda Castro,Escritorio,norte,66,1121.30,Febrero 12 2025,1115.9
4136,Valeria Mendoza,Mouse,Centro,51,$585.36,2024-06-18,1429.04
974,Miguel Flores,Mouse,Occidente,19,$-960.32,32/13/2026,1329.39
3288,Paola Rios,Impresora,Norte,34,$755.80,03-26-2024,1128.81
7152,Pedro Aguilar,Laptop,Norte,42,780.13,01-01-2024,928.36
3639,Paola Rios, Mouse,Occidente,24,$797.58,12-07-2024,1197.75
5883,Diego Romero,Camara,Norte,15,$630.91,2025-06-06,1475.09
5595,Andres Ortiz,Silla,Norte,,825.79,02/02/2024,1219.25
6601,Miguel Flores,Monitor,Centro,36,1240.25,25/01/2024,921.07
2422,Diego Romero, Tablet,Norte,35,$757.86,32/13/2026,1947.69
2309,Paola Rios,Teclado,Norte,43,"$-1,121.11",01-26-2026,1638.05
8922,Carlos Ramirez,Impresora,Occidente ,33,1041.66,30/08/2024,946.34
6032,Miguel Flores,Silla,Sur,29,$969.00,03-04-2024,1700.05
2045,Diego Romero,Monitor,Centro ,42,$954.09,Agosto 4 2024,1703.79
4373,Ricardo Vargas,MONITOR,Sur,52,957.90,Julio 29 2025,1869.02
4733,Ricardo Vargas,Camara,Occidente,45,$905.12,Febrero 22 2026,1485.32
4719,Daniela Cruz,Monitor,OCCIDENTE,243,631.12,28/06/2024,1219.82
5956,Alejandro Diaz,Silla,Centro,39,769.10,17/01/2026,1468.85
845,Maria Lopez,Bocina,centro,69,$862.86,Septiembre 21 2024,1218.61
4490,Valeria Mendoza,Laptop, Occidente,49,"$1,423.29",Abril 21 2026,1216.3
7914,Luis Hernandez,Bocina,Centro,59,1020.50,2025-11-07,1771.96
350,Luis Hernandez,LAPTOP,,32,$944.70,2025-05-31,1475.93
6669,Carlos Ramirez,Bocina,Norte,15,"$1,081.56",Marzo 16 2026,1200.54
785,Valeria Mendoza,Bocina,OCCIDENTE,35,1024.12,2025-05-20,1874.95
8240,Diego Romero,IMPRESORA,Centro,37,$866.45,Octubre 18 2024,828.61
5752,Fernanda Castro,Monitor,Occidente,13,"$-1,016.68",2026-02-10,1388.3
4019,Jose Martinez,Bocina, Occidente,19,884.95,15/08/2025,777.76
1440,Ricardo Vargas,Impresora,Centro,370,$606.37,09-04-2024,1743.94
6098,Paola Rios,Mouse,Occidente,41,1417.42,05-07-2025,1557.93
5086,Paola Rios,Teclado,,29,$733.68,Marzo 21 2025,1543.72
9926,Camila Reyes,Monitor,centro,47,$-908.17,2026-05-12,1236.81
6886,Isabel Guzman,Silla,NORTE,47,"$1,082.60",2025-10-22,1276.94
7866,Jose Martinez,MONITOR,Sur,47,$754.27,2024-08-05,1561.52
5407,Miguel Flores,Tablet,centro,59,$780.78,Septiembre 29 2025,1546.86
8226,Jorge Morales, Laptop, Norte,43,$816.62,13/02/2024,1332.61
788,Valeria Mendoza,Silla,Occidente,51,1046.26,2024-07-12,1127.35
7685,Isabel Guzman,MOUSE,Norte,50,$388.24,17/06/2026,1941.05
5140,Sofia Torres,Mouse,Norte,39,$970.72,11-26-2025,1433.63
4578,Jorge Morales,Escritorio,?,19,$972.15,08/01/2025,824.7
5340,Jose Martinez,Teclado,Centro,32,1181.13,Diciembre 30 2025,1848.71
8060,Carlos Ramirez,Laptop,occidente,41,97.93,05-18-2026,1359.38
2628,Andres Ortiz,Laptop,occidente,41,1576.59,2024-06-17,1579.33
6626,Miguel Flores,Mouse,Sur,-8,$733.37,2024-06-01,1196.21
932,Miguel Flores,Escritorio,Centro,41,$756.11,10-01-2025,2005.75
2405,Ana Garcia, Laptop,Sur,-4,1152.17,21/03/2026,686.79
9878,Fernanda Castro,Camara,OCCIDENTE,63,$339.27,2026-02-06,1157.28
1249,Valeria Mendoza,Teclado,Norte,45,929.56,2025-04-28,1421.47
4856,Carlos Ramirez,Tablet,occidente,22,$497.25,Enero 16 2024,1214.59
93,Jorge Morales,Camara,Norte,34,"$-1,028.89",2026-02-23,1449.58
5512,Laura Sanchez,Monitor,sur,41,992.25,Mayo 12 2026,1751.72
5438,Daniela Cruz,Monitor,Sur,44,631.35,2024-03-26,1270.07
2852,Pedro Aguilar,Teclado,Sur,28,$802.77,2025-09-21,1635.36
6424,Daniela Cruz,Escritorio,norte,32,522.37,2024-12-17,1277.05
765,Sofia Torres,Teclado,Sur,38,$259.98,2025-02-27,1424.43
6749,Camila Reyes, Monitor,Occidente,50,"$1,482.84",Enero 26 2024,1510.74
5470,Miguel Flores,Camara,Occidente,43,353.43,2025-03-16,1915.89
6048,Maria Lopez,Impresora,Norte,,$-767.30,22/04/2025,1417.96
9921,Laura Sanchez,Camara,Sur,29,$-994.71,Junio 6 2026,1956.96
258,Jose Martinez,TECLADO,Norte,35,875.62,22/02/2024,1421.06
7241,Ricardo Vargas,Monitor,NORTE,24,923.10,05/05/2026,818.5
9412,Paola Rios,MONITOR,Sur,19,$727.03,24/06/2024,1426.7
7652,Paola Rios,Tablet,NORTE,57,"$1,409.00",03-26-2026,1936.64
9354,Jose Martinez,Teclado,OCCIDENTE,29,$709.53,15/06/2026,1429.99
8965,Sofia Torres,Tablet,Occidente,53,950.78,16/04/2025,1350.9
5583,Maria Lopez,Camara,Norte,63,1050.53,15/05/2024,917.96
8505,Luis Hernandez,Bocina,Norte ,39,$488.73,04/07/2025,1711.65
4860,Paola Rios,Impresora,norte,43,$822.75,15/05/2024,1399.06
2998,Jorge Morales,Laptop,centro,41,$573.67,Marzo 10 2026,1100.7
1177,Miguel Flores,ESCRITORIO,?,32,$304.06,2025-08-15,1813.7
3897,Alejandro Diaz, Monitor,Centro,42,993.09,2024-11-06,1636.39
9542,Alejandro Diaz,Escritorio,norte,51,598.52,2024-11-10,1153.2
3517,Carlos Ramirez,CAMARA,Occidente,28,$-912.19,2024-09-01,1590.3
7956,Valeria Mendoza,Teclado,Occidente,29,300.30,11-28-2025,1456.33
7681,Pedro Aguilar, Teclado,centro,32,$765.74,24/01/2025,855.91
7085,Camila Reyes,Laptop,Centro,59,$832.54,23/11/2024,1432.9
8584,Ana Garcia,Tablet,Centro,39,865.83,Noviembre 23 2024,1629.69
6016,Daniela Cruz,Teclado,Sur,38,$276.38,10-19-2024,1506.95
1457,Valeria Mendoza,Escritorio,Centro,55,807.28,2024-06-12,2156.15
1093,Laura Sanchez,Silla,Occidente,,591.21,03/02/2026,1281.1
6119,Valeria Mendoza,Mouse,Sur,42,709.29,23/01/2026,1593.76
3240,Valeria Mendoza,Tablet,SUR,31,827.02,2024-06-17,1139.1
4442,Alejandro Diaz,Teclado,SUR,14,754.63,Octubre 31 2024,1406.48
2584,Daniela Cruz,Teclado,centro,37,1386.00,Diciembre 9 2025,1517.05
7567,Valeria Mendoza, Camara,occidente,58,977.44,2025-03-24,1825.47
1373,Carlos Ramirez, Camara,Occidente ,13,$744.55,2026-01-01,1252.63
920,Miguel Flores,Camara,Sur,25,$954.66,2025-03-28,2084.86
4308,Camila Reyes,Mouse,Sur,38,$639.94,2025-05-15,1817.27
5700,Alejandro Diaz,Monitor,Norte,32,$619.29,11/03/2024,1304.16
538,Sofia Torres,Bocina,Centro,39,675.27,32/13/2026,1878.64
9413,Daniela Cruz,Mouse,Centro,57,$493.39,32/13/2026,1504.87
