ID,Cliente,Producto,Region,Edad,Precio,Fecha,Ventas
5398,Miguel Flores,Monitor,Occidente,,127.87,2024-04-10,1034.56
3078,Camila Reyes,Silla,Occidente ,,$738.15,05-03-2025,885.5
6051,Daniela Cruz, Bocina,Centro,,568.90,,1554.99
6503,Paola Rios,Monitor,Centro ,38.0,sin dato,26/04/2024,1536.6
3602,Fernanda Castro,Impresora,occidente,44.0,452.60,06-24-2025,1559.34
9820,Laura Sanchez, Camara,Centro,31.0,1063.40,2025-07-28,1594.31
933,Carlos Ramirez,MONITOR,norte,36.0,$881.94,08-21-2024,909.08
34,Ricardo Vargas,Silla,CENTRO,,$985.64,Octubre 31 2024,1857.71
305,Paola Rios,Tablet,SUR,40.0,"$1,156.01",2026-06-03,2281.88
8928,Pedro Aguilar,Monitor,Sur,41.0,1112.40,15/08/2024,1298.6
1124,Laura Sanchez,Mouse,,65.0,1042.67,20/02/2026,1091.73
7856,Camila Reyes,Tablet,Sur,47.0,1163.13,,1450.24
9901,Ricardo Vargas,Tablet,NORTE,20.0,$511.23,Marzo 24 2025,1363.97
5707,Daniela Cruz,TABLET,Norte,33.0,1263.25,11-22-2025,926.69
2037,Ricardo Vargas,Silla,Norte,356.0,$609.71,29/04/2025,1081.36
1489,Maria Lopez,MOUSE,occidente,53.0,$-912.20,15/02/2025,1018.92
736,Andres Ortiz,BOCINA,sur,57.0,602.64,17/08/2025,1406.15
1497,Ricardo Vargas,Impresora,Occidente,30.0,"$1,100.81",2025-09-29,1386.33
5437,Daniela Cruz,Bocina,sur,29.0,859.98,02-19-2026,1276.62
1579,Maria Lopez,Tablet,Occidente,54.0,$993.21,2024-10-17,1581.54
8956,Laura Sanchez, Bocina,Occidente,38.0,$926.25,2025-07-28,2025.15
40,Fernanda Castro,Impresora,centro,33.0,873.67,2025-03-05,1614.64
9594,Jose Martinez,Laptop, Sur,35.0,$657.89,2025-12-28,1202.89
319,Isabel Guzman,Laptop,Occidente,24.0,$516.77,2024-03-28,1315.63
6856,Alejandro Diaz,TECLADO,Sur,36.0,599.95,Octubre 18 2024,1065.91
4344,Carlos Ramirez,Silla,OCCIDENTE,22.0,$736.64,05/02/2024,1138.84
5928,Ricardo Vargas,Bocina, Occidente,37.0,$898.26,Noviembre 7 2025,1897.86
4380,Isabel Guzman,Escritorio,norte,55.0,691.63,26/08/2025,897.76
4231,Luis Hernandez,Silla,Occidente,30.0,$915.94,06-14-2024,754.68
674,Luis Hernandez,Escritorio,,29.0,243.11,02/03/2024,776.18
3474,Alejandro Diaz,Laptop,Occidente,40.0,1108.28,09-14-2025,1619.63
566,Laura Sanchez,Tablet,Sur,15.0,"$1,040.50",2025-05-24,1043.41
6399,Ricardo Vargas,Tablet,Sur ,14.0,"$1,108.76",07-30-2024,1104.43
8776,Jose Martinez, Camara,Sur,49.0,$328.41,03-27-2026,1467.73
7013,Valeria Mendoza,Teclado,Norte,32.0,$943.48,14/08/2025,1317.93
1454,Laura Sanchez,Escritorio,Centro,54.0,651.41,Noviembre 16 2024,977.41
9239,Fernanda Castro,Tablet,Centro,45.0,$719.09,08-22-2024,1509.65
7984,Daniela Cruz,Monitor,Norte,38.0,1400.57,01-18-2024,1129.7
1083,Pedro Aguilar, Escritorio,Norte,44.0,$406.83,2024-06-07,1305.33
6682,Sofia Torres,Monitor,Norte ,52.0,$968.71,2026-01-19,1375.9
252,Jorge Morales, Laptop,Sur,69.0,$847.89,Mayo 1 2025,1433.79
8359,Andres Ortiz,Mouse, Sur,57.0,$412.56,Septiembre 23 2024,1377.72
3208,Camila Reyes,Monitor,Occidente,33.0,580.34,19/08/2024,1071.18
5352,Paola Rios,Silla,norte,56.0,1246.52,04/02/2026,1331.36
4265,Ricardo Vargas,Tablet,Sur,38.0,$982.38,28/10/2025,1338.13
322,Maria Lopez,TABLET,Norte,23.0,925.44,01-23-2026,961.63
4706,Laura Sanchez,Tablet,sur,42.0,$547.96,02-08-2026,789.35
9546,Ana Garcia,Bocina,Sur ,25.0,$731.84,2025-06-07,1557.88
5614,Sofia Torres,Bocina,OCCIDENTE,39.0,"$1,321.98",32/13/2026,1392.29
8918,Ana Garcia,Silla,Centro,47.0,$930.53,Marzo 13 2026,1535.69
5262,Luis Hernandez,Silla,Sur,26.0,$778.94,07-25-2024,1073.68
1955,Pedro Aguilar,Mouse,OCCIDENTE,46.0,1088.63,Mayo 11 2024,1619.71
4013,Andres Ortiz,Camara,Centro,284.0,$-730.91,03-04-2024,1324.85
4699,Sofia Torres,Mouse,Occidente,73.0,$719.17,2024-12-28,1694.43
5769,Jorge Morales,Laptop,centro,18.0,$889.85,Septiembre 17 2024,1463.77
484,Diego Romero,Teclado,Norte ,46.0,$874.39,Diciembre 12 2025,125000.0
8537,Ricardo Vargas,Impresora,Sur,46.0,1326.15,Octubre 7 2025,766.96
9650,Daniela Cruz,Mouse,Sur,64.0,1029.88,Marzo 3 2026,1242.57
2233,Isabel Guzman,Impresora,Sur,48.0,478.79,Noviembre 9 2024,1273.52
1796,Laura Sanchez,Camara,OCCIDENTE,316.0,953.11,12/03/2024,1405.92
2214,Maria Lopez,Tablet, Occidente,46.0,$802.26,2025-05-08,2043.73
4112,Jorge Morales,Mouse, Centro,31.0,745.91,08/03/2026,1345.04
7335,Sofia Torres,Impresora,Centro,37.0,1170.80,14/08/2025,1458.24
2013,Jose Martinez,Escritorio,Sur,51.0,"$1,136.64",26/04/2024,1316.62
6080,Fernanda Castro, Camara,Occidente,37.0,1150.43,,1362.58
501,Maria Lopez,Laptop, Norte,26.0,sin dato,Noviembre 26 2025,1806.1
5107,Diego Romero,Escritorio,Centro ,30.0,933.08,Marzo 2 2024,1623.51
6754,Ana Garcia, Bocina, Norte,40.0,1583.83,29/12/2025,1653.21
2359,Fernanda Castro,Tablet,Occidente,58.0,875.39,Diciembre 7 2024,2246.96
7860,Isabel Guzman,Mouse,Centro,56.0,sin dato,10-21-2025,1819.65
2274,Jorge Morales,Tablet,occidente,39.0,$814.04,12-26-2024,808.91
8202,Carlos Ramirez,Mouse,norte,29.0,275.14,01-06-2026,1451.84
2153,Alejandro Diaz,Bocina,Occidente,42.0,1173.82,28/01/2024,1650.45
8122,Pedro Aguilar,Camara,Norte,30.0,$797.60,10/05/2024,1507.86
1200,Fernanda Castro,Impresora,,44.0,1400.93,04-12-2025,1909.34
1114,Carlos Ramirez,MOUSE,Sur,20.0,829.00,01-19-2024,1214.61
7677,Diego Romero,Tablet,Norte,25.0,896.66,25/09/2024,2004.22
8720,Valeria Mendoza,Laptop,Sur,24.0,405.28,2025-03-07,1442.7
120,Maria Lopez,Laptop,OCCIDENTE,52.0,$497.87,17/10/2024,1731.99
2031,Ricardo Vargas,Bocina,Norte,43.0,$357.28,Julio 2 2025,1329.14
8608,Miguel Flores,Silla,Sur,35.0,$625.01,09-06-2025,994.7
2413,Isabel Guzman,Mouse,Norte ,29.0,632.05,Abril 18 2026,1282.12
4345,Miguel Flores,Monitor,NORTE,28.0,$655.32,29/01/2024,1297.31
8807,Ricardo Vargas,Escritorio,SUR,36.0,"$1,158.24",Marzo 27 2024,1406.85
5266,Alejandro Diaz,Camara,Occidente,40.0,677.59,2026-03-01,815.99
4722,Camila Reyes,Impresora,Norte,47.0,$397.92,2024-01-29,1346.7
7673,Valeria Mendoza,Silla,Occidente,19.0,sin dato,Febrero 27 2026,2068.4
5020,Fernanda Castro,Silla,Centro ,62.0,$966.91,24/01/2024,1988.81
7696,Valeria Mendoza,Silla,Norte,46.0,455.30,2024-04-26,835.87
533,Jose Martinez,Bocina,Norte,27.0,$724.53,28/04/2025,1994.97
1003,Ricardo Vargas,Escritorio,Centro,30.0,1221.32,07-29-2024,1859.73
4011,Miguel Flores,Bocina,sur,63.0,"$1,008.73",2024-03-22,1487.41
3920,Fernanda Castro,Tablet,Norte,-6.0,438.26,28/10/2024,1705.57
374,Miguel Flores,Laptop,Centro,58.0,$840.80,Diciembre 4 2024,1611.81
97,Laura Sanchez,Tablet,Occidente,28.0,$672.86,04-05-2026,1081.65
9099,Jorge Morales, Silla,Sur,28.0,$-835.63,01-13-2026,861.43
5792,Luis Hernandez,Escritorio,Centro,39.0,$797.40,01-15-2024,1467.08
7466,Ricardo Vargas,MOUSE, Sur,59.0,$981.66,Enero 15 2026,1945.87
519,Jorge Morales,Silla,Occidente ,33.0,1205.45,Abril 14 2025,1626.34
9150,Camila Reyes,Laptop,Sur,63.0,$836.60,05-14-2025,1623.76
1433,Jose Martinez,Silla,Norte,52.0,960.22,07/09/2024,617.91
7900,Carlos Ramirez,Monitor, Sur,52.0,$-981.04,04/06/2026,942.19
9869,Jorge Morales,TECLADO,centro,8.0,$973.18,2025-06-05,1453.39
6011,Miguel Flores, Laptop,OCCIDENTE,47.0,686.86,17/08/2024,1614.2
8412,Diego Romero,Camara,Norte,47.0,$-410.84,2024-02-12,1275.41
6019,Diego Romero,Monitor,,,$923.32,05-08-2025,922.02
3972,Isabel Guzman,Escritorio,Sur,30.0,1528.46,Septiembre 2 2025,1535.67
6038,Sofia Torres,Mouse,Sur ,34.0,1087.96,Marzo 18 2026,1186.2
4721,Ricardo Vargas, Silla,Norte ,37.0,"$1,181.80",2026-05-14,1120.81
3439,Isabel Guzman,Mouse,Centro ,53.0,$924.62,29/07/2025,825.21
7012,Ricardo Vargas, Teclado,Centro,49.0,765.87,01-08-2026,1173.13
4487,Paola Rios,Escritorio,Occidente,45.0,810.53,03-03-2026,1477.28
6144,Pedro Aguilar,Silla,Norte,19.0,1123.91,2026-06-10,1401.65
4217,Jorge Morales,Monitor,SUR,27.0,736.30,01-09-2025,1462.18
8179,Andres Ortiz,BOCINA,Sur,46.0,1127.16,Febrero 23 2026,937.01
8193,Laura Sanchez,Camara,Sur,20.0,$461.45,2025-04-16,656.82
577,Isabel Guzman,Camara,Sur,67.0,sin dato,2026-01-10,1275.56
1624,Ana Garcia,Laptop, Centro,28.0,$379.63,2025-08-19,1245.76
9327,Jose Martinez, Impresora,norte,50.0,"$1,127.59",Septiembre 30 2025,1680.3
8387,Fernanda Castro,Escritorio,Sur ,23.0,"$1,450.47",Enero 13 2025,1099.9
8508,Paola Rios,Bocina,Norte,31.0,702.75,25/12/2025,1229.16
8315,Ana Garcia,Monitor, Centro,52.0,$564.23,02/01/2025,1423.03
2958,Jorge Morales,TECLADO,Occidente ,29.0,$802.82,2026-01-30,1245.78
6052,Maria Lopez,Impresora,Norte,28.0,$-637.66,2024-11-16,1036.75
7465,Daniela Cruz,Silla,Sur,17.0,sin dato,04/07/2025,1547.44
8158,Jose Martinez,Laptop,,40.0,1419.56,,1064.73
5279,Miguel Flores,Impresora,Norte ,,sin dato,01-16-2025,1086.82
7659,Fernanda Castro,Bocina,norte,46.0,sin dato,2024-12-26,1674.79
2593,Paola Rios,Mouse,Occidente,21.0,50.00,32/13/2026,1215.14
7953,Isabel Guzman,LAPTOP,Norte,51.0,$180.84,Abril 11 2026,1130.68
3551,Daniela Cruz,Silla,Centro,7.0,1200.29,17/09/2025,1627.78
4717,Alejandro Diaz, Laptop,Occidente ,56.0,$751.86,2025-11-14,1027.23
2426,Ricardo Vargas,Mouse,Sur,25.0,881.50,06-08-2026,1969.08
4762,Camila Reyes,MOUSE,?,34.0,$846.60,22/01/2026,1652.18
7303,Isabel Guzman,ESCRITORIO,?,43.0,$946.53,03-02-2026,1136.92
5383,Miguel Flores,Laptop,Occidente,40.0,$256.80,30/06/2024,962.34
4618,Ricardo Vargas,Monitor,CENTRO,55.0,545.20,22/08/2024,1252.63
1191,Daniela Cruz,Teclado,Norte ,44.0,653.40,32/13/2026,1572.75
5906,Maria Lopez, Camara,NORTE,39.0,$542.04,Julio 19 2025,630.32
4624,Luis Hernandez,Teclado,Sur,36.0,1004.84,Diciembre 7 2025,1436.6
7863,Diego Romero,Camara,Occidente,27.0,$680.81,Mayo 13 2024,1052.09
9967,Diego Romero,MOUSE, Occidente,57.0,"$1,028.71",07-12-2024,1479.5
7681,Miguel Flores,Laptop,Occidente ,39.0,490.77,2024-01-06,1677.95
2957,Luis Hernandez,Impresora,Centro,50.0,$613.83,12-31-2025,1296.54
5313,Laura Sanchez,Teclado,Norte,60.0,848.97,05-10-2024,98000.0
9778,Miguel Flores, Laptop,OCCIDENTE,58.0,$830.84,08/02/2025,1162.89
7929,Isabel Guzman,Escritorio,Centro,33.0,sin dato,,1262.65
4515,Isabel Guzman,Mouse,OCCIDENTE,48.0,sin dato,12/01/2026,898.51
7237,Camila Reyes,Camara,SUR,39.0,611.91,03-09-2026,1318.13
9373,Ana Garcia,Impresora, Occidente,58.0,$409.52,07-18-2025,1524.31
7718,Valeria Mendoza,Teclado,CENTRO,27.0,823.14,Noviembre 12 2024,2285.72
6425,Pedro Aguilar,Bocina,Centro,56.0,$878.51,2024-05-28,1223.35
7140,Sofia Torres,BOCINA,Occidente,27.0,sin dato,22/11/2024,1469.96
7964,Daniela Cruz,Silla,Sur ,36.0,$772.48,2025-02-04,1675.62
2523,Laura Sanchez,Impresora,Centro,52.0,$423.17,Mayo 16 2024,886.08
108,Andres Ortiz,Monitor,Sur ,65.0,710.71,2024-05-03,1549.94
2474,Laura Sanchez,Impresora,Sur,32.0,"$1,418.53",Noviembre 8 2025,1590.71
3317,Fernanda Castro,Silla,centro,61.0,750.37,2025-05-30,1591.1
9025,Alejandro Diaz,Monitor,Norte,58.0,$703.30,Octubre 30 2024,1462.44
5099,Isabel Guzman,Escritorio,CENTRO,42.0,"$-1,229.27",2025-02-06,1569.84
1671,Diego Romero,Teclado,Norte,50.0,1554.82,Febrero 26 2026,1930.15
5943,Jose Martinez,Teclado,Sur,,"$1,094.64",,1128.01
8934,Jose Martinez,Teclado,NORTE,29.0,"$1,553.07",07-11-2024,2112.39
851,Pedro Aguilar,Monitor,sur,30.0,964.57,2025-09-29,1939.7
7881,Miguel Flores,Escritorio,Occidente,39.0,"$1,018.12",06-13-2026,1758.19
4589,Fernanda Castro,Silla,norte,56.0,1223.36,2026-03-23,787.76
731,Valeria Mendoza,Impresora,occidente,35.0,$910.12,18/10/2025,1023.97
4951,Sofia Torres,IMPRESORA,Sur,28.0,888.19,26/11/2024,1451.42
4640,Isabel Guzman,Mouse,occidente,63.0,867.93,27/12/2025,1548.52
2841,Daniela Cruz,Monitor, Occidente,50.0,690.44,05-03-2024,1011.33
5035,Ana Garcia,IMPRESORA,Norte,,"$1,013.71",Abril 3 2025,1105.42
81,Isabel Guzman,Monitor, Occidente,45.0,$399.74,,1727.44
8345,Sofia Torres,Impresora,Occidente,40.0,989.54,25/02/2026,953.35
5895,Paola Rios,Laptop,occidente,38.0,"$1,317.80",09-05-2025,979.87
8792,Daniela Cruz,Escritorio,Norte,38.0,612.53,29/04/2024,1744.12
1077,Valeria Mendoza,Impresora,Norte,43.0,$365.21,2026-01-28,689.61
2237,Laura Sanchez,SILLA,Norte,32.0,sin dato,10/01/2025,1223.88
915,Ricardo Vargas,Laptop,Sur,46.0,"$1,162.11",17/02/2026,1413.87
6119,Paola Rios,Silla,NORTE,29.0,$819.84,Julio 8 2025,1178.26
7257,Isabel Guzman,Teclado,Norte,15.0,"$1,143.06",Septiembre 1 2024,1155.03
1374,Daniela Cruz,Laptop,Occidente,46.0,864.21,2025-01-02,1100.9
9921,Laura Sanchez,Teclado,Norte,45.0,$488.56,2024-09-30,1391.92
8693,Pedro Aguilar, Laptop,centro,37.0,1031.50,Junio 2 2025,1661.79
3111,Paola Rios,Monitor,Centro,33.0,977.22,22/08/2025,1793.37
8022,Carlos Ramirez,Impresora,Occidente,44.0,$639.21,32/13/2026,2113.29
8936,Andres Ortiz,Escritorio,norte,42.0,$204.40,05/08/2025,1367.79
5432,Laura Sanchez, Laptop,Sur,44.0,"$1,347.08",,1263.33
2272,Sofia Torres,Teclado,Occidente,38.0,$765.41,2025-04-19,1604.97
6081,Alejandro Diaz,Silla,sur,41.0,497.01,2025-01-15,1235.71
766,Diego Romero,Bocina,Norte,45.0,662.88,13/08/2025,1719.13
9415,Paola Rios, Silla,Sur,34.0,$827.26,2025-09-27,1248.96
9819,Jorge Morales,Camara,occidente,45.0,$718.31,Mayo 13 2026,1521.28
7612,Jose Martinez,SILLA,,15.0,$567.34,06-08-2026,1371.49
3026,Fernanda Castro,Monitor,centro,24.0,$795.58,06/02/2024,1171.6
1731,Diego Romero,Silla,CENTRO,56.0,$709.98,27/02/2024,1421.88
5051,Daniela Cruz,Monitor,Norte,28.0,"$1,025.84",Enero 4 2025,1643.61
9592,Jose Martinez,ESCRITORIO,Centro,32.0,752.12,2025-01-30,1184.36
36,Luis Hernandez,Impresora,Occidente,37.0,344.83,06/12/2025,1405.31
8146,Daniela Cruz,ESCRITORIO, Sur,31.0,933.97,2026-05-26,1592.41
4849,Jose Martinez, Monitor,Occidente,,$959.93,06-22-2025,1729.8
3667,Ricardo Vargas,Bocina,Norte,26.0,1082.53,Junio 14 2026,779.32
6378,Maria Lopez,Escritorio,NORTE,23.0,969.62,2025-03-28,1463.41
2524,Daniela Cruz,Monitor,Occidente,48.0,1290.89,2025-05-08,1167.16
2311,Carlos Ramirez,Teclado,norte,29.0,1104.03,08/10/2025,1499.49
1544,Ricardo Vargas,CAMARA,Sur,35.0,578.52,32/13/2026,1478.96
2456,Jorge Morales,Mouse,Centro,33.0,768.45,2024-01-28,1736.15
1924,Daniela Cruz,Monitor,norte,41.0,$-810.46,2025-06-01,1740.93
2532,Camila Reyes,Camara,Norte,27.0,sin dato,2026-03-04,1684.34
8338,Paola Rios,Monitor, Centro,69.0,$963.80,05-17-2024,1591.26
5697,Luis Hernandez,Impresora,Centro,54.0,$998.10,Febrero 12 2025,1900.72
32,Laura Sanchez,Teclado,Norte,27.0,$787.97,2024-02-04,784.45
3544,Diego Romero,Silla,Centro,27.0,466.74,27/08/2024,1355.28
312,Andres Ortiz,Laptop,?,46.0,985.16,07/04/2024,956.83
6667,Luis Hernandez,Bocina,Sur,43.0,$908.74,Junio 15 2026,1288.81
7585,Ana Garcia,Monitor,Centro,32.0,270.43,32/13/2026,1249.77
3101,Miguel Flores,TECLADO,Sur,56.0,1070.23,09/06/2024,1595.02
4105,Luis Hernandez,Silla, Norte,45.0,$452.64,Junio 2 2024,1142.14
5490,Miguel Flores,Bocina,OCCIDENTE,50.0,613.24,Septiembre 30 2025,1610.73
6201,Isabel Guzman,Bocina,Occidente,19.0,$-649.66,2024-05-28,1730.43
6465,Maria Lopez,Escritorio,centro,41.0,534.73,11-19-2025,1116.25
1732,Isabel Guzman,Mouse,Sur,,$970.80,32/13/2026,976.32
8862,Sofia Torres,Impresora,Sur,54.0,$878.03,Julio 29 2025,1899.59
3126,Alejandro Diaz,MONITOR,Sur ,36.0,570.22,2025-01-09,1252.07
9420,Sofia Torres,Escritorio,centro,39.0,1109.16,27/07/2025,1400.29
4460,Andres Ortiz,Tablet,Centro,49.0,sin dato,04-03-2024,2017.82
8525,Daniela Cruz,Bocina,Sur,44.0,$781.68,Enero 23 2026,1093.26
9170,Andres Ortiz,Camara,occidente,38.0,923.92,2025-01-13,1408.97
5564,Maria Lopez,Teclado,Centro,35.0,1074.50,Febrero 17 2026,1668.01
4454,Valeria Mendoza,Laptop,,43.0,520.70,19/10/2024,1388.47
8212,Luis Hernandez,Bocina,sur,37.0,$454.54,01-05-2025,1319.95
2895,Carlos Ramirez,Silla,Occidente,52.0,sin dato,08/01/2026,1722.71
2518,Paola Rios,Impresora,Sur,7.0,528.74,2024-11-22,1411.53
3108,Miguel Flores,Laptop,Norte,39.0,978.76,05-27-2025,1393.5
4909,Diego Romero,Bocina,Centro,64.0,$973.41,Abril 13 2025,1212.43
1703,Andres Ortiz,Camara,Norte,35.0,1166.79,09/04/2026,1886.34
7400,Daniela Cruz,Monitor,Norte,25.0,$770.69,2024-12-27,1847.95
2029,Paola Rios,Silla,Centro,41.0,333.38,18/03/2025,1422.72
4140,Paola Rios,Bocina,centro,44.0,sin dato,32/13/2026,1387.83
2795,Luis Hernandez,Impresora,SUR,59.0,1111.95,Enero 5 2025,1326.59
6561,Fernanda Castro,SILLA,Sur,,1021.06,09-15-2024,1109.12
4090,Pedro Aguilar,Tablet,Norte,40.0,1461.78,Mayo 8 2025,2059.82
714,Diego Romero,SILLA,SUR,34.0,995.79,09-03-2024,1825.8
8875,Miguel Flores,Silla,Occidente,28.0,$571.94,02-21-2025,999.56
8295,Luis Hernandez,Teclado,Sur,48.0,746.20,Mayo 1 2024,688.73
3025,Miguel Flores,Bocina,OCCIDENTE,57.0,$991.26,2025-07-07,1303.34
8041,Alejandro Diaz,Silla, Occidente,44.0,647.69,Octubre 17 2024,1777.74
5222,Alejandro Diaz,Bocina,Centro,42.0,$530.53,07/05/2025,1557.66
170,Ana Garcia,Tablet,Centro,40.0,688.88,32/13/2026,1142.77
5522,Andres Ortiz,Mouse,,37.0,$821.64,07-01-2024,1473.76
7489,Ana Garcia,Camara,Occidente,80.0,$677.83,02-10-2024,1297.56
4285,Maria Lopez,Teclado,Occidente,46.0,239.55,Octubre 27 2025,1666.36
4514,Isabel Guzman,IMPRESORA,Centro,16.0,$189.52,2024-06-10,1765.1
1340,Daniela Cruz,Camara,Norte,34.0,"$1,363.63",04/10/2025,1448.38
6192,Ana Garcia,Camara,Centro ,29.0,$660.40,19/01/2026,1517.91
440,Miguel Flores,Monitor,Centro,20.0,836.23,2024-03-30,1448.68
3442,Ana Garcia,Mouse,Norte,32.0,285.46,09/03/2026,1796.18
3321,Luis Hernandez,Impresora,Occidente,42.0,$981.94,07-30-2025,949.25
4672,Andres Ortiz,Tablet,Sur,18.0,908.14,05-15-2025,837.21
3534,Pedro Aguilar,CAMARA,?,22.0,"$1,299.93",2026-03-14,1308.97
7145,Laura Sanchez, Tablet,SUR,48.0,422.09,2026-02-05,1251.37
5270,Paola Rios,Monitor,Norte,70.0,$323.94,Abril 10 2024,836.64
3965,Jose Martinez,Silla,Centro,47.0,$880.69,04-19-2025,818.16
3657,Paola Rios,Bocina,Occidente ,31.0,1037.84,28/06/2024,1140.52
7595,Jorge Morales,Silla,Occidente,59.0,$666.12,2024-12-14,1457.08
347,Pedro Aguilar,Tablet,occidente,31.0,$374.96,19/12/2024,1526.91
6907,Ana Garcia,Teclado, Sur,53.0,880.83,16/10/2024,1743.79
316,Andres Ortiz,SILLA,OCCIDENTE,48.0,"$1,002.50",2024-07-10,1539.81
8787,Laura Sanchez,Monitor,Centro,43.0,817.35,11/12/2025,1598.08
8551,Alejandro Diaz,Laptop,Occidente,31.0,"$1,074.34",Diciembre 12 2024,1366.29
3799,Ana Garcia,Silla,Occidente,55.0,sin dato,2024-11-19,1111.66
5360,Sofia Torres,Tablet,Centro,44.0,964.39,2024-11-09,845.16
4694,Alejandro Diaz,Mouse,Norte,35.0,1135.54,Septiembre 8 2024,1764.51
8983,Alejandro Diaz,Impresora,Norte,40.0,$531.87,03/03/2026,1415.54
5480,Ricardo Vargas, Impresora,,20.0,$634.02,2025-12-06,1137.06
3468,Carlos Ramirez,Bocina,Norte ,-4.0,$819.94,2024-01-02,1336.97
534,Carlos Ramirez,Mouse,Sur,47.0,1637.94,Marzo 19 2026,1361.23
1806,Ana Garcia,Monitor, Sur,29.0,$664.52,2025-08-11,1498.18
9689,Carlos Ramirez,Silla, Centro,20.0,1072.71,02-06-2026,1246.6
6573,Ana Garcia,MONITOR,Norte,47.0,907.23,11-28-2024,1327.65
6122,Ricardo Vargas,Escritorio,Sur,46.0,"$1,329.62",2025-11-04,1388.28
8192,Sofia Torres,Silla,Sur,34.0,412.61,21/06/2024,1582.42
9451,Diego Romero,Tablet,Centro,37.0,1388.65,2026-05-09,1751.35
2424,Camila Reyes,Bocina,Occidente,34.0,991.22,05-19-2026,1233.74
1733,Andres Ortiz,Mouse,Norte,47.0,1054.50,Octubre 12 2024,1033.26
1892,Laura Sanchez,Teclado,Occidente,48.0,$834.08,2025-09-14,2210.73
6555,Daniela Cruz,Camara,occidente,33.0,$866.14,03/08/2024,1255.8
4033,Carlos Ramirez,Silla,sur,36.0,"$1,283.88",2025-12-28,1624.47
8687,Luis Hernandez,MOUSE, Norte,55.0,"$1,345.96",17/08/2025,1869.35
6274,Camila Reyes, Silla,Norte,42.0,$619.27,12-05-2024,98000.0
4814,Ricardo Vargas,Tablet, Centro,37.0,1117.23,2026-06-14,1407.44
304,Alejandro Diaz,Laptop,occidente,30.0,sin dato,05-05-2026,797.99
5246,Laura Sanchez, Monitor,Occidente,43.0,1088.49,06-07-2026,1136.87
2725,Diego Romero,TABLET,Centro,45.0,704.93,Diciembre 23 2025,1506.26
3721,Fernanda Castro,Mouse,SUR,12.0,$131.40,Noviembre 3 2025,1049.52
4004,Daniela Cruz,Tablet,Sur,32.0,$665.92,2026-01-13,1138.74
9391,Miguel Flores,Mouse,Sur,41.0,$948.53,21/12/2025,1558.08
7136,Jorge Morales,Impresora,Norte,38.0,1206.59,2025-12-25,1268.82
1079,Daniela Cruz,Bocina,sur,53.0,$867.32,2024-08-10,1493.39
1922,Paola Rios,Laptop,,73.0,1098.12,2026-06-03,1284.68
7692,Paola Rios,Silla,Norte,39.0,828.34,03-10-2026,821.81
7611,Luis Hernandez,Teclado,Sur,39.0,797.41,30/07/2025,1110.17
8028,Ana Garcia,Teclado,Occidente,47.0,1185.78,Agosto 3 2024,1758.29
1150,Alejandro Diaz,Mouse, Occidente,29.0,$983.82,15/02/2026,1396.11
3820,Alejandro Diaz,Mouse, Centro,50.0,468.83,29/03/2025,1564.04
3788,Ana Garcia,Teclado,Occidente,29.0,757.50,Mayo 24 2025,1273.49
6844,Sofia Torres, Camara,Occidente,26.0,$952.06,05/12/2025,1336.07
336,Camila Reyes,Bocina,Occidente,22.0,860.76,03-10-2024,1479.54
7932,Luis Hernandez,Monitor, Occidente,27.0,1034.58,04-03-2025,1568.99
8460,Carlos Ramirez,Mouse,SUR,33.0,1155.72,29/02/2024,1482.96
7171,Alejandro Diaz,SILLA,occidente,56.0,1032.37,Octubre 6 2024,1113.31
5934,Sofia Torres,Silla,Centro,16.0,$975.22,2024-09-26,1906.72
7533,Camila Reyes,Monitor,norte,31.0,1241.17,Diciembre 1 2024,1323.46
4705,Valeria Mendoza,SILLA,NORTE,38.0,"$1,012.31",32/13/2026,1004.36
795,Daniela Cruz,Teclado,sur,42.0,"$1,516.93",2025-10-09,1245.51
4333,Alejandro Diaz,Mouse,Norte,67.0,$620.70,2025-12-21,953.33
7662,Jorge Morales,Laptop,Norte,41.0,"$1,253.32",2024-04-22,1487.52
7326,Alejandro Diaz,Tablet,,42.0,sin dato,07/03/2024,1388.96
6297,Maria Lopez, Monitor,Centro,34.0,$530.32,2025-09-15,1495.01
3695,Miguel Flores,Laptop,Sur,306.0,$756.92,2025-02-05,1586.82
4272,Paola Rios,Escritorio,Centro,69.0,1246.56,04/12/2025,1722.41
9728,Diego Romero,Tablet,norte,47.0,746.64,Julio 17 2025,1507.25
1627,Ricardo Vargas, Silla,Norte,36.0,1078.19,2025-08-06,1720.74
9190,Laura Sanchez,Impresora,norte,56.0,$726.93,06/04/2024,1418.55
5147,Jorge Morales, Teclado,Norte ,24.0,$895.61,2025-04-11,1085.16
8757,Valeria Mendoza,Monitor, Norte,34.0,$461.02,04/04/2025,1449.7
8633,Daniela Cruz,IMPRESORA,Sur,60.0,1166.31,Febrero 22 2026,1394.63
9358,Luis Hernandez,Impresora,norte,26.0,793.33,19/05/2026,1336.29
8849,Miguel Flores, Teclado,Occidente,49.0,$634.41,Julio 2 2024,1427.35
7232,Andres Ortiz, Escritorio,Norte,51.0,878.87,2026-05-30,1560.01
1607,Maria Lopez,Bocina,norte,32.0,"$1,468.02",Febrero 14 2024,1838.11
591,Camila Reyes,Tablet,sur,40.0,$674.97,03-19-2025,1235.3
884,Jose Martinez,Camara,Sur,31.0,890.82,08/04/2026,1918.74
5197,Isabel Guzman,Silla,Centro ,397.0,651.70,28/01/2025,1335.72
5528,Sofia Torres,Teclado,CENTRO,46.0,$839.13,07-19-2024,1482.9
543,Jose Martinez,Escritorio,Norte,52.0,904.55,12-02-2024,1442.31
451,Pedro Aguilar,Bocina,Sur,39.0,"$1,006.92",07/07/2024,1149.8
8178,Luis Hernandez,SILLA,Sur ,,848.72,Agosto 16 2024,1810.16
3380,Miguel Flores,Impresora,Centro,40.0,1025.53,25/07/2025,1144.29
7175,Maria Lopez,Teclado,Norte,18.0,1071.50,30/11/2025,1588.62
4794,Carlos Ramirez,Mouse,Norte,60.0,957.43,Noviembre 8 2024,946.83
6308,Maria Lopez,Camara,Centro,47.0,854.66,22/12/2025,1106.74
7062,Ana Garcia,Escritorio,Occidente,30.0,$544.62,29/03/2024,1503.44
9104,Andres Ortiz,Monitor,Norte,30.0,878.07,Enero 29 2025,1421.25
4529,Daniela Cruz,Bocina,sur,55.0,"$1,156.11",Mayo 21 2024,1262.51
1255,Fernanda Castro,Escritorio,,62.0,"$1,193.82",Febrero 15 2025,1829.16
260,Ricardo Vargas,Tablet,Sur,26.0,904.01,2025-01-05,1197.02
901,Ana Garcia,Laptop,centro,87.0,"$1,053.24",Enero 23 2024,968.54
2448,Fernanda Castro,Monitor,sur,48.0,$929.18,Junio 4 2025,1589.2
9799,Valeria Mendoza, Mouse,Sur,27.0,929.55,Enero 24 2025,954.83
959,Pedro Aguilar,Escritorio,Occidente,44.0,1165.57,10-19-2024,972.52
7064,Ana Garcia,Laptop, Norte,40.0,372.63,Abril 5 2026,1215.85
6370,Luis Hernandez,Mouse, Centro,56.0,$609.59,Septiembre 3 2024,1395.44
5453,Camila Reyes,Tablet,sur,57.0,sin dato,10-01-2024,1113.8
1632,Alejandro Diaz,BOCINA,norte,62.0,829.36,25/04/2026,1384.25
2555,Pedro Aguilar, Escritorio,centro,51.0,"$1,097.91",2025-10-01,1684.98
3127,Camila Reyes,Silla,Sur,34.0,$531.65,Septiembre 28 2024,1601.95
9679,Camila Reyes,Silla,NORTE,35.0,1023.90,08/07/2024,1241.65
3313,Isabel Guzman,Monitor,Occidente,36.0,1020.38,Enero 30 2026,503.38
5295,Isabel Guzman,Mouse,centro,35.0,sin dato,18/01/2025,1134.59
6866,Pedro Aguilar,Camara,sin informacion,33.0,1112.34,07-05-2024,1464.45
3146,Ricardo Vargas, Escritorio,Sur ,59.0,975.70,2024-04-16,1865.8
4562,Daniela Cruz,Bocina,norte,41.0,1100.86,Abril 22 2024,767.91
9795,Pedro Aguilar, Tablet,Norte,31.0,"$1,142.89",2025-02-03,774.33
7334,Laura Sanchez,Impresora,Centro,18.0,832.93,06-10-2025,1469.3
9529,Jose Martinez,Tablet,CENTRO,45.0,775.24,2026-02-21,1701.94
7808,Paola Rios,Mouse,Centro,39.0,$824.57,10/04/2024,1799.03
8141,Diego Romero,Escritorio,SUR,21.0,$685.90,11/09/2025,767.7
1069,Sofia Torres,IMPRESORA,norte,35.0,$834.63,22/05/2025,1725.66
9444,Paola Rios,Tablet,Norte,27.0,"$1,178.80",2024-09-10,1591.54
296,Paola Rios,Impresora,norte,29.0,$745.03,Septiembre 6 2024,1094.9
2749,Daniela Cruz,CAMARA,occidente,8.0,760.13,12-19-2024,1190.01
48,Alejandro Diaz,Escritorio, Occidente,98.0,643.70,Diciembre 10 2024,1390.45
4152,Paola Rios,Impresora,,38.0,375.89,05-23-2025,1733.94
2026,Jorge Morales,Laptop,,44.0,"$1,148.18",Junio 26 2024,1552.8
3089,Laura Sanchez,Escritorio,CENTRO,39.0,$456.12,Marzo 10 2024,1756.07
7221,Miguel Flores,Teclado,Occidente,-2.0,530.14,02-21-2026,2081.96
9754,Laura Sanchez,Camara,Occidente,29.0,474.53,Mayo 5 2024,2003.41
6798,Andres Ortiz,Tablet,centro,28.0,1157.78,2024-08-26,1150.48
3205,Carlos Ramirez,Tablet,Occidente ,35.0,$958.56,01-09-2025,1486.8
8040,Valeria Mendoza,Camara,occidente,39.0,$658.43,Marzo 14 2025,1206.06
2479,Luis Hernandez,Impresora,Centro ,29.0,"$1,195.45",2025-12-31,902.87
3523,Camila Reyes,TECLADO,OCCIDENTE,37.0,$597.29,2025-08-04,1425.84
1794,Carlos Ramirez,Monitor,Sur,37.0,734.11,2024-03-22,1317.36
1510,Andres Ortiz,Laptop,?,35.0,537.52,Marzo 6 2026,637.52
6637,Luis Hernandez,Bocina,Sur,35.0,380.85,16/06/2025,916.22
9320,Jose Martinez,Mouse,sur,42.0,425.95,2024-06-24,1818.55
6904,Ricardo Vargas,Laptop,Centro,49.0,$863.15,Abril 12 2024,1531.39
1964,Camila Reyes,SILLA,sur,35.0,1003.08,07/05/2024,765.35
8450,Laura Sanchez,Laptop,Sur,59.0,582.59,2026-01-21,1034.67
9605,Daniela Cruz,Monitor,Centro,15.0,908.96,09/08/2024,1242.9
6837,Valeria Mendoza,Monitor,occidente,40.0,$979.76,14/08/2025,1498.92
4723,Isabel Guzman, Bocina, Sur,180.0,$655.40,01-22-2025,1889.26
2185,Fernanda Castro,Laptop,Occidente,,$720.64,2025-06-19,1463.09
6886,Ana Garcia,Mouse,Sur,32.0,1094.56,07-11-2025,1506.9
8852,Miguel Flores,BOCINA,Sur,22.0,$945.49,16/06/2025,1546.99
1157,Maria Lopez,Teclado,Norte,50.0,1359.48,32/13/2026,1363.6
7991,Laura Sanchez,Camara,Centro,36.0,930.72,2026-01-06,1263.8
6150,Alejandro Diaz,TABLET,Norte,32.0,249.29,04-03-2024,2150.91
1088,Pedro Aguilar, Silla,OCCIDENTE,18.0,"$1,170.97",,1409.45
9905,Fernanda Castro,Mouse,NORTE,22.0,$772.89,02-23-2024,1680.85
2914,Laura Sanchez,Impresora, Norte,57.0,$897.33,32/13/2026,1691.59
6633,Jose Martinez,Mouse,Occidente,32.0,"$1,010.25",2024-06-11,1165.7
5834,Laura Sanchez,CAMARA,Centro,38.0,"$1,011.09",26/12/2024,1309.8
3288,Laura Sanchez,Mouse,CENTRO,28.0,824.47,2024-08-13,1335.34
9403,Pedro Aguilar,Escritorio,Norte,44.0,"$-1,087.61",03/06/2024,1385.03
6532,Laura Sanchez,Tablet,,44.0,$537.77,2026-05-04,1050.99
8114,Carlos Ramirez,Escritorio,Centro,58.0,$718.93,07-09-2024,2014.9
5010,Carlos Ramirez,Silla,Centro,19.0,$482.00,02-19-2024,1419.73
3818,Camila Reyes,Tablet,Sur,35.0,814.50,10-24-2025,1707.38
7451,Diego Romero,Impresora,Norte,38.0,1263.02,12-29-2024,1550.18
4072,Diego Romero,Escritorio,OCCIDENTE,36.0,1029.34,01-12-2024,1675.53
3280,Valeria Mendoza,Mouse,occidente,54.0,$680.25,2024-06-27,1218.84
3762,Paola Rios,Laptop,Centro ,23.0,$498.95,2026-02-07,1705.3
2450,Jose Martinez,Silla,Norte,30.0,1208.96,Junio 2 2026,1231.13
8333,Valeria Mendoza,Tablet,Occidente ,53.0,811.37,02-17-2025,1145.27
3161,Maria Lopez,Mouse,Sur,45.0,$580.89,2024-11-19,2281.63
6706,Ana Garcia,Camara,centro,10.0,$-454.19,Julio 15 2025,1515.87
3371,Pedro Aguilar,Mouse, Sur,43.0,922.32,08/06/2026,1356.29
7289,Daniela Cruz,Teclado,Norte,38.0,803.62,Febrero 14 2025,1131.55
5719,Ana Garcia,Laptop,Norte ,,$830.24,Enero 15 2025,1219.46
9867,Carlos Ramirez,Laptop,Sur,14.0,1161.26,22/02/2026,1641.5
8738,Maria Lopez,Bocina,Occidente,18.0,$-603.12,Marzo 4 2026,1032.26
2685,Paola Rios,Laptop,Norte,39.0,"$1,052.01",08/11/2025,1354.24
5736,Ricardo Vargas, Monitor,Centro,57.0,1010.12,28/05/2026,1179.61
6488,Carlos Ramirez,Mouse,Norte,41.0,$671.80,2025-12-10,1352.9
7297,Carlos Ramirez, Impresora,Occidente,46.0,$551.48,16/11/2024,1054.66
6196,Miguel Flores,Silla,Norte,46.0,sin dato,Noviembre 14 2025,1518.12
8436,Luis Hernandez,Tablet,Centro,49.0,$763.38,Octubre 9 2025,1016.87
2702,Diego Romero,Bocina,Norte,30.0,583.98,Enero 15 2025,1953.9
2628,Ana Garcia,Monitor,Norte,48.0,$440.42,2026-05-21,1046.97
6409,Paola Rios,Tablet,occidente,44.0,"$1,076.42",2025-12-28,1614.06
3423,Fernanda Castro,Escritorio,Occidente,45.0,$856.47,Diciembre 26 2024,1216.24
9635,Valeria Mendoza,Bocina,Norte,35.0,805.53,2024-08-27,1840.5
8369,Jorge Morales,Teclado,Norte,50.0,880.55,Mayo 28 2026,1940.57
6249,Luis Hernandez,Tablet,occidente,38.0,$970.69,02/09/2025,1080.01
211,Carlos Ramirez,Teclado,Norte,38.0,$942.90,03/07/2025,1400.88
5803,Daniela Cruz, Bocina,Norte,21.0,"$1,234.75",02-23-2025,1547.41
5275,Fernanda Castro,Bocina,Centro,26.0,848.68,06-09-2025,1373.47
7937,Jose Martinez,Bocina,Norte,43.0,"$1,501.79",Noviembre 29 2025,1004.94
3519,Andres Ortiz,Camara,Norte,34.0,379.18,Junio 18 2024,1052.23
9629,Andres Ortiz,Mouse,Norte ,40.0,$453.95,01-07-2026,1011.28
1146,Jorge Morales, Silla,Sur,26.0,818.86,16/06/2025,1220.69
1369,Pedro Aguilar,Camara,Occidente,33.0,1004.88,09-04-2024,2169.73
5460,Alejandro Diaz, Monitor,Centro,46.0,668.45,Mayo 22 2026,1469.18
5981,Fernanda Castro,Monitor, Centro,36.0,"$1,118.65",Febrero 25 2024,1331.78
7101,Jorge Morales, Mouse,Occidente,44.0,"$1,262.90",2024-03-23,677.06
8658,Camila Reyes,Laptop,Occidente,37.0,920.00,2026-02-15,1132.24
6727,Alejandro Diaz,IMPRESORA,Sur,49.0,937.35,14/03/2024,1484.85
1156,Ricardo Vargas,Escritorio,sin informacion,41.0,$508.63,11-27-2024,1346.61
1181,Fernanda Castro,Impresora,Centro,16.0,707.06,Octubre 21 2025,1537.83
563,Jorge Morales,Mouse,Norte,54.0,709.40,2026-04-06,1888.18
1189,Ricardo Vargas,Tablet,SUR,39.0,1150.10,2024-10-30,1676.97
4915,Diego Romero,ESCRITORIO,Occidente,48.0,604.89,18/07/2024,1282.8
6099,Diego Romero,Impresora,Sur,36.0,1107.68,Octubre 2 2024,1244.72
7664,Fernanda Castro,Silla,Norte,38.0,$825.08,10/06/2026,1627.91
3689,Pedro Aguilar,Teclado,Sur,25.0,$885.96,Abril 1 2026,1382.99
3843,Ricardo Vargas,Monitor,OCCIDENTE,40.0,$-918.04,2024-03-31,1619.17
9461,Jose Martinez,Bocina,Sur,31.0,"$1,178.00",2025-01-13,1355.06
7365,Pedro Aguilar,Escritorio,norte,31.0,1558.49,Abril 18 2025,1361.39
7880,Luis Hernandez, Tablet,OCCIDENTE,52.0,$779.09,06/05/2025,1243.09
6453,Pedro Aguilar,Camara,Occidente,28.0,$627.82,2024-04-29,1884.68
9685,Fernanda Castro,Tablet,Occidente,57.0,1467.81,2025-01-04,1550.71
8789,Ana Garcia,Monitor,Centro,32.0,549.46,2025-05-05,1191.33
6930,Diego Romero,Escritorio,Centro ,17.0,$744.87,2025-01-30,1537.58
6969,Paola Rios,Mouse,occidente,51.0,748.32,2025-01-03,1153.84
1781,Ana Garcia,Monitor,centro,33.0,583.90,Septiembre 2 2024,1064.98
488,Paola Rios,Teclado,Sur ,27.0,858.49,01/02/2024,1611.99
3756,Sofia Torres,Mouse,norte,-4.0,$950.46,2026-01-30,1949.84
107,Diego Romero,Bocina,Occidente ,45.0,$510.76,2024-02-27,1734.24
2909,Maria Lopez,Teclado,Centro,31.0,$942.96,20/12/2024,1809.91
3545,Ana Garcia,Camara, Sur,48.0,$992.78,11/03/2024,1605.54
6240,Carlos Ramirez,Bocina,centro,45.0,712.86,24/10/2024,2160.89
8628,Camila Reyes,Silla,sur,37.0,394.40,12-24-2025,844.07
1594,Ana Garcia,Silla,Norte,36.0,1144.64,21/12/2025,2112.95
3146,Ricardo Vargas, Escritorio,Sur ,59.0,975.70,2024-04-16,1865.8
4626,Miguel Flores,Impresora,Norte,48.0,$996.00,26/02/2024,1267.11
2575,Diego Romero,Teclado,occidente,-7.0,645.36,03/05/2024,1265.23
3715,Valeria Mendoza,Monitor,Sur,37.0,572.03,2025-02-05,910.44
4873,Luis Hernandez,Tablet,occidente,41.0,"$1,188.43",10-05-2024,1720.5
5991,Ana Garcia,Monitor,Sur,49.0,"$1,127.61",22/10/2025,1478.22
5093,Ana Garcia,Impresora,Sur,37.0,$913.64,2025-02-26,1101.96
7921,Sofia Torres,Impresora,Sur,37.0,1110.94,14/06/2024,916.42
1218,Valeria Mendoza,Impresora,occidente,46.0,$-174.08,32/13/2026,1154.71
2010,Fernanda Castro,Laptop,Centro,43.0,"$1,293.17",Diciembre 26 2024,1393.77
1795,Jorge Morales,Monitor,,43.0,"$1,379.72",,1001.39
857,Laura Sanchez,Escritorio,SUR,44.0,sin dato,02-07-2025,672.91
669,Isabel Guzman,IMPRESORA, Sur,24.0,"$1,014.35",2025-11-20,977.17
9324,Isabel Guzman, Bocina,Sur,40.0,$982.18,23/01/2024,1686.07
5293,Sofia Torres,IMPRESORA,CENTRO,58.0,"$1,011.28",Abril 26 2024,921.71
4278,Diego Romero,Bocina,Occidente,,sin dato,,1425.03
3525,Carlos Ramirez,Silla,Sur,42.0,"$1,086.16",32/13/2026,1097.03
5326,Miguel Flores,Escritorio,Centro,42.0,1022.31,Junio 1 2025,1770.66
8237,Pedro Aguilar,Tablet,Occidente,38.0,$738.24,04-09-2025,858.92
8396,Alejandro Diaz,Teclado,Sur,49.0,"$1,210.76",18/03/2026,1338.43
3583,Laura Sanchez,BOCINA,Occidente,38.0,"$1,119.56",2026-01-28,1369.2
4398,Carlos Ramirez,Bocina,Centro ,64.0,694.09,,1731.12
8886,Alejandro Diaz,Bocina,Norte ,37.0,$642.66,11-02-2024,1192.07
6248,Jorge Morales,MONITOR,,31.0,848.92,Enero 23 2024,1218.88
5628,Ana Garcia,Teclado,Sur,38.0,1053.72,2025-07-10,1539.12
5665,Paola Rios,Mouse,norte,35.0,"$1,137.16",06/03/2026,1154.21
5065,Paola Rios,Teclado,Norte,23.0,968.39,16/02/2025,1763.6
2240,Alejandro Diaz, Laptop,Centro,51.0,922.40,Julio 12 2024,1064.22
1351,Luis Hernandez,Escritorio,Norte,59.0,436.63,Mayo 11 2026,1551.17
287,Jose Martinez,Bocina,Occidente,57.0,1045.82,Diciembre 6 2025,1805.53
2886,Jose Martinez,CAMARA,Sur,76.0,1012.36,Septiembre 12 2025,2404.62
5611,Carlos Ramirez, Bocina, Norte,32.0,"$1,069.50",2026-03-01,1236.09
6254,Paola Rios,Impresora,Centro,40.0,443.40,03-09-2026,715.14
5050,Isabel Guzman,Monitor,Centro ,36.0,$743.54,04-03-2024,907.37
3315,Daniela Cruz,Bocina,Centro,63.0,697.37,Agosto 16 2025,1256.31
6118,Laura Sanchez,Bocina,Sur,33.0,891.38,03-03-2024,1763.36
3754,Carlos Ramirez,Laptop, Occidente,59.0,1684.39,31/08/2025,1136.36
9798,Alejandro Diaz,Escritorio,Norte,32.0,321.60,12-08-2025,1619.57
4377,Sofia Torres,Mouse,Norte,20.0,640.59,Julio 4 2025,1495.86
30,Daniela Cruz,Monitor,OCCIDENTE,52.0,"$1,023.11",12-22-2024,1598.37
6127,Jose Martinez,Escritorio,centro,37.0,757.78,13/11/2025,1550.14
8332,Laura Sanchez,Mouse,Sur,44.0,$511.73,29/04/2024,1671.23
6523,Jose Martinez,Laptop,Centro,5.0,$754.48,Noviembre 27 2025,1457.05
1600,Valeria Mendoza,Mouse,Occidente,51.0,$859.19,Junio 29 2024,2014.32
7361,Luis Hernandez,Monitor, Norte,35.0,1075.16,2024-09-10,1799.06
4348,Jose Martinez,Escritorio,Centro,27.0,$868.65,Enero 23 2025,1863.21
7448,Daniela Cruz,Bocina,CENTRO,36.0,95.08,Febrero 10 2024,1166.58
7279,Paola Rios,Monitor,CENTRO,293.0,$794.97,,1096.16
109,Jorge Morales,Silla,Occidente,26.0,$956.38,2024-10-29,942.67
3102,Maria Lopez,Camara,Norte,46.0,940.30,05-03-2024,1254.16
7434,Valeria Mendoza,Monitor,CENTRO,38.0,$844.10,Febrero 20 2026,1147.6
7558,Diego Romero,Camara,Norte,14.0,"$1,236.98",Noviembre 27 2024,1565.68
7204,Maria Lopez,Laptop,Norte,26.0,"$1,373.91",2024-09-30,907.03
7355,Isabel Guzman,Teclado,centro,37.0,924.82,2024-12-28,1125.84
1473,Daniela Cruz,Tablet,Sur,42.0,907.16,02-26-2025,1031.08
5447,Andres Ortiz,Silla,Occidente,50.0,"$1,426.63",32/13/2026,1766.2
719,Laura Sanchez,Teclado,Occidente,31.0,858.77,03-14-2024,1496.56
4100,Sofia Torres,Teclado,centro,48.0,$482.50,Mayo 30 2024,1054.47
9366,Diego Romero, Tablet,Occidente,36.0,829.40,06-04-2024,1126.33
3232,Laura Sanchez,Monitor,Norte,39.0,$734.82,2024-07-14,1265.27
8831,Isabel Guzman,Bocina,Occidente,39.0,$982.56,01-19-2024,1247.15
7261,Laura Sanchez,Teclado,Occidente,23.0,721.97,2024-03-27,883.36
7591,Maria Lopez,MOUSE,CENTRO,31.0,505.64,16/04/2026,1564.56
3038,Jose Martinez,Teclado,Norte,65.0,457.04,Junio 24 2024,1354.06
1023,Alejandro Diaz,Escritorio,Sur,29.0,659.81,Noviembre 3 2025,1935.77
5900,Alejandro Diaz,Tablet,Occidente,38.0,1000.03,05/05/2026,842.95
2590,Sofia Torres,Monitor,sur,58.0,"$1,043.03",13/06/2026,1408.23
6821,Diego Romero,Tablet,Occidente ,46.0,"$1,102.40",Diciembre 16 2025,1873.55
4839,Alejandro Diaz,Teclado,centro,21.0,574.21,05/12/2025,1188.8
7348,Sofia Torres,Monitor,NORTE,17.0,"$1,118.84",16/04/2024,1154.53
8532,Paola Rios,Bocina, Centro,34.0,$977.34,16/04/2025,1223.48
6932,Diego Romero,Silla,Norte,29.0,"$1,258.59",Junio 3 2025,1298.55
8314,Isabel Guzman, Impresora,Centro,37.0,"$1,157.94",08-01-2024,2046.46
4098,Maria Lopez,Silla,Centro,64.0,$584.04,2026-03-03,1061.43
4550,Alejandro Diaz,Bocina,CENTRO,45.0,571.66,07-09-2025,1113.3
3996,Sofia Torres, Mouse,Sur,56.0,"$1,002.72",Marzo 14 2025,1098.15
294,Sofia Torres, Camara,NORTE,28.0,$924.70,26/04/2026,1066.49
4254,Sofia Torres,Mouse,Sur,41.0,210.88,19/10/2025,1515.41
8205,Daniela Cruz,Monitor,Sur,40.0,518.68,01-13-2025,1006.67
9634,Laura Sanchez,Laptop,occidente,25.0,$868.68,10/06/2025,1101.11
2693,Isabel Guzman,Tablet,norte,35.0,864.74,01/01/2026,1428.02
8218,Isabel Guzman,CAMARA,Sur,55.0,$727.59,Junio 13 2024,993.78
7557,Camila Reyes,Mouse,SUR,38.0,sin dato,,1170.11
4292,Isabel Guzman,Bocina,Norte ,26.0,$648.87,2026-05-15,1931.28
8827,Laura Sanchez, Escritorio,Occidente ,48.0,$688.20,2024-01-13,1698.47
8487,Jorge Morales,BOCINA,Occidente,,"$1,183.30",07-24-2024,1393.46
1965,Camila Reyes,Teclado,Sur,31.0,$893.96,Mayo 3 2024,980.11
15,Valeria Mendoza,Escritorio,Norte,29.0,"$1,381.43",02/10/2024,716.4
4900,Ricardo Vargas,Impresora,Sur ,1.0,"$1,037.55",Marzo 6 2024,1381.3
9385,Daniela Cruz,Impresora,Occidente,47.0,890.27,2026-01-19,1210.77
1747,Pedro Aguilar,IMPRESORA,Centro,19.0,$816.04,29/07/2025,1314.22
5191,Valeria Mendoza,Tablet,Occidente,25.0,1047.07,31/01/2026,930.63
9361,Valeria Mendoza,SILLA,Centro ,47.0,997.53,01-08-2024,970.31
1161,Ricardo Vargas,Impresora,Norte,28.0,"$1,094.55",Julio 3 2024,2122.18
9616,Ricardo Vargas,Laptop,Norte,39.0,1264.32,2024-12-27,1979.04
8282,Miguel Flores, Impresora,Centro,28.0,$927.29,07-27-2024,1495.77
9641,Miguel Flores,Bocina,Occidente,32.0,823.46,Marzo 2 2024,1390.53
9866,Diego Romero,Impresora,Occidente,54.0,725.01,Enero 11 2026,1359.76
2040,Daniela Cruz,Tablet, Centro,59.0,"$-1,080.56",Junio 12 2024,1679.36
2484,Sofia Torres,Monitor,Norte,41.0,"$-1,153.07",2025-06-12,1155.51
93,Camila Reyes,Silla,,43.0,sin dato,32/13/2026,2344.28
4393,Ana Garcia, Escritorio,Centro,48.0,sin dato,29/10/2024,1580.85
5578,Isabel Guzman,Silla,occidente,32.0,1260.10,07-08-2025,1139.22
5574,Andres Ortiz,Escritorio,centro,20.0,$787.10,15/04/2025,919.51
6324,Pedro Aguilar,Silla,Norte ,14.0,710.77,,1873.25
7449,Valeria Mendoza,Escritorio,Norte,57.0,840.57,Marzo 7 2025,1030.58
497,Maria Lopez,Silla,occidente,56.0,730.96,2026-01-03,680.01
2076,Daniela Cruz,Teclado,Sur,57.0,585.64,04-27-2025,897.63
9406,Sofia Torres,Tablet,Centro ,37.0,$524.35,2025-11-04,1569.12
9990,Ricardo Vargas,MOUSE,Occidente,16.0,916.59,20/01/2024,1568.84
5083,Ana Garcia,Escritorio,Norte,24.0,$839.67,2025-09-09,1499.97
8027,Ricardo Vargas,Laptop,centro,47.0,497.18,2026-01-06,1801.05
8043,Pedro Aguilar,TECLADO,Norte,31.0,"$1,153.99",01-25-2026,1686.69
5518,Andres Ortiz,Mouse, Sur,33.0,"$1,171.73",17/04/2025,1336.16
7745,Jose Martinez,Teclado,SUR,46.0,663.01,12/02/2026,1713.97
1442,Paola Rios,Bocina,Norte,37.0,$767.99,Enero 8 2026,1627.4
8297,Diego Romero, Laptop,Occidente,44.0,$667.88,10/02/2025,1899.45
734,Diego Romero,Impresora,Occidente,36.0,sin dato,Abril 19 2024,1201.81
2349,Laura Sanchez,Bocina,Occidente,60.0,795.51,02/02/2024,1045.66
3095,Isabel Guzman,Laptop,Centro ,33.0,850.60,27/10/2024,1283.97
652,Andres Ortiz,Monitor,Norte,36.0,$801.23,03-27-2024,1813.84
5494,Laura Sanchez,Silla,Occidente,207.0,$845.91,2026-01-17,1242.52
9319,Jorge Morales,Silla,Occidente,50.0,"$1,085.78",Abril 27 2026,1543.58
4000,Paola Rios,Bocina,Centro,36.0,326.26,Noviembre 15 2025,1091.64
8073,Andres Ortiz,Silla,CENTRO,64.0,745.92,07-13-2024,1786.95
4418,Jose Martinez,Monitor,Sur,45.0,1460.80,2024-10-01,1776.3
8241,Valeria Mendoza,Escritorio,Occidente,29.0,"$1,089.83",03-04-2025,1015.85
8749,Isabel Guzman,SILLA, Norte,55.0,1793.54,2026-05-17,1658.85
3622,Laura Sanchez,Monitor,occidente,40.0,969.51,03-02-2024,1528.04
6841,Carlos Ramirez,Teclado,Centro,73.0,934.40,06/09/2024,721.46
8777,Camila Reyes,Teclado,Occidente,22.0,"$1,098.76",15/01/2025,1442.19
8142,Miguel Flores,Teclado,Centro,34.0,635.38,02-03-2025,1509.13
2612,Isabel Guzman,Laptop,Centro,34.0,"$-1,154.13",2026-02-01,1808.5
389,Alejandro Diaz,Monitor,OCCIDENTE,25.0,795.25,25/02/2024,1581.3
3035,Luis Hernandez,TABLET,CENTRO,29.0,736.09,Mayo 17 2025,1238.35
2168,Camila Reyes,Laptop,Centro,57.0,"$1,117.06",32/13/2026,1359.92
2488,Luis Hernandez,Bocina,Centro,36.0,$992.88,Mayo 2 2026,1718.45
1684,Diego Romero,Mouse,Centro,39.0,"$1,128.81",Diciembre 24 2025,1427.79
1537,Jose Martinez,Escritorio,Centro,42.0,"$1,360.21",23/04/2024,1957.41
1148,Diego Romero,Camara,Sur,50.0,$859.38,Diciembre 29 2024,1692.06
8355,Ricardo Vargas,Laptop,centro,48.0,786.19,,1494.65
89,Diego Romero,Impresora,norte,55.0,$566.68,03-15-2026,1594.17
511,Pedro Aguilar, Silla,Norte,42.0,$829.56,08-14-2025,1312.24
2778,Isabel Guzman,Tablet,norte,42.0,$-391.65,2025-09-13,1064.48
9633,Laura Sanchez,Monitor,Centro ,21.0,958.75,2025-09-25,1503.34
2129,Luis Hernandez,Camara,Sur,46.0,$728.26,24/01/2024,1658.22
1661,Fernanda Castro,Mouse,norte,48.0,833.05,06/09/2024,1123.32
6364,Carlos Ramirez,Bocina,Occidente,44.0,"$1,011.97",2025-12-09,1053.66
2458,Isabel Guzman,Impresora,Centro ,33.0,815.22,11-27-2025,1400.49
3541,Valeria Mendoza,Laptop,Centro,38.0,860.68,Mayo 25 2026,1337.96
2971,Fernanda Castro,Bocina,Occidente,49.0,1135.74,05-26-2024,1318.92
3064,Maria Lopez,Tablet, Norte,26.0,848.32,Febrero 23 2025,1018.06
6111,Alejandro Diaz,Laptop,Sur,10.0,sin dato,Julio 1 2024,1175.95
4388,Luis Hernandez,IMPRESORA,sur,42.0,936.59,Junio 10 2024,1124.77
5958,Valeria Mendoza, Tablet,Norte,30.0,735.34,2024-11-04,692.99
3483,Diego Romero,Monitor,Sur,41.0,$510.25,07/07/2025,2020.53
9440,Maria Lopez,Laptop,Sur,54.0,690.79,05/02/2026,1236.58
8632,Fernanda Castro,Tablet,norte,46.0,$677.26,Septiembre 24 2025,1557.93
1113,Jose Martinez,CAMARA,norte,30.0,$-942.45,Marzo 25 2026,1295.63
5749,Isabel Guzman,Impresora,Sur,14.0,591.99,04-09-2025,1745.6
1711,Sofia Torres,ESCRITORIO,Norte,30.0,1271.14,Septiembre 4 2025,1283.44
4399,Luis Hernandez,Bocina,Centro,23.0,$882.57,04/03/2025,1512.84
417,Pedro Aguilar, Monitor,Occidente,46.0,$722.07,Diciembre 5 2024,1430.26
7019,Jorge Morales,Silla,Sur,26.0,$937.46,07-03-2025,1221.92
622,Jorge Morales,Impresora,Norte,33.0,1062.19,Octubre 7 2024,745.52
7746,Maria Lopez,Laptop,Occidente,42.0,829.37,22/09/2025,1331.03
8389,Isabel Guzman,Bocina,Centro,37.0,$783.92,2025-02-21,1764.03
1741,Daniela Cruz,Escritorio,Centro,54.0,1099.91,2024-01-21,1683.14
3886,Daniela Cruz,Silla,Norte,47.0,"$1,230.25",Enero 8 2025,1042.99
8540,Diego Romero,Camara,?,34.0,$184.67,19/04/2026,1556.75
5838,Ana Garcia,Tablet,Sur,63.0,597.43,Junio 7 2025,1662.37
8639,Diego Romero,Monitor, Centro,49.0,1118.83,2026-06-06,1544.01
9911,Isabel Guzman,Escritorio,Norte,27.0,1059.61,25/03/2024,544.87
2936,Laura Sanchez,Bocina,SUR,42.0,$-867.35,Enero 17 2025,1325.88
7736,Carlos Ramirez,Impresora,Occidente,36.0,486.35,06/01/2025,1777.87
2125,Valeria Mendoza,Teclado,Norte ,47.0,$539.70,10-16-2025,1186.7
9,Laura Sanchez, Tablet,Centro,33.0,654.64,2024-12-01,2008.36
400,Sofia Torres,Silla,Occidente,55.0,715.90,09-17-2024,1038.62
2751,Laura Sanchez,Escritorio,occidente,38.0,$755.20,01-10-2024,1457.77
6393,Carlos Ramirez,Bocina,occidente,25.0,714.34,2026-01-02,1372.18
5633,Paola Rios,Laptop,Occidente,-4.0,$708.88,10-28-2025,1215.55
8517,Paola Rios,Teclado,Centro,23.0,"$1,261.40",2026-01-06,1804.31
2514,Diego Romero,Escritorio,Norte ,46.0,"$1,128.44",2025-07-10,1565.12
3718,Carlos Ramirez,Teclado,Centro,51.0,"$1,017.99",04-15-2024,2052.88
3906,Diego Romero,Monitor,Norte,32.0,$674.91,04-02-2024,1846.27
2222,Jose Martinez,Laptop,Sur,31.0,sin dato,,1526.22
3636,Jorge Morales,Monitor,Norte,31.0,$319.33,19/07/2024,1711.27
8373,Andres Ortiz,Impresora,sur,26.0,$453.51,2025-09-07,1571.63
8251,Fernanda Castro,Impresora,Sur,35.0,$643.22,Marzo 26 2026,1454.7
6910,Pedro Aguilar,Monitor,Norte,38.0,"$1,043.42",2025-10-16,1973.29
4177,Sofia Torres,Monitor,Norte,31.0,912.92,Abril 23 2024,1544.99
8489,Paola Rios,Tablet,Centro ,42.0,$848.21,18/05/2024,1383.58
762,Ricardo Vargas,Teclado, Centro,54.0,"$1,104.42",Febrero 12 2025,1194.73
8123,Valeria Mendoza,Silla,Occidente,65.0,882.78,20/12/2025,982.05
1122,Luis Hernandez,Tablet,sur,53.0,925.89,11-26-2024,1081.86
7479,Diego Romero,Bocina,Norte,32.0,"$1,282.93",Marzo 19 2026,1589.95
8566,Fernanda Castro,Impresora,CENTRO,46.0,1014.32,2026-05-20,1159.52
583,Maria Lopez,Escritorio,norte,42.0,$795.85,Octubre 21 2024,826.64
8139,Alejandro Diaz,Monitor,CENTRO,39.0,817.93,04-29-2024,881.46
625,Fernanda Castro,Tablet,Centro,38.0,1105.24,2026-05-15,1330.25
569,Fernanda Castro,Tablet,Centro,38.0,958.47,11/01/2024,1180.81
1278,Diego Romero,LAPTOP,Centro,47.0,$783.79,2025-03-18,1443.06
7960,Andres Ortiz,Escritorio,occidente,76.0,1265.81,15/07/2025,893.25
1091,Paola Rios,Silla,Occidente,39.0,1670.90,Abril 15 2025,1888.08
6024,Alejandro Diaz,Bocina, Centro,25.0,530.54,23/02/2024,1339.27
8506,Jose Martinez,Bocina,Centro ,150.0,877.24,06-16-2026,1406.22
5768,Sofia Torres,Bocina,occidente,25.0,$779.67,05-10-2025,1060.44
1982,Fernanda Castro, Monitor,Centro,35.0,943.06,Noviembre 6 2024,1207.25
361,Camila Reyes,Impresora, Centro,30.0,1156.13,Agosto 15 2025,1467.79
4133,Valeria Mendoza,Camara,Centro,26.0,517.47,,1056.08
292,Carlos Ramirez,Camara,Occidente,59.0,692.32,28/08/2024,1750.13
2253,Laura Sanchez,SILLA,Norte,31.0,"$1,407.84",08-08-2025,1348.66
102,Jose Martinez,Teclado,Norte,42.0,$880.44,05/11/2024,1277.74
9021,Diego Romero,Monitor,Sur,30.0,1050.28,11-14-2024,1871.22
6854,Luis Hernandez,Bocina, Occidente,30.0,$568.02,Marzo 29 2026,1917.97
4336,Daniela Cruz,Monitor,Occidente,182.0,"$1,219.38",Mayo 17 2026,1461.23
3498,Jorge Morales,Impresora,Sur,27.0,712.14,03-14-2025,1659.76
7048,Miguel Flores,Impresora,Norte,42.0,$753.84,32/13/2026,1465.8
3990,Jorge Morales,BOCINA,Norte,55.0,$-532.05,2024-10-17,1476.91
4464,Andres Ortiz,Teclado,Occidente,32.0,825.94,12-29-2025,1298.0
4682,Jose Martinez,Silla,Sur,19.0,$342.23,Enero 15 2026,1935.39
3892,Isabel Guzman,Bocina,Centro,32.0,1172.38,Septiembre 30 2025,1839.67
5883,Camila Reyes,Bocina,Norte,50.0,"$1,543.80",05-11-2026,1420.55
6976,Valeria Mendoza,Laptop,Norte,32.0,"$1,044.16",,1192.39
9223,Daniela Cruz,Teclado,SUR,54.0,"$1,136.70",32/13/2026,1840.1
7823,Ana Garcia,Teclado,Sur,45.0,736.43,29/02/2024,1226.29
7621,Isabel Guzman,Tablet,Sur,27.0,$992.47,23/06/2025,1619.93
8459,Daniela Cruz,Teclado,Norte,49.0,803.22,2025-11-24,1486.19
8981,Pedro Aguilar,Escritorio,Occidente,49.0,1115.70,Febrero 14 2026,962.67
4772,Diego Romero,Bocina,sur,50.0,917.99,Mayo 19 2025,994.01
6659,Ricardo Vargas,Bocina,Occidente,39.0,"$1,147.46",15/12/2024,1330.28
2329,Ana Garcia,Teclado,Centro,21.0,sin dato,07-30-2024,1377.66
7308,Laura Sanchez,Monitor,Sur,57.0,"$1,149.11",07/05/2025,1328.2
564,Jose Martinez,MOUSE,Occidente,18.0,809.88,Marzo 29 2026,1696.4
3008,Daniela Cruz,Camara,Centro,35.0,1268.91,29/09/2025,1142.76
3674,Ana Garcia,LAPTOP,CENTRO,62.0,$470.47,2024-07-28,1502.71
3777,Paola Rios,Bocina,NORTE,19.0,$993.17,08/07/2025,1064.79
6919,Luis Hernandez,Bocina,norte,28.0,sin dato,32/13/2026,1167.29
4817,Alejandro Diaz,Tablet,Occidente,35.0,$761.43,Abril 3 2025,1400.43
2993,Jose Martinez,ESCRITORIO,Occidente,48.0,331.80,2026-03-13,1435.9
64,Pedro Aguilar,Camara,OCCIDENTE,50.0,597.05,,1281.13
8961,Daniela Cruz,Tablet,Occidente,34.0,"$1,160.17",11-13-2025,1347.84
1184,Daniela Cruz,Bocina,,38.0,$596.12,,1142.05
3596,Carlos Ramirez,Monitor,Sur,27.0,$461.42,2024-05-05,1014.3
3266,Fernanda Castro,Camara,Norte,39.0,$971.01,2024-05-12,1885.73
7939,Luis Hernandez,Bocina,Norte ,47.0,279.19,2026-03-18,1521.37
5324,Miguel Flores, Tablet,Sur ,28.0,$532.60,Marzo 25 2026,1632.84
8432,Jose Martinez,Bocina,sur,34.0,557.11,2026-06-14,1335.06
3299,Paola Rios, Monitor,Sur,58.0,$903.66,2024-11-26,1519.67
5915,Paola Rios,IMPRESORA,SUR,33.0,"$1,434.25",17/04/2024,985.01
4983,Jose Martinez,Impresora,Occidente,49.0,$828.38,23/09/2025,1787.49
2109,Carlos Ramirez,Teclado,SUR,53.0,$947.09,Marzo 24 2025,1594.69
3402,Isabel Guzman,Teclado,Sur,46.0,$508.36,2025-10-28,1508.64
246,Luis Hernandez,Impresora,NORTE,16.0,$525.83,Mayo 10 2026,1654.97
6410,Isabel Guzman,Mouse,sur,59.0,"$1,151.53",2025-12-07,1373.15
8684,Maria Lopez,Laptop,Sur ,14.0,$409.39,Mayo 10 2026,1279.13
3782,Laura Sanchez,Escritorio,Sur,24.0,"$1,067.50",03-03-2026,1597.93
1414,Diego Romero,Tablet,Occidente,57.0,"$1,316.65",Julio 4 2025,1572.42
4302,Andres Ortiz,Silla,Norte,238.0,1200.43,07-08-2024,2225.14
7614,Andres Ortiz,Laptop,NORTE,41.0,$890.13,2026-02-03,1986.85
334,Camila Reyes,Mouse,occidente,30.0,761.09,Octubre 14 2025,1196.35
1514,Sofia Torres,Monitor,Occidente ,49.0,$933.79,15/05/2026,1489.65
9233,Ricardo Vargas, Monitor,Sur,28.0,$347.72,2025-08-07,1019.69
1196,Fernanda Castro,Impresora,Sur ,46.0,1710.63,2026-01-13,1270.57
2546,Miguel Flores,Silla,,20.0,1132.96,02-27-2026,1746.31
9553,Jorge Morales,Impresora,,33.0,$593.26,,1584.94
264,Isabel Guzman,Monitor,Norte,51.0,"$-1,110.60",,1101.59
961,Jose Martinez,Bocina,norte,356.0,898.70,2025-02-02,1178.82
8541,Paola Rios, Teclado,Centro,32.0,$700.80,,1050.19
8302,Laura Sanchez,MOUSE,Sur,45.0,$791.86,10/02/2025,1225.21
2234,Maria Lopez,Mouse,Norte ,14.0,"$1,437.75",Septiembre 25 2025,1155.6
656,Paola Rios,Tablet,Norte,32.0,sin dato,2025-11-03,1341.68
624,Daniela Cruz,Teclado,sur,19.0,647.65,2024-08-02,1710.11
8068,Paola Rios,Camara,Sur,29.0,$967.94,2025-07-19,995.27
4120,Luis Hernandez,Impresora,Centro ,23.0,"$1,089.53",01-28-2025,1139.68
9376,Jorge Morales,Camara,CENTRO,211.0,810.79,01-27-2026,1491.22
1409,Ana Garcia,ESCRITORIO,Centro,28.0,966.74,Septiembre 18 2024,1768.49
5870,Andres Ortiz,Escritorio,Occidente,37.0,$975.29,02/06/2025,1295.6
1027,Luis Hernandez, Bocina,norte,47.0,1302.89,Enero 19 2025,1732.18
8735,Diego Romero,Impresora,Norte ,39.0,$988.66,04-22-2025,1899.19
8283,Ana Garcia,Laptop,norte,30.0,971.71,2024-06-14,2061.84
9090,Miguel Flores,Silla,Norte,28.0,842.06,Octubre 30 2025,1828.06
368,Sofia Torres,ESCRITORIO,NORTE,43.0,435.18,09-26-2024,1483.88
8448,Jose Martinez,Escritorio,Occidente,57.0,sin dato,05-16-2025,1436.14
737,Valeria Mendoza, Laptop,Norte ,45.0,$650.45,01/08/2025,1748.54
4225,Diego Romero,Bocina,Centro ,24.0,"$1,126.02",2025-06-07,1428.08
3943,Isabel Guzman,Camara,Centro,43.0,$728.21,28/03/2024,1670.45
7767,Alejandro Diaz,Monitor,CENTRO,47.0,sin dato,03-21-2026,1113.87
9434,Sofia Torres,Teclado,Centro,29.0,1305.04,Marzo 4 2025,2016.89
578,Paola Rios, Mouse,Sur,35.0,"$1,211.18",2024-03-09,1576.44
6251,Andres Ortiz,Laptop, Occidente,45.0,"$1,173.17",04-16-2026,1780.22
4901,Sofia Torres,Silla,Sur,23.0,sin dato,2025-06-09,1362.63
9162,Andres Ortiz,Bocina,Occidente ,23.0,896.86,2024-06-20,1384.37
4114,Pedro Aguilar,Camara,Sur,43.0,$996.29,2024-06-16,1211.42
5007,Jorge Morales,MOUSE,sur,53.0,$713.19,Marzo 12 2025,1640.44
3379,Alejandro Diaz,Impresora, Sur,51.0,"$1,034.04",27/11/2024,1711.4
1942,Carlos Ramirez,Mouse,Centro,29.0,$698.35,Junio 25 2025,1308.67
3827,Sofia Torres,IMPRESORA,Norte,52.0,1235.73,Mayo 9 2024,1627.57
8377,Jose Martinez,MOUSE,OCCIDENTE,67.0,"$1,402.56",02-24-2026,1622.3
3264,Alejandro Diaz,Laptop,Centro,28.0,$811.32,2026-02-22,1164.6
8272,Ana Garcia,Escritorio,Sur,34.0,1111.82,04/03/2026,1526.18
9295,Jose Martinez,Laptop,Sur,37.0,$731.14,Noviembre 15 2025,1549.3
3835,Maria Lopez,Laptop,centro,27.0,1184.17,08/07/2024,1046.54
2961,Isabel Guzman,Escritorio,Centro,36.0,1055.02,22/11/2025,1145.37
77,Sofia Torres,SILLA,Centro,38.0,$748.28,09-20-2024,1246.34
8921,Valeria Mendoza,Mouse,Occidente,32.0,"$1,116.60",06/05/2024,1213.02
4818,Sofia Torres,Silla,Centro,47.0,792.60,2024-05-03,1811.45
4221,Maria Lopez,Tablet,OCCIDENTE,53.0,1069.92,15/02/2025,1430.2
5059,Carlos Ramirez,Tablet,CENTRO,28.0,$880.17,Agosto 7 2024,876.41
5324,Miguel Flores, Tablet,Sur ,28.0,$532.60,Marzo 25 2026,1632.84
1761,Miguel Flores,Teclado,Occidente,29.0,$981.31,02/04/2025,1752.89
4984,Daniela Cruz,Tablet,Sur ,48.0,"$1,095.78",2024-04-26,1826.9
3335,Luis Hernandez,Tablet,centro,40.0,"$1,264.71",2025-08-02,1686.16
8467,Miguel Flores,BOCINA,Centro,61.0,"$1,027.56",Mayo 4 2025,1563.07
4641,Camila Reyes,Teclado,CENTRO,41.0,"$1,324.82",2024-08-16,1429.25
1509,Alejandro Diaz,Monitor,occidente,43.0,982.16,29/09/2024,1348.42
1352,Miguel Flores,Tablet,Centro,11.0,$676.50,08-25-2025,1326.5
4727,Luis Hernandez,Mouse,Occidente ,29.0,$666.75,Agosto 31 2025,1205.28
684,Pedro Aguilar,Laptop,Occidente,34.0,408.35,28/06/2025,1660.76
5527,Ricardo Vargas,Escritorio,Occidente,60.0,$698.71,Abril 16 2024,1023.75
4,Daniela Cruz,ESCRITORIO,Centro,23.0,$-685.58,01/03/2026,914.96
648,Paola Rios,Laptop,Centro,52.0,$650.20,2026-02-09,1491.52
1370,Fernanda Castro,Impresora,Centro,42.0,1412.98,04-04-2025,1313.08
8926,Sofia Torres,Teclado,CENTRO,36.0,"$1,257.57",03-16-2024,1323.94
7758,Ana Garcia,Monitor,Occidente,53.0,843.30,03-28-2024,1147.58
2139,Paola Rios,Silla,Centro,54.0,814.33,08-15-2025,1575.25
291,Camila Reyes,Mouse,Norte,32.0,850.93,Noviembre 16 2025,1657.57
928,Sofia Torres,BOCINA,Centro,27.0,$513.44,18/08/2025,858.52
2200,Jose Martinez,Monitor,Sur,61.0,869.90,2024-10-07,915.04
2931,Jose Martinez,IMPRESORA,norte,31.0,442.50,01/04/2026,1360.14
1394,Valeria Mendoza,Monitor,sur,42.0,"$1,029.29",2024-08-16,1576.97
7412,Jose Martinez,Impresora,OCCIDENTE,25.0,221.54,30/11/2024,1614.77
2856,Luis Hernandez,Mouse,Norte,42.0,$884.76,16/10/2025,1506.93
1852,Carlos Ramirez,Monitor,NORTE,63.0,321.34,Enero 27 2024,1398.39
7284,Ana Garcia,Tablet,centro,38.0,$-934.83,10-25-2025,1239.86
4881,Miguel Flores,Mouse,occidente,33.0,"$1,266.03",10-20-2024,1848.0
1057,Daniela Cruz,Monitor,Norte,30.0,$463.44,10-26-2024,1201.26
5767,Sofia Torres,Bocina,Sur,28.0,"$1,269.24",27/04/2025,1415.91
2819,Maria Lopez,Monitor,Norte,34.0,1381.82,2026-03-29,1239.19
136,Sofia Torres,Mouse,Occidente,33.0,502.57,08/02/2025,1283.92
5245,Miguel Flores,IMPRESORA,Sur ,47.0,"$1,304.21",31/08/2024,1142.91
7515,Carlos Ramirez,Impresora,SUR,38.0,835.74,04/10/2025,1813.96
4769,Maria Lopez,Silla,Sur,55.0,$926.09,,1711.04
3131,Miguel Flores,Tablet,CENTRO,39.0,985.66,22/09/2024,1723.86
2302,Maria Lopez,Camara,Norte,39.0,585.62,Mayo 12 2024,1825.11
3950,Jose Martinez,Silla,Norte ,49.0,536.29,10-11-2024,1025.75
7203,Carlos Ramirez,Bocina,sin informacion,39.0,50.00,01-22-2024,1114.17
6206,Pedro Aguilar,Bocina,Sur,45.0,$915.05,Mayo 23 2026,1326.41
186,Daniela Cruz,MOUSE,Norte ,29.0,893.36,Diciembre 13 2025,125000.0
2465,Jorge Morales,Tablet,Centro,33.0,827.25,2026-06-03,2237.14
7076,Ricardo Vargas,Tablet,,26.0,$805.57,04-28-2025,1616.14
8699,Daniela Cruz,Bocina,Norte,46.0,758.94,12/05/2026,1658.86
2317,Luis Hernandez,Teclado,Centro ,89.0,$812.70,20/08/2024,2083.96
9498,Alejandro Diaz,Camara,Occidente,50.0,"$1,025.41",2024-11-05,98000.0
6320,Sofia Torres,Mouse,Norte,49.0,sin dato,32/13/2026,1559.46
3542,Ricardo Vargas,Mouse, Sur,32.0,662.30,19/06/2024,1486.3
2276,Daniela Cruz,MONITOR,Occidente,31.0,sin dato,2024-09-21,1619.03
6086,Diego Romero, Camara,NORTE,24.0,837.37,Noviembre 6 2024,1600.68
9145,Camila Reyes,Mouse,Occidente,36.0,"$-1,061.97",08-15-2024,1493.69
4853,Maria Lopez,ESCRITORIO, Occidente,37.0,$947.65,Mayo 28 2024,1191.77
3079,Laura Sanchez,Tablet,Centro,31.0,$626.97,2024-02-15,1904.09
2166,Isabel Guzman,SILLA,Norte,23.0,1076.50,11/03/2025,1107.73
331,Paola Rios,MOUSE,occidente,33.0,"$1,143.08",Marzo 21 2024,2198.49
8113,Jose Martinez,Silla,Occidente,22.0,1030.34,05/04/2026,1456.93
1651,Jose Martinez,Impresora,Norte,26.0,"$-1,170.77",09-08-2024,1345.29
2261,Ana Garcia,Monitor,Occidente,47.0,"$1,007.92",Agosto 30 2025,989.47
2390,Alejandro Diaz,Laptop, Centro,51.0,$814.27,05-10-2025,1666.59
8949,Isabel Guzman,Tablet,Norte,64.0,841.03,24/08/2024,1187.01
7293,Carlos Ramirez,Escritorio,occidente,41.0,"$1,145.87",2025-03-04,1402.47
2996,Fernanda Castro,Impresora,Occidente,64.0,sin dato,Enero 28 2025,1137.98
4024,Carlos Ramirez,Tablet,Norte,38.0,520.04,2025-11-02,1442.47
8030,Ricardo Vargas,Tablet,Occidente,44.0,903.96,2026-02-22,632.69
382,Isabel Guzman,ESCRITORIO,occidente,22.0,$511.07,Septiembre 22 2025,1945.15
1225,Daniela Cruz,Bocina,Norte,44.0,"$1,042.87",12/02/2025,1703.66
8703,Pedro Aguilar,Impresora,Norte ,47.0,"$1,327.05",14/03/2025,1166.41
938,Maria Lopez,Silla,sur,19.0,sin dato,2024-01-09,1270.97
705,Maria Lopez,Silla,Sur ,38.0,$982.47,22/12/2025,1685.21
7088,Laura Sanchez,Tablet,Sur,39.0,1104.91,24/08/2024,1370.31
4150,Miguel Flores,Bocina,Centro,42.0,$726.87,2025-01-22,1983.44
3018,Laura Sanchez,Silla,Occidente,39.0,sin dato,01/02/2025,2095.98
8245,Ricardo Vargas,BOCINA,Sur,46.0,686.90,Junio 26 2025,1499.45
2166,Isabel Guzman,SILLA,Norte,23.0,1076.50,11/03/2025,1107.73
8764,Sofia Torres,Impresora,Sur,16.0,"$1,044.55",2025-02-13,1214.84
6902,Andres Ortiz,Tablet,Sur,62.0,$404.67,2025-11-30,915.92
6915,Jose Martinez,Teclado,Norte,61.0,"$1,089.99",07-02-2024,1586.8
8206,Ricardo Vargas, Impresora,Occidente,37.0,888.41,,1365.0
4025,Jorge Morales,Silla,Occidente,24.0,sin dato,09-22-2025,1238.58
2603,Diego Romero,Tablet,Sur,35.0,1006.77,02-22-2024,1477.4
9097,Maria Lopez,Impresora,Sur,46.0,931.98,20/04/2026,958.23
2772,Ana Garcia,Camara,sur,36.0,676.79,11-05-2025,1322.77
6394,Ricardo Vargas, Escritorio,occidente,29.0,800.30,Febrero 9 2026,1592.08
1531,Luis Hernandez,Escritorio,norte,41.0,$952.54,2026-01-23,1020.92
4920,Paola Rios,Escritorio,Norte,20.0,$754.98,11-16-2025,1608.27
2920,Miguel Flores,Bocina,Norte,60.0,$986.80,2024-02-15,1114.69
2927,Fernanda Castro,Bocina,centro,41.0,1084.15,12/09/2025,983.74
1251,Laura Sanchez,Camara,Norte,19.0,$868.41,Marzo 7 2024,1345.08
1524,Jose Martinez, Tablet,Centro,37.0,sin dato,Enero 30 2024,1127.71
1254,Diego Romero,Bocina,Norte,26.0,705.54,2025-05-14,1464.34
6378,Maria Lopez,Escritorio,NORTE,23.0,969.62,2025-03-28,1464.64
953,Fernanda Castro,TABLET,Sur ,38.0,438.45,2024-04-28,1208.11
2996,Fernanda Castro,Impresora,Occidente,64.0,sin dato,Enero 28 2025,1150.52
4005,Camila Reyes,Silla, Occidente,51.0,1062.06,28/03/2025,1507.12
3520,Isabel Guzman,Teclado,Centro,35.0,1078.62,32/13/2026,1680.04
4061,Maria Lopez,Camara,Centro,46.0,sin dato,16/02/2024,1138.29
2019,Valeria Mendoza,Laptop,Norte,34.0,$913.06,2024-07-03,1590.74
4696,Camila Reyes,Impresora,norte,67.0,589.10,Octubre 14 2025,1179.55
3486,Ana Garcia,Laptop,Occidente,47.0,$838.37,05-02-2026,1988.2
3594,Ricardo Vargas,Bocina,Sur ,22.0,$802.45,23/07/2024,1410.0
7979,Jorge Morales, Monitor,CENTRO,76.0,"$1,108.98",03-19-2026,874.24
6753,Fernanda Castro, Teclado,occidente,42.0,921.44,2025-07-26,837.58
9590,Sofia Torres,Monitor,Sur,56.0,1020.85,07/03/2024,1224.11
9078,Maria Lopez,Bocina,Occidente,12.0,$-863.48,10-09-2025,1532.99
7877,Daniela Cruz,Silla,Centro,29.0,$583.27,27/02/2026,1694.36
8822,Miguel Flores, Mouse,Sur,61.0,$930.00,09-28-2025,1610.36
7540,Fernanda Castro,Laptop,Sur ,56.0,$50.00,Junio 27 2025,1097.0
1577,Paola Rios,BOCINA,Norte,33.0,$596.94,23/10/2024,1449.91
1331,Daniela Cruz,Tablet,Occidente,42.0,"$1,257.86",07/12/2024,1807.63
9098,Valeria Mendoza,Silla,Norte ,42.0,$374.36,Marzo 3 2024,788.74
6316,Luis Hernandez, Teclado,Sur,21.0,$-482.69,2025-07-20,1662.86
3456,Alejandro Diaz,TECLADO,Centro,47.0,"$1,359.27",Marzo 27 2024,1598.86
5361,Andres Ortiz,Mouse,Centro,52.0,615.76,2024-11-19,1831.47
6640,Sofia Torres,Impresora,Norte,48.0,$750.67,2024-05-22,1170.11
7817,Paola Rios,Camara,Occidente,37.0,681.01,07-02-2024,947.2
1085,Laura Sanchez,Laptop,Occidente,34.0,870.50,03/03/2026,1519.95
6793,Alejandro Diaz,Escritorio,Norte,42.0,771.69,03-07-2025,1296.17
3882,Laura Sanchez,Bocina, Centro,41.0,sin dato,Junio 25 2025,1562.0
7769,Carlos Ramirez,Monitor,Centro,33.0,336.30,2026-04-23,1613.01
1502,Carlos Ramirez,Laptop,,35.0,$873.90,05/05/2025,1184.27
145,Pedro Aguilar,Teclado,Sur,29.0,311.82,2025-08-09,1589.46
3853,Maria Lopez,Mouse,Occidente,,$-902.82,2025-09-23,1662.25
9160,Luis Hernandez,Laptop,Sur,35.0,"$1,356.93",30/06/2024,809.86
1692,Alejandro Diaz,Camara,Occidente,58.0,1322.79,2024-01-13,1713.14
5023,Andres Ortiz,Bocina,Occidente,41.0,802.46,03-09-2025,1248.92
7488,Paola Rios, Bocina,,36.0,1135.80,26/10/2025,2266.94
4871,Jose Martinez,Impresora,norte,45.0,$508.21,07-11-2024,1685.04
3725,Ana Garcia, Mouse,norte,41.0,$479.42,18/11/2025,1067.14
2255,Carlos Ramirez,Tablet,Norte,58.0,986.88,01-15-2025,1490.55
3149,Pedro Aguilar,Mouse,,41.0,589.38,15/06/2026,1716.87
3044,Paola Rios,Impresora,NORTE,43.0,1478.42,03-16-2026,1614.47
759,Maria Lopez,SILLA,Centro,35.0,972.96,2025-10-10,1922.44
3556,Daniela Cruz,Silla,SUR,34.0,1502.96,2025-09-13,1225.72
9777,Camila Reyes,Bocina,Sur,37.0,1151.63,02-15-2024,1130.28
3133,Diego Romero,Bocina,Centro,26.0,$428.19,Diciembre 25 2025,1554.43
7749,Ricardo Vargas, Mouse,Sur,29.0,712.41,22/03/2026,1913.23
8957,Fernanda Castro,Escritorio,Occidente,13.0,487.44,Noviembre 22 2024,1632.0
3652,Luis Hernandez,Silla,Sur,54.0,$368.30,15/10/2025,1149.48
7922,Sofia Torres,TECLADO,Occidente,41.0,$678.61,Febrero 6 2025,1256.85
2111,Carlos Ramirez,MOUSE,,50.0,503.10,Febrero 28 2024,2118.97
7986,Luis Hernandez,Monitor,CENTRO,54.0,sin dato,2026-03-02,1205.48
6511,Carlos Ramirez, Bocina, Norte,47.0,$747.16,09-25-2025,1545.31
2983,Camila Reyes,Escritorio,CENTRO,26.0,$831.83,Mayo 28 2025,1752.65
1361,Luis Hernandez,Camara,Centro ,15.0,872.83,Febrero 6 2025,1353.09
9690,Miguel Flores,Teclado,Norte,42.0,814.96,01-27-2026,953.44
2485,Sofia Torres,IMPRESORA,Centro,36.0,678.71,11/04/2026,1535.56
1209,Carlos Ramirez,Silla,occidente,4.0,"$1,129.21",2024-12-04,1132.02
7855,Valeria Mendoza,Bocina,Centro,42.0,$897.52,Mayo 16 2026,1593.8
8510,Camila Reyes,Camara,Occidente,32.0,688.63,2024-12-14,1067.65
1836,Maria Lopez,Bocina,centro,48.0,"$-1,260.63",20/09/2024,1301.82
9520,Isabel Guzman,Teclado,Sur,56.0,749.11,08-26-2025,1872.23
5873,Valeria Mendoza,MONITOR, Sur,26.0,$787.64,Julio 8 2025,1276.49
8240,Jorge Morales,Camara, Sur,44.0,"$1,040.80",12-27-2025,918.71
4096,Paola Rios,Mouse,sur,17.0,sin dato,2025-01-21,1470.66
8855,Ricardo Vargas, Teclado,sur,21.0,$589.40,Septiembre 11 2024,1667.71
9496,Fernanda Castro,Camara,Sur,54.0,$715.13,Noviembre 10 2025,1179.82
3099,Jose Martinez,Tablet,Sur,40.0,641.25,Mayo 23 2025,1565.98
9161,Andres Ortiz,Teclado,Occidente,37.0,"$1,348.44",Marzo 11 2024,749.88
2471,Alejandro Diaz, Laptop,Norte,40.0,$749.76,Enero 4 2024,1341.27
4330,Alejandro Diaz, Tablet,Norte,41.0,857.48,2024-05-19,899.5
9119,Miguel Flores,Impresora,,38.0,sin dato,16/01/2026,895.93
4405,Carlos Ramirez,Camara,Sur,23.0,$294.34,15/01/2024,1793.96
8072,Miguel Flores,Teclado,Centro,61.0,635.43,2025-07-13,1336.55
5472,Jorge Morales,Mouse,Occidente,38.0,"$1,247.85",Julio 4 2025,1847.06
2454,Jorge Morales,Impresora,Sur,59.0,$897.92,2024-03-26,1371.94
1,Luis Hernandez,Mouse,norte,55.0,669.74,2025-09-13,1066.25
5198,Isabel Guzman,IMPRESORA,CENTRO,19.0,677.44,Mayo 31 2025,756.94
2733,Isabel Guzman,Escritorio,SUR,21.0,788.48,03-25-2024,1440.56
6538,Pedro Aguilar,BOCINA,Sur,394.0,888.67,18/07/2024,1710.76
544,Jose Martinez, Camara,Occidente,55.0,$642.35,2024-12-06,1217.13
7894,Laura Sanchez,Laptop,Occidente,65.0,$882.31,06/04/2026,892.94
350,Jose Martinez,Monitor,Norte,30.0,"$1,002.39",Marzo 4 2025,1630.0
1471,Alejandro Diaz,Impresora,,52.0,443.20,2026-01-11,1936.43
1776,Maria Lopez,Monitor,occidente,38.0,"$1,294.34",Junio 11 2026,1200.43
4170,Andres Ortiz,Escritorio, Occidente,31.0,$429.07,11-30-2024,1946.79
3992,Diego Romero,Camara,Occidente,31.0,"$1,145.21",2024-10-18,1795.44
3320,Ana Garcia,Impresora,OCCIDENTE,41.0,$922.41,11-23-2025,1010.67
6056,Alejandro Diaz,Bocina,Sur,37.0,"$1,525.85",26/08/2025,1140.08
6260,Isabel Guzman, Impresora, Norte,27.0,$840.08,12-28-2025,1304.43
1617,Diego Romero,Mouse,centro,65.0,1261.09,2024-08-18,467.89
458,Fernanda Castro,MONITOR,Norte,37.0,1276.46,2024-06-14,1406.74
3430,Sofia Torres, Escritorio,occidente,37.0,165.26,09-09-2024,1160.32
3170,Fernanda Castro,Impresora,occidente,31.0,$948.53,16/12/2024,1657.88
4041,Sofia Torres,SILLA,Occidente,44.0,642.27,2024-05-05,863.73
9374,Carlos Ramirez,Camara,Norte,31.0,1309.92,02/03/2026,2029.98
3013,Ana Garcia,Camara,SUR,32.0,$639.77,32/13/2026,1736.04
1348,Valeria Mendoza,Silla,Occidente,25.0,605.91,2024-06-25,1601.29
5709,Paola Rios,Laptop, Occidente,48.0,882.54,2025-09-14,1727.77
1112,Laura Sanchez,Camara,Occidente ,48.0,$540.99,09-26-2025,1208.68
132,Ricardo Vargas, Silla,Occidente,38.0,600.57,12/02/2025,1604.13
1887,Andres Ortiz,Mouse,Centro,43.0,"$1,559.08",12-20-2025,1554.07
7411,Luis Hernandez,Monitor,Norte,30.0,456.37,2025-12-12,1361.43
2759,Miguel Flores,CAMARA,Norte,34.0,1030.10,06-09-2025,1870.71
3915,Diego Romero,Tablet,norte,35.0,$851.84,04-03-2026,1768.78
7787,Valeria Mendoza,Teclado,Centro,52.0,427.90,Septiembre 24 2024,1166.42
6405,Camila Reyes,Camara,Centro,42.0,1005.65,07-19-2025,1600.29
971,Carlos Ramirez,Teclado,Occidente,54.0,$911.14,32/13/2026,908.21
2336,Paola Rios,IMPRESORA,Occidente ,34.0,$432.11,Diciembre 4 2024,100.0
2708,Sofia Torres,Impresora,Norte,28.0,$477.55,04-12-2024,678.67
7059,Pedro Aguilar,Bocina,occidente,46.0,"$1,255.85",Junio 22 2024,1308.97
9980,Maria Lopez,Mouse,occidente,36.0,$649.01,2025-03-28,1230.26
4281,Jorge Morales, Escritorio,Sur,37.0,1219.12,12/08/2025,1323.56
5653,Luis Hernandez,Tablet,SUR,42.0,812.07,Agosto 26 2024,1698.81
2146,Daniela Cruz,Laptop,Occidente,46.0,765.34,2026-01-16,1755.73
2887,Isabel Guzman,Camara,Centro,45.0,$769.18,2025-12-15,716.69
3400,Valeria Mendoza,Silla, Occidente,34.0,sin dato,09-25-2024,1890.67
8527,Paola Rios,Teclado,Centro,44.0,$900.14,2025-02-10,1449.31
6946,Ricardo Vargas,Impresora,Norte,61.0,$871.99,10/08/2024,1615.51
8375,Isabel Guzman,Bocina,Norte,36.0,1045.43,Septiembre 3 2024,2185.32
4360,Pedro Aguilar,Mouse,Sur,12.0,"$1,318.27",Abril 16 2026,828.14
593,Laura Sanchez,Teclado, Sur,28.0,957.85,03-03-2025,1362.28
5993,Camila Reyes,Mouse,Occidente,57.0,$829.41,Abril 16 2024,1567.88
7232,Andres Ortiz, Escritorio,Norte,51.0,878.87,2026-05-30,1560.01
5728,Maria Lopez,Impresora,norte,-4.0,924.91,2025-12-12,1393.23
8120,Camila Reyes,Camara,Norte,32.0,1016.65,06-21-2024,969.18
3946,Valeria Mendoza,Teclado,Occidente,29.0,512.36,,1632.87
3858,Ana Garcia, Mouse,centro,31.0,472.13,12-21-2024,2056.47
4303,Maria Lopez,Laptop,Sur,19.0,$475.17,2026-03-25,813.65
796,Carlos Ramirez,Mouse, Sur,34.0,$466.47,12/05/2026,1947.91
8533,Sofia Torres,Teclado,occidente,36.0,$971.18,23/04/2026,1698.7
4374,Camila Reyes,Teclado,Norte,54.0,sin dato,2024-03-07,1037.33
5732,Maria Lopez,Impresora,Occidente,25.0,"$1,748.65",03-03-2026,1673.57
4163,Ricardo Vargas,TECLADO,Sur,30.0,879.66,26/02/2026,1933.86
3711,Miguel Flores,LAPTOP,sur,,$935.95,2025-03-20,1069.45
8188,Jose Martinez,TECLADO,Centro,41.0,1101.08,2024-12-10,1876.26
3080,Daniela Cruz,BOCINA, Occidente,39.0,$846.97,09/03/2024,1193.16
7985,Valeria Mendoza, Camara,Norte,60.0,$868.99,06-02-2026,1121.41
6337,Paola Rios,Camara,Norte,47.0,$804.65,2025-12-31,749.86
4635,Maria Lopez,Laptop,Occidente,51.0,843.25,03/07/2025,1675.28
7087,Daniela Cruz,Tablet,NORTE,30.0,$899.17,2024-07-14,792.58
3119,Ana Garcia,Escritorio,Occidente,36.0,492.28,11-25-2024,1643.65
4962,Paola Rios,Silla,occidente,57.0,$318.34,2026-05-26,1832.33
783,Maria Lopez,Impresora,Occidente,26.0,$880.44,11-20-2024,931.16
2493,Isabel Guzman,Teclado,Occidente,38.0,338.45,2024-08-12,1356.76
1248,Jorge Morales,Escritorio,centro,,859.46,2024-12-09,1416.43
9289,Sofia Torres,Camara,?,18.0,1051.71,2025-08-03,1215.87
2743,Paola Rios,Teclado,Centro,43.0,1165.50,2025-10-17,1063.01
7428,Diego Romero,Bocina,Sur,30.0,$-854.12,07/02/2026,1703.3
1407,Sofia Torres,TABLET,SUR,32.0,657.98,11-19-2025,1421.53
5649,Pedro Aguilar,Silla,Centro ,24.0,815.12,Febrero 16 2025,1245.81
266,Ricardo Vargas,Teclado,SUR,27.0,164.17,28/11/2025,1556.62
317,Valeria Mendoza,Mouse,sur,36.0,sin dato,Mayo 3 2026,1124.61
9346,Ana Garcia,Tablet,Centro,33.0,1036.59,2025-04-05,1327.46
1559,Pedro Aguilar,CAMARA,Norte,10.0,$617.76,03-30-2024,946.62
2923,Maria Lopez,Monitor,Centro,46.0,650.04,01-21-2025,861.82
2115,Valeria Mendoza,Escritorio,Norte,44.0,$-406.28,32/13/2026,1238.38
5307,Miguel Flores,Tablet,sur,-2.0,"$1,420.50",,2007.04
3071,Daniela Cruz,Silla,Sur,31.0,678.76,2024-09-26,1688.95
1108,Isabel Guzman,Monitor,Norte ,61.0,"$1,237.58",07-30-2024,1737.22
9075,Daniela Cruz,Teclado,Centro,51.0,"$1,010.69",27/01/2026,1343.37
9287,Daniela Cruz,Tablet,Sur,29.0,753.68,03/06/2024,1296.79
2808,Sofia Torres,SILLA,Norte,45.0,1194.47,06/01/2025,1352.8
5080,Paola Rios,Teclado,Centro ,35.0,$491.17,09-20-2024,1367.83
1952,Fernanda Castro,Teclado,Sur,25.0,$857.78,,931.12
7397,Jorge Morales,Silla,Centro,45.0,"$1,033.40",,1477.64
7407,Pedro Aguilar,Escritorio,Centro,41.0,$454.36,Abril 7 2024,599.07
5740,Ana Garcia,ESCRITORIO, Norte,42.0,$813.51,01-29-2024,1055.9
104,Ana Garcia,Impresora,Norte,43.0,749.41,12-20-2025,1519.31
3795,Alejandro Diaz,Silla, Centro,40.0,546.48,2024-08-15,1061.88
8562,Ana Garcia, Tablet,Sur,31.0,1130.92,Junio 29 2025,1303.96
5136,Luis Hernandez, Escritorio,sur,49.0,1396.81,28/05/2026,1482.0
4355,Jorge Morales,CAMARA,Norte,54.0,1231.73,2024-09-25,1003.85
4078,Fernanda Castro,Camara,Centro,59.0,1156.32,15/03/2025,1206.58
2824,Pedro Aguilar,Bocina, Norte,37.0,1004.43,2024-10-14,868.12
8970,Alejandro Diaz,Bocina,Centro,42.0,$846.68,Enero 13 2024,1361.42
2615,Maria Lopez,Impresora,Occidente,46.0,"$1,293.22",Enero 18 2026,1488.12
6211,Luis Hernandez,Impresora,centro,25.0,$554.78,2025-07-30,1777.43
1447,Isabel Guzman,ESCRITORIO,Occidente,32.0,$833.10,18/08/2024,1327.81
3255,Laura Sanchez,Silla,Occidente,24.0,$976.70,17/08/2025,1630.96
7092,Jorge Morales,SILLA,OCCIDENTE,50.0,$496.62,04-19-2026,1357.41
2900,Laura Sanchez,Bocina,Centro,39.0,$345.11,2025-11-10,1062.11
2755,Pedro Aguilar,Escritorio,,42.0,1309.50,09/07/2025,1247.72
9833,Miguel Flores,Mouse,Centro,34.0,1093.72,Abril 1 2024,1227.01
8601,Camila Reyes,Teclado,Sur,52.0,974.17,Noviembre 21 2024,919.61
4608,Jorge Morales, Impresora,Sur,52.0,1129.45,2024-02-08,1447.81
3575,Pedro Aguilar,Escritorio,Centro,50.0,$979.01,Abril 24 2025,1174.31
568,Laura Sanchez,Mouse,occidente,50.0,$958.18,2025-06-15,1359.87
8751,Laura Sanchez,Camara,Centro,40.0,1494.23,2024-10-07,2160.58
8711,Laura Sanchez,Monitor,Centro,38.0,$629.07,05-25-2024,1479.59
5559,Paola Rios,Silla,Centro,46.0,1149.38,13/06/2026,1755.18
1459,Carlos Ramirez,Mouse,Norte,54.0,1178.21,,1127.51
9548,Daniela Cruz,Silla,Sur,47.0,1315.67,10/10/2024,1451.99
2158,Fernanda Castro,Laptop,Norte,46.0,1158.98,32/13/2026,1532.49
4171,Miguel Flores,Bocina,Norte,48.0,$371.64,2025-09-26,1809.05
3016,Jorge Morales,Laptop,Norte,33.0,$543.96,2025-01-12,1163.69
2686,Jorge Morales,CAMARA,SUR,38.0,$954.50,Abril 11 2025,1364.37
9691,Ana Garcia,Silla,NORTE,25.0,"$-1,090.15",05-15-2024,1612.52
6992,Camila Reyes, Silla,sur,50.0,$762.87,09-17-2025,179.84
9596,Jorge Morales,Teclado,Norte,53.0,$-454.97,2024-10-12,1187.02
4519,Valeria Mendoza, Mouse,Centro,240.0,"$1,000.92",Noviembre 7 2025,2129.1
4746,Sofia Torres,Silla,norte,26.0,sin dato,Agosto 10 2024,1128.06
765,Miguel Flores,TABLET,Occidente,21.0,$834.35,Abril 10 2025,1612.1
4542,Fernanda Castro,Camara,Occidente,32.0,$970.17,30/12/2024,1163.13
37,Alejandro Diaz,IMPRESORA,Sur,18.0,sin dato,11/04/2024,1553.6
4607,Laura Sanchez,Tablet,Centro,44.0,304.89,Septiembre 4 2025,961.25
3152,Laura Sanchez, Escritorio,NORTE,42.0,742.40,01-28-2024,1740.38
5814,Pedro Aguilar,Escritorio, Occidente,26.0,$637.46,Septiembre 23 2025,1017.66
6390,Fernanda Castro,Tablet,Sur,41.0,$311.96,12/08/2024,1741.39
9839,Maria Lopez,Bocina,Centro,49.0,966.91,02/03/2026,2145.31
8388,Camila Reyes,Teclado,Occidente,49.0,1243.04,Abril 9 2025,1878.17
7147,Alejandro Diaz,SILLA,Norte ,43.0,553.34,Abril 22 2025,1497.74
9773,Camila Reyes,Teclado,?,30.0,1002.33,29/05/2026,1781.3
9507,Jose Martinez,Camara,Centro,43.0,1013.87,2024-05-31,954.2
4182,Miguel Flores,Impresora,Centro,352.0,$444.66,2024-09-03,1294.51
3949,Pedro Aguilar,Teclado,Norte,26.0,564.62,10-14-2025,760.89
5831,Sofia Torres,Bocina,norte,45.0,554.02,,1659.94
2543,Pedro Aguilar,Laptop,Occidente,34.0,sin dato,32/13/2026,1063.61
1311,Paola Rios,Tablet,OCCIDENTE,49.0,461.33,05-06-2026,612.22
3617,Luis Hernandez,Escritorio,Centro,60.0,"$1,392.82",15/04/2026,1388.13
8012,Jose Martinez,Bocina,OCCIDENTE,45.0,$873.72,Mayo 19 2026,1383.39
6686,Jose Martinez,Escritorio,Norte ,42.0,1111.55,2024-04-25,1503.63
8972,Carlos Ramirez,Teclado,Centro,38.0,$868.91,20/05/2026,1527.34
2089,Sofia Torres,Bocina,Occidente,27.0,751.05,16/09/2024,1438.07
4688,Carlos Ramirez,Laptop,Occidente,34.0,"$1,158.76",2025-09-03,1790.31
2752,Luis Hernandez,Teclado,Norte,34.0,999.52,Septiembre 2 2024,1170.16
1663,Jose Martinez, Camara,Sur,,$885.35,,1020.9
638,Carlos Ramirez,Impresora,Occidente,10.0,$702.79,Septiembre 5 2025,1679.02
1072,Laura Sanchez,Bocina, Sur,30.0,1161.58,03/05/2025,807.49
8784,Diego Romero,Camara,?,24.0,$531.94,Junio 18 2024,1634.64
5894,Sofia Torres,Tablet,sur,20.0,549.24,02-23-2026,920.14
8490,Valeria Mendoza,Mouse, Sur,34.0,$643.92,12-21-2025,1632.7
6533,Jorge Morales,Escritorio,Occidente,47.0,$904.52,,1428.93
3899,Sofia Torres,Camara,Centro,23.0,$825.49,05/10/2024,1319.83
5033,Miguel Flores,Laptop,occidente,68.0,105.94,06/05/2026,1373.23
150,Luis Hernandez,Tablet,NORTE,57.0,1093.16,11-20-2024,1933.77
8705,Andres Ortiz, Escritorio,Centro ,20.0,645.42,2025-05-22,1572.85
6299,Carlos Ramirez,Camara,Sur,35.0,1252.06,19/11/2025,1390.5
6379,Ricardo Vargas,Impresora, Centro,61.0,346.66,02-28-2026,1949.0
3694,Sofia Torres,Teclado,Occidente,48.0,sin dato,26/12/2025,958.06
9229,Camila Reyes,Teclado,Sur,36.0,1260.36,Febrero 16 2025,1176.61
6476,Carlos Ramirez,Silla,CENTRO,21.0,1091.11,Agosto 14 2024,1301.48
1732,Isabel Guzman,Mouse,Sur,,$970.80,32/13/2026,976.32
2216,Miguel Flores,Monitor,sin informacion,43.0,"$1,485.96",12/09/2025,1125.29
3376,Paola Rios,Camara,Sur,35.0,"$1,107.54",Marzo 31 2024,1416.04
4002,Camila Reyes,Bocina,Centro,13.0,$626.15,2024-06-07,1887.12
5146,Diego Romero,Laptop,Centro,34.0,565.32,Abril 10 2025,1437.35
8826,Valeria Mendoza,Teclado,Norte,43.0,$372.75,Febrero 4 2024,1338.79
5404,Paola Rios,Silla,CENTRO,51.0,"$1,255.69",Octubre 20 2024,1065.89
743,Fernanda Castro,Impresora,occidente,39.0,497.72,08-15-2025,1956.56
5215,Camila Reyes,Monitor,sur,31.0,481.88,04-09-2025,1202.43
3937,Paola Rios,Silla,occidente,41.0,$910.78,10-04-2025,1711.82
8021,Carlos Ramirez,Escritorio,Norte,30.0,547.21,2025-10-01,2067.33
6484,Ricardo Vargas,Tablet,Sur,-4.0,$920.53,2026-05-04,1296.43
5422,Pedro Aguilar,Impresora,CENTRO,39.0,"$1,106.11",10/01/2025,1220.16
7720,Luis Hernandez,Teclado, Occidente,23.0,$820.11,08/07/2025,1744.35
1596,Jose Martinez, Tablet,Sur,35.0,"$1,141.92",Abril 1 2024,1358.92
3245,Valeria Mendoza,Teclado,Centro ,57.0,424.69,14/11/2025,1235.78
3985,Alejandro Diaz,Bocina,Centro,44.0,sin dato,17/09/2025,1907.24
800,Daniela Cruz,Laptop,Occidente,36.0,$761.39,,1370.41
4759,Jorge Morales,Impresora,CENTRO,24.0,989.01,11-06-2024,1555.7
4897,Alejandro Diaz,Silla,Centro,53.0,816.85,2025-01-30,1708.13
6426,Diego Romero,Escritorio,Sur,38.0,570.64,19/03/2025,1318.49
6962,Daniela Cruz,LAPTOP,Sur,47.0,1029.67,2025-06-09,1829.29
5966,Luis Hernandez,Tablet,Centro,31.0,864.53,22/01/2026,1809.21
8447,Jorge Morales,Laptop, Norte,49.0,974.14,29/07/2025,1947.73
7239,Carlos Ramirez,Camara,OCCIDENTE,26.0,1002.89,18/05/2026,1284.74
9195,Laura Sanchez,Camara,Occidente,206.0,817.75,04-15-2024,1336.91
9902,Laura Sanchez,Laptop,Occidente,41.0,819.46,,1162.53
587,Andres Ortiz,Mouse,occidente,42.0,$858.77,05-14-2025,1904.92
9380,Valeria Mendoza,Monitor,Occidente,20.0,$919.65,23/03/2025,1560.71
5835,Carlos Ramirez,Silla,centro,67.0,$973.44,28/07/2024,1601.5
9636,Paola Rios,Laptop,Occidente,42.0,952.02,14/04/2026,1364.64
3618,Daniela Cruz,Impresora,,45.0,$843.21,Enero 19 2026,1210.18
9309,Andres Ortiz,Laptop,Occidente,35.0,$434.88,2025-09-26,660.07
4846,Diego Romero,Teclado, Sur,29.0,$728.66,04-28-2025,1734.71
8707,Ricardo Vargas,Escritorio,occidente,,"$1,172.23",Abril 11 2024,1500.56
24,Isabel Guzman,SILLA,,33.0,$254.69,26/04/2026,1580.49
4891,Camila Reyes,Bocina,occidente,40.0,756.82,2024-08-15,1592.96
5840,Valeria Mendoza,Impresora,Centro ,43.0,902.81,Febrero 25 2024,1806.54
790,Ana Garcia,Impresora,Centro,22.0,"$1,000.73",Abril 16 2026,2062.46
8179,Andres Ortiz,BOCINA,Sur,46.0,1127.16,Febrero 23 2026,937.01
4050,Jorge Morales,Monitor,Centro,52.0,1224.57,2024-07-29,1146.79
4686,Valeria Mendoza,Camara,Norte,25.0,684.03,14/12/2025,1197.78
6801,Alejandro Diaz, Impresora,Norte,14.0,1224.71,22/08/2024,1470.47
456,Ricardo Vargas,Laptop,NORTE,40.0,912.40,13/09/2025,1554.54
2021,Sofia Torres,Mouse,Centro ,57.0,"$1,696.78",02-10-2024,957.65
4075,Sofia Torres,Camara,Sur,40.0,"$1,175.48",2025-12-23,1480.83
6396,Luis Hernandez, Teclado,Occidente,46.0,$862.50,2025-04-21,1699.11
6112,Jorge Morales,Silla, Norte,30.0,$630.47,11/06/2026,1046.9
3543,Luis Hernandez,Laptop,norte,41.0,865.40,Noviembre 12 2025,1675.18
1517,Jorge Morales,Impresora,Centro,19.0,$666.64,10-10-2024,1713.68
606,Paola Rios,Bocina,Centro,35.0,$495.62,2026-02-16,1645.44
4253,Pedro Aguilar,CAMARA,Occidente,28.0,964.16,Septiembre 26 2024,1296.8
9832,Camila Reyes,MOUSE,norte,39.0,1047.39,Noviembre 13 2024,1584.89
994,Daniela Cruz,Tablet,Sur,56.0,1182.65,2025-09-23,803.33
4310,Fernanda Castro,Camara, Centro,43.0,604.97,32/13/2026,1033.62
9032,Sofia Torres,Tablet,Centro,38.0,$582.72,07-29-2025,1444.34
4594,Valeria Mendoza,Escritorio,Occidente,42.0,$173.19,2026-05-20,1466.71
5595,Alejandro Diaz, Camara,Norte,50.0,"$1,428.36",2024-12-14,865.99
5332,Camila Reyes,Impresora,Sur,41.0,"$1,236.49",26/04/2026,1869.64
9976,Jose Martinez,Camara,Sur,34.0,"$-1,222.06",Mayo 3 2024,1281.97
4598,Ana Garcia,Tablet,Norte,12.0,1254.77,2024-12-17,1276.63
2944,Jose Martinez,Escritorio,Sur,46.0,$718.09,03-03-2024,1773.04
4914,Fernanda Castro,Bocina,Norte,34.0,$562.15,11/11/2025,1731.67
8991,Ana Garcia,Monitor, Sur,34.0,904.08,20/05/2026,1749.68
3207,Pedro Aguilar,Mouse,Occidente,61.0,$906.62,2025-10-01,1210.33
8063,Jose Martinez,Silla,Sur,27.0,958.62,06-30-2025,1563.16
3393,Diego Romero,Bocina,Occidente,21.0,$870.67,2026-01-31,998.22
9222,Alejandro Diaz,Tablet,Norte ,36.0,563.90,2025-05-09,76000.0
2073,Daniela Cruz,Impresora,Sur,46.0,1324.50,Agosto 21 2024,1383.17
6096,Fernanda Castro, Tablet,Centro,47.0,1341.31,07-16-2024,1472.38
8115,Sofia Torres,Teclado,Sur,50.0,713.57,24/07/2024,1551.09
5516,Andres Ortiz,Laptop,Sur,40.0,726.15,,1141.03
6384,Ana Garcia,Camara, Occidente,30.0,1349.40,10-16-2025,1767.94
4293,Jorge Morales,Monitor,Norte,41.0,$853.01,27/03/2025,1261.31
4346,Paola Rios,BOCINA,Sur,47.0,251.12,2024-03-16,1720.03
6182,Alejandro Diaz,Mouse,Sur,39.0,1263.38,Septiembre 25 2024,1770.49
2545,Camila Reyes,Escritorio,norte,37.0,$860.84,Mayo 23 2024,1368.59
7657,Camila Reyes,Silla,sur,31.0,926.79,Diciembre 5 2024,1606.27
9146,Jose Martinez,Impresora,Norte,30.0,"$1,126.01",Julio 12 2025,1213.94
2108,Maria Lopez,Teclado,Sur,379.0,735.06,2024-08-07,2227.45
1513,Valeria Mendoza,Teclado,,27.0,"$1,012.72",2024-09-17,1621.71
3140,Jorge Morales,Camara,Centro ,13.0,$895.29,Enero 16 2024,1484.27
268,Sofia Torres, Impresora,Occidente,59.0,sin dato,06-01-2025,1119.82
5750,Maria Lopez,Silla,Sur,45.0,869.22,2025-11-30,1395.27
7851,Sofia Torres,Escritorio,Norte,41.0,173.70,,1789.44
3814,Daniela Cruz,Bocina,Centro,27.0,$924.20,01-21-2024,1452.97
7536,Sofia Torres,Tablet,Sur,63.0,1155.78,Diciembre 28 2025,938.26
2341,Daniela Cruz,Escritorio,Centro,349.0,1212.87,10-11-2025,1719.07
739,Valeria Mendoza,Laptop,norte,30.0,1099.44,12-31-2024,1270.93
966,Ricardo Vargas,Mouse,Occidente ,28.0,$807.30,2026-03-17,784.62
253,Jose Martinez,Escritorio,SUR,40.0,$942.73,08-27-2024,1735.63
4449,Ricardo Vargas,Silla,centro,53.0,1153.91,2024-12-31,1279.33
5982,Diego Romero,SILLA,SUR,30.0,sin dato,02-11-2026,1639.3
51,Diego Romero, Mouse,sin informacion,55.0,"$1,130.93",11-01-2024,1272.24
4632,Carlos Ramirez,Monitor,Sur,-9.0,$805.85,08/10/2024,1609.4
7342,Miguel Flores,Laptop,Occidente,50.0,412.74,28/01/2026,1854.34
8539,Ana Garcia, Mouse,Norte,42.0,$739.94,2025-11-18,1472.1
873,Maria Lopez,Silla,NORTE,44.0,$874.81,2024-11-25,1446.51
2928,Sofia Torres,Teclado,Sur,65.0,$600.34,,1509.6
7621,Isabel Guzman,Tablet,Sur,27.0,$992.47,23/06/2025,1599.53
6238,Carlos Ramirez,MOUSE,Centro,52.0,660.03,2024-01-19,1250.65
4116,Jorge Morales, Monitor,Occidente,29.0,895.21,2024-01-03,1753.13
9696,Andres Ortiz, Mouse,Sur ,46.0,938.85,11-21-2025,1523.57
9727,Isabel Guzman, Impresora,occidente,51.0,1371.72,Marzo 6 2024,907.54
2246,Camila Reyes,Escritorio,Centro,41.0,1655.84,2025-05-02,1766.29
249,Diego Romero, Bocina,Sur,41.0,"$1,141.39",07-24-2024,859.92
5101,Ricardo Vargas,Mouse, Sur,36.0,1061.67,2026-02-15,1696.15
1685,Miguel Flores,Escritorio,Norte,42.0,$570.39,11-20-2025,1070.15
1419,Alejandro Diaz,Escritorio, Sur,24.0,$-747.81,Junio 11 2024,1523.51
5028,Luis Hernandez,Escritorio,Centro ,28.0,1045.51,18/07/2025,1352.35
4939,Carlos Ramirez,Teclado,Occidente,54.0,$845.75,06/08/2024,1494.46
972,Daniela Cruz,Tablet,Centro,-3.0,943.13,02/01/2025,1458.42
2565,Daniela Cruz, Bocina,SUR,27.0,$826.70,Diciembre 15 2025,1153.25
2847,Alejandro Diaz,Impresora,Occidente,38.0,"$1,173.09",,1420.96
3096,Diego Romero,Silla, Sur,42.0,933.94,07-19-2025,1223.64
6454,Andres Ortiz,Escritorio,Centro,52.0,$699.33,05-03-2025,825.82
9326,Jorge Morales,Teclado,Occidente,40.0,679.33,10-20-2025,2276.78
7865,Laura Sanchez,Laptop,Norte,27.0,sin dato,Octubre 31 2024,1131.43
1316,Carlos Ramirez,Bocina,Occidente,32.0,$955.48,2025-06-09,1329.63
5020,Fernanda Castro,Silla,Centro ,62.0,$966.91,24/01/2024,1988.81
448,Pedro Aguilar,Monitor,Centro,45.0,945.44,2026-04-25,1401.53
8617,Diego Romero,Silla,OCCIDENTE,42.0,735.32,08-04-2024,1703.21
2817,Andres Ortiz,Impresora,Sur,49.0,769.04,Agosto 19 2025,1611.7
5019,Diego Romero, Laptop,Norte,52.0,1022.46,24/09/2024,1192.85
8941,Luis Hernandez,Silla,Norte,38.0,"$1,048.15",09-16-2025,1217.86
8771,Paola Rios,Bocina,Sur,36.0,$767.43,Junio 13 2024,1103.82
8792,Daniela Cruz,Escritorio,Norte,38.0,612.53,29/04/2024,1744.12
9692,Sofia Torres,Silla,Norte,44.0,"$1,087.89",2026-02-21,1237.52
4774,Pedro Aguilar,Silla,Norte,31.0,$358.22,2025-06-18,1360.77
462,Maria Lopez,Camara,Centro,45.0,sin dato,03-22-2024,1220.65
7992,Ana Garcia,Tablet,Norte,34.0,$566.36,26/07/2025,1470.06
2068,Isabel Guzman,Laptop,Centro,35.0,792.45,09-01-2024,1064.37
6292,Fernanda Castro,Silla,Norte,37.0,1076.30,32/13/2026,1372.26
7679,Daniela Cruz,Silla,Norte,33.0,sin dato,Enero 6 2024,869.24
1176,Sofia Torres, Teclado,Occidente,32.0,689.90,10/02/2025,1740.16
377,Valeria Mendoza,Impresora,sur,310.0,$746.77,2025-11-06,1580.51
411,Jose Martinez,Escritorio,NORTE,36.0,605.38,2024-12-09,1226.78
8993,Pedro Aguilar,BOCINA,norte,25.0,$688.19,2024-05-13,307.16
3579,Alejandro Diaz,Teclado,Norte,41.0,517.01,01-03-2025,1629.3
2211,Andres Ortiz,CAMARA,Norte,56.0,$735.70,2025-03-23,1187.82
9076,Alejandro Diaz,Teclado,Occidente,54.0,675.19,05-14-2024,1062.74
4280,Camila Reyes,Monitor,occidente,23.0,1138.05,10/02/2026,1954.77
7078,Jose Martinez,Monitor,Sur ,34.0,1102.66,,1244.56
4420,Maria Lopez,Escritorio,Norte,33.0,"$1,023.78",2025-10-13,1663.83
8024,Jose Martinez,Escritorio,Sur,32.0,$625.56,Marzo 1 2026,1456.58
4049,Sofia Torres,Silla,Centro,44.0,1079.76,07/01/2024,1007.36
5965,Valeria Mendoza,Impresora, Sur,35.0,1314.18,06-14-2026,1114.11
8715,Paola Rios,Laptop,Centro,65.0,845.89,2025-02-22,932.93
275,Daniela Cruz,Teclado,Sur,50.0,$818.06,2024-07-29,917.48
8772,Isabel Guzman,Silla,Centro,60.0,1290.31,02-24-2025,1555.76
5072,Ricardo Vargas,Tablet, Occidente,14.0,1303.00,2024-07-12,1655.74
9812,Ricardo Vargas,Bocina,Centro ,30.0,$952.96,09-13-2025,1591.76
2406,Camila Reyes,SILLA,Centro,38.0,1072.91,2025-03-16,1126.84
5776,Isabel Guzman,Teclado,Norte,29.0,195.38,2026-05-21,1065.69
3024,Jose Martinez,Monitor,Occidente,54.0,1005.04,30/11/2025,1812.08
2610,Camila Reyes,Bocina,Occidente,48.0,813.32,2024-09-07,1256.63
3275,Laura Sanchez,Tablet,Sur,35.0,$487.05,06/06/2026,1249.2
2070,Daniela Cruz,Tablet,occidente,42.0,"$1,049.52",08-20-2025,1565.11
6120,Carlos Ramirez,Camara,Centro,48.0,503.67,19/02/2026,1816.44
6948,Daniela Cruz,LAPTOP,Norte,49.0,sin dato,26/04/2026,1778.24
3669,Daniela Cruz,TECLADO,Sur,49.0,780.42,2024-11-26,1307.23
468,Ricardo Vargas,Impresora,Sur ,38.0,817.87,32/13/2026,1367.95
8286,Ana Garcia,Teclado,CENTRO,54.0,"$1,028.56",04/01/2026,1231.83
8511,Andres Ortiz,MONITOR,Occidente,21.0,$558.73,Abril 10 2025,1269.59
2520,Pedro Aguilar,Teclado,sur,32.0,$852.20,01-10-2025,1685.31
6780,Carlos Ramirez,Silla,Occidente,46.0,1043.51,Mayo 11 2026,1672.74
1878,Alejandro Diaz,Escritorio,Sur,41.0,"$1,186.80",,1547.71
6868,Laura Sanchez,Escritorio,Centro,35.0,"$1,165.92",08-09-2025,976.55
514,Camila Reyes,Escritorio,Occidente,45.0,1399.38,16/06/2024,1295.6
4158,Sofia Torres, Monitor,Norte,27.0,937.03,04/10/2025,1665.91
4047,Jorge Morales,TABLET,occidente,26.0,415.96,2025-03-26,1247.45
3536,Luis Hernandez,Impresora,OCCIDENTE,19.0,$864.27,11-14-2024,714.64
5830,Jorge Morales,Tablet,NORTE,34.0,915.87,Enero 15 2024,1397.54
922,Ricardo Vargas,Escritorio,Occidente,26.0,$706.09,01-30-2025,1037.36
3282,Diego Romero,Laptop,Centro,51.0,1243.58,25/02/2024,1505.82
3871,Ana Garcia,Laptop,Sur,40.0,868.11,Septiembre 13 2024,1566.2
9733,Ricardo Vargas,Silla,Centro,55.0,"$1,263.27",,125000.0
6132,Daniela Cruz,Monitor,Norte,27.0,1224.91,2024-11-23,1099.64
475,Fernanda Castro,Mouse,Norte,19.0,715.52,Enero 24 2025,1016.38
5329,Jose Martinez,Impresora,Norte,40.0,"$1,154.87",11-20-2025,987.05
7317,Andres Ortiz,Laptop,occidente,64.0,"$1,093.33",2024-07-07,2217.12
5787,Fernanda Castro,Escritorio,?,27.0,"$1,401.30",2026-01-19,2046.76
5172,Daniela Cruz,Mouse,Sur,26.0,$603.68,09-30-2025,2133.04
4081,Isabel Guzman,Monitor,Sur,11.0,95.72,06-22-2025,1547.09
6312,Sofia Torres,Tablet,Occidente,42.0,1036.67,Junio 10 2025,965.28
5859,Sofia Torres,Teclado,Centro,42.0,1110.56,12-05-2024,1038.27
481,Carlos Ramirez, Teclado,OCCIDENTE,20.0,"$1,100.19",04-10-2025,1516.42
8650,Laura Sanchez,Impresora,Sur,41.0,512.49,30/12/2025,1031.15
3027,Maria Lopez,TECLADO,NORTE,46.0,726.86,2024-01-21,1727.39
3845,Isabel Guzman,SILLA,Occidente,53.0,390.73,03-05-2024,1437.55
3353,Maria Lopez,Mouse,Sur,25.0,682.29,,1280.3
4072,Diego Romero,Escritorio,OCCIDENTE,36.0,1029.34,01-12-2024,1675.53
5122,Fernanda Castro, Tablet,Sur,37.0,"$1,090.61",04/05/2024,671.96
2134,Miguel Flores,Impresora,occidente,54.0,833.70,Marzo 1 2026,1245.99
6916,Isabel Guzman,Camara,OCCIDENTE,51.0,1000.51,21/03/2025,1304.96
4029,Andres Ortiz,Bocina,Centro,43.0,1165.15,32/13/2026,1589.86
2956,Pedro Aguilar,Impresora,occidente,36.0,$930.71,05-28-2026,827.79
6828,Luis Hernandez,Teclado,Sur,28.0,$698.46,Septiembre 2 2024,1328.55
5458,Miguel Flores,Escritorio,Sur,205.0,$703.33,32/13/2026,1605.33
7132,Camila Reyes,Mouse,CENTRO,59.0,1085.95,2024-11-12,1023.73
6907,Ana Garcia,Teclado, Sur,53.0,880.83,16/10/2024,1777.5
9262,Carlos Ramirez,Bocina,norte,44.0,879.42,12-15-2024,1638.31
6714,Ricardo Vargas,Escritorio,Norte,43.0,"$1,215.93",06-19-2024,1094.48
4082,Carlos Ramirez,Escritorio,norte,38.0,$739.40,15/05/2026,1362.02
4111,Ana Garcia,LAPTOP, Occidente,23.0,"$-1,393.05",10/04/2026,1431.66
715,Isabel Guzman,Mouse,Sur,31.0,$911.94,01-12-2026,1998.57
2151,Sofia Torres, Monitor,Sur,37.0,$755.80,Junio 30 2024,1080.15
2288,Camila Reyes,Escritorio,,41.0,775.22,07/05/2026,1001.31
8481,Fernanda Castro,LAPTOP,Sur,44.0,$336.56,32/13/2026,1313.94
1225,Daniela Cruz,Bocina,Norte,44.0,"$1,042.87",12/02/2025,1703.66
9355,Daniela Cruz,Teclado,Sur,28.0,"$1,210.50",03-26-2025,1736.78
1557,Alejandro Diaz,Mouse,Sur ,43.0,$491.31,2024-08-26,1582.45
4798,Maria Lopez,Tablet,Norte ,6.0,651.17,09-08-2024,1690.88
1021,Luis Hernandez,IMPRESORA,Norte,35.0,$292.65,12/05/2024,2138.73
706,Ricardo Vargas,ESCRITORIO,Centro,27.0,871.54,2025-03-12,1334.49
3338,Luis Hernandez,Monitor,SUR,23.0,sin dato,04-04-2026,1644.16
7186,Camila Reyes, Camara,CENTRO,32.0,988.90,12-24-2025,1212.56
4443,Andres Ortiz,Impresora,,23.0,$917.25,07-02-2024,2325.12
7508,Diego Romero, Camara,,52.0,1070.94,01-02-2026,1217.69
909,Miguel Flores,Tablet,NORTE,53.0,1101.29,Mayo 9 2024,1480.31
8830,Carlos Ramirez,Camara,Norte,50.0,$669.82,02/03/2024,1848.71
2904,Fernanda Castro,Teclado,occidente,44.0,539.57,08/11/2025,1148.55
7803,Valeria Mendoza,IMPRESORA,norte,35.0,727.76,06-07-2024,1933.34
3150,Maria Lopez,Impresora,occidente,36.0,$748.34,20/10/2024,1024.53
4642,Ana Garcia,Laptop,Sur,30.0,$809.73,05-27-2025,2146.47
9644,Carlos Ramirez,Tablet,Centro,52.0,1167.57,Diciembre 3 2025,1802.49
595,Sofia Torres,Escritorio,Occidente,34.0,$697.66,10/12/2025,1709.46
6976,Valeria Mendoza,Laptop,Norte,32.0,"$1,044.16",,1222.02
441,Pedro Aguilar,Impresora,Sur,31.0,549.01,2024-02-05,1237.91
4610,Daniela Cruz,Silla, Centro,28.0,989.26,Febrero 15 2024,1409.65
8346,Pedro Aguilar,Laptop,Centro,44.0,$-950.53,Abril 29 2025,1199.44
4440,Sofia Torres,Monitor,Centro,38.0,806.04,2026-06-10,1432.77
5525,Fernanda Castro,Bocina,Occidente,34.0,"$1,183.63",,1117.59
11,Paola Rios,Escritorio,SUR,41.0,1407.96,2025-03-02,1362.4
8281,Fernanda Castro,Escritorio,SUR,37.0,"$1,257.45",07-27-2025,1342.74
3246,Camila Reyes,Laptop,Sur,14.0,$447.43,17/01/2024,368.35
8001,Fernanda Castro,Bocina,Sur,43.0,"$1,107.61",12-13-2024,1088.21
3849,Valeria Mendoza,Silla,occidente,24.0,772.79,Septiembre 28 2024,1620.48
94,Miguel Flores,TECLADO,Centro,67.0,689.47,2024-09-19,1067.1
4415,Jorge Morales,Laptop,Norte,28.0,$-610.84,2025-10-26,1525.97
6885,Ana Garcia,Laptop,SUR,25.0,543.93,Noviembre 11 2024,1411.71
1916,Paola Rios, Laptop,Centro,44.0,291.99,20/12/2024,1354.78
1784,Pedro Aguilar,Silla,norte,41.0,1233.17,08-13-2025,893.06
5200,Pedro Aguilar,Silla,sur,47.0,792.18,,1060.47
9532,Carlos Ramirez, Silla,Occidente,37.0,926.38,Marzo 9 2025,1719.45
2535,Camila Reyes,Monitor,CENTRO,31.0,sin dato,07/11/2025,1277.05
293,Pedro Aguilar,LAPTOP, Occidente,58.0,"$1,279.26",2024-09-03,1203.91
789,Paola Rios,Monitor,Centro ,57.0,$915.68,09/12/2024,1381.77
8980,Paola Rios,Tablet, Norte,36.0,964.51,Febrero 19 2026,1366.03
4743,Daniela Cruz,Laptop,Occidente,38.0,$840.24,Marzo 27 2024,1194.92
5968,Fernanda Castro, Tablet,Centro,32.0,812.66,12-10-2024,1223.8
5941,Carlos Ramirez,Mouse,Centro,53.0,786.97,Diciembre 23 2025,1317.02
6136,Jose Martinez,Impresora,Occidente,51.0,$945.91,2024-07-08,1121.23
4802,Ricardo Vargas,Silla,Centro ,35.0,$612.28,12-01-2025,1352.23
4880,Diego Romero,Tablet,Sur,22.0,$744.79,04-26-2025,1861.57
1609,Laura Sanchez,Escritorio,Sur,23.0,$898.52,02-16-2026,1461.22
1319,Daniela Cruz,Bocina,Norte,41.0,1177.81,Noviembre 16 2024,1680.85
2338,Camila Reyes,Mouse,Centro,41.0,1033.55,2025-02-23,1647.57
3459,Camila Reyes,Laptop,Norte,47.0,$580.41,32/13/2026,1347.68
4837,Maria Lopez, Bocina,Occidente,48.0,469.46,10-31-2024,1289.54
2877,Andres Ortiz,Camara,SUR,59.0,872.30,2025-12-09,1703.38
3529,Jose Martinez,Escritorio,Norte,36.0,794.17,2024-09-29,551.67
7311,Alejandro Diaz,Mouse,Centro ,40.0,186.02,12/11/2025,1378.41
4848,Luis Hernandez,Impresora,,63.0,"$1,137.67",Febrero 5 2026,1278.49
3033,Ricardo Vargas,Escritorio,Sur,362.0,428.07,2025-01-28,1506.91
8741,Ana Garcia,Teclado,OCCIDENTE,28.0,$838.39,2025-11-17,2021.77
8917,Sofia Torres,Bocina,Occidente,55.0,$821.66,Octubre 2 2025,1073.94
8476,Alejandro Diaz,Escritorio,Centro,53.0,680.37,12/06/2026,1904.16
5573,Laura Sanchez,Impresora,Sur,42.0,915.09,06/07/2025,1230.52
2459,Jorge Morales,Impresora,Sur,,"$1,481.36",24/03/2024,381.01
3195,Valeria Mendoza,Camara,sin informacion,25.0,377.68,Abril 28 2026,1582.83
7437,Camila Reyes,Laptop,NORTE,32.0,552.41,14/12/2024,1523.1
5171,Fernanda Castro,Tablet,,38.0,$797.03,2026-03-05,1567.77
5850,Luis Hernandez,Camara,Occidente,52.0,840.50,30/11/2025,1118.5
2955,Carlos Ramirez,Teclado,Occidente,,"$1,485.96",01-07-2026,1749.68
1808,Jorge Morales,Bocina,Sur,44.0,$-839.18,Enero 21 2026,1214.73
4511,Carlos Ramirez,Escritorio,Sur,55.0,"$1,065.08",2024-03-10,1117.31
4609,Alejandro Diaz,Mouse,Centro ,32.0,909.10,Marzo 23 2026,1459.47
1748,Miguel Flores,Monitor,Sur,43.0,$745.18,20/10/2025,1130.96
5764,Luis Hernandez,Laptop,centro,29.0,952.70,32/13/2026,1564.79
1719,Daniela Cruz,Tablet,Norte,42.0,1046.11,Enero 20 2025,2297.12
8854,Jose Martinez,Monitor,Norte,23.0,"$-1,488.29",2026-04-15,1214.89
838,Jose Martinez,Monitor,Norte,18.0,253.33,13/05/2026,1360.38
6015,Paola Rios,Teclado,Norte,40.0,1089.98,11-27-2024,900.56
3858,Ana Garcia, Mouse,centro,31.0,472.13,12-21-2024,2056.47
706,Ricardo Vargas,ESCRITORIO,Centro,27.0,871.54,2025-03-12,1381.1
8932,Jose Martinez,Teclado,Centro,36.0,848.43,2024-10-16,1557.3
3351,Jose Martinez,Laptop,Centro,49.0,"$1,260.79",06/02/2026,1256.9
4451,Alejandro Diaz,Bocina,Centro ,36.0,1238.72,2025-11-08,1778.51
3329,Miguel Flores,Tablet,Norte,31.0,676.85,12-05-2024,1606.8
4535,Ana Garcia,Mouse,Centro,-6.0,1295.91,32/13/2026,1056.47
7109,Carlos Ramirez,Teclado,Occidente,23.0,427.47,2026-04-08,1693.47
9006,Fernanda Castro,Escritorio,SUR,52.0,694.94,2024-06-01,1743.0
4948,Paola Rios,Impresora,Norte,33.0,432.56,21/04/2025,1253.96
6805,Daniela Cruz,Escritorio,norte,51.0,$907.92,31/01/2024,1575.96
158,Ricardo Vargas,Mouse,Centro,10.0,$-695.54,15/12/2024,1112.13
9248,Alejandro Diaz,Bocina, Centro,20.0,"$1,554.19",2025-01-28,526.21
6331,Luis Hernandez,Impresora,Norte,39.0,sin dato,Marzo 25 2024,1184.93
9552,Luis Hernandez,Monitor,NORTE,40.0,850.37,2024-11-23,1568.61
8975,Jose Martinez,Laptop,SUR,35.0,sin dato,01/06/2026,1924.84
4053,Diego Romero,Teclado,Centro,36.0,1578.19,12/06/2026,1598.65
1569,Isabel Guzman,Silla, Occidente,13.0,189.24,2024-10-02,1251.78
701,Paola Rios,Impresora,sur,25.0,"$-1,571.35",,1715.95
3615,Diego Romero,Laptop,norte,40.0,"$1,006.73",19/06/2025,1320.81
1598,Valeria Mendoza,ESCRITORIO,Occidente ,49.0,235.04,Diciembre 10 2025,1197.4
8200,Isabel Guzman, Tablet,Centro,44.0,927.95,,1410.9
5392,Jose Martinez,Silla, Occidente,56.0,666.60,05-10-2025,1746.98
7827,Carlos Ramirez,Bocina,Sur,32.0,1249.97,01-05-2025,555.25
6207,Valeria Mendoza,Laptop,Norte,34.0,"$1,533.36",Octubre 3 2024,1590.93
9946,Sofia Torres, Tablet,sur,23.0,827.10,06-17-2025,1723.29
4138,Carlos Ramirez,Impresora,Norte,26.0,$940.91,32/13/2026,1398.85
3400,Valeria Mendoza,Silla, Occidente,34.0,sin dato,09-25-2024,1890.67
8954,Paola Rios,Silla,Sur,27.0,"$1,309.03",07/06/2025,1308.58
3874,Jorge Morales,Tablet, Occidente,33.0,"$1,340.74",2024-11-26,1655.58
7590,Ricardo Vargas, Silla,Norte,47.0,sin dato,,1268.57
8100,Valeria Mendoza,Mouse,Norte,44.0,1197.93,03-07-2024,1565.53
4813,Paola Rios,Laptop,Centro,49.0,$487.67,Enero 21 2026,982.08
8474,Miguel Flores,Mouse,Occidente,25.0,484.98,2024-04-11,696.73
5459,Paola Rios,MOUSE,Occidente,28.0,1001.72,09-20-2025,670.48
9120,Valeria Mendoza,Escritorio,Sur,33.0,$919.40,Febrero 22 2024,1216.2
8222,Sofia Torres,Tablet,Occidente,68.0,"$1,168.69",28/10/2024,1350.97
9367,Sofia Torres,Tablet,Sur,39.0,$677.47,2024-08-27,1305.45
6009,Luis Hernandez, Camara,Occidente,33.0,"$1,049.38",05-18-2026,1265.36
7945,Pedro Aguilar,Tablet,SUR,43.0,$589.01,2026-03-18,775.96
1403,Carlos Ramirez,Laptop,Occidente,45.0,889.78,19/12/2024,2097.05
2192,Daniela Cruz,Mouse, Occidente,41.0,$971.15,01-25-2025,1764.79
4884,Jose Martinez,Camara,Centro,35.0,"$-1,024.74",06-08-2025,1582.49
1635,Daniela Cruz,Impresora,Norte,39.0,1495.90,2026-01-04,1015.37
8488,Paola Rios, Teclado,Norte,38.0,1308.28,Agosto 29 2024,1377.56
6033,Diego Romero,Silla,occidente,330.0,$905.51,06-09-2026,1910.12
8276,Alejandro Diaz,Escritorio,Occidente,21.0,"$1,103.75",Enero 16 2024,1129.64
3007,Ricardo Vargas,Silla,Occidente,26.0,$973.11,2025-08-04,1780.74
7713,Miguel Flores,Teclado,Norte ,58.0,sin dato,2026-03-31,1744.99
7953,Isabel Guzman,LAPTOP,Norte,51.0,$180.84,Abril 11 2026,1130.68
604,Maria Lopez,Escritorio,Centro,35.0,1269.21,Noviembre 15 2024,1425.4
1826,Isabel Guzman,Silla,Centro,29.0,$842.46,Octubre 1 2024,2071.72
8211,Andres Ortiz,Tablet,,30.0,1133.09,11-07-2024,1448.36
394,Ricardo Vargas,IMPRESORA,Norte,14.0,$655.78,02-17-2025,1127.38
6862,Ricardo Vargas,Laptop,,42.0,$625.09,2025-03-24,1251.79
2320,Diego Romero,Tablet,Sur,45.0,594.12,Febrero 5 2025,1557.12
3383,Pedro Aguilar,BOCINA,,42.0,$726.11,2024-09-19,1192.86
2250,Daniela Cruz,Laptop,Occidente,43.0,sin dato,Agosto 7 2025,1865.44
96,Carlos Ramirez,CAMARA,Sur,58.0,408.19,Enero 22 2026,1689.6
1618,Paola Rios,Laptop,sin informacion,56.0,753.26,Julio 1 2025,1093.71
1742,Valeria Mendoza,Escritorio,sur,47.0,1196.21,31/12/2025,1574.34
3800,Luis Hernandez,Tablet,occidente,43.0,950.65,2025-11-18,1839.69
5584,Luis Hernandez,SILLA,Norte,41.0,721.23,03-26-2026,1350.36
5260,Laura Sanchez,Camara,Centro,33.0,604.03,Marzo 26 2025,1351.07
6979,Fernanda Castro,MONITOR, Norte,20.0,$548.26,2026-02-07,1384.04
3066,Ricardo Vargas,BOCINA,Norte,41.0,$930.66,Enero 5 2025,1085.14
9491,Laura Sanchez,Laptop,OCCIDENTE,24.0,"$1,000.94",Enero 24 2026,1845.32
8110,Camila Reyes,Camara,sur,35.0,1157.44,22/01/2024,1826.23
4395,Paola Rios,Impresora,Centro,43.0,1010.41,07-27-2025,1284.73
8565,Maria Lopez,Impresora,Centro,43.0,$820.91,Mayo 11 2025,1509.12
2626,Ricardo Vargas,Tablet,Centro,36.0,$-748.43,01/07/2025,1589.23
6163,Laura Sanchez,Escritorio,Sur,46.0,"$1,266.35",22/05/2026,1013.33
2677,Pedro Aguilar,IMPRESORA,CENTRO,28.0,1104.74,2024-08-21,1764.71
1834,Luis Hernandez,BOCINA,Sur,35.0,$937.06,28/03/2024,1618.71
3932,Luis Hernandez,Silla,Norte,43.0,"$1,055.89",2026-02-26,1128.06
6988,Fernanda Castro,Camara,,38.0,sin dato,2025-01-02,998.53
5929,Maria Lopez,Impresora,OCCIDENTE,21.0,"$1,056.67",02/06/2024,1502.16
8414,Jose Martinez,Escritorio, Occidente,36.0,587.83,2025-11-04,1144.44
5119,Alejandro Diaz,Teclado,SUR,53.0,1040.43,28/05/2026,1460.34
3743,Isabel Guzman,Mouse,Norte,26.0,1005.20,2024-03-30,1558.12
3685,Pedro Aguilar,Laptop,Occidente,15.0,$495.72,Noviembre 11 2024,1135.69
4776,Ana Garcia,Monitor,centro,45.0,"$-1,127.39",2026-04-12,1403.24
1356,Jorge Morales,Silla,Occidente,12.0,743.53,05/04/2024,1079.38
9266,Sofia Torres, Teclado,Occidente,50.0,$138.11,02-02-2024,783.52
5685,Paola Rios,Bocina,centro,,$848.51,Mayo 13 2024,1427.8
8254,Paola Rios,Teclado,Sur,34.0,1061.64,19/02/2026,1220.38
6534,Jose Martinez,Tablet,Centro,51.0,772.44,32/13/2026,1432.15
800,Daniela Cruz,Laptop,Occidente,36.0,$761.39,,1370.41
5077,Sofia Torres,Monitor,NORTE,32.0,704.12,Julio 14 2024,1358.98
1670,Valeria Mendoza,Silla,Sur ,43.0,1206.91,Marzo 23 2024,1468.66
7628,Luis Hernandez,Tablet,Centro,346.0,"$1,166.05",Abril 11 2026,1012.86
3048,Diego Romero,TECLADO,Norte,49.0,989.97,Marzo 13 2025,2108.15
8666,Luis Hernandez,Mouse, Norte,24.0,"$1,168.27",12/01/2026,1382.71
20,Jorge Morales,Impresora,sur,12.0,$560.71,09-20-2024,1548.87
3106,Sofia Torres,Camara,Centro,64.0,$814.87,17/11/2024,1210.56
3273,Andres Ortiz,Impresora,Norte,47.0,$611.57,08-29-2024,1355.43
5771,Sofia Torres,Escritorio,norte,37.0,"$1,005.76",04/05/2024,1384.68
5403,Andres Ortiz,Laptop,Sur,54.0,758.33,,446.67
4864,Valeria Mendoza,Escritorio,Occidente,47.0,$414.44,08-15-2024,811.85
5377,Jose Martinez,Escritorio,NORTE,47.0,$832.47,Enero 10 2026,1597.3
9530,Daniela Cruz,Impresora,Norte,34.0,$898.30,Diciembre 28 2024,1822.81
8686,Ricardo Vargas,Camara,SUR,31.0,$962.21,2026-06-14,1938.25
6323,Maria Lopez,Silla,Centro,28.0,"$1,033.01",24/05/2025,1023.52
8493,Jorge Morales,Impresora, Centro,46.0,"$1,247.06",10-15-2025,2095.06
1262,Isabel Guzman,Impresora,Norte,41.0,$834.82,Mayo 29 2025,1389.68
6687,Jose Martinez,Tablet,Occidente,35.0,1208.49,2024-10-04,1743.46
810,Pedro Aguilar,Silla,Norte,26.0,"$1,058.40",04-11-2025,826.49
5647,Alejandro Diaz,Impresora,Centro,42.0,$823.55,32/13/2026,1567.98
7305,Isabel Guzman,Camara,Norte,45.0,"$1,553.65",2025-09-07,1161.31
6650,Fernanda Castro,Camara,Centro,48.0,855.00,02-21-2025,1927.56
6585,Valeria Mendoza,Monitor, Sur,,1522.10,05-26-2025,1624.22
5299,Jose Martinez, Tablet,OCCIDENTE,29.0,939.20,23/04/2024,2325.06
6347,Ricardo Vargas,Monitor,?,52.0,$442.74,01-15-2024,1773.21
4186,Ricardo Vargas,Camara, Sur,40.0,$990.91,08-30-2024,947.09
7891,Laura Sanchez,Impresora, Sur,44.0,"$1,143.39",11-25-2024,2322.77
2099,Diego Romero,Impresora,CENTRO,51.0,$647.79,Noviembre 22 2024,1722.04
1143,Isabel Guzman,Camara,Centro,44.0,1238.20,12-31-2025,1562.11
7368,Jorge Morales,Camara,Centro,34.0,693.20,08-19-2025,1076.99
2361,Fernanda Castro,Laptop,norte,29.0,922.69,2024-02-07,1637.73
7846,Sofia Torres,Laptop,Sur,15.0,"$1,099.13",03-26-2025,1420.05
4865,Alejandro Diaz,Bocina,Norte,49.0,770.10,Marzo 10 2025,1036.57
6373,Isabel Guzman,Tablet,centro,45.0,494.47,15/03/2024,1612.89
8395,Luis Hernandez,Teclado,Norte,27.0,"$1,159.01",Octubre 10 2024,1531.81
3209,Daniela Cruz, Camara,centro,36.0,$985.43,09-08-2024,1596.85
8422,Andres Ortiz,Tablet,Occidente ,29.0,442.24,,1108.26
5560,Maria Lopez,Bocina,Occidente,50.0,1106.13,Mayo 17 2024,1513.07
1767,Paola Rios,BOCINA,Centro,58.0,1146.92,Enero 16 2025,1607.49
8911,Laura Sanchez,Laptop,Centro,50.0,$79.21,Octubre 22 2025,1336.97
9542,Fernanda Castro, Mouse,Sur,20.0,1245.07,Noviembre 13 2025,1364.99
8908,Andres Ortiz,Escritorio,Centro,70.0,832.55,Junio 9 2024,1596.74
2169,Isabel Guzman,Tablet,Norte,35.0,sin dato,21/05/2025,1251.61
7206,Paola Rios,Teclado,Sur,29.0,1050.15,Marzo 5 2025,1003.49
621,Daniela Cruz,Mouse,Norte,36.0,1170.10,32/13/2026,1437.52
3051,Camila Reyes,Monitor,Norte,42.0,785.93,22/08/2025,1331.59
6014,Ricardo Vargas,Silla,Centro ,30.0,sin dato,2024-03-24,1664.2
3028,Valeria Mendoza,Bocina,Norte,53.0,$518.15,2026-02-05,1573.38
4541,Ricardo Vargas,Teclado,centro,42.0,990.59,Marzo 18 2025,2261.82
5689,Diego Romero,Escritorio,sin informacion,40.0,$899.42,2024-10-01,776.62
4442,Miguel Flores,Teclado,Centro,34.0,$951.29,Mayo 6 2026,1005.19
1047,Laura Sanchez,Impresora,CENTRO,26.0,778.53,25/10/2024,1112.17
4976,Camila Reyes,Laptop,Sur,32.0,929.21,02-20-2024,1198.56
9559,Diego Romero,Mouse,Occidente,43.0,$696.86,Abril 4 2026,1108.29
5813,Carlos Ramirez,Mouse,sur,16.0,988.82,Diciembre 11 2025,1306.31
3129,Paola Rios,Silla,Sur,39.0,$979.36,09/07/2025,1592.27
744,Carlos Ramirez,Tablet,Norte,42.0,432.57,06/09/2024,1410.86
223,Valeria Mendoza,Impresora,SUR,37.0,$114.21,Abril 26 2026,1562.17
2863,Camila Reyes,Silla,Norte,58.0,1854.58,Diciembre 7 2024,1613.16
626,Laura Sanchez,Mouse,Centro,44.0,sin dato,2024-02-08,1711.47
8775,Paola Rios,MOUSE,sur,21.0,435.96,Marzo 15 2026,1708.26
1951,Isabel Guzman,Escritorio,Sur,39.0,"$1,206.92",Mayo 30 2026,1832.45
4886,Laura Sanchez,Bocina,Sur ,16.0,$940.00,2025-12-27,1809.13
4895,Jorge Morales,Mouse,Sur,19.0,980.28,Febrero 23 2025,1995.98
9565,Isabel Guzman,MOUSE,centro,36.0,753.45,Junio 10 2026,980.89
4353,Ricardo Vargas,Mouse,sur,26.0,$833.20,2026-01-28,1061.62
9780,Pedro Aguilar,Tablet,Sur,37.0,"$1,460.13",Abril 1 2024,922.45
6034,Isabel Guzman,Bocina,Centro,26.0,$670.18,10/10/2024,2105.2
1316,Carlos Ramirez,Bocina,Occidente,32.0,$955.48,2025-06-09,1329.63
5407,Valeria Mendoza,Tablet,Sur,53.0,293.03,Noviembre 22 2024,1308.72
2292,Sofia Torres, Escritorio, Centro,31.0,"$1,005.32",12/09/2025,1571.59
8582,Luis Hernandez,Impresora,Occidente,41.0,$-857.79,2026-06-04,835.24
3854,Miguel Flores,Teclado,Sur,36.0,575.84,2024-06-29,1453.13
354,Daniela Cruz,Monitor,NORTE,45.0,872.76,16/10/2024,1224.87
4506,Miguel Flores,Camara,Occidente ,45.0,983.99,Enero 2 2024,1126.9
457,Maria Lopez,MOUSE,Sur,31.0,"$1,205.07",2024-05-02,1837.21
7205,Ana Garcia,Teclado,Occidente,37.0,1017.91,2025-03-03,1919.02
3598,Ricardo Vargas,Silla,norte,24.0,515.76,22/02/2026,1793.13
240,Fernanda Castro,Silla,Sur,47.0,1133.35,27/03/2024,1631.26
4378,Carlos Ramirez,Monitor,NORTE,21.0,$620.98,2026-06-14,1376.44
2389,Pedro Aguilar,Bocina,Sur,46.0,$136.16,10-14-2024,1596.24
5523,Diego Romero,Bocina,Centro ,36.0,sin dato,2025-02-19,1475.74
3633,Ana Garcia,BOCINA,Sur,42.0,sin dato,2024-03-05,909.94
8924,Daniela Cruz,Laptop,Centro,36.0,$718.71,Mayo 25 2025,1903.24
2754,Andres Ortiz,Teclado,occidente,32.0,$556.31,26/01/2026,1478.21
1769,Luis Hernandez,Mouse,SUR,28.0,$-948.49,2026-03-18,1720.19
1865,Camila Reyes,Camara,Centro,36.0,"$1,015.17",11/10/2024,1527.08
1792,Alejandro Diaz,Bocina,Occidente,23.0,sin dato,10/08/2025,1657.38
1019,Ana Garcia,Monitor,Centro,24.0,"$1,036.31",Abril 13 2025,1110.75
4008,Andres Ortiz,Silla,Occidente,22.0,816.08,2024-05-30,1309.48
6594,Diego Romero,ESCRITORIO,SUR,41.0,1247.17,32/13/2026,1452.35
4767,Ricardo Vargas,Teclado,Occidente,34.0,$852.57,2025-08-19,1536.71
3046,Alejandro Diaz,LAPTOP,Occidente,37.0,$899.84,09/03/2026,1481.06
9037,Fernanda Castro,Mouse,centro,47.0,1167.13,09-06-2024,956.25
8742,Carlos Ramirez,Camara,CENTRO,56.0,"$1,170.74",2024-02-22,1520.82
1104,Jose Martinez, Laptop,Norte,46.0,sin dato,Septiembre 10 2025,1378.95
8461,Valeria Mendoza,Tablet,,28.0,$675.15,08-13-2024,1361.52
7636,Carlos Ramirez,Bocina,Occidente,34.0,278.41,Septiembre 23 2025,1737.51
3704,Isabel Guzman, Mouse,Sur,17.0,"$1,117.70",Agosto 30 2024,898.21
4639,Fernanda Castro, Escritorio,Centro,44.0,$513.88,05-14-2025,1276.69
3774,Maria Lopez,Impresora,occidente,44.0,181.23,01-08-2026,1064.44
4763,Luis Hernandez,Escritorio,Norte,40.0,"$1,305.73",14/05/2025,1053.33
8716,Sofia Torres,Escritorio, Occidente,55.0,$50.00,Diciembre 12 2024,1616.22
2860,Daniela Cruz,Monitor,sin informacion,37.0,$343.67,06-11-2024,1588.7
3574,Sofia Torres,Impresora,Centro,27.0,$369.09,Diciembre 9 2025,1514.08
2271,Sofia Torres,Camara,Norte,46.0,$680.15,03-30-2024,1238.42
9513,Jorge Morales,Tablet,Norte,35.0,275.15,32/13/2026,1576.82
7196,Alejandro Diaz,Escritorio,occidente,21.0,758.09,Marzo 16 2024,1329.46
1804,Carlos Ramirez,Laptop,SUR,38.0,$599.73,12-03-2024,1638.56
6578,Luis Hernandez,MOUSE,Centro ,55.0,1280.06,10-21-2024,1764.68
9624,Andres Ortiz, Mouse,SUR,29.0,$884.63,31/08/2024,947.62
1384,Alejandro Diaz,Monitor,Centro,20.0,sin dato,Febrero 14 2026,1252.0
9699,Valeria Mendoza,Laptop, Sur,52.0,$981.38,13/05/2025,1234.35
1958,Paola Rios, Monitor, Centro,41.0,858.78,2025-02-01,1550.01
218,Luis Hernandez,SILLA,Occidente,35.0,713.88,Junio 29 2024,676.5
7882,Luis Hernandez,Monitor,Occidente ,56.0,1091.54,2025-12-01,1154.49
7931,Sofia Torres,Monitor,Centro,52.0,"$1,116.41",04/01/2024,1365.48
8308,Jorge Morales,TABLET,?,25.0,824.37,Julio 23 2024,1026.59
8668,Jorge Morales,Escritorio,Norte,,$535.47,,1391.17
7862,Paola Rios,Escritorio,Occidente ,55.0,454.94,2024-08-22,1465.03
1035,Luis Hernandez,Impresora,Sur,53.0,sin dato,Noviembre 8 2024,1222.13
217,Luis Hernandez,Silla,Sur,41.0,"$1,097.56",32/13/2026,125000.0
3334,Camila Reyes,Camara,CENTRO,52.0,919.51,24/07/2025,1877.55
7705,Isabel Guzman,Teclado,Centro,52.0,$619.55,29/03/2024,1619.1
7252,Ricardo Vargas,LAPTOP,centro,49.0,$-876.49,24/03/2025,1288.38
1863,Camila Reyes,Escritorio,Centro,55.0,"$1,080.12",2025-12-29,1416.56
907,Daniela Cruz,Camara,SUR,27.0,$639.60,21/08/2025,1998.58
6679,Isabel Guzman,Impresora,norte,25.0,"$1,276.18",23/08/2025,1785.47
8559,Ricardo Vargas, Tablet,Centro,51.0,"$1,146.09",04-28-2026,1407.16
3924,Daniela Cruz,Monitor,Norte,29.0,"$1,072.81",,1281.59
3132,Jorge Morales,Escritorio,Sur,59.0,"$1,435.09",2026-02-20,1388.09
8837,Carlos Ramirez,Escritorio,Centro,44.0,1038.01,Septiembre 15 2024,1751.03
1513,Valeria Mendoza,Teclado,,27.0,"$1,012.72",2024-09-17,1621.71
8216,Valeria Mendoza,Impresora,Norte ,41.0,825.50,10/09/2025,1654.73
5027,Carlos Ramirez,Escritorio,Norte,36.0,725.85,2025-04-25,98000.0
2123,Ricardo Vargas,Camara,Sur,23.0,"$1,220.86",25/09/2025,1588.51
6755,Andres Ortiz,Monitor,occidente,36.0,$837.71,Marzo 10 2026,1590.14
8129,Laura Sanchez,Mouse,Centro,12.0,1346.85,03-21-2026,1548.73
5115,Laura Sanchez,Silla,Sur ,54.0,$576.09,2025-06-06,736.74
2508,Fernanda Castro,Mouse,Norte,36.0,1206.98,02-13-2026,1192.14
7878,Jorge Morales,Impresora,Centro ,29.0,690.89,07-31-2025,1893.39
5369,Andres Ortiz,Bocina,Norte ,36.0,628.65,15/10/2025,958.04
853,Pedro Aguilar,Tablet,Sur,34.0,$670.20,Mayo 18 2025,1539.26
4416,Daniela Cruz,LAPTOP,Sur,46.0,1360.19,2024-04-24,1676.67
2120,Valeria Mendoza,CAMARA,Norte,66.0,sin dato,2025-07-06,682.39
8061,Miguel Flores,Mouse,Norte,16.0,"$1,179.20",02-27-2025,1159.09
1693,Andres Ortiz,BOCINA, Centro,44.0,$846.86,14/03/2024,1432.53
4129,Paola Rios,Mouse,Norte,26.0,547.19,03-19-2026,1130.82
5267,Paola Rios,Escritorio,occidente,32.0,815.54,03/09/2024,820.81
8256,Jorge Morales,Escritorio,centro,31.0,1800.05,Mayo 7 2025,1438.61
9481,Ricardo Vargas,Teclado,sur,-8.0,725.71,11-14-2025,1739.19
5227,Sofia Torres,Mouse,occidente,62.0,"$1,128.58",Abril 12 2024,1439.69
5504,Valeria Mendoza,Teclado,Norte,34.0,1372.40,11-26-2024,988.97
8696,Alejandro Diaz,Camara,occidente,43.0,$987.35,2026-05-25,1658.83
748,Sofia Torres, Silla,Norte,44.0,"$1,422.44",05/07/2025,1671.95
8310,Ricardo Vargas,IMPRESORA,Sur,20.0,"$1,044.62",Marzo 21 2024,1732.13
1570,Pedro Aguilar,Teclado,Occidente,48.0,702.77,09/10/2024,1090.24
348,Isabel Guzman,Laptop,Norte,54.0,844.26,Marzo 27 2026,1352.83
7607,Paola Rios,Tablet,Norte,32.0,$983.54,18/08/2025,1377.24
4266,Pedro Aguilar,Monitor,Sur,37.0,"$1,475.39",Abril 6 2025,1128.61
3182,Jose Martinez,Teclado,SUR,33.0,"$1,026.08",03-05-2024,957.68
7413,Andres Ortiz,Silla,sur,41.0,1118.16,Mayo 27 2024,98000.0
5096,Jose Martinez, Laptop,Norte,24.0,809.05,Febrero 24 2025,1544.01
1656,Laura Sanchez,Teclado,Centro,7.0,$378.98,25/05/2024,1165.77
7832,Sofia Torres,Teclado,Centro,44.0,763.61,2026-05-19,868.5
7824,Jorge Morales,Silla,norte,40.0,$865.89,11-03-2024,2113.27
8836,Ana Garcia,Bocina,Centro,33.0,912.28,02-06-2025,1710.14
8974,Diego Romero,Escritorio,?,62.0,"$1,213.93",Marzo 6 2026,1129.5
3434,Sofia Torres,Bocina,sur,48.0,470.90,Septiembre 22 2025,1959.17
8277,Diego Romero,Bocina,norte,38.0,629.12,Febrero 8 2025,1420.91
5156,Alejandro Diaz,Laptop,Occidente,32.0,"$1,164.11",07/06/2025,1307.67
5314,Miguel Flores,Bocina,Norte,,795.85,Septiembre 1 2025,1479.3
4658,Ricardo Vargas,Teclado,Norte,30.0,sin dato,15/06/2026,1089.86
8194,Ricardo Vargas,Impresora,Occidente,34.0,"$1,148.48",01-22-2026,1377.8
764,Isabel Guzman,Escritorio, Centro,-4.0,"$1,004.97",24/06/2024,1694.59
2128,Fernanda Castro,Impresora,Sur,27.0,"$1,257.16",2024-05-18,781.81
8753,Daniela Cruz,Silla,Occidente,32.0,$513.33,Diciembre 27 2025,2111.62
7978,Pedro Aguilar,Laptop,Occidente,45.0,$909.54,20/09/2025,857.2
9111,Jose Martinez,LAPTOP,centro,67.0,$833.17,Mayo 1 2025,771.3
2030,Sofia Torres,Monitor,Occidente,26.0,988.41,04-06-2024,1620.83
1487,Jose Martinez,Mouse, Centro,49.0,"$1,051.11",2024-03-14,1286.49
1223,Pedro Aguilar,Impresora,Occidente,55.0,$468.60,13/05/2024,795.39
1881,Miguel Flores,Teclado,NORTE,53.0,542.03,08-26-2025,1610.87
6829,Jorge Morales,Teclado,Centro ,46.0,sin dato,24/05/2026,1108.96
4605,Laura Sanchez,MONITOR,OCCIDENTE,43.0,$530.37,Marzo 13 2025,1376.1
9483,Ana Garcia,Impresora,Norte,39.0,$836.38,2025-12-03,1360.16
2305,Isabel Guzman,Monitor,sur,55.0,sin dato,2025-06-15,1342.54
6609,Luis Hernandez, Bocina,Norte ,45.0,$-315.29,Enero 19 2026,1053.67
7760,Daniela Cruz,Impresora,Sur,181.0,866.29,Noviembre 3 2025,1311.04
9535,Luis Hernandez,Tablet, Occidente,44.0,721.46,05/04/2024,1523.27
4188,Laura Sanchez,Bocina,,65.0,"$1,146.24",07-02-2025,1681.25
4695,Valeria Mendoza,Bocina,sur,44.0,$619.52,01-01-2025,1434.54
709,Jorge Morales,Bocina,Norte,41.0,"$1,469.72",Junio 10 2024,1499.99
1576,Sofia Torres,Camara,Norte,57.0,1044.90,08-24-2024,1697.37
510,Laura Sanchez, Bocina,Centro,47.0,1174.45,Noviembre 5 2025,1603.17
3356,Daniela Cruz,Camara,Occidente,24.0,964.13,Diciembre 16 2024,1110.9
8032,Paola Rios,Camara,,54.0,798.92,21/01/2026,1003.22
6763,Maria Lopez,MONITOR,Sur,,1091.23,31/01/2024,1174.31
4512,Paola Rios,Laptop,Occidente ,50.0,sin dato,Octubre 16 2025,1739.24
3662,Jorge Morales,IMPRESORA,norte,41.0,1039.21,2025-08-22,1431.64
9280,Laura Sanchez,TECLADO,OCCIDENTE,28.0,$828.83,31/08/2024,1444.18
4382,Maria Lopez, Silla,CENTRO,31.0,$891.40,Noviembre 16 2024,980.83
5861,Paola Rios,Bocina,Centro,14.0,650.66,08/08/2025,1382.51
7282,Carlos Ramirez,Teclado,Norte,61.0,932.28,Abril 21 2026,943.0
1260,Camila Reyes, Mouse,Centro,38.0,1104.66,11/04/2026,1804.79
7548,Camila Reyes,Bocina,Centro,37.0,"$1,237.89",2025-12-14,1089.71
5272,Daniela Cruz,Laptop,Centro,44.0,$793.12,Junio 11 2026,1502.45
9132,Andres Ortiz,SILLA,centro,50.0,1135.10,,919.23
712,Paola Rios,Tablet,,44.0,$684.49,Mayo 25 2024,1613.27
6914,Isabel Guzman,TABLET, Norte,41.0,815.93,Octubre 9 2024,1676.27
9400,Diego Romero, Teclado, Centro,36.0,811.55,2026-02-07,1354.52
1786,Laura Sanchez,Silla,Occidente,36.0,989.68,07-05-2024,1778.75
8230,Diego Romero,Impresora,Sur,34.0,1052.98,10-23-2025,298.09
1373,Daniela Cruz,BOCINA,Norte,33.0,662.07,27/07/2024,1132.61
5141,Miguel Flores,Monitor,Norte,34.0,542.12,Julio 4 2024,1116.1
713,Valeria Mendoza,Escritorio, Occidente,36.0,991.40,2024-08-16,1258.06
3919,Luis Hernandez,Teclado,Sur,46.0,$680.76,Enero 30 2024,1574.77
1246,Pedro Aguilar,ESCRITORIO,Occidente ,38.0,"$1,144.36",2024-09-10,1154.89
7002,Daniela Cruz,Laptop,Occidente,44.0,$-881.56,Julio 18 2025,1687.44
7213,Paola Rios,Tablet,Centro ,22.0,861.68,Mayo 28 2025,1153.92
5482,Luis Hernandez,Silla,Occidente,41.0,1144.64,30/09/2024,1180.26
7820,Camila Reyes,TECLADO,Sur ,22.0,"$1,170.60",2024-10-14,1685.5
716,Diego Romero,Impresora,Centro ,29.0,$595.15,08/05/2024,1115.59
7066,Jorge Morales,Monitor,Norte,29.0,$-965.62,Abril 28 2026,1718.1
8834,Paola Rios,Impresora,OCCIDENTE,38.0,"$1,021.11",2026-03-22,1078.58
1483,Carlos Ramirez,Laptop,occidente,53.0,913.17,Noviembre 22 2025,1187.09
2964,Luis Hernandez, Impresora,Centro,43.0,933.06,19/09/2025,1532.1
7021,Paola Rios,Mouse,sur,35.0,924.87,08-09-2024,1841.38
4077,Pedro Aguilar,Teclado,Centro,21.0,477.17,2024-01-06,1943.35
9066,Andres Ortiz,Tablet,Centro,43.0,sin dato,2024-08-10,1144.21
7634,Daniela Cruz,Camara, Centro,40.0,1296.43,Octubre 1 2024,1339.66
5964,Carlos Ramirez,Camara,norte,49.0,1007.87,2024-12-20,1558.56
3659,Sofia Torres,Laptop,Centro,19.0,875.96,Febrero 2 2024,1307.05
1659,Camila Reyes,Silla,occidente,27.0,$659.07,04/03/2024,1728.92
213,Diego Romero,Camara,Occidente ,48.0,sin dato,Diciembre 18 2025,2243.06
3210,Laura Sanchez, Bocina,Norte,28.0,"$1,007.82",32/13/2026,1370.94
9486,Diego Romero,Silla, Occidente,56.0,sin dato,24/02/2024,847.19
1011,Carlos Ramirez,Silla,Centro,25.0,$804.60,06-11-2026,1451.33
324,Isabel Guzman,Tablet,Centro,59.0,961.09,2026-03-20,1627.23
6959,Carlos Ramirez,CAMARA,NORTE,52.0,972.35,32/13/2026,1300.37
1098,Diego Romero,Escritorio,Centro,33.0,633.20,2025-11-25,1199.27
9707,Sofia Torres,Bocina,Occidente,53.0,$464.35,07/11/2025,615.76
1563,Laura Sanchez,Camara,Occidente ,53.0,$872.62,2026-01-08,1331.53
9288,Ana Garcia,Monitor,Centro,25.0,487.51,2024-11-12,1813.1
335,Jorge Morales,Teclado,Sur,44.0,899.97,05/03/2026,1204.4
4448,Jose Martinez,Monitor,CENTRO,51.0,755.70,11-10-2025,1450.27
2738,Jose Martinez,Silla, Centro,48.0,$811.31,2026-06-14,1097.38
3722,Ricardo Vargas,Teclado,occidente,29.0,489.02,11/02/2026,1518.53
5508,Luis Hernandez, Camara,NORTE,32.0,221.74,Abril 23 2026,1228.46
6335,Luis Hernandez,Silla,Centro ,47.0,$887.20,09-15-2025,1628.93
1614,Andres Ortiz,Bocina,Sur,42.0,$757.75,23/10/2025,973.94
793,Valeria Mendoza,Mouse,Norte,42.0,"$1,259.81",2026-03-23,1535.14
234,Diego Romero,Escritorio,Occidente,21.0,"$1,282.40",,1900.59
8871,Ana Garcia,Monitor,Occidente,61.0,$514.45,2025-01-18,1028.24
9439,Sofia Torres,Laptop,Occidente,53.0,"$1,737.84",01-05-2026,1629.82
8561,Pedro Aguilar,Silla,Occidente,32.0,$770.18,Marzo 27 2026,1256.6
8069,Camila Reyes,Mouse,Centro,54.0,$992.82,2024-12-03,1153.69
7609,Carlos Ramirez,Mouse,Centro,41.0,$752.84,2025-03-13,1317.62
7738,Fernanda Castro,Impresora,Norte,49.0,$648.71,32/13/2026,1427.55
1884,Camila Reyes,Silla,Occidente ,46.0,$636.96,2025-12-01,618.38
3938,Jorge Morales,Silla,Centro,38.0,1063.55,11-04-2024,1238.43
1954,Jorge Morales,Bocina,Sur,24.0,342.08,19/01/2026,1504.65
8177,Jose Martinez,Laptop,Sur,44.0,$634.41,09-14-2025,98000.0
6162,Laura Sanchez,Teclado,Sur,28.0,"$1,072.73",05-04-2026,1284.49
8609,Valeria Mendoza,Impresora,Sur,50.0,"$1,071.83",06-10-2024,1952.99
4175,Daniela Cruz,Teclado,Centro ,48.0,$674.17,2024-04-30,1096.7
6931,Luis Hernandez,Silla,Norte,26.0,sin dato,2026-01-22,1433.98
775,Camila Reyes, Monitor,occidente,26.0,$725.52,07-17-2025,1030.62
1495,Daniela Cruz,Tablet,Sur,21.0,sin dato,Junio 6 2025,1095.87
6900,Camila Reyes,Bocina,NORTE,30.0,$628.66,2024-06-21,1254.75
872,Laura Sanchez, Laptop, Occidente,34.0,sin dato,07-13-2024,1225.71
2515,Maria Lopez,Camara,Occidente,43.0,933.91,2026-04-24,1422.72
1264,Camila Reyes,Monitor,Sur,30.0,323.12,07/01/2025,98000.0
1619,Maria Lopez,Mouse,Centro,35.0,1176.39,24/01/2026,1880.57
5160,Isabel Guzman,Mouse,Sur,32.0,sin dato,2025-03-23,1735.71
5677,Paola Rios, Mouse,Centro,30.0,1070.78,2024-08-29,1727.39
2287,Isabel Guzman,Impresora,norte,62.0,"$1,630.22",Mayo 27 2025,1313.16
1759,Ricardo Vargas,Tablet,Norte,46.0,"$-1,497.46",20/01/2025,907.2
3895,Fernanda Castro,Tablet,Occidente,45.0,$623.42,Junio 1 2024,1010.7
5577,Ricardo Vargas,Escritorio,Centro,,$717.19,Octubre 18 2024,1445.88
1221,Fernanda Castro,ESCRITORIO,,46.0,$925.74,Agosto 19 2024,1088.88
5427,Camila Reyes,Teclado,sur,62.0,$859.01,Abril 2 2024,1885.43
1766,Isabel Guzman,BOCINA,Occidente,46.0,945.71,2024-02-14,1741.8
6283,Ricardo Vargas,Teclado,occidente,25.0,483.47,Octubre 27 2024,2237.94
409,Isabel Guzman,Mouse,Centro,40.0,$293.57,32/13/2026,1409.18
5550,Diego Romero,Escritorio,Sur,33.0,"$1,361.39",Septiembre 9 2024,1210.37
5468,Sofia Torres,TECLADO,,44.0,510.40,2025-04-01,1549.99
1514,Sofia Torres,Monitor,Occidente ,49.0,$933.79,15/05/2026,1489.65
2486,Miguel Flores,Laptop,Centro,39.0,969.13,Diciembre 30 2024,1617.74
9159,Ricardo Vargas,Escritorio,Occidente,42.0,1027.76,32/13/2026,1763.4
3382,Diego Romero,Impresora,Norte,54.0,sin dato,Mayo 28 2025,1904.31
1966,Valeria Mendoza,Camara,Norte,30.0,"$1,164.26",2024-07-03,935.69
5047,Diego Romero,TABLET, Centro,-8.0,726.74,04-13-2025,1807.7
7794,Sofia Torres, Teclado,SUR,33.0,$345.01,Junio 18 2024,1184.22
7083,Valeria Mendoza,SILLA,occidente,46.0,sin dato,2024-03-01,1445.41
7414,Sofia Torres,MONITOR,,53.0,$693.53,,1127.41
4103,Jose Martinez,Mouse,,31.0,$509.73,Marzo 4 2025,1360.59
893,Paola Rios,Teclado,Centro,43.0,"$-1,155.54",04-17-2026,1219.15
3001,Diego Romero,Escritorio,Occidente,53.0,745.79,2024-11-24,476.81
9781,Sofia Torres,MONITOR,Occidente,48.0,"$1,060.57",24/09/2024,1782.41
6139,Luis Hernandez, Teclado,NORTE,32.0,$620.84,07/11/2025,1300.39
6689,Andres Ortiz,Silla,occidente,38.0,$870.31,Octubre 3 2025,2123.58
5182,Diego Romero,Mouse,Centro,44.0,$449.46,02/12/2025,1331.32
8683,Ana Garcia,Camara,Centro,42.0,888.42,Junio 15 2026,902.67
8864,Isabel Guzman,Teclado,Centro,44.0,860.73,Mayo 12 2024,1604.73
5980,Fernanda Castro,Camara,Norte,38.0,$911.55,07-11-2025,1487.1
2499,Ana Garcia,Teclado,Occidente,56.0,$866.24,Enero 9 2025,1542.17
4030,Daniela Cruz,Teclado,Sur,42.0,"$1,136.83",Septiembre 15 2024,1646.3
7546,Andres Ortiz,Escritorio,Centro,41.0,$619.90,Septiembre 3 2024,1165.3
4935,Miguel Flores,Laptop,Sur ,31.0,990.40,02-24-2025,1009.83
5552,Miguel Flores,Impresora,Norte,,sin dato,05-15-2024,1292.18
5423,Luis Hernandez,Mouse,Sur,25.0,$214.28,02/02/2026,1280.27
9416,Daniela Cruz,Tablet,Sur,44.0,881.60,Abril 15 2026,2099.88
3884,Jorge Morales,Impresora,Sur,31.0,$342.75,Junio 28 2024,1622.23
1499,Jorge Morales,Laptop,sur,51.0,"$1,009.69",01-24-2026,1623.24
1480,Daniela Cruz,MOUSE, Sur,36.0,$439.85,03-10-2026,1652.42
3616,Daniela Cruz,Tablet,CENTRO,35.0,"$1,074.96",19/06/2025,1631.99
3839,Pedro Aguilar,Bocina,Centro,18.0,$785.94,16/02/2025,1571.61
3890,Camila Reyes,Mouse, Norte,,654.68,2025-05-13,1680.32
9678,Maria Lopez,Camara,Centro,39.0,809.02,12-18-2025,1434.05
8076,Camila Reyes,Silla,,42.0,$689.68,20/04/2024,903.36
5651,Isabel Guzman,Escritorio,Occidente,35.0,1233.36,08-20-2025,747.93
2908,Isabel Guzman,Teclado,Norte,51.0,"$1,113.48",04-17-2025,1283.38
466,Pedro Aguilar,IMPRESORA,Sur,28.0,$588.71,,1349.09
9466,Sofia Torres,Tablet,norte,22.0,1240.20,08/02/2026,1444.77
4304,Ana Garcia,Bocina,Occidente,48.0,913.27,2024-03-25,979.11
3482,Laura Sanchez,Silla,Centro,36.0,sin dato,Abril 25 2026,1604.43
3974,Carlos Ramirez,Silla,Norte,40.0,$-909.04,Septiembre 18 2024,1222.68
2418,Carlos Ramirez,Laptop,Occidente,28.0,641.28,19/09/2025,552.9
4124,Carlos Ramirez,Laptop,Centro ,14.0,$873.84,2024-09-23,1224.86
6744,Ana Garcia,Silla,Centro ,38.0,$894.89,2026-04-28,1373.76
746,Miguel Flores,Laptop,norte,52.0,"$1,257.45",2026-01-15,1843.55
5715,Pedro Aguilar,Teclado,Norte ,98.0,$705.10,Junio 27 2024,1564.41
6712,Miguel Flores,BOCINA,Centro,29.0,"$1,042.15",2024-06-19,1734.07
711,Andres Ortiz,Teclado,centro,69.0,593.65,03-15-2026,1180.57
380,Carlos Ramirez,Silla, Norte,55.0,512.93,2026-05-07,1441.29
6078,Jose Martinez,Laptop,Norte,47.0,$418.57,Enero 28 2025,1378.41
3330,Isabel Guzman,Teclado,Centro ,36.0,1609.90,2024-10-31,1309.25
9122,Pedro Aguilar,Escritorio,Centro,87.0,694.36,2026-05-31,1538.41
8483,Pedro Aguilar,Camara,Norte,44.0,"$1,186.15",04-04-2026,1108.4
5698,Diego Romero,Teclado,Norte,32.0,"$1,163.81",21/03/2024,1497.96
9547,Ana Garcia,MOUSE,Norte,21.0,"$1,302.48",2024-09-01,1603.9
4270,Paola Rios,Mouse,Occidente,29.0,sin dato,07-13-2024,1204.62
9047,Isabel Guzman, Camara,CENTRO,46.0,$459.99,26/10/2025,1024.37
4099,Diego Romero,Impresora,centro,43.0,$841.26,12/03/2024,1637.51
6859,Daniela Cruz,Silla,sur,40.0,sin dato,2025-01-12,1025.33
9284,Ana Garcia,Monitor,Centro,29.0,921.33,07-10-2025,1102.21
8385,Pedro Aguilar,Tablet,Sur,13.0,1325.93,03-13-2026,1411.85
5157,Isabel Guzman,Bocina,Sur,29.0,$778.53,06-09-2025,1760.79
6313,Ana Garcia,Teclado,sur,17.0,244.06,2025-07-15,1024.2
3873,Alejandro Diaz, Laptop,Norte,26.0,367.25,2024-03-01,1397.84
1314,Alejandro Diaz,Tablet,centro,33.0,1556.01,2024-08-10,1396.87
4731,Isabel Guzman,MONITOR,Norte,62.0,690.43,12-04-2025,1449.36
2289,Isabel Guzman,Teclado,CENTRO,38.0,"$1,098.54",Marzo 25 2025,1525.41
9903,Carlos Ramirez, Silla,Centro ,54.0,373.83,2026-01-29,1246.53
4369,Isabel Guzman,TECLADO,Centro,48.0,919.64,20/02/2025,740.29
4634,Jose Martinez, Camara,Occidente,35.0,559.72,Julio 3 2025,1448.08
1286,Ana Garcia,Bocina,Occidente,36.0,749.72,11-16-2024,806.42
4666,Camila Reyes,MOUSE, Centro,29.0,"$1,110.41",2025-11-21,98000.0
6113,Jorge Morales,Laptop,Occidente,31.0,"$1,036.95",2025-10-09,1251.45
1350,Ricardo Vargas,Silla,,18.0,$-440.03,04-29-2025,1369.75
9282,Laura Sanchez,Bocina,Centro ,57.0,995.53,2025-04-15,1255.54
5478,Valeria Mendoza,Laptop,Sur,32.0,845.38,30/01/2026,1662.31
8147,Pedro Aguilar,Monitor,Norte,33.0,"$1,315.91",14/03/2025,1680.47
6138,Valeria Mendoza,Monitor,Norte,38.0,sin dato,15/04/2024,1214.18
428,Camila Reyes,Tablet,CENTRO,51.0,495.65,07/06/2026,1294.8
654,Camila Reyes,Escritorio,Norte,37.0,"$1,026.27",,1483.81
8344,Valeria Mendoza,Escritorio,Sur,37.0,1136.65,2025-04-19,1818.57
2056,Miguel Flores,Monitor,Occidente,23.0,870.30,2024-01-21,1122.37
8546,Camila Reyes,Tablet,Occidente,,549.89,04-26-2026,1204.66
2710,Alejandro Diaz,Teclado,Sur,55.0,806.97,06-10-2024,1371.01
8665,Sofia Torres,Tablet,Occidente,41.0,908.79,05-02-2024,1170.74
4396,Paola Rios,Camara,Sur,24.0,1083.30,2024-01-19,1138.14
6427,Pedro Aguilar,CAMARA,Centro,28.0,"$1,181.90",32/13/2026,1321.1
4603,Sofia Torres,Bocina,CENTRO,40.0,944.97,Enero 6 2024,1249.16
7727,Ana Garcia, Impresora,Occidente,25.0,$-706.18,2025-02-07,1649.41
3239,Alejandro Diaz,Laptop,Centro,44.0,883.22,01-09-2025,983.89
9061,Andres Ortiz,Mouse,Norte ,22.0,$811.65,23/07/2025,1359.56
612,Jorge Morales,Escritorio,Centro,41.0,$677.23,Septiembre 8 2024,1609.07
6415,Laura Sanchez,Escritorio,CENTRO,36.0,477.05,Junio 30 2025,1978.94
4566,Sofia Torres,Monitor,Occidente,,"$1,127.98",03-06-2024,1447.15
9225,Luis Hernandez,Camara,Centro,31.0,"$1,000.24",Agosto 4 2025,2070.92
7224,Sofia Torres,Bocina,sur,42.0,$774.77,Septiembre 20 2025,1318.71
4376,Ricardo Vargas,Mouse,Norte,26.0,1416.70,Abril 23 2026,1797.52
3644,Jorge Morales,Tablet,SUR,48.0,$610.98,2026-01-10,1271.48
1119,Valeria Mendoza, Teclado,norte,52.0,628.54,01-11-2025,1461.71
555,Pedro Aguilar,Tablet,Norte,57.0,"$1,427.98",Enero 16 2025,754.72
2985,Valeria Mendoza,Mouse,Occidente,51.0,708.33,2024-07-17,1208.38
512,Valeria Mendoza, Camara,Sur,40.0,$762.67,10-19-2025,1382.03
3661,Ricardo Vargas,Bocina,Norte,48.0,1057.02,08/10/2024,740.2
4646,Daniela Cruz,Mouse,Norte ,51.0,1231.26,Marzo 2 2026,1260.63
968,Sofia Torres,Mouse,Centro,31.0,$909.28,10-23-2025,1567.43
9758,Miguel Flores,Monitor,norte,49.0,1037.12,06-18-2025,1231.87
6445,Ana Garcia,Mouse,sur,47.0,419.27,09/03/2026,1551.21
7270,Ricardo Vargas,Monitor,Occidente ,26.0,221.14,,1650.74
7225,Paola Rios,Bocina,Norte,41.0,sin dato,2025-07-13,975.57
8769,Maria Lopez,Laptop,OCCIDENTE,24.0,546.11,2024-04-14,2153.34
7756,Pedro Aguilar,Escritorio,Sur,41.0,1531.73,Noviembre 15 2025,1597.66
6327,Luis Hernandez,Mouse,Norte,20.0,$463.19,2025-03-30,1015.0
7829,Ricardo Vargas,Bocina,OCCIDENTE,21.0,"$1,202.44",2026-04-22,1255.12
4538,Valeria Mendoza,Tablet,Norte ,32.0,$750.23,07-22-2025,1520.55
8723,Diego Romero,Monitor,OCCIDENTE,52.0,582.49,19/07/2025,2417.33
8303,Jorge Morales,Mouse,SUR,42.0,510.52,01-24-2025,1596.07
8747,Luis Hernandez,MONITOR,Centro,30.0,"$1,159.58",01-09-2026,1861.75
6734,Andres Ortiz,Monitor,sur,37.0,"$1,365.35",2024-07-16,1143.14
3648,Fernanda Castro,Laptop,Centro ,28.0,$452.93,Abril 12 2025,1484.03
5666,Jorge Morales,LAPTOP,norte,29.0,1184.95,2025-12-13,1704.34
6095,Sofia Torres,Teclado,norte,,1211.03,Marzo 20 2026,1240.94
6130,Miguel Flores,Tablet,Sur,31.0,"$1,082.43",20/03/2025,1857.41
1110,Ana Garcia,Escritorio,occidente,45.0,528.56,15/01/2024,1155.32
9441,Daniela Cruz,Laptop,Centro,30.0,948.20,2025-06-26,1279.01
9463,Daniela Cruz,Monitor,Occidente,266.0,"$1,060.77",2024-03-22,1390.07
1039,Daniela Cruz,Escritorio,Sur,49.0,456.04,2024-04-10,2037.75
1195,Paola Rios,Laptop,Sur,29.0,669.55,Octubre 1 2024,1607.17
9656,Daniela Cruz,Impresora,Norte,49.0,sin dato,Junio 17 2026,1172.58
9974,Fernanda Castro,CAMARA,Occidente,26.0,672.90,2025-02-05,1134.29
7108,Paola Rios,Bocina,,42.0,sin dato,,1481.01
8922,Daniela Cruz,Camara, Centro,52.0,"$1,221.96",Marzo 6 2025,1037.46
4462,Sofia Torres,Mouse,centro,64.0,"$1,069.31",09-30-2025,1628.52
9241,Carlos Ramirez,Laptop,norte,26.0,$837.86,Diciembre 2 2025,1715.68
6046,Jorge Morales,Tablet,Centro,26.0,925.66,2024-03-12,839.68
935,Daniela Cruz,Impresora,occidente,33.0,729.45,02/05/2024,1794.81
5585,Jorge Morales,Camara,?,68.0,844.19,03/11/2024,687.49
8930,Jose Martinez,Tablet,occidente,47.0,931.47,Junio 5 2025,1616.51
9414,Luis Hernandez,Bocina,Sur,53.0,920.01,06/10/2024,1033.41
7781,Paola Rios,Teclado,centro,22.0,$573.37,01/03/2026,1528.46
6158,Fernanda Castro,Tablet,Centro ,28.0,741.65,11-03-2025,1227.04
395,Valeria Mendoza,Teclado,Sur,31.0,sin dato,2025-05-26,865.76
3211,Pedro Aguilar, Laptop,Occidente,46.0,$361.69,24/05/2025,720.41
8722,Laura Sanchez,Teclado,Norte,61.0,"$1,060.47",06-27-2025,1416.26
1738,Luis Hernandez, Monitor,CENTRO,47.0,$405.91,27/05/2025,1342.66
9438,Paola Rios,Camara,Norte,36.0,$739.28,2025-06-03,2003.33
562,Ana Garcia,Tablet,Centro ,25.0,"$-1,046.39",2024-02-27,567.8
288,Ricardo Vargas,Tablet,norte,17.0,$277.58,25/01/2026,1276.29
2475,Maria Lopez,Camara,Norte,34.0,678.07,05-24-2025,1065.0
1298,Andres Ortiz,Impresora,Sur,54.0,903.88,Diciembre 11 2024,1077.14
5837,Alejandro Diaz,Camara, Occidente,22.0,$900.34,Octubre 28 2024,1571.62
1163,Camila Reyes,Silla,Occidente,16.0,664.61,2024-12-26,1761.52
6827,Paola Rios,Escritorio,Occidente,34.0,1146.09,,867.28
1672,Ricardo Vargas,Laptop,Norte,33.0,721.52,02-19-2026,509.28
2620,Isabel Guzman,Bocina,Norte,52.0,$716.83,05-05-2026,1441.84
7709,Daniela Cruz,Mouse,Centro,47.0,851.44,01-21-2026,1555.88
1528,Maria Lopez,Tablet,Occidente,24.0,785.82,Diciembre 2 2025,1316.85
4627,Ana Garcia,BOCINA,Norte,45.0,$529.78,2026-05-02,1159.39
9300,Jorge Morales,Impresora,Centro ,13.0,602.08,,1956.89
5624,Alejandro Diaz,Silla,Centro,17.0,"$1,333.76",07-23-2025,816.29
5598,Andres Ortiz,Mouse,Centro,41.0,$279.33,24/05/2024,1104.5
59,Valeria Mendoza,Silla,Norte,39.0,sin dato,23/01/2025,1292.5
7077,Camila Reyes,Bocina,NORTE,27.0,1015.64,10-07-2024,1271.43
8263,Diego Romero,Laptop,Norte,18.0,323.59,16/04/2024,786.2
5413,Paola Rios,MONITOR,Norte,35.0,881.82,Noviembre 4 2024,1028.42
7476,Valeria Mendoza,Mouse,Sur,40.0,275.79,15/10/2024,1219.75
4830,Jorge Morales,Escritorio,Centro,359.0,"$-1,139.35",Febrero 10 2025,1507.78
4561,Jorge Morales,Monitor,,20.0,$670.62,Julio 7 2025,1496.49
2621,Camila Reyes, Camara,OCCIDENTE,50.0,$920.83,13/05/2026,1428.47
6428,Ricardo Vargas,Escritorio,Sur,56.0,472.95,2025-12-02,1096.46
6741,Ana Garcia,Mouse,Centro,33.0,$980.09,32/13/2026,1524.63
5810,Miguel Flores,Tablet,Norte,51.0,$968.98,09-23-2025,1349.28
7482,Laura Sanchez,Laptop, Centro,44.0,970.20,2024-08-04,1520.36
4824,Pedro Aguilar, Bocina,Occidente,328.0,"$1,228.63",,1093.9
3185,Fernanda Castro,Impresora,Sur,42.0,987.43,32/13/2026,1513.47
8704,Luis Hernandez,Silla,Occidente,30.0,$688.21,2024-05-26,1609.01
677,Ricardo Vargas,Teclado,Norte,37.0,$750.58,Mayo 11 2024,1613.46
5095,Daniela Cruz,Teclado,Norte,26.0,"$-1,466.41",Noviembre 14 2024,943.84
7459,Maria Lopez, Tablet,Norte,52.0,961.71,22/01/2025,771.38
415,Ana Garcia,Mouse,Sur,40.0,$903.94,Agosto 2 2024,1373.37
7085,Paola Rios,Teclado,Sur,34.0,sin dato,Marzo 19 2024,1277.89
9782,Laura Sanchez,Silla,Occidente ,302.0,$724.84,Abril 3 2024,1259.47
6444,Camila Reyes,Bocina,CENTRO,35.0,1016.37,06-01-2025,1341.47
6168,Diego Romero,Silla,Centro,53.0,$776.42,01-05-2026,1235.91
2849,Carlos Ramirez,Teclado,Occidente ,30.0,1046.95,Julio 21 2024,1118.34
5359,Luis Hernandez,SILLA,Centro,46.0,1410.43,Abril 7 2026,1102.22
4056,Miguel Flores,Teclado,SUR,-3.0,$843.70,Abril 7 2025,1830.47
6809,Ana Garcia,Escritorio,sur,32.0,"$1,377.74",Noviembre 13 2025,2004.96
9825,Ana Garcia,Tablet,norte,50.0,"$1,148.95",2025-08-31,1542.5
5226,Jorge Morales,Escritorio,NORTE,32.0,862.14,29/06/2024,1257.03
5610,Maria Lopez,Teclado,Centro,40.0,"$1,634.21",02/03/2024,1159.19
5604,Jorge Morales,Camara,Centro,52.0,"$1,083.03",Enero 11 2026,661.22
867,Camila Reyes,Mouse,Norte,70.0,$516.98,18/03/2025,1811.94
6401,Paola Rios,Mouse,Occidente,43.0,$962.24,Junio 26 2025,1718.51
5373,Miguel Flores,Bocina,Centro,23.0,$673.96,04-20-2025,1577.47
4869,Isabel Guzman,Camara,Occidente,36.0,909.71,2025-11-27,466.58
5551,Fernanda Castro,Camara,?,28.0,$984.46,,2067.31
4834,Laura Sanchez,Teclado,Occidente,50.0,$979.11,17/12/2025,1588.1
1898,Alejandro Diaz,Mouse,Sur,,$710.04,2024-07-21,2357.06
7889,Camila Reyes, Camara,Norte,46.0,997.83,02/02/2024,1544.17
3022,Maria Lopez,Bocina,Sur,52.0,"$1,009.97",09-25-2025,1219.91
7038,Paola Rios, Silla,Sur,42.0,1010.97,08/01/2026,1575.17
2392,Jose Martinez,Impresora,Centro,46.0,$50.00,02-27-2024,1752.14
2770,Pedro Aguilar,Monitor,SUR,43.0,856.90,32/13/2026,1640.25
2190,Ricardo Vargas,TABLET,Norte,9.0,$603.34,2024-04-02,1589.77
5866,Ricardo Vargas,Laptop,Sur,50.0,sin dato,25/01/2025,821.16
1818,Carlos Ramirez,Teclado,Occidente,31.0,742.92,12/02/2026,885.75
9991,Sofia Torres,Tablet,Norte,41.0,558.85,08-02-2025,1255.96
1938,Ricardo Vargas,Escritorio,Centro,43.0,$863.31,2025-07-22,1166.63
1902,Paola Rios,Mouse,Sur,26.0,$705.70,Noviembre 5 2025,1761.06
6492,Ricardo Vargas,MONITOR,Occidente,56.0,$689.44,2026-05-16,1844.04
8062,Paola Rios, Mouse,SUR,11.0,608.46,Agosto 31 2024,644.23
7363,Ana Garcia,Mouse,Norte,38.0,$844.64,2025-04-14,1477.22
1211,Fernanda Castro,Impresora,Centro,46.0,"$1,015.53",Mayo 14 2024,1526.1
7963,Ricardo Vargas,Camara,Norte,37.0,838.96,Febrero 9 2026,1160.18
5184,Alejandro Diaz,Tablet,Occidente,51.0,1256.46,2026-06-08,1744.06
7045,Camila Reyes,BOCINA,Norte ,31.0,385.70,11-30-2024,933.03
1727,Isabel Guzman, Escritorio,Sur,38.0,"$1,023.65",2025-03-27,1728.95
9815,Paola Rios, Tablet,Sur,53.0,$840.88,Noviembre 14 2024,1453.5
1048,Fernanda Castro,Escritorio,Sur,35.0,$327.87,Junio 25 2025,1052.77
5637,Carlos Ramirez,Mouse,Occidente,38.0,$751.57,2026-06-17,1035.31
2969,Valeria Mendoza,Laptop,CENTRO,16.0,727.63,Julio 4 2025,2010.62
4076,Ana Garcia,Bocina,Centro,39.0,801.39,26/11/2025,1072.13
5289,Carlos Ramirez,Bocina,sur,45.0,731.77,2026-06-04,1921.56
7923,Paola Rios,Tablet,centro,44.0,715.97,2025-01-09,931.68
8103,Jose Martinez,Mouse, Sur,26.0,917.86,2025-07-17,1559.8
9071,Maria Lopez,Camara,NORTE,-5.0,$-757.19,2025-07-31,1567.66
3773,Paola Rios,Camara,Occidente,48.0,$968.26,26/06/2024,918.82
618,Carlos Ramirez,Monitor,CENTRO,47.0,$607.48,28/03/2026,708.96
8736,Ricardo Vargas,Camara,Occidente,45.0,752.18,01-10-2024,1116.44
3124,Fernanda Castro, Mouse,Centro,41.0,1295.61,2025-02-03,1256.78
5582,Camila Reyes,Bocina,centro,47.0,748.75,23/11/2025,592.38
3911,Laura Sanchez,Laptop,occidente,31.0,sin dato,Noviembre 5 2024,1286.42
9296,Laura Sanchez,Silla,Occidente,71.0,$387.69,17/03/2025,1629.23
767,Fernanda Castro,Tablet,Occidente,29.0,$825.29,28/03/2025,1489.61
6713,Ricardo Vargas,MONITOR,Sur,58.0,890.74,05-28-2026,1051.09
972,Daniela Cruz,Tablet,Centro,-3.0,943.13,02/01/2025,1458.42
6595,Pedro Aguilar,Laptop,Sur,23.0,949.98,06-18-2026,1185.56
7217,Fernanda Castro,Escritorio,Occidente ,22.0,950.86,2025-10-26,1778.27
9102,Luis Hernandez,Tablet, Sur,59.0,$987.22,04-18-2024,1247.87
1145,Sofia Torres,Escritorio,Centro,51.0,966.98,03-29-2025,1004.8
6954,Camila Reyes,Bocina, Sur,49.0,971.69,2026-04-22,1928.29
4408,Jose Martinez,Tablet,Occidente,22.0,$158.00,04-11-2024,1858.16
463,Valeria Mendoza,Laptop,Occidente,62.0,750.28,Febrero 17 2025,1613.52
6519,Jose Martinez,Laptop,Centro,49.0,889.39,Noviembre 12 2024,821.1
9561,Ricardo Vargas,Impresora, Occidente,14.0,540.80,2025-06-21,1418.05
6129,Sofia Torres,Impresora,Occidente,-9.0,334.74,03/10/2024,944.64
2326,Camila Reyes,Mouse,sur,29.0,$-766.12,2026-01-31,1535.24
7700,Carlos Ramirez,Tablet,Norte ,35.0,sin dato,14/06/2026,1638.28
7309,Diego Romero, Teclado,Occidente,35.0,$702.48,2025-06-15,125000.0
5493,Jose Martinez,LAPTOP,Centro,23.0,667.93,03-04-2024,1510.26
7278,Camila Reyes,Silla,Occidente,31.0,946.98,Diciembre 23 2025,76000.0
7616,Fernanda Castro,Bocina,Sur,57.0,850.74,20/03/2025,1471.53
9618,Daniela Cruz,IMPRESORA,centro,30.0,$416.71,Junio 17 2026,1219.07
351,Paola Rios,Camara,Centro,37.0,$515.21,32/13/2026,1875.84
8547,Valeria Mendoza,Monitor,NORTE,15.0,931.80,03-07-2025,1739.58
7552,Jorge Morales,Monitor,Sur,15.0,"$-1,052.63",Noviembre 20 2024,1840.78
829,Alejandro Diaz,Bocina,Sur,36.0,$587.11,2025-12-25,1339.81
7383,Laura Sanchez,Silla,CENTRO,41.0,$830.81,32/13/2026,1347.6
8872,Ricardo Vargas,Silla,Occidente,43.0,688.02,Abril 6 2026,2218.7
1673,Carlos Ramirez, Tablet,occidente,26.0,$590.46,2024-11-22,1525.59
9464,Isabel Guzman, Mouse,Norte,35.0,$944.06,Julio 29 2025,1068.86
1689,Isabel Guzman,Monitor,Norte,50.0,"$1,127.47",2026-01-27,1538.55
2871,Carlos Ramirez,Escritorio, Centro,47.0,$909.07,Marzo 12 2026,1394.46
6124,Daniela Cruz,Teclado,Occidente,44.0,1059.96,07-18-2025,2072.89
3388,Valeria Mendoza,CAMARA,sur,25.0,sin dato,11-08-2025,1358.21
3539,Paola Rios,Teclado,Centro,21.0,$754.04,32/13/2026,1548.0
3626,Valeria Mendoza,Mouse,Occidente,45.0,"$1,303.05",18/12/2024,1463.21
4193,Valeria Mendoza,Escritorio,Centro,40.0,$984.24,06-21-2025,1315.27
7945,Pedro Aguilar,Tablet,SUR,43.0,$589.01,2026-03-18,770.84
3910,Isabel Guzman,Bocina,Occidente,40.0,sin dato,10-31-2025,717.97
8419,Valeria Mendoza,Teclado, Occidente,53.0,"$1,279.21",2025-10-18,2275.58
6215,Valeria Mendoza,Tablet,Sur,35.0,973.39,01-22-2025,583.78
1714,Valeria Mendoza, Silla,Centro ,51.0,1002.64,2025-02-18,1124.49
21,Paola Rios,Teclado,Sur,55.0,$541.42,02-05-2026,1554.24
5212,Maria Lopez,Tablet,Occidente ,38.0,$860.36,,1007.91
2228,Isabel Guzman,Tablet,sur,50.0,$776.57,03-18-2025,1264.69
2378,Maria Lopez,ESCRITORIO,NORTE,8.0,"$1,006.49",04-28-2024,1261.65
2046,Pedro Aguilar,Monitor,Occidente ,41.0,1061.14,01-30-2025,1845.89
4950,Miguel Flores,Mouse,Centro,46.0,$737.78,08-07-2025,1654.24
9460,Daniela Cruz,Tablet,sur,48.0,387.78,05-10-2025,1190.65
1296,Paola Rios,Laptop, Occidente,36.0,$708.03,,1535.51
8791,Paola Rios,Teclado, Occidente,74.0,898.53,06-24-2025,1312.67
592,Isabel Guzman,Silla,Centro ,21.0,"$1,695.74",01-02-2024,1793.54
222,Jorge Morales,Monitor,Sur,36.0,"$1,367.02",2026-05-27,1712.17
7384,Fernanda Castro,MOUSE, Centro,42.0,$586.07,2025-08-04,1317.18
5992,Jorge Morales, Mouse,sur,5.0,"$1,129.27",11-29-2024,951.69
4708,Paola Rios, Silla,centro,46.0,"$1,175.05",01-14-2024,1049.85
859,Andres Ortiz,Monitor,Occidente,43.0,$404.95,07-16-2024,1711.46
5263,Ricardo Vargas, Silla,Centro,49.0,780.71,2025-03-01,832.84
5153,Carlos Ramirez,Silla,Centro,33.0,256.94,2025-09-01,1236.06
8180,Jose Martinez,Impresora,Norte,60.0,"$-1,187.30",23/01/2024,1704.38
842,Andres Ortiz, Mouse,norte,40.0,"$1,129.01",24/12/2024,822.35
7568,Laura Sanchez,Teclado,Norte,34.0,$596.63,07/05/2026,1815.74
2816,Luis Hernandez,Teclado, Sur,30.0,$759.25,Septiembre 8 2024,475.39
7748,Maria Lopez,Bocina, Occidente,62.0,$448.88,,1383.29
995,Paola Rios,Mouse,Norte,61.0,1024.02,10-31-2025,1832.01
4574,Alejandro Diaz,Bocina, Centro,31.0,$606.23,2026-01-14,1556.81
1555,Jorge Morales,Escritorio,Norte ,19.0,972.26,17/11/2024,1012.12
5799,Ricardo Vargas,Camara, Sur,50.0,921.01,Mayo 23 2025,1396.9
5913,Andres Ortiz,Mouse, Norte,,"$1,154.63",2025-07-13,730.73
8399,Alejandro Diaz,Bocina,Norte,44.0,$533.69,07/05/2024,1662.59
7693,Miguel Flores,Escritorio,Sur,48.0,1140.40,2025-09-27,1400.23
7223,Miguel Flores,Monitor,NORTE,49.0,485.66,14/03/2025,1175.27
3015,Jorge Morales,Teclado,Sur,39.0,1046.48,2025-07-14,1251.69
4843,Luis Hernandez,Silla,sin informacion,23.0,$903.79,24/01/2026,1856.76
9375,Carlos Ramirez,Bocina,Occidente,29.0,655.80,10-12-2024,1649.08
4844,Jose Martinez,Monitor,Sur ,46.0,1146.79,14/04/2024,1517.4
2587,Miguel Flores, Tablet,centro,35.0,$839.41,2024-07-27,1782.0
401,Pedro Aguilar,Tablet,Occidente,40.0,1216.31,2024-01-11,1532.79
3693,Jose Martinez,Escritorio,Occidente,26.0,$820.12,11/01/2026,1515.18
3134,Luis Hernandez,Silla,Sur,30.0,716.30,2025-10-31,1482.99
1124,Laura Sanchez,Mouse,,65.0,1042.67,20/02/2026,1091.73
2184,Fernanda Castro,Monitor,Norte,51.0,$496.97,2025-04-16,880.39
8611,Laura Sanchez,Bocina,Centro,48.0,$-817.72,05/04/2026,1899.72
3155,Luis Hernandez,Tablet,Occidente,18.0,$494.10,2025-10-15,1179.16
60,Andres Ortiz,Laptop,Centro,51.0,$937.37,03-02-2024,1214.4
3062,Sofia Torres, Teclado,CENTRO,26.0,921.32,,1418.44
3469,Paola Rios,Impresora,Norte,58.0,$839.13,Abril 9 2024,1263.57
108,Andres Ortiz,Monitor,Sur ,65.0,710.71,2024-05-03,1549.94
4851,Isabel Guzman,Impresora, Occidente,42.0,821.23,05-04-2024,1390.79
1329,Andres Ortiz,Laptop,Sur,59.0,$492.26,07-23-2025,1703.01
2345,Ricardo Vargas,Silla,Occidente,60.0,244.02,Enero 22 2025,1384.6
8630,Ana Garcia,Monitor,Occidente ,43.0,840.66,2024-06-28,1381.46
3861,Paola Rios,Bocina, Sur,27.0,1134.71,2024-07-16,1370.68
4194,Ana Garcia,Impresora, Sur,35.0,1232.74,16/06/2025,1424.68
1551,Carlos Ramirez,Mouse,Norte,68.0,874.95,Marzo 18 2026,1902.5
1010,Paola Rios,Camara,Occidente,35.0,"$1,258.67",02-08-2025,1368.16
1613,Andres Ortiz,Camara,Norte,31.0,"$-1,111.61",08/10/2024,1545.89
2110,Carlos Ramirez,Laptop,Sur,31.0,$536.87,03-31-2024,1105.84
5528,Sofia Torres,Teclado,CENTRO,46.0,$839.13,07-19-2024,1482.9
649,Pedro Aguilar,Mouse,sur,23.0,1507.36,22/04/2026,1520.73
880,Fernanda Castro,Monitor,sur,23.0,sin dato,19/10/2024,1359.15
2767,Miguel Flores,Impresora,sur,45.0,856.79,12-10-2025,886.15
9851,Jose Martinez,Monitor,norte,35.0,349.12,20/05/2026,1706.68
7933,Daniela Cruz,Tablet,occidente,38.0,1330.43,20/10/2025,1481.06
551,Camila Reyes,Tablet,Sur,35.0,346.45,32/13/2026,1361.04
7329,Miguel Flores,Camara,Occidente,,766.22,29/11/2025,1467.07
2589,Pedro Aguilar,Escritorio,OCCIDENTE,52.0,"$1,072.71",31/01/2026,977.42
2516,Camila Reyes,Monitor,sur,41.0,$204.20,29/06/2024,1463.95
5034,Maria Lopez,Camara,Centro ,62.0,"$1,197.91",Mayo 3 2024,1705.53
212,Valeria Mendoza,Impresora,sur,38.0,$787.64,04-24-2026,1215.04
9968,Jose Martinez, Silla,,,1008.99,2024-06-13,687.35
5317,Paola Rios,Monitor, Sur,44.0,$-307.53,Mayo 11 2024,1935.69
8340,Jorge Morales,Mouse,Occidente,42.0,$649.84,21/06/2024,1913.65
1439,Sofia Torres,Tablet,Sur,16.0,sin dato,04/02/2024,1545.1
9749,Valeria Mendoza,Bocina,,25.0,$918.25,12-09-2024,1614.18
697,Valeria Mendoza,Monitor, Centro,29.0,$742.03,Enero 6 2024,1943.18
6897,Carlos Ramirez,Teclado,sin informacion,9.0,$902.75,Mayo 9 2025,1670.86
7131,Sofia Torres,Impresora, Occidente,26.0,$330.59,Agosto 27 2024,918.92
1315,Isabel Guzman, Bocina,Norte,29.0,860.48,22/07/2024,1242.18
2304,Alejandro Diaz,Bocina,norte,29.0,842.92,09/02/2026,1620.66
2407,Miguel Flores,Impresora,OCCIDENTE,31.0,"$1,237.17",28/08/2025,818.29
13,Valeria Mendoza,Escritorio,Sur,28.0,"$1,194.93",21/05/2025,1442.35
2933,Jose Martinez,Mouse,Occidente,28.0,$998.03,11-17-2025,1309.55
7310,Sofia Torres, Mouse,Sur,60.0,$-517.61,2025-03-30,1106.54
1347,Alejandro Diaz,Escritorio,Norte ,34.0,"$1,297.90",20/01/2026,1922.12
8910,Paola Rios,Silla,Centro,42.0,$207.48,2025-06-03,1278.7
454,Ana Garcia,Monitor,Centro,30.0,$-655.55,30/04/2026,1819.42
4630,Miguel Flores,Mouse,,63.0,$706.59,Marzo 17 2025,2297.28
7671,Luis Hernandez,Mouse,Sur,31.0,$266.50,23/09/2025,1416.24
8727,Alejandro Diaz,Silla,Sur,17.0,1205.17,01-07-2025,1273.27
8988,Maria Lopez, Silla,Occidente,35.0,"$1,147.60",2026-02-27,1823.44
8342,Pedro Aguilar,Monitor,Occidente,44.0,"$1,218.23",03-25-2025,1698.8
38,Camila Reyes,Escritorio,Sur,43.0,471.61,04-12-2025,1184.91
8591,Daniela Cruz,Silla,Norte,34.0,$920.80,Junio 28 2024,1081.4
4792,Pedro Aguilar, Camara,Sur,60.0,711.94,Enero 1 2025,1926.41
941,Andres Ortiz,Mouse,Occidente,47.0,635.83,Marzo 16 2024,1712.41
4128,Luis Hernandez,Laptop,OCCIDENTE,37.0,$976.50,22/08/2024,1331.28
6872,Ricardo Vargas,Bocina,sur,44.0,441.62,15/03/2024,1011.94
3470,Alejandro Diaz, Laptop,OCCIDENTE,37.0,1038.75,Abril 15 2026,1794.99
539,Paola Rios,Monitor,Centro,35.0,523.54,Febrero 1 2024,2064.78
3778,Alejandro Diaz,Escritorio,Occidente,49.0,377.78,06-16-2025,1851.15
7029,Daniela Cruz,Silla,Centro,41.0,"$1,158.12",01-23-2026,1496.28
1401,Alejandro Diaz,Mouse,norte,50.0,"$1,036.90",Diciembre 31 2025,1319.44
4334,Alejandro Diaz,Bocina,SUR,30.0,$862.07,2024-11-22,1371.02
7230,Fernanda Castro,MONITOR,occidente,22.0,756.89,02-28-2026,1095.51
7229,Isabel Guzman,Escritorio,occidente,30.0,848.61,2024-09-04,1112.02
9199,Ana Garcia,Silla,centro,35.0,1297.27,Febrero 3 2025,2111.6
3306,Carlos Ramirez,ESCRITORIO,Centro,58.0,1171.54,2026-02-11,1027.47
4048,Laura Sanchez,Impresora,Norte,50.0,"$1,058.10",09/08/2024,1315.34
9554,Daniela Cruz,Monitor,occidente,42.0,"$1,059.05",2024-02-14,1450.37
5265,Camila Reyes,Tablet,Occidente,37.0,397.58,07/04/2025,2433.49
3144,Ricardo Vargas,Silla,Occidente,22.0,744.79,32/13/2026,3152.53
7093,Daniela Cruz,CAMARA,norte,,$836.37,32/13/2026,1990.66
3464,Luis Hernandez,Silla,sur,56.0,729.88,Enero 21 2024,1465.41
6663,Jorge Morales,Laptop,Occidente,27.0,1137.34,21/05/2025,712.22
9323,Camila Reyes,Mouse,sur,38.0,1122.94,2025-07-12,1658.47
5004,Andres Ortiz,Bocina,Norte,51.0,$800.88,02-10-2024,1971.11
1740,Laura Sanchez,Monitor,Occidente,28.0,120.48,10-04-2024,1559.59
9106,Ana Garcia,ESCRITORIO,sur,27.0,$-784.42,Octubre 26 2025,1847.78
6341,Carlos Ramirez,Camara, Occidente,29.0,679.84,05-03-2025,1115.93
9081,Isabel Guzman,Monitor,Occidente,41.0,$990.16,04/11/2024,1144.67
2883,Ricardo Vargas,ESCRITORIO,Norte,37.0,1069.65,Mayo 9 2025,1141.26
7094,Jorge Morales,Bocina,Occidente,57.0,879.09,03-12-2025,1194.09
6058,Fernanda Castro,Tablet,Norte ,26.0,"$1,026.67",07/02/2024,1092.75
3033,Ricardo Vargas,Escritorio,Sur,362.0,428.07,2025-01-28,1506.91
1564,Isabel Guzman,Tablet,Centro,26.0,$772.41,09/07/2025,1414.06
9040,Laura Sanchez,Monitor,sin informacion,43.0,$-587.38,,1276.89
7031,Alejandro Diaz, Laptop,Norte ,26.0,$641.81,32/13/2026,1719.33
7796,Daniela Cruz,MOUSE, Sur,38.0,$973.19,27/01/2025,1852.56
5400,Alejandro Diaz,SILLA,Centro,23.0,"$1,169.25",05-27-2025,1186.74
6115,Jose Martinez, Mouse,Norte,58.0,"$1,420.19",02-29-2024,852.29
8175,Ana Garcia,Silla,NORTE,30.0,817.72,Junio 21 2025,1520.22
9214,Alejandro Diaz,Silla,norte,31.0,$703.77,Febrero 11 2026,913.29
9549,Isabel Guzman,Impresora,Occidente ,15.0,1095.53,22/07/2025,1279.53
8004,Miguel Flores,Teclado,Centro,35.0,$606.02,08-11-2025,1298.43
4683,Andres Ortiz, Impresora,Occidente,41.0,$950.62,2025-06-20,1217.49
7551,Miguel Flores, Laptop,Occidente,23.0,1670.76,03-06-2025,942.68
6751,Valeria Mendoza,Silla,CENTRO,14.0,1188.06,12/05/2024,1685.19
3461,Daniela Cruz,Escritorio,Sur,48.0,584.45,2026-02-23,1374.15
8938,Pedro Aguilar,Silla,Sur,32.0,$960.45,24/05/2025,1316.56
2827,Miguel Flores,Impresora,Norte,39.0,$817.53,21/12/2025,1661.76
9489,Ricardo Vargas,Bocina,Centro,35.0,$927.60,11-17-2025,1099.98
834,Maria Lopez,LAPTOP,Sur,-8.0,$744.73,01-11-2025,1873.23
6935,Miguel Flores,Laptop,Norte,,967.49,Febrero 26 2026,1388.64
9052,Ricardo Vargas,Silla,Centro ,38.0,"$1,167.13",04/08/2024,1417.1
9861,Paola Rios,BOCINA, Sur,28.0,"$1,040.57",07-03-2025,1047.14
2665,Laura Sanchez,Teclado,CENTRO,29.0,$828.75,03-16-2025,1792.2
5378,Carlos Ramirez,Mouse,Norte,25.0,919.99,10-09-2024,1741.9
4404,Isabel Guzman,Mouse,,235.0,$745.83,26/10/2024,954.63
3405,Miguel Flores,Impresora,occidente,33.0,1299.59,,1926.07
3316,Camila Reyes,Tablet, Centro,74.0,445.69,05-16-2026,1829.73
7676,Ana Garcia,Bocina,Sur,21.0,812.72,27/02/2025,940.17
5701,Fernanda Castro,Teclado,CENTRO,32.0,$729.56,2024-04-03,1697.17
2674,Jose Martinez,Impresora,Norte ,41.0,776.23,01-05-2025,1370.6
9313,Daniela Cruz,Laptop,Occidente,50.0,"$1,186.97",Febrero 14 2024,1169.11
2596,Jose Martinez,Escritorio,Occidente,54.0,752.50,06/01/2025,1120.35
7656,Sofia Torres,Tablet,Centro,39.0,$205.65,,1336.04
6179,Diego Romero,Teclado,Sur,47.0,755.74,2025-12-04,1357.75
1198,Pedro Aguilar,Silla,Norte,39.0,sin dato,03-14-2026,1288.09
7851,Sofia Torres,Escritorio,Norte,41.0,173.70,,1789.44
4238,Maria Lopez,Teclado,Norte ,43.0,"$1,015.97",32/13/2026,1904.92
6766,Isabel Guzman,MONITOR,Norte,31.0,$854.01,Mayo 14 2025,1846.19
1430,Diego Romero,Monitor,CENTRO,43.0,"$1,127.96",21/02/2026,982.23
6502,Pedro Aguilar,Mouse,OCCIDENTE,42.0,868.93,2026-02-12,1482.95
9113,Alejandro Diaz,Bocina,Centro,33.0,270.73,Junio 16 2025,1074.16
1154,Isabel Guzman,Tablet,Occidente,30.0,$888.08,04-08-2026,1287.46
6721,Alejandro Diaz,Camara,centro,34.0,1155.49,Abril 2 2025,1876.38
9031,Laura Sanchez,Silla,Norte,378.0,"$1,626.83",32/13/2026,1113.71
7195,Valeria Mendoza,CAMARA,sur,37.0,813.35,Junio 13 2024,1467.05
8763,Diego Romero,Mouse,Occidente,51.0,50.00,2024-05-14,1334.06
3834,Andres Ortiz,Mouse,Occidente,52.0,1203.38,02-05-2026,1561.94
965,Isabel Guzman,Mouse,SUR,53.0,$744.05,Octubre 7 2024,1209.67
7069,Fernanda Castro,Laptop,Norte,47.0,691.31,2024-01-16,423.87
9067,Alejandro Diaz,Mouse,Norte,49.0,$799.87,Noviembre 21 2025,1416.64
9744,Laura Sanchez,Camara,Occidente,43.0,$853.10,2025-07-25,1324.14
6730,Sofia Torres,SILLA,Sur,40.0,$516.02,12/02/2024,1394.92
1484,Maria Lopez,Escritorio, Occidente,44.0,1139.20,Agosto 6 2024,1239.27
2466,Jose Martinez,Camara,Norte,56.0,sin dato,08/05/2025,856.44
6388,Andres Ortiz,Tablet,Sur ,33.0,$576.50,17/04/2024,1372.81
9308,Maria Lopez,ESCRITORIO,Centro,27.0,974.09,Abril 10 2026,1689.74
1427,Andres Ortiz,Tablet,Occidente,39.0,865.49,Marzo 29 2024,1637.76
4130,Daniela Cruz,Mouse,sur,40.0,1115.87,Diciembre 11 2025,1548.95
2179,Fernanda Castro,Laptop,Sur,50.0,757.64,04/01/2025,1696.39
5988,Paola Rios,CAMARA,Norte,39.0,520.83,31/05/2024,1592.12
5951,Daniela Cruz,ESCRITORIO,Occidente,51.0,"$1,126.88",Noviembre 30 2025,1646.24
1058,Diego Romero,Tablet,Norte,34.0,$804.36,08-28-2025,992.69
4475,Alejandro Diaz,Silla,Centro,46.0,830.92,02/02/2024,1175.0
4504,Diego Romero,Silla,norte,32.0,"$1,111.40",Abril 15 2025,1286.43
6570,Jose Martinez,Monitor,Occidente,36.0,"$1,193.13",2024-09-27,1558.94
8238,Sofia Torres, Escritorio, Centro,23.0,$338.44,2025-06-10,1410.68
3128,Isabel Guzman,Tablet,Norte,17.0,759.67,09-23-2025,919.19
8275,Luis Hernandez,Camara,SUR,44.0,$949.49,2025-09-10,1529.3
1545,Laura Sanchez,Camara,norte,55.0,"$1,327.14",22/05/2026,973.13
3603,Jose Martinez,Mouse,OCCIDENTE,40.0,"$1,237.46",08-03-2025,528.94
6707,Ana Garcia,Bocina,Occidente,43.0,$565.35,2024-10-22,1062.45
3724,Pedro Aguilar,Tablet,occidente,29.0,"$1,300.17",Septiembre 3 2024,1501.82
725,Diego Romero,Camara,Occidente,52.0,"$1,102.72",,1678.11
4930,Laura Sanchez, Tablet,Occidente,45.0,$634.14,Agosto 9 2025,1401.33
5857,Jorge Morales,Teclado,,47.0,$694.17,2024-06-16,1972.2
1128,Fernanda Castro,Monitor,NORTE,36.0,510.61,Febrero 11 2026,1828.34
4217,Jorge Morales,Monitor,SUR,27.0,736.30,01-09-2025,1462.18
5507,Maria Lopez,Silla,Centro,35.0,$857.63,06/12/2024,1195.7
5139,Luis Hernandez,Impresora,occidente,26.0,350.13,02/04/2024,1508.21
3397,Jorge Morales,Impresora,Sur,,962.66,2026-03-09,901.58
6381,Carlos Ramirez,Monitor,OCCIDENTE,37.0,"$1,311.45",22/03/2025,1434.51
8406,Maria Lopez,Impresora,Occidente,35.0,$654.71,05-08-2026,1198.97
5633,Paola Rios,Laptop,Occidente,-4.0,$708.88,10-28-2025,1182.64
1562,Carlos Ramirez,Tablet, Sur,45.0,1065.02,01-26-2026,1340.26
7435,Daniela Cruz,Silla,Occidente,29.0,892.79,Febrero 9 2025,978.25
4950,Miguel Flores,Mouse,Centro,46.0,$737.78,08-07-2025,1654.24
6180,Isabel Guzman,Monitor,occidente,40.0,$-534.79,Octubre 31 2025,1711.79
5152,Fernanda Castro,Tablet,sur,26.0,983.09,Junio 21 2024,1575.33
5858,Miguel Flores,Laptop,Norte,40.0,1064.37,11-26-2025,2168.92
4820,Isabel Guzman,Teclado,Centro,53.0,$540.85,Mayo 4 2024,1590.23
4490,Miguel Flores,Impresora,occidente,,sin dato,2025-10-07,1904.51
6500,Jorge Morales,LAPTOP,Norte,47.0,978.53,2024-04-13,1211.98
2679,Ricardo Vargas,Silla,OCCIDENTE,29.0,$961.49,Abril 7 2024,1420.65
2875,Miguel Flores,Camara,Sur,25.0,620.34,Abril 11 2026,1842.64
7936,Jose Martinez,Mouse,Centro,8.0,661.78,30/01/2025,2169.33
6614,Luis Hernandez,Escritorio,occidente,31.0,$433.17,2026-06-08,1579.37
6473,Daniela Cruz,Tablet,Centro,45.0,$823.79,03/05/2025,829.16
8531,Valeria Mendoza,Monitor,Occidente,66.0,"$1,010.42",02-01-2026,1403.61
8491,Daniela Cruz,Monitor,Sur,18.0,sin dato,Octubre 28 2024,1270.24
8029,Daniela Cruz,Teclado, Centro,29.0,1057.97,09/10/2024,1202.9
1393,Pedro Aguilar,Monitor,Sur,38.0,$882.76,Febrero 5 2026,1242.71
753,Luis Hernandez,Teclado,CENTRO,50.0,$493.02,15/11/2024,1636.84
9899,Andres Ortiz,Monitor,Norte,46.0,$974.24,07-25-2025,1465.2
3296,Diego Romero,Laptop,sur,35.0,$548.54,2024-06-14,1562.86
5984,Camila Reyes,Tablet,Sur,30.0,898.53,15/08/2024,1274.42
3425,Fernanda Castro,Camara,Occidente,35.0,"$1,090.56",Abril 17 2024,1497.3
18,Maria Lopez,Bocina,NORTE,60.0,$586.52,02-04-2024,1495.05
1771,Sofia Torres,Mouse,Occidente,30.0,"$1,062.05",07-14-2024,1547.31
1889,Luis Hernandez,Camara,Sur,54.0,"$1,313.97",03/11/2024,1472.63
1643,Daniela Cruz,Mouse,Occidente,38.0,850.52,08/03/2024,1290.8
133,Luis Hernandez,Tablet, Norte,32.0,1036.83,Marzo 2 2024,875.14
6888,Miguel Flores,Impresora,OCCIDENTE,18.0,696.22,06/02/2024,2112.75
5268,Fernanda Castro,SILLA,Sur,43.0,878.63,15/01/2024,1600.2
3465,Miguel Flores,Bocina,Sur ,-7.0,428.69,22/12/2025,833.65
8262,Valeria Mendoza,Laptop,Occidente,52.0,1149.26,2024-01-14,1368.67
1096,Luis Hernandez,Escritorio,Sur,49.0,$659.44,06-05-2026,1666.12
3533,Luis Hernandez,LAPTOP,sur,34.0,$464.01,Marzo 28 2026,1759.28
4216,Pedro Aguilar,Silla,norte,25.0,$810.07,2025-09-14,1255.41
528,Maria Lopez,Camara,Norte,26.0,$785.78,02-16-2025,1716.4
4368,Maria Lopez,MOUSE,Centro,50.0,$-569.25,,1296.33
2003,Miguel Flores, Laptop,CENTRO,34.0,sin dato,04-19-2026,1385.22
7952,Laura Sanchez,Laptop,occidente,41.0,681.52,Agosto 18 2024,856.98
169,Sofia Torres, Camara,Norte,47.0,874.57,12-12-2025,1906.9
9928,Laura Sanchez,Tablet,occidente,29.0,748.83,01/04/2024,2176.29
1920,Paola Rios,Mouse,sin informacion,27.0,966.27,Agosto 23 2025,1599.7
702,Fernanda Castro,Tablet,Sur,69.0,636.22,2025-04-07,1939.74
7324,Isabel Guzman,Teclado,Centro,19.0,$888.75,2024-03-24,654.88
3571,Diego Romero,Laptop,Sur,26.0,$857.46,10-05-2025,1331.54
3003,Isabel Guzman,Laptop,Centro,43.0,906.77,08-26-2025,1608.0
4467,Diego Romero,Escritorio,Centro,30.0,1357.08,2026-03-24,855.48
8449,Camila Reyes,Mouse,NORTE,41.0,$575.45,10/12/2024,731.52
5327,Ricardo Vargas,Escritorio,norte,,"$1,085.85",Junio 15 2026,1013.84
773,Ana Garcia, Escritorio,Norte,158.0,917.74,2025-02-14,1482.92
1299,Paola Rios,Teclado,NORTE,37.0,476.03,03/03/2024,1355.58
2649,Isabel Guzman,Escritorio,centro,43.0,1126.44,01-20-2026,1329.77
1353,Jorge Morales,Silla,Norte ,52.0,$972.80,Mayo 11 2024,1466.28
3384,Isabel Guzman, Laptop,Centro,48.0,$674.84,01-24-2025,1822.79
7875,Carlos Ramirez,Camara,SUR,42.0,"$1,264.83",2025-04-02,438.18
1288,Laura Sanchez,Mouse,Occidente,27.0,$755.99,23/11/2024,1612.18
6164,Maria Lopez,Escritorio,Sur,37.0,1095.77,32/13/2026,1233.61
6803,Paola Rios,Escritorio, Norte,12.0,sin dato,2025-09-03,1325.98
3521,Camila Reyes,Tablet,CENTRO,49.0,$843.47,2025-11-02,1423.1
4314,Luis Hernandez,CAMARA,Occidente,30.0,$388.90,23/03/2025,1723.55
2014,Isabel Guzman,Escritorio,occidente,59.0,845.76,12/12/2024,1543.46
9240,Paola Rios, Bocina,Norte,29.0,$-452.85,08-06-2024,960.73
3964,Miguel Flores,Tablet,Norte,38.0,642.15,Julio 25 2025,1184.17
8588,Ricardo Vargas,Laptop,,53.0,$-400.08,2025-02-16,1149.99
6342,Pedro Aguilar,TABLET, Occidente,32.0,"$1,179.43",2025-08-16,1076.2
8805,Paola Rios, Impresora,Occidente,45.0,494.28,22/09/2025,1034.9
2148,Isabel Guzman,Monitor,Sur,13.0,1041.03,01-19-2025,1592.84
9086,Pedro Aguilar,Impresora, Centro,49.0,651.16,Julio 19 2025,1747.48
7143,Pedro Aguilar,Bocina,NORTE,34.0,1175.88,08-18-2025,843.18
9435,Daniela Cruz, Escritorio, Occidente,43.0,$846.90,01-09-2026,1962.42
450,Carlos Ramirez,IMPRESORA,centro,29.0,"$1,079.09",04-07-2024,1291.31
2517,Andres Ortiz,Tablet,Norte,30.0,1063.68,Diciembre 1 2025,928.25
5390,Alejandro Diaz,Teclado,Centro,28.0,783.15,Enero 2 2025,1512.57
8847,Laura Sanchez,IMPRESORA,Norte,62.0,$814.49,2024-10-14,1198.89
811,Ana Garcia,Mouse,Norte,23.0,"$-1,115.96",Agosto 8 2025,1434.35
5796,Laura Sanchez,LAPTOP,CENTRO,34.0,$239.20,04-29-2025,1359.68
6927,Miguel Flores,Mouse,Centro,44.0,$985.17,18/06/2024,1315.84
8780,Ricardo Vargas,Laptop,Norte,38.0,$546.34,2024-01-28,1468.19
5334,Alejandro Diaz,Bocina, Norte,21.0,625.29,Octubre 10 2025,1530.35
7477,Pedro Aguilar,Laptop,SUR,36.0,"$1,603.19",19/03/2026,1777.55
7734,Ricardo Vargas,Laptop, Centro,47.0,"$1,117.24",32/13/2026,1449.75
9724,Alejandro Diaz,Silla,Centro,15.0,$845.30,16/04/2026,1431.53
6562,Andres Ortiz,Impresora, Sur,44.0,sin dato,05-22-2024,1807.13
1478,Miguel Flores, Tablet, Centro,36.0,788.91,Octubre 3 2025,1059.98
1791,Ricardo Vargas,Escritorio,OCCIDENTE,51.0,723.53,2024-12-28,1096.79
6246,Sofia Torres,Bocina,sur,48.0,"$1,319.60",2024-07-18,1922.24
2009,Diego Romero,Silla,Occidente,53.0,924.30,08-27-2025,517.96
683,Pedro Aguilar,Escritorio,Sur,45.0,584.68,10/09/2024,884.51
3188,Daniela Cruz, Camara,Centro,35.0,468.03,Enero 31 2026,1356.67
6889,Maria Lopez,Tablet,Norte,45.0,$927.97,2026-05-17,1028.73
5000,Jorge Morales,Laptop,Norte,43.0,872.56,13/02/2025,1516.32
58,Jose Martinez,Silla,,53.0,1483.07,,1041.32
2376,Pedro Aguilar,Teclado,Centro,47.0,$600.99,10-18-2025,1295.57
6221,Carlos Ramirez,Silla, Occidente,44.0,$704.97,08/06/2026,1180.0
2681,Maria Lopez,Silla,Sur,53.0,$613.69,03/04/2024,1790.33
3740,Camila Reyes,Silla,NORTE,20.0,$700.93,2026-01-28,1342.42
47,Daniela Cruz,Impresora,norte,42.0,"$1,027.48",2026-03-13,1210.51
31,Jorge Morales,Laptop,Occidente,40.0,990.26,08-29-2024,863.36
8324,Carlos Ramirez,Camara,Centro,46.0,$344.29,Junio 19 2024,1285.23
4958,Miguel Flores,Impresora,Occidente ,17.0,1011.95,11-07-2024,1635.81
1469,Diego Romero,Bocina,Centro,37.0,$690.06,06-02-2024,1054.43
1666,Miguel Flores,Mouse,SUR,15.0,902.83,2025-05-30,1443.38
1417,Fernanda Castro,Bocina,CENTRO,41.0,736.84,05-04-2024,1284.41
3017,Paola Rios,Escritorio,Occidente,33.0,514.23,03-21-2026,1409.51
9337,Miguel Flores,Mouse,,34.0,$844.53,07-17-2024,1215.65
5919,Andres Ortiz,Mouse,Centro,30.0,"$1,053.50",2025-11-22,1652.61
7717,Andres Ortiz,TABLET,Sur,51.0,$923.15,Mayo 8 2025,1936.47
3072,Jorge Morales,MONITOR,,57.0,sin dato,09-19-2024,1202.11
430,Valeria Mendoza,Impresora,Centro,33.0,$942.28,Diciembre 24 2025,1739.66
5602,Pedro Aguilar,Monitor,OCCIDENTE,40.0,$374.46,09-13-2024,903.37
9524,Paola Rios,Laptop,Centro ,38.0,911.88,2024-04-24,1198.83
386,Maria Lopez,Monitor,Sur,46.0,$-614.44,Abril 7 2025,1296.87
1946,Maria Lopez,Silla,?,30.0,892.42,Noviembre 18 2024,1952.75
7800,Jose Martinez,Monitor,Centro,40.0,796.82,Septiembre 12 2024,803.33
3429,Diego Romero,Laptop,Centro ,47.0,$490.85,2026-01-29,1125.81
474,Jorge Morales,Monitor,occidente,42.0,"$1,105.32",Julio 12 2025,1043.87
2408,Valeria Mendoza,Monitor,norte,36.0,sin dato,24/04/2025,1144.95
9200,Miguel Flores,Silla,Centro,17.0,538.07,06-05-2025,1643.01
7444,Paola Rios,Impresora,Norte,41.0,979.67,2024-03-02,2126.92
7345,Valeria Mendoza, Escritorio,Centro,44.0,930.78,27/01/2024,897.15
7458,Valeria Mendoza,Monitor,Norte,24.0,697.39,Agosto 5 2024,1989.08
1056,Pedro Aguilar,MONITOR,centro,39.0,1260.71,10-18-2025,876.82
8161,Jose Martinez,Bocina,CENTRO,26.0,"$1,068.14",Enero 13 2025,1303.95
3680,Valeria Mendoza,Camara,NORTE,31.0,$-623.84,01-15-2024,1543.2
3527,Maria Lopez,TABLET,occidente,48.0,1103.93,18/03/2024,797.4
9550,Ana Garcia,Bocina,Occidente,37.0,$525.45,2026-04-22,1184.11
6203,Laura Sanchez,Bocina,Occidente,65.0,776.09,Enero 14 2026,1426.48
5203,Camila Reyes,MONITOR,occidente,21.0,$604.39,10-31-2024,1225.88
812,Alejandro Diaz,Bocina,norte,41.0,$866.00,20/12/2024,1122.93
9656,Daniela Cruz,Impresora,Norte,49.0,sin dato,Junio 17 2026,1172.58
6174,Laura Sanchez,Tablet,Sur,51.0,$806.98,2024-03-22,1105.59
6844,Sofia Torres, Camara,Occidente,26.0,$952.06,05/12/2025,1336.07
4793,Pedro Aguilar,Impresora,Norte,51.0,645.32,08-04-2025,1869.64
7056,Jose Martinez,Escritorio,Norte,37.0,1009.82,05/06/2026,1180.79
112,Diego Romero,Teclado,Norte,40.0,1478.65,Septiembre 10 2025,1718.39
9174,Paola Rios,Mouse,Centro ,48.0,1076.94,,1297.94
7663,Daniela Cruz,Escritorio,Occidente,24.0,$740.14,,2075.38
1746,Pedro Aguilar,Monitor,Occidente,46.0,993.94,2024-05-16,1780.89
2393,Fernanda Castro,Impresora,Norte,36.0,1074.03,Enero 5 2024,1739.49
1453,Luis Hernandez,Bocina,Norte,16.0,$908.11,2025-04-02,537.29
2150,Alejandro Diaz,Camara,Occidente,42.0,$628.43,Mayo 16 2025,1181.6
320,Diego Romero,MOUSE,Centro,37.0,678.67,2025-09-29,539.83
5248,Isabel Guzman,Monitor,Centro,38.0,99.57,28/11/2025,789.74
3081,Daniela Cruz,Teclado,Occidente,58.0,1047.41,2026-01-13,1308.19
1923,Camila Reyes,Laptop, Occidente,8.0,$491.68,03-03-2024,1773.89
6253,Carlos Ramirez,Impresora,occidente,35.0,1233.64,Marzo 10 2025,1270.08
8038,Luis Hernandez,Bocina,Sur,42.0,989.84,16/05/2025,1632.45
6055,Camila Reyes,Camara, Norte,38.0,sin dato,2025-12-10,1783.53
7370,Jose Martinez,Teclado,Sur ,11.0,829.50,Marzo 20 2024,1533.22
7426,Pedro Aguilar,Bocina,occidente,40.0,841.33,Junio 8 2024,958.52
2130,Sofia Torres,Mouse,Norte,42.0,$187.34,2024-05-26,1519.81
6898,Sofia Torres,Monitor,Occidente,28.0,1106.80,Agosto 5 2025,1523.77
7539,Carlos Ramirez,Escritorio,centro,33.0,$612.65,2026-03-21,1115.14
8497,Pedro Aguilar,Mouse,Sur,24.0,"$1,336.88",03-08-2025,1315.74
9678,Maria Lopez,Camara,Centro,39.0,809.02,12-18-2025,1374.49
7961,Miguel Flores,Bocina,Occidente,3.0,905.88,,1479.94
4095,Pedro Aguilar,Mouse,Centro,56.0,708.63,,1606.39
1053,Paola Rios,TABLET,Centro,41.0,786.50,,1935.49
9270,Fernanda Castro,Escritorio,Norte,41.0,845.67,19/03/2025,1099.59
8356,Pedro Aguilar,Impresora,Occidente,36.0,$-873.50,Noviembre 8 2025,1220.98
100,Maria Lopez,Tablet, Centro,35.0,"$1,223.97",Julio 29 2024,98000.0
6832,Laura Sanchez,Camara,Sur,36.0,$778.41,Diciembre 6 2024,850.75
1457,Pedro Aguilar,Impresora,Sur,14.0,$944.40,02/03/2026,1353.35
362,Alejandro Diaz,Escritorio,Occidente,49.0,873.35,2026-05-05,1444.8
813,Andres Ortiz,Silla,Norte,58.0,1352.88,Septiembre 30 2025,827.74
1093,Camila Reyes,Laptop,sur,40.0,"$1,126.89",Enero 30 2026,1716.03
5492,Diego Romero,Silla,Norte,24.0,$761.64,29/01/2026,1701.2
3750,Isabel Guzman,Teclado,CENTRO,46.0,$-887.98,2025-03-05,1069.15
7966,Ricardo Vargas,Escritorio,Occidente,49.0,"$1,201.60",Abril 24 2025,1634.85
7665,Diego Romero,Silla,occidente,28.0,"$1,081.55",2025-01-01,1126.23
7164,Diego Romero,Mouse,Sur,29.0,$900.71,03/06/2024,1620.68
5273,Laura Sanchez,Escritorio,CENTRO,45.0,849.27,Marzo 15 2025,1025.48
5385,Luis Hernandez,Silla,NORTE,32.0,$951.05,10/02/2026,1517.22
1415,Ricardo Vargas, Impresora, Occidente,38.0,$-277.41,2025-08-25,1660.11
541,Valeria Mendoza,Impresora,Centro,24.0,"$1,031.56",2024-04-30,1954.28
6202,Pedro Aguilar,Monitor,Norte,58.0,"$1,076.84",2024-04-01,696.61
4276,Diego Romero,Teclado,OCCIDENTE,45.0,508.14,2026-02-19,1427.08
1147,Paola Rios,Mouse,Sur,43.0,788.74,20/12/2024,1708.68
7238,Sofia Torres,Monitor,Norte,40.0,$927.25,03-10-2025,1700.14
755,Ricardo Vargas, Bocina,SUR,46.0,498.12,07/03/2025,1382.12
9682,Alejandro Diaz,Silla,NORTE,57.0,815.31,2024-03-01,1853.78
2997,Sofia Torres,Monitor,Sur,46.0,$821.17,14/12/2025,1199.84
6188,Pedro Aguilar,Tablet,Occidente,37.0,sin dato,17/06/2026,1697.5
9802,Jorge Morales,Teclado,Occidente ,62.0,$730.78,2024-12-04,907.59
7462,Isabel Guzman,TECLADO,centro,34.0,$823.00,15/05/2026,1740.86
3352,Isabel Guzman,Monitor,Norte,50.0,sin dato,06-26-2025,1668.22
4247,Carlos Ramirez,Silla,centro,60.0,$471.04,13/11/2024,1559.21
3167,Valeria Mendoza,Teclado,occidente,32.0,467.99,Septiembre 11 2025,1726.59
5475,Luis Hernandez,LAPTOP,Norte,24.0,$876.20,,1132.63
5419,Ricardo Vargas,Mouse,Norte,88.0,366.97,30/12/2025,857.72
8732,Maria Lopez,Teclado,occidente,43.0,"$1,125.98",Septiembre 4 2024,814.55
5754,Carlos Ramirez,Escritorio,occidente,55.0,376.66,02/03/2026,1160.02
2639,Jose Martinez,Escritorio,Occidente,36.0,"$1,478.18",18/06/2026,125000.0
4685,Paola Rios,Escritorio,Centro ,45.0,$916.86,14/05/2025,1791.47
7218,Jose Martinez, Teclado,Sur,20.0,$996.71,17/02/2025,1250.07
602,Diego Romero,Silla,Norte,53.0,529.05,01-19-2024,754.76
8485,Maria Lopez,Silla, Centro,53.0,$616.68,Febrero 12 2026,1784.79
9913,Daniela Cruz,Monitor,Occidente,45.0,1456.09,2024-01-28,1138.47
4602,Isabel Guzman,Impresora,Norte,57.0,1007.01,Marzo 18 2026,1150.75
3935,Jose Martinez,Camara,occidente,48.0,1183.24,Octubre 25 2024,823.19
6727,Alejandro Diaz,IMPRESORA,Sur,49.0,937.35,14/03/2024,1447.76
8929,Andres Ortiz,Mouse,norte,61.0,$655.88,2025-03-21,1468.02
5036,Laura Sanchez,ESCRITORIO,sur,54.0,$575.24,2024-09-14,1797.0
1045,Valeria Mendoza,Teclado,norte,61.0,744.30,Junio 6 2026,1429.66
8856,Maria Lopez,Impresora,,52.0,1030.72,2026-06-07,1462.72
1558,Diego Romero,Bocina,Centro ,39.0,578.56,03/04/2026,847.31
7710,Fernanda Castro, Silla,Norte,28.0,515.29,13/04/2026,1317.93
4003,Ana Garcia,Laptop,Centro,32.0,"$1,097.72",02-18-2026,1519.87
181,Isabel Guzman,Camara,Centro,31.0,1313.65,Noviembre 12 2024,919.48
8258,Diego Romero,TECLADO,Occidente,33.0,$981.36,2025-11-09,951.69
2116,Laura Sanchez,Silla,Sur,51.0,$827.95,25/07/2024,1282.07
1700,Pedro Aguilar,Bocina,Centro,22.0,1138.61,Junio 7 2026,1644.3
1380,Paola Rios,Camara, Occidente,32.0,"$1,072.09",Abril 8 2025,1837.41
9895,Jorge Morales,Escritorio,sur,16.0,$915.83,06-07-2026,2033.92
9453,Valeria Mendoza,Laptop,Occidente,44.0,"$-1,171.19",15/03/2025,1130.8
7702,Daniela Cruz,Mouse,Sur,25.0,$587.85,21/05/2025,812.33
6439,Luis Hernandez, Bocina,Centro,45.0,823.08,24/07/2025,1564.87
619,Luis Hernandez,Tablet,Norte,53.0,$364.21,15/05/2024,2191.82
2949,Paola Rios,Silla,Sur,68.0,$601.05,Junio 14 2024,1475.48
6831,Fernanda Castro,Teclado,,37.0,$-776.05,2025-05-29,1264.75
1601,Sofia Torres,Camara,Norte,51.0,$706.12,09-22-2024,1751.44
6356,Miguel Flores,Silla,Sur,39.0,1135.12,Febrero 21 2025,736.99
1616,Jose Martinez,Camara,SUR,50.0,561.25,Abril 21 2024,786.67
6309,Miguel Flores,Teclado,Sur,46.0,sin dato,10-20-2025,1007.3
439,Luis Hernandez,Laptop,Norte,56.0,674.53,05-02-2026,1682.95
7580,Andres Ortiz,Camara,Centro,21.0,"$1,892.97",06-22-2025,1645.43
2084,Andres Ortiz,LAPTOP,SUR,29.0,1565.51,Enero 21 2026,1568.15
3435,Laura Sanchez,IMPRESORA, Sur,37.0,845.17,Junio 23 2024,1296.58
3488,Pedro Aguilar,Laptop,Sur,35.0,$606.84,Marzo 21 2025,1409.17
8009,Sofia Torres,Escritorio,Norte,48.0,929.13,2024-12-13,1366.27
9566,Isabel Guzman,Escritorio,Centro,32.0,$843.53,05-31-2025,1580.65
5236,Alejandro Diaz,Escritorio,Sur,-3.0,"$1,075.37",25/05/2024,1466.36
7260,Jose Martinez,Camara,Sur,51.0,"$1,125.16",22/01/2026,1592.4
5505,Paola Rios,Monitor,CENTRO,25.0,465.16,2025-12-28,1108.69
5340,Jorge Morales, Silla, Occidente,46.0,980.53,01/09/2024,1146.08
8580,Fernanda Castro,Laptop,Sur,36.0,"$1,255.61",Abril 22 2026,1283.71
1919,Jorge Morales,Mouse, Sur,,616.50,2025-04-06,1228.02
8576,Laura Sanchez,Silla, Norte,29.0,sin dato,Enero 16 2024,1084.79
6084,Isabel Guzman,IMPRESORA,sur,38.0,1143.30,Marzo 6 2026,1448.56
7763,Paola Rios, Teclado,?,38.0,"$1,259.57",,1786.01
4012,Alejandro Diaz,IMPRESORA,Sur,36.0,"$1,108.06",08-17-2025,1582.58
6760,Pedro Aguilar,Impresora,occidente,17.0,1010.04,27/12/2024,1564.3
2055,Valeria Mendoza,Bocina,occidente,44.0,"$1,287.64",2025-02-10,1007.31
6715,Isabel Guzman,Camara,Sur,,925.55,Enero 2 2025,1672.24
9484,Laura Sanchez,Mouse, Centro,19.0,693.09,,1437.37
2363,Pedro Aguilar,Tablet,occidente,47.0,"$1,172.63",2024-02-21,1228.18
2226,Fernanda Castro,Teclado,Norte,47.0,1105.66,2026-05-22,1660.27
5129,Andres Ortiz,Laptop,Centro,46.0,299.49,2024-06-23,1529.77
1127,Alejandro Diaz,Teclado,Centro,94.0,1188.71,2024-09-26,832.04
5617,Diego Romero,Teclado,CENTRO,21.0,$799.02,,932.81
4961,Miguel Flores,Silla,SUR,44.0,1359.27,2026-05-26,1228.91
4282,Alejandro Diaz, Impresora,,36.0,$637.78,27/12/2024,1682.5
3061,Laura Sanchez,Teclado,Centro ,30.0,$792.47,2025-10-04,1313.88
2445,Ricardo Vargas,Teclado,Occidente,40.0,400.79,2025-06-29,1999.11
2692,Fernanda Castro,Escritorio,Centro,31.0,556.79,2025-06-19,1545.05
1323,Paola Rios,SILLA,Sur,12.0,$999.14,Enero 30 2024,2059.48
1604,Sofia Torres,Escritorio,Norte,51.0,605.64,Enero 2 2026,1397.35
9860,Carlos Ramirez,Silla,Sur,25.0,$-795.58,2025-09-23,1399.77
8127,Daniela Cruz,Monitor,centro,47.0,456.08,2025-05-22,1506.6
8625,Laura Sanchez,Monitor,Norte,21.0,811.54,06/07/2024,1077.74
5415,Sofia Torres,Escritorio, Sur,56.0,$649.06,11-06-2024,1363.2
4701,Alejandro Diaz,Laptop,,45.0,$596.24,Marzo 15 2026,1171.85
8673,Carlos Ramirez,Impresora,Sur,46.0,$888.21,Junio 2 2026,756.63
7845,Jose Martinez, Teclado,Sur ,40.0,966.70,Noviembre 16 2025,1129.71
9621,Jose Martinez,Bocina,Occidente,43.0,$259.91,11/02/2026,1706.54
2699,Maria Lopez,BOCINA,SUR,46.0,1390.10,21/05/2026,1758.06
1508,Jorge Morales,Bocina, Norte,16.0,"$1,595.37",17/06/2026,1886.8
1560,Alejandro Diaz,LAPTOP,Sur,31.0,$50.00,2025-02-25,1258.26
4994,Ricardo Vargas,Mouse,sur,23.0,679.98,2024-07-23,1507.73
8409,Ana Garcia, Laptop,Norte,49.0,920.51,18/03/2024,1764.57
8052,Isabel Guzman, Silla,sur,39.0,878.12,Abril 12 2025,1810.45
4739,Sofia Torres,Tablet,Centro,67.0,1428.40,Junio 16 2024,2109.63
8234,Ricardo Vargas,MONITOR,OCCIDENTE,,"$1,138.64",2025-08-20,1270.35
6481,Andres Ortiz,Camara,Centro,25.0,676.09,07/01/2024,1604.02
8629,Carlos Ramirez,Bocina,OCCIDENTE,31.0,871.13,07-31-2025,1087.5
1355,Laura Sanchez,Tablet,Norte,52.0,sin dato,31/10/2024,1225.2
46,Pedro Aguilar,Camara,Sur,41.0,654.28,Septiembre 11 2024,1279.47
9906,Laura Sanchez,Camara,Sur,34.0,996.64,01-10-2025,1042.31
749,Sofia Torres,Laptop,sur,54.0,sin dato,Julio 15 2025,1191.9
9467,Fernanda Castro, Mouse,Occidente ,55.0,$707.82,Marzo 7 2024,1211.76
5322,Camila Reyes,Impresora,Occidente,41.0,$663.78,05/06/2024,1047.51
5853,Carlos Ramirez,Teclado,OCCIDENTE,35.0,"$1,492.99",10/07/2024,1090.73
6804,Camila Reyes,Monitor,sur,31.0,570.54,2026-02-06,1412.53
2992,Fernanda Castro,Laptop,Sur,23.0,sin dato,2024-07-03,1090.03
3934,Valeria Mendoza,Silla,Centro,30.0,"$1,062.87",14/05/2026,1465.79
6487,Diego Romero,Teclado,Norte,35.0,$-294.19,2024-11-18,1460.5
6073,Valeria Mendoza,Bocina,Occidente,35.0,$850.63,2024-07-15,1650.2
9789,Andres Ortiz,Mouse,Occidente,39.0,896.63,2024-02-06,1498.43
2252,Ricardo Vargas,Mouse,Sur,49.0,517.88,04/06/2024,1205.26
3444,Laura Sanchez,Mouse,Centro,44.0,$876.61,2024-09-24,1630.88
7199,Laura Sanchez,Laptop,Centro,45.0,$455.65,09-18-2024,1511.72
9822,Maria Lopez,Monitor,Sur,46.0,987.62,2026-01-10,1357.0
8255,Camila Reyes,Mouse,Norte ,21.0,849.72,16/05/2025,1859.97
8584,Luis Hernandez,Camara,Sur,38.0,"$-1,027.75",10-20-2024,882.87
2834,Paola Rios, Impresora,Occidente,43.0,$351.83,Abril 27 2024,1006.14
4943,Camila Reyes,Tablet, Centro,43.0,579.14,12-14-2024,1401.77
4978,Maria Lopez,Monitor,Occidente,26.0,$72.32,Abril 9 2026,1834.13
4396,Paola Rios,Camara,Sur,24.0,1083.30,2024-01-19,1085.69
9929,Laura Sanchez,Escritorio,Sur,25.0,1152.69,2025-11-23,1536.9
6631,Jorge Morales,Silla,Norte,34.0,$530.33,01-12-2025,1598.19
665,Ricardo Vargas, Teclado,Centro,45.0,$139.81,2024-06-13,1532.22
2616,Andres Ortiz,CAMARA,Occidente,41.0,702.74,05-23-2025,1728.34
3413,Laura Sanchez,Impresora,Norte,38.0,sin dato,Mayo 16 2024,1157.58
9399,Alejandro Diaz,Mouse,Norte,50.0,$329.23,Marzo 27 2024,1417.86
9888,Pedro Aguilar,Silla,Norte,67.0,sin dato,15/09/2024,1222.16
9863,Alejandro Diaz,Bocina,Norte,49.0,1169.12,2026-04-16,2264.12
676,Valeria Mendoza,Escritorio,Occidente ,40.0,"$1,172.36",27/10/2024,541.18
9211,Valeria Mendoza,Silla,Centro,33.0,791.57,11/03/2026,1492.41
6253,Carlos Ramirez,Impresora,occidente,35.0,1233.64,Marzo 10 2025,1270.08
7349,Isabel Guzman,Mouse,,37.0,$960.90,08-15-2025,1591.93
1963,Maria Lopez,Monitor,Occidente,24.0,653.29,03-20-2024,858.59
1841,Daniela Cruz,Silla,Norte,39.0,sin dato,03-30-2025,995.76
1912,Alejandro Diaz,Escritorio, Occidente,38.0,$668.76,Enero 14 2026,1182.17
8210,Isabel Guzman,Bocina,occidente,32.0,$944.28,Febrero 24 2026,1327.53
8853,Paola Rios,SILLA,Centro,49.0,sin dato,06-05-2026,2101.57
7751,Fernanda Castro,Camara,Norte,37.0,"$1,008.40",04-01-2025,1096.72
5713,Jorge Morales,Mouse,Norte,31.0,$635.09,10/06/2026,1455.78
8274,Paola Rios,Impresora, Centro,50.0,"$1,303.24",10-15-2024,1038.79
3446,Valeria Mendoza,Impresora,Centro,56.0,"$1,423.55",Octubre 6 2025,1200.36
6374,Valeria Mendoza,Mouse,Norte,30.0,804.01,16/01/2025,831.62
4093,Miguel Flores,Monitor,Sur,51.0,1091.39,2025-12-28,1614.91
6628,Fernanda Castro,MOUSE,Occidente,42.0,$742.70,01/06/2024,936.26
8879,Sofia Torres,Silla,Occidente,11.0,605.71,,1105.86
7516,Carlos Ramirez,MONITOR,sur,24.0,sin dato,27/09/2025,1572.68
412,Laura Sanchez,Laptop,Centro,37.0,$956.97,12-09-2025,1358.13
614,Miguel Flores,Tablet,Centro,39.0,721.31,26/03/2024,1569.67
2598,Valeria Mendoza,Teclado,CENTRO,35.0,$984.80,08-11-2024,1747.66
5565,Luis Hernandez,Impresora,Centro,375.0,$-624.67,Febrero 15 2026,1504.74
1431,Jorge Morales,Impresora,Centro,28.0,987.14,Junio 13 2026,2126.0
3528,Luis Hernandez,Escritorio,Norte,24.0,384.35,Julio 16 2024,1504.77
8365,Alejandro Diaz,Escritorio, Sur,58.0,$106.46,2025-12-07,1568.32
4223,Camila Reyes,Silla,Norte,44.0,"$1,320.49",04/03/2024,1635.98
8148,Jose Martinez,Escritorio,Centro,42.0,"$1,702.98",Junio 16 2026,1363.92
3300,Camila Reyes,Mouse,OCCIDENTE,45.0,$703.97,2026-06-02,1028.65
1418,Daniela Cruz,Laptop,Centro,13.0,$828.52,08-19-2025,2152.99
4402,Maria Lopez,Mouse,Occidente,70.0,$870.54,Junio 6 2024,1567.94
605,Camila Reyes,Bocina,Sur,45.0,889.15,2026-01-03,1850.55
1273,Isabel Guzman,Silla,,46.0,1012.12,Agosto 23 2024,1492.51
4289,Diego Romero,Bocina,Occidente,,$890.64,Marzo 14 2024,826.69
6795,Valeria Mendoza,Bocina,Sur,50.0,992.02,Octubre 6 2025,1547.08
6999,Daniela Cruz,Mouse,Occidente,38.0,1041.84,2024-08-25,76000.0
9083,Jose Martinez,Camara,sur,49.0,941.94,Julio 21 2025,1680.11
248,Daniela Cruz, Silla,Norte,31.0,793.61,28/03/2025,1610.72
4614,Paola Rios,Laptop,Sur,40.0,"$1,052.10",2024-05-30,1517.22
1983,Luis Hernandez,Impresora,Occidente,55.0,1114.44,07-31-2024,1570.2
9796,Paola Rios,Bocina,Norte,44.0,1307.59,Marzo 27 2024,1564.86
6651,Laura Sanchez,Bocina, Norte,62.0,$751.76,16/10/2024,1551.9
200,Pedro Aguilar, Camara,Norte,27.0,855.92,25/12/2024,1337.6
5131,Sofia Torres,Tablet,Centro,52.0,$663.00,Diciembre 14 2025,1215.91
486,Laura Sanchez,Mouse,Norte,23.0,"$1,094.80",Febrero 1 2026,1374.73
6486,Isabel Guzman,Tablet,occidente,41.0,989.92,05-20-2024,1612.23
4703,Paola Rios,Escritorio,Occidente,18.0,648.91,Julio 13 2024,1192.02
456,Ricardo Vargas,Laptop,NORTE,40.0,912.40,13/09/2025,1535.83
7943,Ricardo Vargas, Camara,Norte,25.0,443.39,25/09/2025,1540.98
9089,Maria Lopez,Laptop,Norte,40.0,$710.82,Enero 27 2024,1386.49
6952,Daniela Cruz, Teclado, Centro,34.0,sin dato,13/01/2024,2187.4
1722,Valeria Mendoza,Escritorio, Sur,37.0,$748.62,10-13-2024,1378.59
5506,Camila Reyes,TABLET,centro,29.0,1200.51,Diciembre 11 2025,1149.61
6385,Laura Sanchez,Laptop,Centro,48.0,"$1,253.63",2024-01-26,1248.08
8424,Miguel Flores, Mouse,Centro,,"$-1,191.21",27/11/2024,1115.31
6146,Camila Reyes, Teclado,Centro,46.0,817.81,07/11/2025,620.31
6195,Sofia Torres,Camara,CENTRO,48.0,$-583.04,24/10/2025,1367.23
9551,Diego Romero,MONITOR,Occidente ,47.0,874.72,,1322.24
863,Maria Lopez, Laptop,Occidente,50.0,sin dato,Febrero 11 2025,1870.09
2095,Jose Martinez,SILLA,Centro,43.0,801.27,2025-05-21,1300.24
948,Maria Lopez,Teclado, Occidente,27.0,$996.45,06-24-2024,481.96
2751,Laura Sanchez,Escritorio,occidente,38.0,$755.20,01-10-2024,1457.77
1445,Maria Lopez,Mouse,Centro,30.0,654.77,Septiembre 26 2024,1218.91
1281,Valeria Mendoza,Monitor,Centro,37.0,306.69,Agosto 25 2025,1757.21
8526,Carlos Ramirez,Bocina,Norte,34.0,$889.29,2025-02-11,1850.85
4484,Luis Hernandez,Teclado,Norte,64.0,$714.67,04-02-2025,2235.51
3460,Miguel Flores, Silla,Norte,26.0,$898.05,Mayo 6 2026,1215.62
9238,Daniela Cruz,SILLA,SUR,54.0,335.11,2026-04-25,1157.49
7298,Laura Sanchez,Impresora,Norte,52.0,"$1,231.35",Enero 8 2024,1103.02
2303,Ricardo Vargas, Teclado,Sur,50.0,sin dato,15/07/2025,727.61
2005,Diego Romero,Silla,Centro,43.0,"$1,244.49",29/06/2024,1087.44
5309,Luis Hernandez,Impresora,Norte,41.0,328.78,04/10/2024,1060.41
8962,Jorge Morales,Tablet,OCCIDENTE,48.0,"$1,325.80",12/03/2026,1262.86
1006,Isabel Guzman,Monitor,Norte,37.0,$409.40,2025-01-12,1011.51
3289,Jose Martinez,BOCINA,NORTE,27.0,sin dato,2025-06-24,2052.05
6743,Paola Rios,Impresora,Occidente,28.0,$707.29,2024-05-30,1094.12
8778,Valeria Mendoza,Teclado,SUR,52.0,710.67,10/12/2025,1920.28
4148,Alejandro Diaz,Silla,Norte,39.0,835.02,03-15-2024,1123.74
2133,Paola Rios, Mouse,Sur,19.0,"$1,479.67",,1570.27
4540,Alejandro Diaz,MOUSE,Norte,38.0,$453.56,Julio 14 2025,1481.23
2058,Valeria Mendoza, Tablet,Sur ,21.0,$674.36,,870.77
6726,Ricardo Vargas,Impresora,,62.0,997.76,2024-06-21,1374.95
230,Jose Martinez,Monitor,?,31.0,497.58,Abril 24 2026,1348.66
8455,Alejandro Diaz,Laptop,Centro,57.0,$939.64,Mayo 21 2025,1187.21
3354,Valeria Mendoza,Impresora,Sur,47.0,540.20,Julio 21 2025,1047.82
6391,Diego Romero,Monitor,,-6.0,893.78,02/11/2024,1599.58
6960,Ricardo Vargas, Camara,Occidente,45.0,1342.10,2024-01-05,1128.4
7460,Diego Romero,Mouse,Occidente,34.0,$746.24,31/08/2024,1236.46
8627,Diego Romero,Tablet,Norte,26.0,1172.41,29/06/2024,852.49
210,Diego Romero,Camara,CENTRO,34.0,823.40,27/02/2024,2150.53
7040,Diego Romero,Monitor,CENTRO,41.0,1045.06,Julio 13 2024,1398.07
3471,Laura Sanchez,Escritorio,Occidente,52.0,850.57,2024-06-16,1346.97
9454,Camila Reyes,Teclado,centro,45.0,844.76,26/05/2025,1274.33
7584,Sofia Torres,Camara,Occidente,44.0,1202.14,32/13/2026,1299.78
4123,Pedro Aguilar,Camara,Norte,30.0,898.55,12/01/2026,1001.56
1729,Daniela Cruz,Tablet,sur,45.0,"$1,131.55",27/09/2024,820.57
8869,Valeria Mendoza,Tablet,Sur,36.0,$810.72,02-26-2024,1737.07
338,Sofia Torres, Monitor,Occidente,42.0,$815.60,22/04/2024,1549.29
7538,Andres Ortiz,Silla,SUR,64.0,sin dato,2024-04-13,1605.29
2651,Alejandro Diaz,Mouse, Norte,22.0,$667.64,Agosto 16 2024,921.37
5581,Paola Rios,MOUSE,NORTE,35.0,"$1,385.13",23/03/2025,1718.09
7723,Camila Reyes,Bocina,NORTE,37.0,184.56,10-05-2024,1745.57
4255,Sofia Torres,Camara,Norte,29.0,496.75,2024-04-28,1188.25
1227,Maria Lopez,Tablet, Norte,58.0,$749.26,Febrero 14 2024,1171.81
4211,Jose Martinez, Mouse,Occidente,45.0,804.88,10-03-2024,1614.64
4599,Pedro Aguilar,Mouse,Sur,36.0,874.31,2025-08-22,1379.24
4023,Paola Rios,Tablet,Sur,35.0,896.58,09-15-2024,1016.28
9033,Fernanda Castro,CAMARA,Sur,34.0,554.99,2024-06-05,1487.56
5134,Ana Garcia, Laptop,Sur,59.0,839.12,11-29-2024,287.81
2112,Andres Ortiz,LAPTOP, Centro,9.0,857.92,29/05/2025,1226.38
3039,Carlos Ramirez,Mouse,centro,37.0,1204.07,01/12/2024,1668.63
3155,Luis Hernandez,Tablet,Occidente,18.0,$494.10,2025-10-15,1179.16
4386,Valeria Mendoza,Silla,Norte,27.0,$927.43,2025-01-24,1610.03
1018,Jorge Morales,Bocina,Norte,34.0,$629.68,06-03-2024,1337.01
8482,Diego Romero,Teclado,Norte,50.0,$472.46,Octubre 19 2025,1293.77
4795,Miguel Flores,Escritorio,Centro,59.0,"$1,204.72",2026-03-24,1337.92
5355,Diego Romero,Silla,Norte,29.0,$900.88,04-16-2024,2006.33
1929,Jose Martinez,Tablet,Occidente,35.0,461.21,Abril 24 2026,1136.87
351,Paola Rios,Camara,Centro,37.0,$515.21,32/13/2026,1857.55
8814,Isabel Guzman,Impresora,Sur,28.0,$521.28,08/03/2025,1559.54
2202,Ana Garcia,Silla,Occidente,19.0,"$1,045.70",03-22-2025,125000.0
5762,Jose Martinez,Teclado,norte,-2.0,$969.10,Marzo 30 2025,1103.25
1935,Maria Lopez,Monitor,?,30.0,$789.29,Marzo 10 2024,1344.22
7626,Ricardo Vargas,Silla,Centro,55.0,$994.18,22/04/2026,1579.2
6775,Isabel Guzman,Mouse,Occidente,35.0,633.94,28/05/2024,1111.31
5439,Daniela Cruz,IMPRESORA,centro,32.0,1140.66,2025-08-30,1645.84
9022,Ricardo Vargas,SILLA,Occidente,48.0,"$1,349.63",26/08/2025,1164.73
565,Alejandro Diaz,TABLET,Occidente,58.0,1009.18,Diciembre 10 2025,1376.27
1583,Paola Rios,Monitor,SUR,33.0,752.79,Agosto 28 2024,1247.34
4044,Maria Lopez,Tablet,SUR,48.0,1194.55,2025-01-30,1369.84
2176,Diego Romero,Teclado,Centro,47.0,sin dato,2024-03-12,1259.24
8092,Carlos Ramirez,Laptop,,16.0,848.51,2025-08-19,1435.5
2541,Carlos Ramirez, Camara,Sur,32.0,"$1,185.35",Marzo 27 2024,1208.65
7941,Fernanda Castro,Impresora,Occidente,64.0,1030.47,09/09/2025,1178.63
2229,Carlos Ramirez,Silla,Sur,38.0,987.98,Abril 19 2026,1298.39
1116,Jorge Morales,Mouse,Norte,210.0,$959.46,Febrero 8 2025,1717.37
8109,Andres Ortiz,Teclado,Norte,37.0,951.90,11-21-2025,1481.57
9791,Laura Sanchez,TABLET,Sur ,29.0,$883.15,08-17-2025,1608.73
9027,Pedro Aguilar,Laptop,Centro,30.0,"$1,196.37",11-07-2025,1421.38
4985,Jose Martinez,Teclado,Centro ,48.0,$660.46,05-18-2026,891.57
8031,Carlos Ramirez,MONITOR,centro,36.0,"$1,308.00",11-23-2024,1516.61
7965,Luis Hernandez,Mouse,norte,27.0,$378.39,15/05/2025,621.23
822,Andres Ortiz,Teclado,Centro,31.0,$993.26,32/13/2026,1854.25
9059,Pedro Aguilar,MONITOR,Centro,41.0,707.81,16/02/2026,1204.15
2273,Carlos Ramirez,TECLADO,Centro,48.0,348.82,09-30-2025,1581.51
9048,Alejandro Diaz,Silla,Occidente ,21.0,$893.65,Junio 28 2024,1639.33
82,Daniela Cruz,Teclado,sin informacion,41.0,$-889.85,2024-12-07,1499.8
1324,Alejandro Diaz,Laptop,CENTRO,43.0,sin dato,Octubre 21 2024,1623.4
5216,Laura Sanchez, Laptop, Occidente,30.0,50.00,2026-04-06,1530.63
1615,Luis Hernandez,Bocina,Sur,,959.83,2024-03-03,1631.18
2698,Daniela Cruz,Impresora,sur,56.0,$797.34,25/01/2024,881.58
832,Laura Sanchez,Impresora,Occidente ,59.0,"$1,109.93",01/11/2024,1399.37
4246,Carlos Ramirez,Tablet,Norte,50.0,520.06,Marzo 25 2024,909.45
5821,Fernanda Castro,TABLET,Sur ,41.0,$987.06,Octubre 16 2024,1682.26
2421,Carlos Ramirez, Silla,sur,67.0,751.39,10-29-2025,1171.69
4760,Andres Ortiz,Mouse,sur,21.0,723.67,05/09/2025,1130.19
7822,Paola Rios,MOUSE,Centro,38.0,"$1,360.53",Octubre 3 2025,825.54
6437,Camila Reyes,Monitor,sur,30.0,755.23,2025-06-04,1206.71
1650,Camila Reyes,Mouse,sur,37.0,791.34,03-03-2026,1606.92
4343,Jorge Morales,Teclado,occidente,49.0,"$1,159.00",12-02-2025,1109.7
8098,Miguel Flores,TABLET,SUR,36.0,1037.99,2025-02-25,840.23
7535,Laura Sanchez,Tablet,Norte,33.0,573.73,10/11/2024,767.88
3887,Luis Hernandez,Teclado,sur,67.0,712.79,Marzo 29 2024,1733.97
7755,Jose Martinez,Laptop, Occidente,45.0,764.44,Marzo 2 2026,1511.56
7613,Jorge Morales,Bocina,Norte,27.0,333.35,15/04/2026,1467.47
7898,Alejandro Diaz,Impresora,Occidente,24.0,834.08,19/12/2024,1990.38
5683,Miguel Flores,Impresora,norte,38.0,$911.89,08/06/2026,1359.42
2690,Pedro Aguilar,TECLADO,Centro,24.0,525.60,Junio 30 2025,1201.15
4157,Valeria Mendoza,Mouse,Norte ,36.0,557.62,10-14-2025,971.13
3056,Jorge Morales,Laptop,centro,23.0,684.90,,1091.49
750,Jose Martinez,Escritorio,centro,38.0,859.37,Diciembre 12 2025,2039.91
5630,Ana Garcia,Silla, Norte,64.0,895.29,Abril 1 2025,921.43
2374,Miguel Flores,BOCINA,Occidente,50.0,$903.33,02-02-2026,1164.23
2443,Ana Garcia,TABLET, Sur,51.0,sin dato,02-22-2025,1606.24
8433,Luis Hernandez,Camara,Centro,45.0,$977.84,05-21-2026,1391.54
7387,Diego Romero, Escritorio,Centro,38.0,1055.02,01-17-2024,1114.65
4522,Andres Ortiz,CAMARA, Sur,34.0,$792.65,Noviembre 4 2025,1427.37
6602,Isabel Guzman,Bocina,centro,56.0,$756.17,2025-06-14,1361.4
8616,Sofia Torres,Tablet,Occidente,47.0,$562.96,05-05-2026,1530.35
4809,Miguel Flores,TECLADO,CENTRO,47.0,247.83,20/12/2025,1946.74
3942,Sofia Torres, Bocina,occidente,23.0,$860.32,02-17-2026,1928.64
4956,Jose Martinez,Teclado,,42.0,sin dato,2024-12-08,1386.99
3729,Sofia Torres,Impresora,Centro,61.0,894.21,2024-03-28,1235.33
8382,Luis Hernandez,Impresora,NORTE,39.0,$977.34,2025-04-06,1152.32
7581,Ana Garcia, Camara,,31.0,745.31,32/13/2026,1146.1
4419,Valeria Mendoza,Mouse, Sur,52.0,$917.72,01/02/2024,1531.6
9449,Diego Romero,Mouse,Norte,20.0,$859.84,09/04/2024,1325.94
8397,Andres Ortiz,Teclado,Norte,26.0,$880.34,2025-04-06,991.0
1140,Paola Rios,Camara,occidente,30.0,1086.34,Julio 20 2024,1497.24
8133,Andres Ortiz,Teclado,Sur,32.0,$577.28,15/12/2024,1220.76
2232,Luis Hernandez,BOCINA,Sur,25.0,990.46,05-09-2025,1476.19
2165,Pedro Aguilar,Monitor,Centro,54.0,1020.24,Agosto 14 2024,1373.67
4953,Diego Romero,Laptop,Sur,48.0,1263.36,Abril 1 2024,1978.06
6830,Carlos Ramirez,Laptop,Norte,34.0,626.62,2026-01-14,1525.84
40,Fernanda Castro,Impresora,centro,33.0,873.67,2025-03-05,1614.64
2803,Pedro Aguilar,Mouse,occidente,30.0,1059.60,06/01/2026,1409.44
1571,Luis Hernandez,Laptop,Centro,33.0,980.12,09-03-2025,1021.32
173,Diego Romero,Silla,CENTRO,30.0,$169.68,23/05/2024,1382.47
7635,Luis Hernandez,Silla,Sur,32.0,977.55,Diciembre 7 2025,1407.51
2088,Andres Ortiz, Tablet,Sur,43.0,549.47,2025-09-19,1250.55
9871,Fernanda Castro,MONITOR,centro,37.0,$857.33,24/02/2024,1040.36
5013,Ricardo Vargas,Mouse,Centro,54.0,"$1,180.43",Abril 16 2026,1362.76
7553,Jorge Morales,Silla,Norte,44.0,1205.20,20/04/2025,1458.52
6761,Ana Garcia, Escritorio,Norte,42.0,"$1,044.75",03-05-2025,1707.1
9396,Jorge Morales,Impresora,Occidente,17.0,670.16,10/06/2024,1177.77
3860,Daniela Cruz,Tablet,OCCIDENTE,40.0,$-449.88,13/03/2024,1967.3
8576,Laura Sanchez,Silla, Norte,29.0,sin dato,Enero 16 2024,1084.79
1833,Ricardo Vargas,Escritorio,Occidente,21.0,"$1,288.07",2026-06-02,1444.63
5696,Luis Hernandez,Teclado,Occidente,41.0,$462.08,03-29-2025,1531.12
8694,Diego Romero,Mouse,,55.0,888.97,2025-09-02,1553.35
9401,Jorge Morales,Mouse,Centro,45.0,sin dato,2024-01-06,1312.8
6699,Sofia Torres,Laptop,Occidente,59.0,$-658.87,2025-09-21,856.07
4923,Ricardo Vargas,Monitor,Occidente,,sin dato,03/10/2024,1715.94
4066,Sofia Torres,Teclado, Occidente,45.0,744.93,05-31-2025,1310.79
5401,Alejandro Diaz,Tablet,norte,28.0,1335.81,Mayo 18 2025,979.84
835,Alejandro Diaz,Monitor,CENTRO,26.0,760.60,2024-08-10,1360.18
2487,Laura Sanchez,Monitor,Sur,66.0,1173.08,Diciembre 23 2024,1314.3
7274,Camila Reyes,Teclado,norte,42.0,859.09,Septiembre 8 2025,1847.58
9718,Ana Garcia,Silla,Norte,,768.47,Febrero 3 2026,1374.19
9975,Ricardo Vargas,Silla, Norte,45.0,1112.61,2025-04-10,1692.98
7836,Paola Rios,Teclado,centro,44.0,"$1,221.33",05-09-2024,1102.2
9486,Diego Romero,Silla, Occidente,56.0,sin dato,24/02/2024,847.19
4783,Sofia Torres,Teclado,Sur,42.0,814.76,Febrero 16 2025,1071.11
3888,Jose Martinez,Silla,Norte,46.0,$436.44,02-16-2026,1780.27
66,Sofia Torres,Laptop,Centro ,35.0,$751.75,2026-03-05,1421.6
3650,Valeria Mendoza,Silla,Centro,30.0,595.60,08-05-2024,850.33
2025,Luis Hernandez,Tablet,Occidente,58.0,$978.74,2026-02-20,1625.55
9109,Sofia Torres,Escritorio,Centro,28.0,967.16,26/05/2024,1510.22
355,Pedro Aguilar,ESCRITORIO, Centro,47.0,660.41,17/08/2025,1278.61
9620,Ricardo Vargas, Bocina, Norte,54.0,916.38,07-13-2024,1021.02
5251,Maria Lopez,Mouse,Centro,30.0,$-985.20,Enero 21 2026,1248.23
7034,Fernanda Castro,Tablet,sur,25.0,$966.60,15/02/2026,1381.42
1809,Luis Hernandez,Camara,Occidente,46.0,"$1,085.66",2024-10-19,1491.77
9234,Maria Lopez,Laptop,Sur,27.0,$516.34,2024-09-28,1649.47
3747,Daniela Cruz,Monitor,SUR,30.0,sin dato,Diciembre 14 2025,1818.02
5520,Paola Rios,Silla,Sur,3.0,1117.43,14/10/2024,1342.09
9082,Ana Garcia,Tablet,?,43.0,494.05,07/10/2024,1377.75
9259,Jose Martinez,IMPRESORA,Centro ,25.0,$850.06,Abril 20 2024,984.85
9179,Jose Martinez,Tablet,norte,33.0,806.26,Septiembre 11 2024,1368.33
473,Daniela Cruz,Bocina,Centro,53.0,1121.76,09-08-2025,1064.09
8995,Ana Garcia, Escritorio,Norte,41.0,$673.30,03-29-2025,1560.18
5808,Pedro Aguilar,Escritorio,Occidente,37.0,975.59,2026-03-13,1861.44
6339,Camila Reyes,Monitor,Centro,46.0,555.24,01/02/2026,615.87
2821,Paola Rios,Impresora, Norte,53.0,$476.77,2025-04-21,1676.11
4829,Isabel Guzman, Escritorio,Norte,32.0,"$1,013.34",11/05/2025,1547.14
869,Daniela Cruz,Mouse,Occidente,37.0,"$1,363.25",Febrero 26 2024,1267.47
8589,Paola Rios,Teclado,sur,46.0,sin dato,2024-04-10,1129.23
9316,Maria Lopez,Laptop,SUR,58.0,sin dato,19/12/2024,952.34
1507,Isabel Guzman,Mouse,Centro,10.0,518.98,Septiembre 17 2025,1220.49
6559,Pedro Aguilar,Bocina,Sur,43.0,742.15,08-25-2025,2166.21
3687,Maria Lopez,Monitor,,46.0,sin dato,32/13/2026,1377.05
6400,Isabel Guzman,Teclado,sur,31.0,914.57,Febrero 27 2024,1286.57
4922,Alejandro Diaz,Impresora,Occidente,28.0,969.33,2024-08-16,1515.52
2771,Andres Ortiz,Monitor,Occidente,13.0,1618.73,01-30-2025,1868.53
9608,Jorge Morales, Bocina,Norte,42.0,"$1,179.95",Octubre 30 2025,1292.64
2250,Daniela Cruz,Laptop,Occidente,43.0,sin dato,Agosto 7 2025,1865.44
5606,Luis Hernandez,Mouse,Norte,50.0,"$1,119.04",01-25-2024,1485.14
4191,Daniela Cruz,Laptop,Norte ,35.0,"$1,385.02",Agosto 19 2025,1364.07
1076,Jose Martinez,Escritorio, Occidente,39.0,729.81,08/04/2024,1461.46
4979,Isabel Guzman,Monitor,Occidente,34.0,"$1,050.41",2025-05-31,1428.19
5380,Paola Rios,MOUSE,centro,48.0,$473.86,02/02/2026,1328.84
7200,Daniela Cruz, Impresora,Centro,49.0,132.60,07-23-2024,1878.13
9056,Andres Ortiz, Laptop,occidente,29.0,848.09,10/08/2024,1336.74
9743,Paola Rios,Tablet,Centro,27.0,"$1,069.68",04/12/2024,1419.22
7754,Ana Garcia,Camara, Norte,34.0,946.33,26/03/2025,1563.84
4741,Carlos Ramirez,Impresora,sur,54.0,1283.78,30/09/2025,1394.39
7485,Ana Garcia,Escritorio,Centro,38.0,1287.57,32/13/2026,1499.29
6293,Ana Garcia,Tablet,SUR,34.0,1178.14,2024-08-09,968.94
7633,Pedro Aguilar, Silla, Occidente,30.0,$107.74,06-14-2025,1236.29
74,Maria Lopez,Camara,Occidente,38.0,942.47,Marzo 26 2025,1299.37
5640,Isabel Guzman,Impresora,Centro ,40.0,sin dato,03-18-2025,2129.06
3785,Pedro Aguilar,Tablet,Sur,37.0,$-703.11,2025-10-17,1246.35
5370,Carlos Ramirez, Laptop,Norte,,109.01,12-22-2024,1866.43
9141,Paola Rios,Escritorio,Norte,44.0,827.38,Junio 4 2025,731.51
8010,Paola Rios,LAPTOP,NORTE,26.0,$848.85,Marzo 7 2024,934.42
1102,Jorge Morales,Teclado,Occidente,31.0,1036.66,2024-07-03,546.83
3406,Miguel Flores,Tablet,Norte,32.0,$657.00,13/05/2026,1423.42
9821,Diego Romero,Mouse,CENTRO,40.0,$784.58,04/08/2024,1630.62
8159,Isabel Guzman,Tablet,Sur,35.0,1319.13,21/02/2024,1291.78
3083,Carlos Ramirez,MONITOR,CENTRO,28.0,410.39,Mayo 25 2026,1941.68
8457,Pedro Aguilar,Bocina,Occidente,39.0,$647.72,27/11/2025,1382.85
119,Laura Sanchez,SILLA,Sur,39.0,$978.85,2024-01-20,853.58
2023,Andres Ortiz,Tablet,Centro,27.0,447.87,Febrero 1 2025,1471.04
4588,Sofia Torres,Monitor,Centro,51.0,$-826.07,Noviembre 21 2024,1317.91
2890,Jose Martinez,TECLADO,Sur,37.0,477.43,Noviembre 26 2025,1161.51
2035,Pedro Aguilar,Impresora,OCCIDENTE,-1.0,653.15,10-30-2024,1077.8
9383,Valeria Mendoza,Laptop,Sur,37.0,$705.52,07/12/2025,1590.31
8923,Andres Ortiz,Mouse,Occidente,46.0,"$1,401.04",06-08-2025,1501.05
7481,Fernanda Castro, Impresora,Occidente,25.0,sin dato,03-11-2026,1027.81
1220,Daniela Cruz,Bocina,Occidente,52.0,749.99,Mayo 28 2025,1176.94
6740,Daniela Cruz,Monitor,Centro,58.0,$422.67,Mayo 12 2026,1814.0
9044,Daniela Cruz,Escritorio,sur,26.0,914.92,14/11/2025,1499.85
3291,Daniela Cruz,Laptop,norte,35.0,$956.12,12-10-2025,1679.19
3610,Andres Ortiz,Camara,CENTRO,42.0,321.40,08-27-2025,1449.42
2511,Jose Martinez,Silla,Occidente,64.0,866.60,2026-03-15,1528.49
3686,Jose Martinez,Bocina,Centro,26.0,$836.75,2024-04-03,1241.55
7376,Pedro Aguilar,Teclado,Sur,53.0,1545.06,2024-08-30,885.84
5206,Jorge Morales,Silla,occidente,48.0,1069.74,26/02/2026,1614.95
4787,Ricardo Vargas, Teclado,Norte,37.0,"$1,176.36",2025-09-20,1111.96
6683,Valeria Mendoza,Teclado,Sur,57.0,752.00,2026-06-06,1159.39
3059,Miguel Flores,Teclado,Centro,29.0,1027.78,Octubre 17 2024,1140.35
178,Jose Martinez,Tablet,Norte,43.0,$238.01,18/08/2024,1387.35
1644,Ricardo Vargas,Camara,Norte ,34.0,882.22,2024-06-20,1668.37
9567,Laura Sanchez,Bocina,Centro,32.0,1047.59,Mayo 13 2025,1222.51
9648,Valeria Mendoza,Impresora,OCCIDENTE,34.0,1574.33,01-04-2026,1342.44
6626,Paola Rios,LAPTOP,Norte,44.0,"$1,367.68",Mayo 15 2026,1189.94
1375,Alejandro Diaz, Escritorio,Centro,43.0,sin dato,23/12/2024,1539.78
1721,Luis Hernandez,Impresora,Centro,41.0,$665.79,Mayo 24 2024,988.72
5345,Carlos Ramirez,Bocina,Sur,34.0,"$1,054.57",15/05/2024,1118.67
8998,Alejandro Diaz,Tablet,Sur,9.0,758.44,2026-01-24,1505.95
2265,Maria Lopez,Mouse,centro,36.0,$929.65,Marzo 13 2026,941.65
88,Sofia Torres,MOUSE,centro,43.0,830.11,2025-11-29,1194.4
6836,Diego Romero,Camara,SUR,29.0,991.03,Enero 5 2024,713.97
8475,Camila Reyes,Teclado,Centro,34.0,1310.42,08-21-2024,1615.88
8945,Ana Garcia,Monitor,Centro,33.0,$689.83,09/02/2025,1424.8
404,Pedro Aguilar,MONITOR, Occidente,19.0,"$1,415.76",09-23-2025,1232.74
4668,Maria Lopez,ESCRITORIO,Sur,49.0,1016.21,Agosto 6 2024,1616.46
4210,Fernanda Castro,Teclado,Centro ,38.0,"$1,009.45",Mayo 15 2026,1451.28
6480,Sofia Torres,MOUSE,Norte,18.0,$658.25,2024-12-31,1505.72
7290,Luis Hernandez,MOUSE,Norte ,36.0,sin dato,2025-02-01,878.46
6975,Sofia Torres,Bocina,Occidente ,35.0,609.11,2025-03-20,1010.75
2457,Camila Reyes,Teclado,norte,39.0,"$1,254.17",2025-11-14,1017.11
3112,Diego Romero, Mouse,sur,29.0,1651.01,12-21-2025,1605.11
2215,Maria Lopez,Laptop,NORTE,37.0,304.73,25/05/2025,1998.83
1028,Carlos Ramirez,Mouse,SUR,45.0,$829.56,Abril 15 2024,1419.38
9994,Jose Martinez,Mouse,Centro ,39.0,896.00,Octubre 31 2024,1410.94
1422,Pedro Aguilar,Bocina,Occidente,19.0,"$1,167.51",17/12/2024,1327.53
2437,Fernanda Castro,Mouse,sur,33.0,1016.51,Mayo 15 2025,1341.11
7337,Pedro Aguilar,Teclado,Sur,44.0,$828.69,01-03-2026,2286.33
5919,Andres Ortiz,Mouse,Centro,30.0,"$1,053.50",2025-11-22,1678.47
9357,Valeria Mendoza,Impresora,Occidente,33.0,"$1,552.00",Mayo 20 2024,981.87
1279,Ana Garcia,Monitor,OCCIDENTE,41.0,711.88,Febrero 6 2024,1364.02
3961,Isabel Guzman,Escritorio,Centro ,47.0,1447.30,Julio 30 2025,1672.36
2761,Maria Lopez,Silla,sur,26.0,$774.85,Noviembre 29 2024,1426.99
9519,Isabel Guzman,Bocina,Norte,39.0,$888.66,16/12/2024,1521.45
9521,Sofia Torres,Silla,occidente,30.0,1127.10,2025-03-19,1541.94
7039,Camila Reyes,Laptop,OCCIDENTE,56.0,$788.37,2025-11-13,1359.73
1979,Luis Hernandez,Tablet,Sur,33.0,sin dato,02-16-2024,1452.25
1062,Andres Ortiz, Mouse,,38.0,746.85,21/04/2024,1133.22
1426,Camila Reyes,Tablet,Sur,-5.0,743.05,10/02/2025,1263.51
6341,Carlos Ramirez,Camara, Occidente,29.0,679.84,05-03-2025,1115.93
7453,Alejandro Diaz,Camara,Occidente,36.0,695.19,2024-10-05,756.48
4885,Ana Garcia, Camara,Sur ,41.0,"$1,405.76",2024-12-22,1098.14
1503,Laura Sanchez,Bocina,,45.0,214.32,2025-10-20,1463.14
3621,Pedro Aguilar,Bocina,Centro ,54.0,$946.08,Enero 20 2025,1769.38
8824,Luis Hernandez,Mouse,Norte,22.0,sin dato,32/13/2026,1407.33
5315,Daniela Cruz,Tablet,norte,44.0,1073.25,22/10/2024,1873.5
3679,Paola Rios,CAMARA,Occidente,,$638.02,Mayo 11 2024,1728.48
3922,Fernanda Castro,Mouse,Sur,54.0,889.06,04-15-2025,1518.17
8135,Valeria Mendoza,Mouse,Sur,38.0,453.49,Marzo 29 2026,1625.87
679,Paola Rios,Teclado,Sur,39.0,1016.76,09/04/2025,1797.31
4027,Laura Sanchez,Mouse,CENTRO,41.0,909.46,2025-08-15,719.05
7049,Diego Romero,Mouse,occidente,48.0,$689.73,30/01/2025,880.13
9103,Jorge Morales,Teclado,Centro,43.0,331.46,Julio 4 2025,1771.44
8064,Miguel Flores,Tablet,Centro,44.0,$321.95,2024-01-01,1923.54
7283,Valeria Mendoza,Silla,Sur,20.0,$992.68,32/13/2026,1134.53
103,Camila Reyes,CAMARA,sin informacion,41.0,1049.27,2025-11-06,1248.65
958,Fernanda Castro,Silla,Norte,,$715.48,10-26-2025,1872.2
4716,Paola Rios,Monitor,NORTE,40.0,$917.56,19/10/2025,1279.45
4190,Isabel Guzman,Escritorio,Sur,41.0,1245.97,04/11/2024,955.72
6068,Laura Sanchez, Mouse,sin informacion,38.0,"$1,015.90",12/05/2025,1162.12
7704,Carlos Ramirez,Monitor,Sur,51.0,$773.73,Mayo 17 2026,1209.36
3060,Carlos Ramirez,Laptop,Centro,43.0,665.21,29/04/2026,1347.4
2689,Fernanda Castro,Impresora,Sur,36.0,773.18,08-17-2025,982.63
6616,Ana Garcia,Escritorio,Norte,18.0,525.16,2025-02-03,1350.21
6395,Ricardo Vargas,Bocina,Sur,57.0,676.14,09/12/2024,2166.23
7690,Pedro Aguilar,Bocina,Centro,-5.0,827.85,15/01/2026,1744.02
6276,Luis Hernandez,Laptop,Norte,57.0,"$1,300.53",08-09-2025,1502.79
3707,Jose Martinez,Impresora, Centro,42.0,$-812.12,32/13/2026,1917.74
4771,Carlos Ramirez,Teclado,Centro,23.0,$50.00,Febrero 16 2025,1597.96
7018,Andres Ortiz,TABLET,Sur ,24.0,$865.46,05-02-2024,1147.75
419,Carlos Ramirez,Bocina,norte,46.0,804.93,01-05-2024,933.4
5901,Isabel Guzman,Tablet,Occidente,46.0,$883.21,02-20-2025,1559.76
6691,Jorge Morales,Teclado,Occidente,39.0,$549.59,04/01/2025,1524.57
3398,Pedro Aguilar,Bocina,OCCIDENTE,37.0,$458.09,21/08/2024,1166.94
1948,Isabel Guzman,Tablet,Sur,29.0,$630.93,21/02/2024,1120.36
2319,Alejandro Diaz,Mouse,Sur,45.0,810.59,09-03-2025,1488.0
2300,Alejandro Diaz,Bocina,Centro,43.0,$521.05,08-07-2025,1428.4
4831,Sofia Torres,MOUSE,Occidente,46.0,$639.51,18/03/2026,840.39
5130,Fernanda Castro,Teclado,Sur,54.0,"$1,270.31",06-25-2024,1258.59
209,Carlos Ramirez,Bocina, Occidente,35.0,1276.24,Mayo 2 2025,1240.83
3318,Miguel Flores,Bocina,Norte,66.0,676.54,Julio 24 2025,1401.87
5021,Alejandro Diaz,Monitor,Occidente,36.0,1086.62,12-12-2025,1231.84
9386,Valeria Mendoza,Bocina,centro,51.0,556.60,01-20-2026,1092.46
529,Isabel Guzman,Camara,Occidente ,17.0,396.11,2024-05-07,1086.92
1234,Valeria Mendoza,Impresora,Sur,32.0,$748.74,Diciembre 3 2024,1752.62
780,Alejandro Diaz,Tablet,norte,34.0,$278.44,Marzo 27 2026,1414.82
723,Camila Reyes,Laptop,Centro,35.0,$991.79,2026-05-31,1470.16
3012,Paola Rios,Laptop,Sur,35.0,1156.17,03/02/2025,1252.46
7362,Valeria Mendoza,Monitor,Norte,38.0,$420.43,16/11/2024,1076.86
1861,Valeria Mendoza,Monitor, Norte,21.0,668.38,Mayo 6 2025,1349.65
9011,Jorge Morales,Camara,Occidente ,38.0,$559.50,Octubre 18 2025,952.57
7887,Sofia Torres,Teclado,Centro,44.0,"$1,311.80",Febrero 13 2026,1033.37
7429,Alejandro Diaz,Mouse, Norte,36.0,"$1,280.19",06/08/2024,1253.27
9631,Ana Garcia,MOUSE,Sur,50.0,1497.95,Marzo 26 2026,1573.0
1993,Carlos Ramirez,Bocina,,14.0,"$1,403.78",2024-06-24,1351.79
2333,Carlos Ramirez,Escritorio,Occidente,44.0,"$1,407.19",2025-06-30,1491.88
5479,Luis Hernandez,Laptop,centro,,"$1,079.11",2025-08-15,1586.01
7714,Camila Reyes,Camara,Occidente,32.0,$218.07,27/04/2025,1775.79
5663,Alejandro Diaz,Impresora,Centro,33.0,567.51,2024-11-26,1656.28
7266,Ricardo Vargas,Laptop,Occidente ,43.0,1404.27,03/02/2025,1225.27
4268,Isabel Guzman,Impresora,occidente,29.0,$730.78,2026-03-21,1333.59
2472,Luis Hernandez,LAPTOP,CENTRO,36.0,"$1,158.66",2025-11-20,1709.86
5381,Jose Martinez,Laptop,Norte,35.0,"$1,159.22",09/04/2024,624.98
4318,Daniela Cruz,MONITOR,Norte,43.0,782.54,14/01/2026,1853.94
6890,Alejandro Diaz,Camara,sur,50.0,1022.78,2024-03-05,1255.98
5012,Luis Hernandez,BOCINA,Norte,41.0,1393.96,26/11/2025,1979.36
1397,Fernanda Castro,Escritorio,Sur,38.0,523.58,Julio 5 2025,2027.5
1490,Paola Rios, Escritorio,occidente,51.0,$954.08,05-13-2025,1490.31
4990,Alejandro Diaz,Camara,Centro,36.0,1150.81,Marzo 8 2025,1581.59
2885,Miguel Flores, Escritorio,Centro,44.0,783.63,05-16-2024,993.67
3678,Diego Romero,Tablet,centro,26.0,$696.55,Febrero 17 2024,1348.05
1043,Daniela Cruz,Teclado,Centro,34.0,"$1,421.17",08/05/2024,1392.98
4039,Sofia Torres,Laptop,Occidente,29.0,545.60,Octubre 7 2024,1783.96
5229,Luis Hernandez,Teclado,Occidente,17.0,"$1,328.37",23/04/2024,983.65
7733,Carlos Ramirez,Mouse,Sur,35.0,$534.40,18/08/2025,1696.19
258,Maria Lopez, Tablet,Norte,42.0,$981.10,2026-01-02,1650.88
7764,Isabel Guzman,Tablet,norte,33.0,452.58,04/02/2026,98000.0
8873,Camila Reyes,Tablet,Occidente,21.0,992.96,Enero 7 2025,1535.85
8249,Daniela Cruz,MONITOR,Sur,24.0,$820.63,Noviembre 30 2024,1470.49
2836,Paola Rios,Teclado,Centro,35.0,$442.72,27/03/2026,798.2
9261,Miguel Flores,Tablet,centro,19.0,815.52,32/13/2026,1663.57
2090,Ana Garcia,SILLA,Centro,41.0,683.55,18/11/2024,992.64
703,Jose Martinez,Impresora, Sur,33.0,$638.38,2024-05-21,1089.1
504,Alejandro Diaz,Laptop,Occidente,48.0,832.03,2025-03-31,1520.47
3828,Paola Rios,Bocina,,47.0,$732.80,03-14-2024,1412.11
9077,Valeria Mendoza,Teclado, Centro,17.0,$761.14,2024-09-16,897.6
1346,Pedro Aguilar,Mouse,Sur,44.0,1112.02,Enero 24 2026,1459.94
9676,Ana Garcia,Impresora,SUR,35.0,"$1,416.67",2025-10-31,2070.28
8828,Jose Martinez,Tablet, Occidente,58.0,$679.13,20/06/2025,2131.52
2249,Jose Martinez,Tablet,Norte,39.0,sin dato,06-21-2024,1175.31
9058,Laura Sanchez,Camara, Norte,16.0,$717.76,Agosto 22 2025,1675.17
373,Daniela Cruz, Mouse,Centro,51.0,769.38,Octubre 23 2024,1943.77
8701,Ricardo Vargas,Laptop,sur,29.0,"$1,357.39",07-21-2025,1759.31
9882,Alejandro Diaz,Tablet,Centro,40.0,$476.37,2026-03-09,1396.43
2007,Daniela Cruz,Silla,Norte,30.0,969.63,12-15-2025,1962.06
4122,Isabel Guzman,Monitor,Norte,49.0,535.52,Febrero 19 2024,1256.56
9808,Alejandro Diaz,Silla,Sur,31.0,$751.45,11/04/2024,1737.3
4300,Luis Hernandez,Escritorio,centro,43.0,1021.70,08-09-2025,1258.56
8045,Daniela Cruz,Escritorio,NORTE,26.0,1045.74,2024-03-17,1671.29
8574,Isabel Guzman,CAMARA,centro,42.0,sin dato,Junio 26 2025,2247.38
5971,Valeria Mendoza,Bocina,Sur ,46.0,878.21,2026-03-01,1362.32
2103,Jose Martinez,Monitor,norte,55.0,990.95,07-16-2025,1252.87
998,Miguel Flores,Laptop, Centro,21.0,sin dato,Enero 19 2025,1308.46
8431,Luis Hernandez, Bocina,Sur ,31.0,$742.56,05/01/2024,1864.97
8905,Fernanda Castro,Escritorio,Sur,40.0,434.14,20/10/2024,757.12
1177,Sofia Torres,Silla,Centro,27.0,847.74,2026-05-21,1437.99
552,Miguel Flores,Bocina,norte,22.0,753.87,07/08/2024,1622.07
745,Diego Romero,Camara, Centro,37.0,$874.44,Noviembre 27 2024,1901.46
5939,Pedro Aguilar,Mouse,Centro,34.0,1660.16,32/13/2026,920.36
3502,Fernanda Castro,Laptop,occidente,47.0,939.97,2024-06-02,1221.86
6692,Andres Ortiz,Silla,Occidente,15.0,649.35,Junio 3 2025,1159.34
3054,Miguel Flores,Mouse, Norte,30.0,"$1,029.91",03/05/2026,1266.03
5121,Camila Reyes,Camara,Centro,33.0,944.97,2025-07-21,813.49
9771,Maria Lopez,Silla,Sur,37.0,697.54,08-22-2025,1933.75
7302,Carlos Ramirez,Mouse,Occidente,34.0,$711.53,01/03/2024,1087.13
8116,Pedro Aguilar,Tablet,Sur ,38.0,1409.25,06-05-2026,1115.55
9226,Andres Ortiz,ESCRITORIO,Sur,45.0,859.33,19/06/2024,1699.85
4606,Jorge Morales,Camara,OCCIDENTE,60.0,957.56,2026-03-22,892.24
3308,Maria Lopez,Silla,Centro,-5.0,838.86,14/06/2026,765.96
5720,Jorge Morales,Bocina,Centro,44.0,759.82,2024-06-13,1558.64
5817,Daniela Cruz,Laptop,sur,34.0,$388.05,2026-03-19,1754.74
7047,Ricardo Vargas,Impresora,CENTRO,28.0,"$1,016.99",2025-05-17,1496.95
6504,Ricardo Vargas,Monitor,norte,24.0,$590.20,32/13/2026,745.85
694,Isabel Guzman,Bocina,Centro ,45.0,899.38,31/01/2026,1625.98
2534,Jose Martinez,Laptop,centro,16.0,513.50,02-11-2025,1327.39
4826,Daniela Cruz,Laptop,OCCIDENTE,46.0,1066.04,01/04/2026,949.59
983,Paola Rios,Tablet,Centro,22.0,"$1,044.59",03/03/2024,1418.41
4394,Luis Hernandez,MONITOR,norte,39.0,$910.59,20/08/2025,1520.01
80,Andres Ortiz, Bocina,Centro,50.0,$994.94,01-24-2026,1074.79
4338,Sofia Torres,Silla,Sur,41.0,366.38,Enero 4 2026,1555.2
9301,Laura Sanchez,Laptop,Sur,38.0,1279.12,05-01-2025,1620.2
6921,Carlos Ramirez,Laptop, Sur,54.0,sin dato,11-30-2025,1381.76
3880,Ana Garcia,Teclado,centro,33.0,$738.22,2025-12-01,1103.58
7772,Ana Garcia,Monitor,,21.0,$766.19,09/08/2024,1301.32
3881,Alejandro Diaz,Teclado,Norte,45.0,"$1,166.56",2024-08-14,1570.61
9742,Daniela Cruz,Laptop,Centro,21.0,sin dato,Enero 21 2025,1015.8
262,Jose Martinez,Teclado,Occidente,,sin dato,2025-06-24,1596.66
2143,Pedro Aguilar,Laptop,Sur,41.0,368.50,2024-01-14,785.48
8779,Maria Lopez,TABLET,occidente,76.0,770.93,Septiembre 18 2024,1588.88
2269,Maria Lopez,Teclado, Sur,33.0,$911.55,Agosto 17 2025,1235.03
446,Andres Ortiz,Laptop,centro,49.0,$838.65,Abril 2 2026,1317.6
5533,Paola Rios, Camara,NORTE,45.0,$634.60,Febrero 18 2025,1978.3
7073,Fernanda Castro,Camara,norte,40.0,$202.83,Diciembre 23 2025,999.22
3953,Valeria Mendoza,Bocina,Norte,34.0,sin dato,04/09/2025,1910.92
7074,Laura Sanchez,MONITOR,Centro,41.0,sin dato,04-10-2024,1253.45
4439,Sofia Torres,Monitor,Occidente,44.0,967.21,2025-12-28,893.99
1702,Jose Martinez,Tablet,Sur,,654.73,01/02/2025,1531.86
7730,Isabel Guzman,Laptop, Norte,44.0,$823.52,03-27-2024,1256.54
2527,Jorge Morales,Impresora,Norte,34.0,1296.53,19/01/2026,1152.78
3974,Carlos Ramirez,Silla,Norte,40.0,$-909.04,Septiembre 18 2024,1222.68
69,Luis Hernandez,Mouse, Centro,41.0,979.09,14/09/2025,1747.43
1169,Pedro Aguilar,Bocina,Norte,17.0,$-890.50,08-07-2025,1236.73
49,Andres Ortiz,Mouse,Centro,36.0,527.62,Diciembre 14 2025,1096.1
1054,Pedro Aguilar,Mouse,Occidente,30.0,$853.55,12-06-2025,1343.87
85,Fernanda Castro,Monitor,Sur,40.0,"$1,060.53",03-08-2026,1573.13
881,Luis Hernandez,Laptop,Norte,30.0,"$1,432.88",09-10-2025,1445.38
2652,Alejandro Diaz,Monitor,Sur,8.0,802.18,2024-12-02,1153.56
5839,Carlos Ramirez,Mouse,Centro,51.0,598.38,Diciembre 26 2025,1452.83
2440,Luis Hernandez,Impresora,occidente,50.0,391.81,06-03-2025,1580.64
3945,Maria Lopez,Bocina,Centro,28.0,$941.56,2026-01-12,905.04
5024,Daniela Cruz,Silla,Norte ,25.0,907.56,Mayo 29 2024,1208.85
1468,Miguel Flores,Camara,Occidente ,44.0,$-738.02,02-12-2026,1296.36
6966,Camila Reyes,Camara,Sur,22.0,sin dato,Septiembre 14 2024,1716.78
3438,Andres Ortiz,Escritorio,Centro,47.0,739.83,15/04/2024,1372.0
2442,Ana Garcia,Impresora, Sur,21.0,947.77,Enero 21 2026,1438.49
4986,Luis Hernandez,Bocina,Sur,46.0,"$1,107.89",05-11-2024,1523.04
231,Jorge Morales,Laptop,sin informacion,46.0,$50.00,22/03/2025,870.98
1321,Maria Lopez,Bocina,Centro,33.0,320.02,2026-04-25,1371.95
42,Diego Romero,Tablet,Norte,25.0,927.52,Marzo 22 2024,1439.4
3040,Jose Martinez,Mouse,Centro ,39.0,$603.38,26/02/2025,1030.25
778,Maria Lopez, Impresora,Norte,56.0,$993.58,08/11/2025,1442.21
9217,Valeria Mendoza,Silla,Sur,41.0,$976.37,02-21-2025,1186.58
4681,Sofia Torres, Monitor,Occidente ,34.0,1469.54,2024-11-12,1718.77
1730,Maria Lopez,ESCRITORIO,Centro ,42.0,$965.24,04-29-2026,1115.71
7364,Jose Martinez,ESCRITORIO,,40.0,"$-1,391.32",Septiembre 28 2025,1081.62
580,Maria Lopez,Escritorio,Norte,32.0,$112.35,Febrero 16 2025,1923.59
4229,Sofia Torres,Bocina,Occidente,28.0,sin dato,32/13/2026,1702.78
6226,Valeria Mendoza,Tablet,Norte,43.0,$696.60,2025-09-16,1949.04
9413,Camila Reyes,Impresora,OCCIDENTE,33.0,919.37,19/10/2024,1430.85
3458,Ana Garcia,Bocina,centro,49.0,578.45,Agosto 17 2025,1019.81
2868,Jose Martinez,Tablet,Occidente,32.0,sin dato,28/08/2025,1163.22
1492,Jorge Morales,Laptop,centro,36.0,$734.50,2024-06-14,1467.41
8075,Camila Reyes,MOUSE,OCCIDENTE,34.0,1002.88,2025-10-22,859.15
9372,Sofia Torres,Laptop,Occidente,,$697.74,2024-05-03,1389.71
62,Valeria Mendoza,Laptop,Centro,23.0,909.45,2026-05-22,1626.16
7888,Fernanda Castro,Bocina,Norte,39.0,"$1,284.08",2024-05-03,1254.1
8454,Fernanda Castro,Tablet, Norte,39.0,"$1,277.51",Mayo 24 2025,1121.49
6968,Ricardo Vargas,Silla,Norte,26.0,766.26,06-04-2024,1338.88
403,Sofia Torres,Escritorio,Occidente,22.0,1169.42,30/01/2026,1556.17
333,Sofia Torres,Silla,occidente,18.0,$707.45,2025-10-12,1565.05
2085,Maria Lopez,Bocina,norte,33.0,$750.96,Julio 4 2025,1219.18
3058,Maria Lopez,Silla,Occidente,51.0,492.55,2024-07-10,1409.19
9826,Miguel Flores,Camara,centro,48.0,$932.39,05-02-2024,1336.11
6441,Camila Reyes,Tablet,Centro,23.0,796.93,13/05/2026,1509.01
165,Daniela Cruz,Impresora,Centro,44.0,1001.99,24/12/2024,1330.9
4526,Jorge Morales,Silla,Sur,30.0,sin dato,2024-01-14,1459.18
2716,Jorge Morales,Tablet,Occidente,26.0,926.36,2025-07-02,1780.06
9189,Daniela Cruz,Tablet,sur,34.0,$752.66,2024-06-20,1133.04
7782,Maria Lopez,BOCINA,Occidente ,44.0,"$1,280.50",05-11-2026,779.94
2756,Alejandro Diaz,CAMARA,Sur,37.0,702.34,Agosto 19 2024,1507.35
5816,Luis Hernandez,Camara,CENTRO,42.0,860.66,05-08-2025,986.97
7509,Fernanda Castro,Mouse,Centro,54.0,$488.24,08-16-2024,1499.93
1335,Paola Rios,Silla,Occidente,35.0,307.30,Marzo 8 2024,1408.31
7686,Andres Ortiz,Monitor,Centro,41.0,sin dato,2025-07-17,774.46
2865,Luis Hernandez,Mouse,sur,44.0,$949.41,,1273.37
1660,Carlos Ramirez,Bocina, Sur,33.0,997.20,04/07/2025,1227.19
4065,Diego Romero,Teclado,Sur,29.0,$727.92,2025-04-07,1510.4
754,Isabel Guzman,Teclado,Centro,49.0,$386.40,2026-04-02,920.03
3065,Valeria Mendoza,Mouse, Norte,23.0,578.51,03-17-2026,895.49
7022,Pedro Aguilar, Teclado,Sur,68.0,"$1,018.47",11/03/2025,1479.21
7457,Ricardo Vargas,Monitor,OCCIDENTE,59.0,"$1,618.47",03-29-2025,1754.21
707,Ana Garcia,Escritorio,Occidente,48.0,1095.48,2025-06-07,1081.92
2974,Pedro Aguilar,TECLADO,Occidente,50.0,$888.31,08-12-2025,1320.08
9919,Andres Ortiz,MONITOR,Centro ,55.0,"$1,188.20",Febrero 21 2026,1745.34
6193,Carlos Ramirez,Impresora,NORTE,216.0,595.78,25/02/2025,1100.88
8812,Ricardo Vargas,Escritorio,Occidente,25.0,"$1,291.67",08-04-2024,1140.15
9841,Pedro Aguilar,Impresora,Occidente,36.0,$587.58,Octubre 26 2025,1692.08
5729,Daniela Cruz,Laptop,Norte,49.0,$478.52,15/08/2024,1715.62
9870,Fernanda Castro,Camara,Occidente,52.0,"$1,113.63",2024-03-04,1485.05
7110,Carlos Ramirez, Bocina,Occidente,40.0,674.63,15/11/2025,1351.99
9842,Miguel Flores, Teclado,SUR,44.0,sin dato,,1496.01
9252,Fernanda Castro,Bocina, Norte,,"$1,096.08",03-04-2026,1904.15
1835,Daniela Cruz,Camara,Centro,44.0,1075.91,Noviembre 1 2025,1422.24
3401,Camila Reyes,Tablet,,-7.0,$576.32,Enero 10 2024,1437.24
6924,Diego Romero,Escritorio,Sur,25.0,"$-1,315.64",32/13/2026,1310.95
9927,Ricardo Vargas,Monitor,centro,25.0,sin dato,16/02/2026,1605.8
8306,Daniela Cruz,Silla,Occidente,41.0,$385.86,12-30-2024,1477.28
5428,Maria Lopez,Teclado,centro,43.0,"$1,109.56",08-17-2024,1859.84
7399,Ana Garcia,Teclado,?,27.0,521.74,Agosto 29 2025,1718.55
7719,Daniela Cruz,MOUSE,norte,52.0,1014.96,17/02/2026,1567.63
6290,Camila Reyes,ESCRITORIO,Sur,16.0,$698.92,25/02/2025,668.89
5757,Sofia Torres,Laptop,Centro ,49.0,"$1,298.51",01/12/2025,1239.44
2263,Ana Garcia,Mouse,Sur ,37.0,$788.38,08/01/2026,1648.3
2247,Ricardo Vargas,Monitor,occidente,36.0,888.65,Diciembre 17 2025,1627.63
836,Diego Romero,Tablet,Norte,18.0,1026.34,14/06/2024,1340.14
8641,Ricardo Vargas,Monitor,Norte,43.0,878.08,09/11/2025,1863.43
9477,Sofia Torres,Mouse,occidente,52.0,$930.52,2024-02-06,990.41
433,Camila Reyes,Teclado,NORTE,22.0,$695.17,05-26-2025,1039.84
3838,Ricardo Vargas,Teclado,occidente,331.0,$820.15,Mayo 5 2024,1085.71
9297,Diego Romero,Teclado,sur,49.0,$530.11,2024-05-04,1357.06
9760,Miguel Flores,Mouse,Occidente ,49.0,$494.26,2025-09-21,643.49
7372,Luis Hernandez, Monitor,NORTE,32.0,939.91,26/02/2026,805.95
9677,Camila Reyes,Laptop,Occidente,28.0,1232.42,Agosto 14 2024,1109.12
1194,Valeria Mendoza,Tablet,Norte,22.0,$271.25,05/01/2025,766.39
7392,Daniela Cruz,Impresora,,27.0,1037.72,2025-12-21,1166.33
2907,Fernanda Castro,IMPRESORA,sur,38.0,"$1,190.73",02-08-2026,1582.43
5825,Paola Rios,ESCRITORIO,,60.0,1041.90,05-20-2024,1683.68
7757,Maria Lopez,Escritorio, Norte,30.0,"$1,092.81",12-11-2025,1546.66
6688,Maria Lopez, Mouse,norte,16.0,565.80,,1709.74
8966,Diego Romero, Tablet,occidente,32.0,$573.24,2025-06-14,1731.25
9186,Valeria Mendoza,Tablet,Occidente,49.0,1310.47,09-19-2024,1395.76
8118,Miguel Flores,Laptop,Norte,34.0,"$1,192.02",05/05/2025,1744.78
8253,Ana Garcia,Escritorio,Occidente,47.0,sin dato,02-13-2026,1408.64
2730,Jorge Morales,Camara,Centro,45.0,"$1,087.62",12-01-2025,1493.56
3505,Ana Garcia, Laptop,centro,45.0,672.70,2024-09-06,1976.96
6736,Fernanda Castro,Bocina,sur,60.0,114.11,2026-04-23,1133.72
434,Maria Lopez,MOUSE,centro,50.0,$520.55,2024-05-02,1543.98
5567,Laura Sanchez, Tablet,Centro,32.0,$795.47,27/01/2026,1184.15
7461,Paola Rios,Monitor,Occidente,53.0,$257.47,Julio 12 2025,1102.66
9363,Isabel Guzman,Teclado,Sur,50.0,"$1,099.77",Diciembre 9 2025,377.07
105,Diego Romero,Impresora,Sur ,24.0,964.79,28/01/2025,1083.66
9793,Luis Hernandez,Silla,Norte,41.0,853.96,,1418.95
1657,Camila Reyes,Mouse,OCCIDENTE,30.0,661.75,2024-02-25,1910.12
7253,Diego Romero,Camara,Occidente,28.0,"$1,166.39",11-19-2024,1780.36
1534,Jose Martinez,MOUSE, Norte,41.0,1053.65,2026-01-30,948.24
2987,Valeria Mendoza, Silla,occidente,19.0,$792.32,01-27-2024,1271.68
7920,Miguel Flores,Escritorio,Norte,37.0,526.50,Abril 19 2024,1483.99
1333,Daniela Cruz,Tablet,Centro,31.0,1175.89,2025-02-14,790.48
5590,Camila Reyes,ESCRITORIO,Norte,44.0,789.87,09/01/2024,1172.47
4827,Jose Martinez,Monitor,occidente,28.0,$496.25,2026-04-10,1245.45
4962,Paola Rios,Silla,occidente,57.0,$318.34,2026-05-26,1918.03
1444,Daniela Cruz,Laptop,Sur,54.0,1073.23,2025-02-10,1667.95
3285,Daniela Cruz,Silla,Norte,36.0,"$1,064.01",2024-12-06,1386.02
215,Valeria Mendoza,Camara,norte,46.0,"$1,360.98",Febrero 19 2025,1206.56
7526,Luis Hernandez,Teclado,Sur,48.0,$705.67,2026-04-03,1518.57
5408,Camila Reyes,Escritorio,Centro,37.0,953.00,,1502.94
2911,Maria Lopez,Tablet,SUR,39.0,"$1,406.49",Diciembre 25 2024,1610.53
7067,Ana Garcia,Tablet,Occidente,45.0,"$1,181.91",2025-03-02,2039.23
9876,Valeria Mendoza,Teclado,Norte,43.0,517.83,2024-03-12,802.6
1420,Jorge Morales, Escritorio,CENTRO,,$921.88,10/01/2024,1390.21
8182,Maria Lopez,Escritorio,Sur,44.0,942.01,Enero 6 2024,1120.26
8725,Isabel Guzman,Laptop,norte,38.0,$778.29,2025-05-13,1135.53
182,Jose Martinez,Impresora,Centro,20.0,$613.62,06-03-2025,1071.4
9134,Diego Romero,Teclado,Centro,34.0,$819.15,15/03/2026,1434.93
8958,Camila Reyes, Mouse,Norte ,257.0,1113.15,05-26-2024,2015.66
2447,Diego Romero,Laptop,Occidente ,20.0,$974.30,Agosto 1 2024,1364.11
5681,Jose Martinez,TABLET,Occidente,30.0,sin dato,Noviembre 30 2024,1310.97
6731,Andres Ortiz,Camara,occidente,24.0,$925.81,Abril 1 2024,1365.04
6061,Jorge Morales, Laptop,Sur,33.0,$871.81,28/08/2024,1849.34
9965,Andres Ortiz,Mouse, Sur,30.0,$493.17,Septiembre 30 2025,1821.51
3449,Fernanda Castro, Mouse, Sur,60.0,$999.74,2025-12-27,1449.5
8329,Jose Martinez,Mouse,Occidente,25.0,1046.37,18/05/2026,1246.11
3173,Daniela Cruz,Silla,Centro,44.0,1138.65,06-16-2025,2132.64
1224,Andres Ortiz,Bocina,Norte,53.0,636.12,13/01/2025,1482.47
6664,Carlos Ramirez,Escritorio,Sur,8.0,$422.13,Enero 30 2026,1382.89
71,Diego Romero,Teclado,Centro,34.0,"$1,083.70",25/03/2026,936.38
545,Camila Reyes,Silla,Occidente,43.0,$774.20,01-31-2025,2189.11
1205,Andres Ortiz,Teclado,Sur,60.0,$619.73,2024-11-04,191.34
5823,Alejandro Diaz,Monitor,Norte,46.0,$479.81,Febrero 6 2024,2020.27
6088,Daniela Cruz,Impresora,Centro,12.0,857.37,06-10-2024,1578.28
9377,Daniela Cruz,Impresora,Norte,36.0,"$1,491.66",01-05-2024,1775.51
3147,Fernanda Castro,Teclado,NORTE,41.0,$272.95,Enero 10 2026,1312.64
8349,Valeria Mendoza,Impresora,Occidente ,22.0,$710.60,29/09/2024,1076.89
9971,Jose Martinez,Bocina,Centro,45.0,$687.79,Mayo 22 2026,1391.01
9187,Ana Garcia,Teclado,norte,41.0,$790.49,09/01/2024,1994.14
8575,Pedro Aguilar,Laptop,Sur,26.0,"$1,240.68",Enero 26 2024,895.43
4563,Ana Garcia,Laptop,occidente,30.0,1228.20,08/11/2024,854.6
5271,Jose Martinez,Bocina,CENTRO,51.0,1188.87,04-15-2025,393.97
8971,Fernanda Castro, Tablet, Sur,41.0,360.57,32/13/2026,1727.46
878,Valeria Mendoza,Tablet,Occidente,36.0,$571.40,Noviembre 11 2024,1661.43
8372,Camila Reyes, Tablet,Norte,38.0,869.70,2026-01-27,750.46
197,Sofia Torres,ESCRITORIO,sin informacion,55.0,483.79,14/08/2024,962.66
5590,Camila Reyes,ESCRITORIO,Norte,44.0,789.87,09/01/2024,1172.47
3746,Pedro Aguilar,Impresora,Centro ,45.0,$798.46,04-19-2025,1350.09
6701,Alejandro Diaz,Bocina,SUR,40.0,$712.60,27/09/2024,1482.22
2998,Sofia Torres,Mouse,Centro,30.0,"$1,131.84",Septiembre 8 2025,1684.61
2572,Isabel Guzman,Silla, Sur,38.0,"$1,118.76",Mayo 6 2026,2091.1
6256,Maria Lopez,Escritorio,Centro,33.0,$932.37,06-09-2025,1927.56
9650,Daniela Cruz,Mouse,Sur,64.0,1029.88,Marzo 3 2026,1241.92
8885,Jose Martinez,Silla,Norte,25.0,$775.41,04/10/2025,1562.76
9646,Andres Ortiz,SILLA,Sur,32.0,sin dato,2025-03-01,1455.4
6568,Luis Hernandez,Silla,Norte,49.0,1226.69,20/01/2024,1713.43
5112,Andres Ortiz,Tablet,sur,50.0,651.16,15/12/2024,1622.14
5699,Valeria Mendoza,Laptop,Centro,47.0,$747.62,2024-12-24,1128.44
6483,Isabel Guzman,LAPTOP,Sur ,50.0,"$1,421.99",2025-05-27,1472.03
2869,Alejandro Diaz,Silla, Sur,38.0,$932.87,10-31-2024,1243.9
2719,Ricardo Vargas,Camara,OCCIDENTE,31.0,522.62,Mayo 16 2026,1738.41
8913,Andres Ortiz,Silla,centro,26.0,511.29,2026-01-15,1792.56
6209,Carlos Ramirez,Teclado,Norte,50.0,984.23,32/13/2026,1159.52
8107,Jorge Morales,Silla,centro,29.0,781.27,2024-08-22,1256.84
5441,Paola Rios, Impresora,occidente,22.0,$857.33,11-21-2025,1362.76
5088,Laura Sanchez,Tablet,Centro ,35.0,sin dato,05-07-2025,1243.12
8271,Sofia Torres,Impresora,centro,31.0,"$1,068.99",22/08/2025,1815.16
1555,Jorge Morales,Escritorio,Norte ,19.0,972.26,17/11/2024,1008.33
2683,Miguel Flores,Tablet,Sur,16.0,"$1,295.43",09-26-2024,1349.72
4711,Carlos Ramirez,Camara,Centro ,49.0,$356.10,09/12/2025,1697.07
4619,Fernanda Castro,Monitor, Centro,25.0,793.95,Enero 20 2025,1282.28
3567,Daniela Cruz,Teclado,Norte,31.0,1601.12,07-05-2025,1866.86
8270,Paola Rios,Laptop,Centro,31.0,$888.03,02-16-2026,1513.89
219,Daniela Cruz,Escritorio,Sur,50.0,$580.55,2026-06-01,1615.87
9907,Alejandro Diaz, Camara,Norte,45.0,218.27,07-24-2024,1228.27
5014,Isabel Guzman, Tablet,Centro,37.0,"$1,002.81",11-21-2024,1654.8
7478,Diego Romero,Bocina,occidente,8.0,1443.81,Febrero 8 2024,705.82
2544,Miguel Flores,Teclado,Sur,28.0,$634.93,11-11-2024,1022.68
9920,Valeria Mendoza,MOUSE,Sur,48.0,735.32,Junio 14 2025,1427.63
1245,Alejandro Diaz,Silla,centro,33.0,1360.33,Enero 17 2026,1411.46
421,Isabel Guzman,Camara,Occidente,39.0,"$1,057.11",2024-12-03,1168.23
7499,Ricardo Vargas,BOCINA,Centro,32.0,1143.61,Noviembre 23 2025,1175.28
9230,Sofia Torres,LAPTOP,occidente,35.0,1037.65,Febrero 18 2025,1511.78
2059,Miguel Flores,Teclado,NORTE,39.0,$550.21,29/08/2024,1090.79
8743,Alejandro Diaz,TABLET,Occidente,46.0,"$1,506.46",06-07-2026,1441.94
6865,Isabel Guzman,Impresora, Occidente,51.0,$695.35,2025-04-20,1209.95
3885,Jose Martinez,Silla,Sur,38.0,778.68,2025-08-13,1939.94
4808,Alejandro Diaz,Silla,Sur,56.0,1225.14,2025-06-19,267.66
1167,Ana Garcia,Tablet,Occidente,50.0,"$1,313.28",31/03/2026,1915.92
255,Andres Ortiz,Monitor,Norte,35.0,"$1,084.06",2026-06-03,1391.23
416,Andres Ortiz,Tablet,NORTE,33.0,506.56,2024-07-31,1089.53
8651,Alejandro Diaz,Bocina,Centro,43.0,"$1,190.96",07-28-2024,1361.97
9448,Fernanda Castro,MOUSE,Centro ,29.0,$827.65,2026-03-08,1466.5
9694,Maria Lopez,Camara,Norte,40.0,"$1,076.03",Julio 5 2024,1419.93
3283,Pedro Aguilar,Bocina,Centro ,49.0,549.51,Febrero 10 2025,790.93
760,Valeria Mendoza,Camara,Norte,34.0,$385.36,Abril 28 2026,1110.5
1386,Laura Sanchez,SILLA,Norte,29.0,629.10,,1377.42
655,Ricardo Vargas,Teclado,Sur,41.0,714.14,07/02/2024,985.95
1202,Jorge Morales, Silla,Centro,23.0,$880.39,Septiembre 14 2024,1616.45
2414,Fernanda Castro,Mouse,CENTRO,38.0,723.54,2026-06-04,860.33
5548,Ana Garcia,Tablet,,33.0,$654.02,20/04/2026,1616.79
4554,Ricardo Vargas, Mouse, Occidente,30.0,1156.47,Abril 18 2025,1276.26
5379,Jorge Morales,Impresora,Centro,23.0,770.46,01-17-2025,1205.07
5654,Jorge Morales,Bocina,Occidente,17.0,$860.07,2024-08-14,1304.55
9350,Andres Ortiz,Impresora,Occidente,42.0,1375.99,2024-07-09,992.94
3045,Jose Martinez,MOUSE,Occidente,28.0,929.64,Diciembre 21 2025,1343.03
2831,Isabel Guzman,Tablet,Norte,39.0,$868.83,06-03-2024,972.15
4819,Paola Rios,Silla,Centro,37.0,400.23,07-27-2025,1254.53
329,Maria Lopez,ESCRITORIO,Norte,29.0,"$-1,016.47",2024-06-28,929.75
6413,Luis Hernandez,Bocina,Occidente,30.0,$771.04,32/13/2026,2598.15
6389,Laura Sanchez,Camara,CENTRO,19.0,$790.89,03-16-2024,1575.44
7930,Sofia Torres,Mouse,Occidente,22.0,50.00,Julio 14 2024,797.78
6225,Miguel Flores,Tablet,Occidente,28.0,$-468.79,2025-04-12,1473.39
2064,Valeria Mendoza,Impresora,,33.0,$823.70,13/07/2024,1846.19
7008,Fernanda Castro,Silla,sin informacion,30.0,$666.84,13/04/2024,1762.79
5169,Miguel Flores,Impresora,Sur,44.0,$809.10,Diciembre 20 2024,1120.69
3034,Maria Lopez,Bocina,,200.0,$352.23,,1582.86
8640,Miguel Flores,Laptop,Centro,19.0,"$1,257.52",Junio 18 2025,1227.7
8652,Ricardo Vargas,Silla,Centro,,$783.60,11/06/2026,1566.79
7483,Jorge Morales,Bocina,Centro ,43.0,$581.84,04-02-2025,1858.7
8299,Luis Hernandez, Teclado,Norte,54.0,663.06,23/06/2024,1398.14
1282,Valeria Mendoza,Mouse,Centro,46.0,$485.71,2024-03-05,1564.0
3020,Valeria Mendoza,Silla,Sur,41.0,$747.25,03/06/2025,1383.26
3030,Alejandro Diaz,Monitor,Sur,29.0,946.45,02-10-2025,1613.94
11,Paola Rios,Escritorio,SUR,41.0,1407.96,2025-03-02,1369.53
2637,Sofia Torres,Camara,NORTE,87.0,1072.53,2025-01-17,859.52
3781,Luis Hernandez,Teclado,SUR,47.0,721.28,Septiembre 9 2024,1491.72
6867,Daniela Cruz,Impresora,centro,49.0,634.65,Junio 15 2024,1555.5
7017,Fernanda Castro, Teclado,Sur,33.0,"$1,229.39",2025-05-19,1278.1
3019,Ricardo Vargas,Camara,Centro,50.0,1139.88,2025-11-18,175.8
2946,Maria Lopez,Tablet,Norte,45.0,$936.32,06/01/2024,1366.23
5199,Ricardo Vargas,Impresora,,36.0,655.56,Abril 1 2024,575.01
4195,Ricardo Vargas,Teclado,centro,40.0,591.41,09-24-2025,1506.57
5845,Alejandro Diaz,Camara,?,55.0,$386.80,Abril 4 2024,1887.25
2664,Jorge Morales,Tablet,Occidente,36.0,"$1,054.75",06-08-2026,1723.65
9849,Andres Ortiz,Laptop,Norte,51.0,"$-1,323.00",Diciembre 21 2024,459.73
1283,Miguel Flores,Monitor,Centro,21.0,$800.97,2026-05-23,1464.7
3956,Isabel Guzman,Monitor,sur,-7.0,"$1,047.62",2024-11-09,2147.11
1363,Miguel Flores,Silla,SUR,55.0,$787.49,32/13/2026,1615.27
4202,Valeria Mendoza,Mouse,Norte,54.0,1026.98,2024-06-27,987.59
3980,Jose Martinez,Laptop,Centro,29.0,831.15,2025-07-05,1109.0
1438,Andres Ortiz,Laptop,Norte ,33.0,767.01,2024-01-23,1632.54
9918,Miguel Flores,Impresora, Occidente,22.0,1066.03,07/03/2024,1129.92
9154,Camila Reyes,Monitor,CENTRO,228.0,$775.54,Julio 25 2025,1437.04
57,Paola Rios,Bocina,Occidente,28.0,1025.82,01-24-2024,1638.58
4903,Fernanda Castro,Escritorio,sur,52.0,425.71,2026-03-04,930.27
8728,Pedro Aguilar,Silla,Centro ,18.0,795.11,2024-05-26,1443.37
9150,Camila Reyes,Laptop,Sur,63.0,$836.60,05-14-2025,1623.76
1845,Valeria Mendoza,Monitor,NORTE,39.0,546.31,,1618.25
7402,Alejandro Diaz,Teclado,Occidente,38.0,"$1,424.34",07-14-2025,1332.99
8829,Fernanda Castro,Impresora,OCCIDENTE,45.0,"$1,482.40",2025-01-22,1502.44
5946,Maria Lopez,Silla,occidente,36.0,"$-1,010.83",03-17-2026,1958.1
2881,Ana Garcia,Bocina,Sur,32.0,$676.24,Marzo 27 2026,1330.03
1744,Ana Garcia,Teclado,Norte,32.0,1399.44,05-04-2024,1408.62
8645,Ana Garcia,Impresora, Occidente,39.0,1186.83,06-18-2024,2544.26
4631,Maria Lopez, Silla,Occidente ,22.0,836.28,12-16-2025,1533.85
5467,Ana Garcia,Escritorio,?,66.0,$970.75,Febrero 26 2025,1607.5
4059,Laura Sanchez,Tablet,Occidente,23.0,$665.67,2025-11-14,1824.49
741,Camila Reyes,Silla,Centro,39.0,$647.43,Septiembre 5 2024,1939.87
6799,Jorge Morales,Camara,Occidente ,44.0,$828.92,2025-10-21,2051.76
4342,Daniela Cruz,Silla,Centro,38.0,"$1,107.01",09-11-2025,1267.72
5274,Jorge Morales,Impresora,NORTE,60.0,sin dato,09/06/2024,1625.19
1625,Ricardo Vargas,Escritorio,Centro ,52.0,sin dato,32/13/2026,1878.23
525,Sofia Torres,Impresora,Norte,38.0,309.73,12-21-2024,1693.34
7026,Pedro Aguilar,Silla,Occidente,43.0,"$1,142.04",05/08/2024,1709.21
5661,Maria Lopez,Monitor,Sur ,59.0,"$1,114.77",2026-05-12,2170.24
3236,Ricardo Vargas,Camara,,33.0,sin dato,2025-12-03,1572.43
5230,Carlos Ramirez,Impresora,Norte,56.0,991.29,Mayo 9 2025,1705.65
3258,Jose Martinez,Teclado,sin informacion,331.0,631.20,Junio 12 2024,1494.08
9321,Carlos Ramirez,Escritorio,Centro ,37.0,750.44,06-08-2024,1579.76
7133,Diego Romero,Escritorio,Sur,41.0,969.51,05-04-2026,1279.56
4588,Sofia Torres,Monitor,Centro,51.0,$-826.07,Noviembre 21 2024,1328.81
436,Maria Lopez,LAPTOP,Norte ,56.0,$904.65,Octubre 4 2025,1332.64
7783,Camila Reyes, Laptop,Centro,34.0,838.92,2025-10-13,1819.06
5360,Sofia Torres,Tablet,Centro,44.0,964.39,2024-11-09,845.16
309,Sofia Torres,Monitor,SUR,25.0,$877.76,Junio 27 2025,538.33
1566,Jorge Morales,Impresora,Sur,37.0,1165.12,2024-07-02,1688.48
2632,Andres Ortiz,Silla,Norte,30.0,$776.60,13/03/2026,1024.28
5970,Luis Hernandez,Bocina,Sur,20.0,"$1,201.03",10/07/2024,1269.26
6933,Luis Hernandez, Laptop, Occidente,41.0,1086.00,2024-08-26,1422.14
402,Diego Romero, Teclado,Centro,48.0,"$1,438.88",2024-01-29,1305.64
4218,Sofia Torres,Mouse,SUR,22.0,$746.92,03-25-2026,1519.44
3069,Maria Lopez,Silla,Norte,62.0,"$1,197.39",Abril 13 2024,1667.55
882,Alejandro Diaz,MONITOR,Sur,29.0,466.92,04-04-2024,872.46
435,Daniela Cruz,Escritorio,Centro,40.0,862.98,03-26-2026,1168.77
7586,Ana Garcia,Mouse,Sur,,"$1,433.47",04/04/2024,579.97
3298,Isabel Guzman,Tablet, Sur,27.0,693.00,Enero 2 2024,1711.42
3709,Jorge Morales,Mouse,Norte,40.0,$689.59,Octubre 2 2024,1477.47
8319,Laura Sanchez,Teclado, Occidente,64.0,477.81,2024-05-13,1128.38
8653,Sofia Torres, Impresora,Norte,45.0,760.66,Junio 10 2025,842.4
5145,Fernanda Castro,Escritorio,Occidente,43.0,855.20,Mayo 14 2025,1726.98
6114,Fernanda Castro,Silla,norte,39.0,$838.86,11-04-2024,1456.59
6597,Alejandro Diaz,Tablet,Occidente,37.0,sin dato,Diciembre 8 2024,920.05
289,Paola Rios,Teclado,CENTRO,34.0,1099.67,05/04/2026,1592.18
5793,Miguel Flores,Impresora,sur,42.0,762.16,2025-12-10,1801.09
8570,Alejandro Diaz,Impresora,Centro,55.0,829.57,12/03/2024,1409.29
2624,Isabel Guzman,Camara,Centro,54.0,"$1,009.68",20/04/2024,1010.43
6404,Isabel Guzman, Tablet,Norte,38.0,sin dato,01-26-2025,1441.89
477,Camila Reyes,Bocina,Centro,40.0,sin dato,29/06/2024,1081.35
8973,Sofia Torres,Tablet,Sur,43.0,1204.85,,1232.03
9423,Jorge Morales,Silla,Occidente,25.0,$902.32,Octubre 12 2024,1128.97
232,Alejandro Diaz,TABLET,Sur,,$-950.65,Abril 15 2024,1213.82
9312,Alejandro Diaz,Camara,norte,28.0,$866.88,13/03/2025,1280.86
5937,Jose Martinez,Camara,SUR,38.0,685.56,Marzo 29 2025,1409.01
738,Sofia Torres,Camara, Sur,33.0,988.35,03-10-2026,1086.92
6996,Diego Romero,Tablet,sur,22.0,$473.62,2024-09-11,1201.75
843,Isabel Guzman,Tablet,Centro,56.0,1289.74,02/01/2025,1495.12
9421,Jorge Morales,Silla,Occidente ,26.0,969.20,Enero 13 2025,1307.48
5770,Paola Rios,LAPTOP,Occidente,44.0,409.93,14/10/2024,975.36
5932,Paola Rios,CAMARA,centro,25.0,$534.20,11/03/2025,1195.29
5217,Diego Romero,Mouse,norte,,$658.73,2024-08-03,1919.12
3252,Valeria Mendoza,Tablet,Sur,26.0,$879.96,Marzo 6 2025,1207.31
4421,Valeria Mendoza,SILLA, Centro,30.0,585.79,2025-05-03,1146.33
5466,Ricardo Vargas, Mouse,Norte,28.0,$906.61,11-12-2024,1276.39
5844,Ana Garcia,Mouse,Occidente,37.0,"$1,201.34",2025-06-13,1064.76
4141,Valeria Mendoza,LAPTOP,occidente,52.0,1244.66,Septiembre 20 2025,1894.82
1322,Carlos Ramirez, Impresora,Norte,37.0,"$-1,106.65",Junio 9 2026,1785.49
1840,Ricardo Vargas,Teclado,Norte,70.0,1106.92,03/01/2024,1255.39
1996,Ana Garcia,Camara,Occidente,37.0,1109.28,01-02-2024,1429.08
2400,Valeria Mendoza,Tablet,Norte,36.0,915.88,2024-09-18,1005.71
7857,Luis Hernandez,Camara,Norte,29.0,$854.84,27/03/2024,1165.16
3708,Diego Romero,Impresora, Occidente,45.0,844.80,01-30-2025,1733.5
4383,Miguel Flores,Impresora, Sur,36.0,$915.08,2024-12-21,1943.15
4166,Andres Ortiz,Bocina,Sur,33.0,$906.49,2025-07-20,1480.56
801,Ana Garcia,Silla,Centro,48.0,$884.70,2026-05-07,1596.7
5664,Jorge Morales,Escritorio,Centro,39.0,871.59,01/10/2024,1356.64
8453,Valeria Mendoza,Tablet,Occidente,18.0,$582.03,11/10/2024,1194.9
1406,Jose Martinez,Laptop,Norte,38.0,911.99,14/08/2024,1125.37
6861,Valeria Mendoza,Monitor,Sur,55.0,$649.48,Febrero 4 2025,1259.82
70,Jorge Morales,Escritorio,Occidente,27.0,1171.30,18/04/2026,1769.57
7235,Miguel Flores,Mouse,sur,39.0,$785.60,Mayo 16 2026,1316.44
2760,Daniela Cruz,Impresora,sur,54.0,804.71,2025-12-08,1578.81
8573,Isabel Guzman,Escritorio,Sur,34.0,$526.82,2025-08-05,1600.39
4412,Ricardo Vargas,Impresora,,43.0,$542.37,2024-04-23,1146.67
1587,Camila Reyes,Monitor,occidente,33.0,1632.14,Enero 8 2026,2215.78
4534,Diego Romero,Mouse,Centro,26.0,sin dato,,1584.8
4437,Andres Ortiz,Tablet,SUR,52.0,$940.89,Agosto 2 2024,1247.99
5954,Andres Ortiz,Camara,Centro,24.0,808.70,04/11/2024,1192.77
1075,Jorge Morales,Teclado,Norte,65.0,1531.18,2025-03-30,2103.42
6177,Valeria Mendoza,Silla,Occidente,30.0,1071.13,,1414.85
3509,Luis Hernandez,Impresora,sur,,899.61,13/11/2024,1686.5
1470,Luis Hernandez,Monitor,SUR,65.0,"$1,227.95",21/04/2025,1787.71
9339,Andres Ortiz,CAMARA,Norte ,51.0,523.28,12/12/2024,996.74
2604,Ricardo Vargas,IMPRESORA,Occidente,70.0,$866.98,2026-05-13,1709.64
8618,Isabel Guzman,Mouse,SUR,51.0,885.73,2024-10-20,882.02
1580,Fernanda Castro,Impresora,Norte,37.0,1054.72,28/03/2026,1021.12
3530,Maria Lopez,Mouse,Occidente,23.0,925.99,Marzo 17 2026,1654.18
3904,Ana Garcia,Tablet,Sur,54.0,$-447.42,21/06/2025,1053.08
4031,Paola Rios,Camara,Sur,25.0,535.18,32/13/2026,1389.33
410,Ana Garcia,Monitor,Centro,40.0,$572.06,11-25-2024,1497.67
3796,Carlos Ramirez,Laptop,Sur,7.0,$810.82,24/04/2024,1750.39
2953,Isabel Guzman, Tablet,Occidente,44.0,$542.20,2024-08-30,1347.51
7770,Pedro Aguilar,Impresora,Centro,60.0,799.16,Abril 21 2025,1126.21
7436,Camila Reyes,Laptop,Sur,51.0,946.86,Julio 31 2025,1710.24
4185,Luis Hernandez,Silla,Centro,43.0,$169.90,22/09/2025,1068.78
3092,Miguel Flores,Camara,Centro,18.0,859.36,Noviembre 12 2024,2038.75
2727,Maria Lopez, Impresora,Norte,45.0,433.86,2025-02-01,1954.02
478,Ana Garcia,Impresora,SUR,43.0,1285.50,22/03/2025,1265.05
1330,Sofia Torres,Teclado, Norte,25.0,sin dato,03/03/2026,1492.41
2284,Diego Romero,MONITOR,Sur,35.0,$504.49,06-30-2025,1469.74
9933,Ana Garcia,Laptop,occidente,27.0,$223.02,Julio 3 2025,1668.55
4878,Daniela Cruz,Teclado,Centro,29.0,931.80,2026-03-13,1181.21
1778,Jose Martinez,Camara,SUR,32.0,1082.06,05/01/2025,1875.64
6499,Sofia Torres,Laptop, Centro,34.0,954.76,2025-07-14,1227.86
752,Maria Lopez, Escritorio,OCCIDENTE,50.0,745.83,25/12/2024,1595.9
6178,Paola Rios,Impresora,Occidente,45.0,$758.25,2025-05-08,978.28
4340,Paola Rios,Laptop,Centro,29.0,$874.16,10-13-2025,1382.05
9095,Laura Sanchez,Camara,centro,45.0,821.63,05/10/2024,1575.92
6429,Andres Ortiz,Teclado,Norte,25.0,850.46,2025-11-29,1345.73
7627,Laura Sanchez,Laptop,Sur,33.0,327.25,12/10/2024,1065.55
6148,Valeria Mendoza, Impresora,?,49.0,"$1,303.37",23/01/2026,1304.91
1032,Jose Martinez, Tablet,Norte,38.0,570.11,Abril 20 2026,1284.96
5545,Laura Sanchez,Bocina,NORTE,40.0,1344.30,Marzo 24 2025,1169.79
5501,Isabel Guzman,IMPRESORA,Sur,33.0,"$1,078.83",02-10-2025,1679.84
469,Jose Martinez, Bocina,Occidente,48.0,sin dato,31/03/2026,1364.04
1546,Ricardo Vargas,TECLADO,Sur,36.0,981.57,2025-04-22,1487.64
8770,Camila Reyes,Impresora,Norte,27.0,1036.87,Diciembre 16 2024,1578.46
8818,Alejandro Diaz,Bocina,Sur,60.0,1154.60,05-01-2024,1276.3
2684,Camila Reyes,Tablet,Norte,33.0,1132.43,10-30-2024,1248.83
8952,Andres Ortiz,Tablet,Occidente,30.0,$394.99,Septiembre 10 2025,1107.51
6593,Miguel Flores,Camara, Occidente,38.0,$865.92,2024-10-02,1199.57
1026,Luis Hernandez,Impresora,Norte,41.0,$871.46,2026-03-01,1210.08
4263,Carlos Ramirez, Impresora,Norte,50.0,$551.03,Abril 5 2025,1795.27
9062,Diego Romero,Silla,NORTE,35.0,"$-1,319.80",02-09-2024,1182.04
5730,Daniela Cruz,Bocina,Centro,,$750.86,2025-04-09,1191.46
6849,Sofia Torres,Monitor,Sur,51.0,145.67,11-18-2024,1529.98
2355,Sofia Torres, Silla,?,39.0,1104.75,2025-08-22,1558.68
5457,Jose Martinez,Tablet,Sur ,25.0,540.86,Febrero 6 2025,1942.1
4092,Ana Garcia,Tablet,Centro ,48.0,"$1,087.60",14/04/2025,1249.0
774,Valeria Mendoza,Laptop, Centro,28.0,$775.98,15/07/2025,1408.03
3466,Valeria Mendoza,Camara,Occidente,38.0,"$1,098.07",03-08-2024,934.6
9072,Luis Hernandez,Mouse,Centro,36.0,395.32,Junio 21 2024,872.76
4234,Carlos Ramirez,Mouse,Sur,34.0,$713.62,Octubre 4 2024,1715.2
8157,Luis Hernandez,Bocina,CENTRO,23.0,"$1,031.57",2025-07-07,805.23
642,Isabel Guzman,Laptop,Occidente,30.0,$-280.81,04/12/2025,978.72
4503,Pedro Aguilar,Silla,Occidente,44.0,$345.43,13/05/2026,1419.47
6420,Luis Hernandez,Tablet,Occidente,43.0,437.55,2024-08-24,1175.08
4367,Jose Martinez,Mouse,Norte,29.0,$458.73,Mayo 3 2024,946.93
8070,Maria Lopez,Impresora,Centro,22.0,$669.25,20/04/2025,1138.36
3593,Pedro Aguilar,Silla,Sur,27.0,704.59,Enero 18 2026,1429.86
8892,Jorge Morales,Teclado,Sur,38.0,$975.11,01-20-2024,1581.22
1109,Isabel Guzman,TECLADO,Norte,45.0,752.89,2025-06-16,1598.91
7830,Miguel Flores,Impresora,Occidente ,28.0,$448.81,2024-04-12,1516.15
6423,Jose Martinez, Monitor,Occidente,42.0,$600.00,Septiembre 7 2025,2150.21
1421,Isabel Guzman,Silla,Norte,29.0,631.06,Octubre 6 2025,1105.61
5341,Sofia Torres,Silla,Occidente,42.0,1395.16,12-03-2025,1567.32
5170,Ana Garcia, Silla,centro,39.0,$808.08,24/03/2026,1368.02
6953,Camila Reyes,Silla, Norte,56.0,"$1,351.40",Septiembre 1 2025,1188.61
6791,Alejandro Diaz,Laptop,Centro,30.0,"$1,196.79",2024-08-22,1623.29
5273,Laura Sanchez,Escritorio,CENTRO,45.0,849.27,Marzo 15 2025,1025.48
5864,Laura Sanchez,Silla,centro,31.0,600.40,Diciembre 17 2024,1777.14
963,Camila Reyes,Laptop,Sur,31.0,sin dato,04-20-2025,1300.02
1681,Isabel Guzman,Teclado,Sur,62.0,"$1,027.56",09-27-2024,1439.0
4192,Sofia Torres,Teclado,SUR,35.0,$759.33,Agosto 13 2025,901.18
634,Miguel Flores,Laptop,Sur ,61.0,$860.44,17/07/2024,1108.92
2570,Isabel Guzman,Camara,Occidente,50.0,236.66,Marzo 12 2025,932.65
9335,Isabel Guzman,Tablet,OCCIDENTE,27.0,418.69,03-01-2025,1318.83
3791,Maria Lopez,Monitor,Centro,27.0,"$1,152.16",Febrero 1 2026,1284.43
3310,Isabel Guzman,Silla,norte,18.0,$812.61,2026-02-12,1441.01
2167,Sofia Torres,Escritorio,Centro,52.0,1186.04,Septiembre 28 2025,1584.56
364,Alejandro Diaz,Mouse,Centro,47.0,sin dato,2025-12-10,2069.56
7982,Pedro Aguilar,Camara,centro,20.0,693.43,2026-04-15,1441.67
2826,Camila Reyes,Impresora,Occidente,41.0,1133.39,32/13/2026,1670.35
9750,Paola Rios,Teclado,Sur ,40.0,"$1,251.87",Marzo 3 2024,755.51
6662,Isabel Guzman,Monitor,sur,32.0,970.70,04/08/2024,1688.68
8013,Luis Hernandez,Camara, Sur,13.0,$691.08,,1972.99
7653,Carlos Ramirez,LAPTOP,Norte,43.0,$752.39,09-20-2024,794.69
3998,Camila Reyes,Camara,Occidente,,932.99,04-19-2024,1882.45
4149,Alejandro Diaz,Teclado,Norte,50.0,335.84,08-19-2024,1307.97
4476,Sofia Torres,ESCRITORIO,Norte,34.0,"$1,302.63",09/03/2025,1251.41
3339,Alejandro Diaz, Camara,Centro,42.0,1212.65,2026-01-25,1183.8
3705,Isabel Guzman,Silla, Norte,52.0,$590.69,10/08/2024,1852.7
1173,Miguel Flores,Teclado,Norte,43.0,$-785.23,2024-02-27,2059.91
4329,Ana Garcia, Laptop,Norte,42.0,$436.17,2025-06-16,1190.24
9175,Daniela Cruz,Monitor,Norte,38.0,803.36,25/10/2025,1193.61
7913,Laura Sanchez,Teclado,Occidente,39.0,494.96,03-20-2026,1819.57
2577,Carlos Ramirez,Teclado,Occidente,29.0,489.13,22/12/2025,1242.77
1990,Isabel Guzman,Silla,Occidente,25.0,$890.10,2024-02-12,1436.07
7432,Camila Reyes,Laptop,Norte ,37.0,$915.88,08-09-2024,1495.9
3510,Sofia Torres,Impresora,Centro,37.0,$699.75,2025-09-25,1256.69
4455,Fernanda Castro, Teclado,Centro,30.0,839.86,16/04/2024,1422.02
9163,Andres Ortiz,Teclado,Sur ,55.0,"$1,157.02",08-13-2025,1634.1
4863,Alejandro Diaz,Silla,Norte,30.0,$781.79,Abril 14 2025,1394.22
3647,Fernanda Castro,Impresora,SUR,50.0,403.40,01-01-2024,1773.43
5763,Jose Martinez,Impresora,SUR,57.0,659.18,Junio 14 2024,1133.25
2629,Fernanda Castro,Monitor,Occidente ,35.0,1047.54,Marzo 11 2024,1588.46
378,Valeria Mendoza,Camara,norte,-2.0,$575.31,01/12/2025,98000.0
1411,Luis Hernandez,Laptop,Norte,25.0,618.55,Marzo 13 2025,1536.08
5138,Andres Ortiz,Tablet, Occidente,48.0,695.60,08/05/2025,1643.75
4239,Diego Romero,Teclado,Centro,33.0,"$1,143.12",Septiembre 18 2025,1501.24
4583,Jose Martinez,Teclado,Norte,38.0,sin dato,Febrero 29 2024,2063.88
6581,Jorge Morales,Tablet, Centro,41.0,487.16,Diciembre 25 2025,1418.49
7198,Pedro Aguilar,Impresora,Sur,28.0,1205.58,09/12/2025,1076.67
6993,Laura Sanchez,Laptop,,54.0,"$-1,096.07",,956.43
816,Camila Reyes,Monitor, Centro,53.0,1106.54,2024-10-19,1414.4
2405,Miguel Flores,Mouse,Occidente,27.0,729.40,2026-02-14,1555.81
5759,Paola Rios, Silla,Centro,38.0,$940.29,Agosto 22 2024,906.42
2880,Pedro Aguilar,Silla,Occidente ,35.0,$803.19,,1580.45
5571,Diego Romero,Camara,Centro,43.0,844.31,10/04/2025,1153.37
2132,Pedro Aguilar,Camara,Sur,46.0,1079.84,2026-04-16,1243.18
1798,Jose Martinez,Silla,Norte ,36.0,$826.51,Enero 28 2026,1232.87
3091,Sofia Torres,LAPTOP,OCCIDENTE,45.0,"$1,007.23",2024-04-20,792.93
9310,Daniela Cruz,Camara,Norte ,38.0,761.19,Julio 8 2025,1540.97
4866,Ricardo Vargas,Bocina,Norte,28.0,602.33,2025-10-25,1038.64
3123,Jorge Morales,Impresora,Occidente,45.0,751.51,32/13/2026,1642.95
9992,Laura Sanchez,Impresora,Occidente,58.0,$-647.35,2025-04-05,1311.43
5372,Valeria Mendoza,CAMARA, Sur,47.0,$844.65,2024-07-26,1939.47
7385,Fernanda Castro,Monitor,norte,33.0,1097.93,26/06/2025,1366.67
123,Andres Ortiz,Bocina,Norte,20.0,$783.26,,1479.6
180,Paola Rios, Teclado,Sur,52.0,876.71,2025-11-06,1734.27
9525,Jorge Morales,Laptop,norte,44.0,$592.50,06/07/2025,1520.08
7900,Carlos Ramirez,Monitor, Sur,52.0,$-981.04,04/06/2026,914.52
4823,Isabel Guzman,Teclado,Norte ,48.0,$881.30,06/03/2025,1513.23
8730,Valeria Mendoza,Bocina,Sur,40.0,$961.90,2026-02-04,1513.3
4192,Sofia Torres,Teclado,SUR,35.0,$759.33,Agosto 13 2025,936.78
5737,Carlos Ramirez,Camara,sur,20.0,$579.93,2024-07-21,1283.98
1158,Alejandro Diaz,Camara,Sur ,27.0,1321.11,03/02/2025,1797.04
238,Daniela Cruz,Laptop,Sur,29.0,"$1,160.06",2025-09-03,960.13
1533,Isabel Guzman,Tablet,Centro,49.0,$50.00,05-27-2024,1995.38
5235,Miguel Flores,Silla,Occidente,44.0,$878.81,23/02/2025,1349.84
3411,Luis Hernandez,Camara,CENTRO,28.0,$-723.68,08/09/2024,1632.36
6725,Carlos Ramirez,Impresora,Norte ,21.0,1200.08,22/06/2025,1287.68
9381,Ana Garcia,Laptop,Sur,39.0,$368.22,09/06/2025,1459.62
1536,Ana Garcia,Escritorio,sur,42.0,"$1,055.72",10/11/2025,1715.59
3394,Jose Martinez,MOUSE,Centro,25.0,$775.80,09-18-2025,1059.85
9938,Ana Garcia,Monitor,Occidente,40.0,724.19,Noviembre 2 2025,1730.68
8066,Fernanda Castro, Mouse,norte,42.0,1001.61,12-03-2025,1876.26
899,Luis Hernandez,Escritorio,OCCIDENTE,27.0,$507.59,Junio 15 2025,1476.23
2606,Diego Romero,Silla,Occidente,45.0,847.14,Enero 13 2024,1294.13
1723,Andres Ortiz,Silla,Sur,48.0,"$1,344.55",01/04/2025,1087.63
7504,Paola Rios,Impresora,Centro,43.0,1509.17,07-24-2025,1390.42
7946,Paola Rios,Camara,Norte ,39.0,$632.16,2025-11-22,1227.94
2178,Jorge Morales,Mouse,Occidente ,35.0,50.00,2025-12-27,1035.87
8337,Miguel Flores,Tablet,norte,22.0,"$1,139.73",01-17-2026,1246.16
2352,Diego Romero,Tablet,centro,30.0,686.94,,875.14
3326,Diego Romero,Monitor,Sur,21.0,$456.40,2025-09-15,2132.45
6596,Jorge Morales,TECLADO,NORTE,27.0,681.05,Abril 1 2024,1911.6
6430,Maria Lopez,Teclado,Occidente,59.0,sin dato,28/03/2024,1304.17
8269,Maria Lopez,Laptop,Norte,23.0,286.56,24/09/2024,735.63
4861,Luis Hernandez, Tablet,Norte,48.0,970.56,30/11/2025,1010.15
2135,Daniela Cruz,Bocina,Occidente,41.0,$667.95,,1242.83
1481,Jose Martinez,Teclado,Centro,19.0,337.03,04-23-2026,1648.65
2794,Paola Rios,Bocina,Occidente,30.0,1035.15,04/01/2026,1390.13
6920,Diego Romero, Silla,Sur,29.0,651.51,03-28-2024,1556.72
3571,Diego Romero,Laptop,Sur,26.0,$857.46,10-05-2025,1331.54
9288,Ana Garcia,Monitor,Centro,25.0,487.51,2024-11-12,1737.53
4933,Alejandro Diaz,Escritorio,Sur ,43.0,922.70,12-19-2024,1591.5
3690,Jose Martinez,Escritorio,Sur,45.0,"$1,030.14",2024-05-31,1800.27
8519,Isabel Guzman,ESCRITORIO,Centro,42.0,$649.18,Septiembre 3 2024,1685.85
4203,Sofia Torres, Camara,Occidente,48.0,$141.01,Septiembre 25 2025,1891.36
3913,Jose Martinez, Teclado,Centro,44.0,$137.16,2025-10-01,1743.49
4909,Diego Romero,Bocina,Centro,64.0,$973.41,Abril 13 2025,1191.48
5975,Pedro Aguilar, Escritorio,,35.0,"$1,030.48",Enero 11 2025,1329.21
5304,Daniela Cruz,Teclado,Occidente,38.0,1032.98,02-06-2025,1892.66
1953,Luis Hernandez,Escritorio,centro,38.0,$689.00,32/13/2026,1509.83
556,Paola Rios, Bocina,Sur,41.0,$408.80,04-27-2025,1746.42
5124,Andres Ortiz,Teclado,Sur,28.0,"$1,259.14",2024-01-08,658.13
1164,Paola Rios,Mouse, Sur,41.0,$858.94,10/06/2024,1364.97
1585,Fernanda Castro,Mouse,Occidente,22.0,$963.79,2026-01-28,1889.63
6310,Jose Martinez,Escritorio,Occidente,53.0,$421.83,05-09-2024,1545.79
6557,Maria Lopez,Bocina,Norte ,48.0,"$1,235.24",11-21-2025,728.0
3929,Andres Ortiz, Escritorio,SUR,22.0,848.61,32/13/2026,1484.43
6224,Carlos Ramirez,Teclado,Norte,30.0,"$1,266.71",2025-09-21,1657.09
7162,Diego Romero,Silla,Sur,38.0,603.44,11-03-2024,1226.62
5596,Miguel Flores,CAMARA,Norte,23.0,sin dato,Junio 30 2024,1091.42
1460,Paola Rios, Teclado,OCCIDENTE,33.0,1077.07,Junio 23 2024,982.5
5211,Maria Lopez,Laptop,Occidente,55.0,583.71,02-04-2025,1890.21
1599,Camila Reyes,SILLA,Sur,43.0,"$1,038.01",Agosto 28 2025,1852.64
7654,Carlos Ramirez,Bocina,Sur,43.0,$956.42,09-26-2024,2028.6
301,Miguel Flores,Laptop,Norte,7.0,1020.43,2024-11-12,860.63
8656,Valeria Mendoza,Laptop, Norte,44.0,$470.80,Abril 5 2025,990.33
9951,Daniela Cruz,Tablet,Sur,27.0,749.55,2024-08-06,1732.01
6588,Jorge Morales,Laptop,Norte,44.0,502.48,04/11/2025,1291.76
7640,Camila Reyes,Camara,Occidente,30.0,723.26,09/11/2024,1698.59
7808,Paola Rios,Mouse,Centro,39.0,$824.57,10/04/2024,1835.42
6061,Jorge Morales, Laptop,Sur,33.0,$871.81,28/08/2024,1762.42
4620,Alejandro Diaz,Mouse,Sur,42.0,564.72,Septiembre 30 2025,1840.18
2859,Valeria Mendoza,Tablet, Centro,37.0,777.92,2025-10-19,1036.44
4036,Ana Garcia,LAPTOP,OCCIDENTE,62.0,"$1,070.52",03/02/2024,1250.94
4082,Carlos Ramirez,Escritorio,norte,38.0,$739.40,15/05/2026,1362.02
3143,Jorge Morales, Laptop,Norte,33.0,$785.62,Junio 20 2025,1071.15
1360,Miguel Flores,Mouse, Sur,34.0,$-799.16,05-11-2025,1747.24
4833,Miguel Flores, Impresora,Centro,27.0,"$1,449.57",02-18-2024,1378.03
1936,Jose Martinez,Teclado,Occidente,,"$1,030.80",06-17-2025,1820.42
3206,Andres Ortiz, Teclado,Sur,54.0,654.50,27/03/2024,1450.04
7779,Daniela Cruz,Silla,OCCIDENTE,18.0,1118.10,Junio 4 2025,1058.52
487,Sofia Torres,Tablet,Occidente,30.0,$705.28,Marzo 10 2024,1259.67
9333,Fernanda Castro,Teclado,Sur,38.0,"$1,029.56",2024-08-20,1840.5
9478,Maria Lopez,Escritorio,SUR,50.0,$273.86,04-20-2025,796.9
9855,Andres Ortiz,Escritorio,occidente,41.0,"$1,011.41",Octubre 6 2025,1442.12
8305,Sofia Torres,Escritorio,Sur,25.0,641.54,32/13/2026,1272.73
8623,Alejandro Diaz,Escritorio,Centro,44.0,1094.41,Enero 21 2024,1833.37
6479,Valeria Mendoza,Bocina,Sur,41.0,"$1,142.17",08-24-2025,1620.78
3338,Luis Hernandez,Monitor,SUR,23.0,sin dato,04-04-2026,1644.16
3609,Fernanda Castro,Laptop,CENTRO,-5.0,$901.02,2024-02-08,1361.36
9935,Ana Garcia,Escritorio,Norte ,27.0,914.64,Octubre 3 2025,1726.44
1153,Daniela Cruz,Monitor,Sur,25.0,1327.12,Septiembre 28 2025,1362.38
5744,Jorge Morales,Laptop,Norte,39.0,670.29,14/08/2024,1755.49
2679,Ricardo Vargas,Silla,OCCIDENTE,29.0,$961.49,Abril 7 2024,1420.65
1213,Jorge Morales,Laptop,Sur,23.0,"$-1,137.96",2024-10-19,1423.26
408,Maria Lopez,Impresora,Sur,31.0,sin dato,2025-07-29,1304.91
5205,Paola Rios,Laptop,Norte,43.0,522.87,06-14-2026,1378.45
7377,Fernanda Castro,Monitor,Sur,260.0,927.28,10-21-2025,1199.65
9612,Valeria Mendoza,Camara,Centro,30.0,$582.18,29/05/2026,822.93
9993,Isabel Guzman,Laptop,Norte,41.0,$421.40,02-22-2024,1814.19
8515,Ricardo Vargas,Teclado,Occidente,42.0,737.74,12-08-2025,1142.9
7144,Maria Lopez,Tablet,Norte,32.0,$807.06,2025-09-01,1321.61
8037,Pedro Aguilar,Escritorio,Sur,35.0,$863.93,27/02/2024,1814.8
5016,Isabel Guzman, Camara,centro,70.0,811.67,Diciembre 17 2025,1523.78
666,Andres Ortiz,Teclado,Centro,38.0,413.90,25/04/2025,1646.51
7169,Miguel Flores,Silla,Centro,48.0,"$1,234.07",01-16-2025,1827.61
8498,Jose Martinez,Escritorio,Norte,37.0,413.95,Diciembre 20 2025,1540.71
8577,Ricardo Vargas,TABLET,Sur,12.0,"$1,244.68",2025-03-25,2129.39
643,Alejandro Diaz,Bocina,Occidente,31.0,$-671.35,Marzo 5 2025,903.07
9517,Daniela Cruz,Camara,Centro,53.0,888.96,,532.19
177,Valeria Mendoza,Bocina,Centro,32.0,"$1,514.34",Noviembre 7 2024,1220.95
6443,Paola Rios,Tablet, Occidente,44.0,972.22,Julio 18 2024,1050.96
6151,Ana Garcia,Laptop,centro,25.0,$635.31,24/05/2025,1564.87
9060,Ricardo Vargas,Teclado,NORTE,56.0,798.87,17/05/2026,1566.44
787,Ana Garcia,Laptop,Sur,29.0,963.25,20/05/2024,904.27
6819,Valeria Mendoza,Escritorio,Sur,26.0,sin dato,11/08/2025,1345.12
6787,Fernanda Castro,Laptop, Occidente,35.0,1063.60,2026-05-04,1268.32
7319,Paola Rios,Camara,sur,44.0,"$1,110.67",01-06-2025,1453.15
3203,Diego Romero,Camara,OCCIDENTE,,522.30,19/01/2025,1389.78
5126,Valeria Mendoza,Monitor,Centro,41.0,1136.93,,1604.0
5742,Fernanda Castro,LAPTOP, Occidente,49.0,$702.85,10-06-2025,1472.6
8311,Luis Hernandez, Laptop,Occidente,-5.0,779.47,16/07/2025,1539.48
6482,Alejandro Diaz,Laptop, Norte,34.0,614.98,30/07/2024,1427.65
92,Camila Reyes,Tablet,Sur,42.0,$897.34,2026-03-29,938.19
9283,Maria Lopez,Monitor,Norte ,25.0,636.11,Febrero 19 2024,1208.59
6110,Fernanda Castro,Tablet,?,47.0,$532.28,2026-03-08,1554.32
9787,Paola Rios, Escritorio, Sur,35.0,941.37,2025-09-16,1841.15
5285,Pedro Aguilar, Laptop,Centro,57.0,$659.20,,1490.57
1972,Isabel Guzman,Mouse,NORTE,35.0,350.12,,2103.77
2906,Alejandro Diaz,Impresora,Sur,66.0,$-358.18,04-11-2024,1220.14
531,Ricardo Vargas,Teclado,occidente,62.0,"$1,000.53",2024-03-10,1224.94
4113,Jose Martinez,MOUSE,norte,41.0,$518.64,03-07-2025,2226.14
997,Paola Rios,Teclado,occidente,18.0,$627.98,2025-08-26,1738.72
3870,Valeria Mendoza,Escritorio,Occidente,44.0,"$1,316.16",11/06/2026,1359.97
9939,Fernanda Castro,Monitor,Sur,35.0,$933.93,2025-01-29,125000.0
9494,Daniela Cruz,Escritorio,Sur ,71.0,$607.25,07-18-2024,762.37
6671,Jose Martinez,Teclado,Sur,43.0,1153.94,2024-09-03,1293.12
2313,Paola Rios,Silla,Occidente,56.0,1241.65,2024-12-05,1038.77
2155,Valeria Mendoza,Escritorio,OCCIDENTE,27.0,sin dato,Julio 13 2025,1606.92
6860,Camila Reyes,Silla,Occidente,57.0,595.00,Noviembre 25 2024,1450.54
7542,Isabel Guzman,Monitor,Occidente,48.0,$526.96,02/10/2025,1500.38
1428,Isabel Guzman,Escritorio,Norte ,44.0,1307.55,32/13/2026,1006.06
4908,Diego Romero,Escritorio,CENTRO,33.0,888.40,Enero 10 2026,1295.36
5305,Laura Sanchez,Impresora,Sur,34.0,"$1,093.17",12-10-2024,2168.93
8354,Fernanda Castro,Impresora,Centro,26.0,"$1,035.03",2024-11-12,2058.21
4206,Camila Reyes,SILLA,Sur,52.0,sin dato,2026-01-23,1101.32
4032,Paola Rios,Tablet,norte,52.0,"$1,007.50",05-17-2026,643.86
5607,Jorge Morales,Escritorio,CENTRO,54.0,"$1,034.97",Noviembre 19 2024,1704.34
3086,Miguel Flores,Tablet, Sur,38.0,"$1,127.45",2024-06-23,1698.68
7919,Luis Hernandez,Escritorio,Occidente,42.0,"$1,189.70",Julio 18 2025,1590.36
6652,Camila Reyes,TECLADO,Centro,60.0,1042.01,,1718.14
4101,Luis Hernandez,Tablet,Sur,38.0,838.25,Octubre 12 2025,1579.85
6031,Alejandro Diaz,Silla,Occidente,27.0,939.10,Febrero 15 2026,1483.65
5454,Diego Romero, Monitor,occidente,52.0,$-554.84,05/05/2024,1459.06
496,Daniela Cruz,Teclado,Sur,55.0,sin dato,16/03/2026,776.23
5641,Diego Romero,Bocina,sin informacion,42.0,808.90,Diciembre 23 2024,1110.35
2322,Ana Garcia, Escritorio,NORTE,28.0,641.86,Febrero 16 2025,1582.22
6352,Ana Garcia,Camara,NORTE,36.0,$-351.93,01-18-2026,1322.57
6131,Luis Hernandez,Mouse,Norte ,35.0,"$1,222.85",12-03-2025,1600.15
152,Carlos Ramirez,Teclado,Centro,35.0,1079.93,2025-09-04,1208.98
6621,Maria Lopez,Camara,occidente,38.0,"$1,165.28",Enero 29 2025,1084.39
695,Luis Hernandez,Bocina,Norte,21.0,sin dato,,1763.53
4707,Jorge Morales,Escritorio,Occidente,21.0,$613.10,Julio 23 2025,1742.99
6074,Fernanda Castro,Impresora,Occidente,28.0,1340.33,05/05/2025,1569.63
1739,Ana Garcia, Teclado, Occidente,42.0,708.54,,1379.17
3002,Andres Ortiz,Tablet,CENTRO,41.0,"$1,249.51",32/13/2026,1287.09
168,Jose Martinez,Laptop,occidente,24.0,"$1,176.51",30/05/2024,973.09
9759,Alejandro Diaz,Teclado,Centro,47.0,$256.76,2024-01-03,1742.45
4964,Laura Sanchez,TABLET,Centro,34.0,1108.09,15/09/2025,1459.63
2866,Ana Garcia,Monitor,Centro,15.0,926.47,Abril 12 2024,896.42
8797,Sofia Torres,Laptop,Occidente ,60.0,$589.09,,76000.0
7804,Camila Reyes,Tablet,centro,40.0,1015.04,17/04/2025,1167.29
6278,Diego Romero,Bocina,Sur,31.0,"$1,194.55",24/05/2025,1691.4
2884,Ana Garcia,Tablet,sur,43.0,647.65,Julio 12 2024,1158.3
3032,Carlos Ramirez,Impresora,sur,39.0,"$1,086.95",26/03/2026,1381.44
6160,Carlos Ramirez,TABLET,Occidente,33.0,1310.83,20/02/2024,1843.44
8785,Carlos Ramirez,Teclado, Centro,54.0,"$1,087.16",,1846.81
6716,Jorge Morales,Monitor,Norte,13.0,$647.12,03-25-2025,898.15
4316,Carlos Ramirez,Tablet,Centro,48.0,$663.16,2025-09-14,1091.29
6638,Luis Hernandez,Mouse,Occidente ,25.0,624.12,2024-10-25,940.85
6386,Ricardo Vargas,Monitor,Norte,38.0,$690.18,28/07/2024,1628.02
2277,Laura Sanchez,Camara, Sur,339.0,635.65,10/01/2024,1454.93
8874,Camila Reyes,Teclado,Norte,37.0,$445.41,08-20-2024,950.54
6082,Miguel Flores,Monitor, Occidente,43.0,637.83,2024-09-23,1420.99
609,Pedro Aguilar,Monitor,Sur,49.0,$-425.32,2026-02-25,1112.57
5652,Valeria Mendoza,Teclado,Occidente,40.0,856.47,Diciembre 3 2025,945.68
8232,Carlos Ramirez,Camara,Norte,27.0,$-758.81,2025-08-21,1131.1
3496,Paola Rios,Silla,Norte,39.0,235.72,2025-07-09,1542.12
7852,Ricardo Vargas,Impresora,CENTRO,18.0,"$1,154.80",32/13/2026,1579.01
429,Ana Garcia, Mouse,norte,35.0,830.23,02-19-2025,779.61
7982,Pedro Aguilar,Camara,centro,20.0,693.43,2026-04-15,1445.35
6792,Isabel Guzman,Silla,Occidente,,690.68,2026-02-02,1585.48
4485,Jorge Morales,Impresora,Norte,34.0,956.65,10/03/2024,1056.32
427,Alejandro Diaz,Bocina,Norte,52.0,$674.88,2025-04-29,1010.39
2224,Daniela Cruz,Mouse,,14.0,635.77,Agosto 15 2025,1599.93
101,Camila Reyes,Camara,Sur,12.0,$763.67,32/13/2026,1451.75
9954,Jorge Morales, Bocina,Sur,46.0,644.56,23/05/2024,1336.8
5082,Paola Rios,Tablet,Sur,53.0,792.03,Junio 15 2024,1228.77
2763,Miguel Flores,Monitor,Sur,51.0,$851.88,2025-02-27,1567.06
6244,Sofia Torres, Silla,,44.0,622.54,04-10-2024,1014.87
7323,Isabel Guzman,Mouse,Norte,41.0,1158.73,Diciembre 22 2024,892.31
7353,Miguel Flores,Laptop,Centro,34.0,sin dato,15/08/2025,1450.96
6521,Ana Garcia,Silla, Norte,47.0,"$1,155.57",2024-01-07,1597.58
9922,Jose Martinez,IMPRESORA,Norte,30.0,$871.99,Junio 25 2025,965.68
3287,Maria Lopez,Bocina,NORTE,28.0,576.68,Agosto 20 2024,1345.4
4085,Paola Rios,Impresora,Centro,33.0,"$1,029.44",2025-12-19,1721.83
6071,Maria Lopez,BOCINA,sin informacion,34.0,$982.44,02-13-2025,1705.05
3995,Paola Rios,Silla,Occidente,28.0,1176.52,04-27-2024,2063.08
6649,Ricardo Vargas,Impresora, Norte,10.0,1389.13,Febrero 27 2025,1375.51
6871,Jose Martinez,Escritorio, Norte,49.0,1218.74,03-20-2024,1738.15
6990,Maria Lopez,Escritorio,Centro,41.0,966.23,Noviembre 10 2024,1928.81
9510,Isabel Guzman,Escritorio,Occidente,25.0,1111.68,14/02/2025,1634.08
6858,Isabel Guzman,Tablet,Norte,46.0,"$1,300.50",10-22-2024,1431.88
1466,Maria Lopez, Escritorio,Centro,39.0,$687.27,2025-03-13,2110.08
9806,Jose Martinez,Bocina,Norte ,,1130.20,16/08/2024,1781.72
2235,Ricardo Vargas,ESCRITORIO,Occidente,41.0,$636.11,32/13/2026,1692.26
4924,Andres Ortiz,Silla,Sur,55.0,"$1,141.87",03-28-2024,1891.78
1745,Laura Sanchez,Silla,Centro,42.0,1254.22,28/05/2025,928.49
6097,Andres Ortiz,Teclado,Centro,38.0,$312.55,07/05/2026,1484.97
6497,Fernanda Castro,IMPRESORA,centro,34.0,762.94,05/10/2024,1080.1
6728,Ricardo Vargas,Mouse,Occidente,297.0,$848.55,06-17-2026,1656.74
8832,Diego Romero,Silla,CENTRO,47.0,$681.17,Junio 30 2024,1161.45
3783,Maria Lopez,Impresora,norte,31.0,784.95,,1693.05
6135,Andres Ortiz,Impresora,Centro,52.0,$550.66,01-12-2025,1616.9
6154,Sofia Torres,Laptop,sur,41.0,1282.11,03-24-2024,940.35
9509,Camila Reyes, Camara,Sur,44.0,1146.33,2024-01-28,1127.09
1984,Diego Romero,Escritorio,CENTRO,57.0,724.23,Mayo 2 2024,1128.67
7318,Alejandro Diaz,Silla,centro,44.0,$411.95,07-18-2024,1677.04
5712,Isabel Guzman,Bocina,Centro,44.0,$977.55,2024-05-11,1533.86
9702,Laura Sanchez,Teclado,Centro,36.0,1068.88,2025-11-26,579.77
3699,Carlos Ramirez,MOUSE, Sur,39.0,"$-1,013.20",27/12/2025,1737.32
2122,Pedro Aguilar,Escritorio,Sur,32.0,$276.88,06-23-2024,963.73
3816,Luis Hernandez,Camara,Occidente ,28.0,$974.15,Abril 2 2025,2025.28
8560,Valeria Mendoza,Tablet,Sur,12.0,sin dato,07/11/2024,1994.95
3004,Pedro Aguilar,Mouse,Centro,21.0,1006.45,Marzo 13 2024,1180.76
4520,Daniela Cruz,Laptop,occidente,42.0,"$1,288.13",2025-01-31,1106.78
917,Paola Rios,Impresora,Occidente,41.0,714.86,05-22-2024,1148.7
8803,Diego Romero,Escritorio,Centro,29.0,620.27,13/07/2025,1271.34
7728,Sofia Torres,Silla,sur,29.0,676.58,02-18-2024,1647.12
5425,Sofia Torres,Bocina,occidente,,"$1,251.07",15/06/2024,2219.59
3162,Alejandro Diaz,Camara,Sur,,931.16,32/13/2026,1385.52
3786,Ricardo Vargas,Laptop,Centro,23.0,sin dato,08/10/2025,1889.84
5503,Ana Garcia,Bocina, Norte,29.0,1098.37,12-26-2025,1452.47
9278,Jose Martinez,Escritorio,SUR,57.0,$927.05,24/01/2026,1671.76
6622,Isabel Guzman,CAMARA,centro,51.0,$693.46,2024-11-18,1711.95
9245,Diego Romero,Mouse,Norte,42.0,722.49,2025-12-16,1536.02
1204,Diego Romero,Laptop,Occidente,-3.0,$796.21,22/10/2025,2040.76
2318,Daniela Cruz,Laptop,NORTE,158.0,880.98,04-20-2025,1584.38
5973,Jorge Morales,CAMARA,NORTE,35.0,"$-1,209.69",Agosto 20 2024,1240.1
5303,Jose Martinez,Camara,Centro,44.0,1544.83,2024-12-19,1214.5
617,Laura Sanchez,Tablet,NORTE,41.0,$651.01,10/05/2026,995.6
1927,Miguel Flores,Monitor,Sur ,36.0,$361.41,Abril 2 2025,952.64
3115,Miguel Flores, Escritorio,sur,50.0,694.36,09-14-2024,1484.28
2642,Jorge Morales, Teclado,Sur,65.0,$528.56,01/04/2024,1649.42
5350,Ricardo Vargas,IMPRESORA,Sur,48.0,1344.81,Febrero 6 2026,1312.42
7841,Jorge Morales,IMPRESORA,?,43.0,1428.12,2026-04-16,969.51
5741,Diego Romero,CAMARA,Centro,43.0,296.26,06-10-2024,1837.8
2563,Andres Ortiz,Escritorio,Sur,33.0,$-699.96,2026-03-18,1870.49
1243,Pedro Aguilar,Teclado,centro,40.0,993.46,Julio 24 2025,730.65
4882,Pedro Aguilar,CAMARA,Occidente,35.0,"$1,040.27",28/01/2026,1549.14
2729,Ricardo Vargas,Tablet,Sur ,28.0,sin dato,32/13/2026,1800.67
2217,Jorge Morales, Laptop,occidente,44.0,$848.21,09-18-2024,1762.71
6002,Camila Reyes,Silla,SUR,49.0,963.35,2026-03-09,1538.07
6752,Daniela Cruz,Silla,Occidente,36.0,685.99,20/07/2024,1470.57
8199,Paola Rios,Teclado,Centro,42.0,556.96,08-26-2025,1599.13
4825,Jorge Morales,Bocina,Centro,39.0,459.96,08-05-2025,1295.47
2627,Pedro Aguilar,Camara,Sur,52.0,$752.38,2024-11-09,1911.61
2127,Sofia Torres,Tablet,Centro,19.0,sin dato,05-16-2025,1757.18
4748,Carlos Ramirez,Camara,Norte,38.0,$992.29,2024-05-01,292.07
8501,Carlos Ramirez,Teclado,Norte,51.0,872.10,11/03/2024,1252.5
4919,Camila Reyes,Mouse,Centro,10.0,479.44,2026-05-19,1206.86
5287,Carlos Ramirez,Escritorio,CENTRO,41.0,961.92,2025-02-28,1384.43
7424,Diego Romero,Monitor,Centro,12.0,1052.25,21/01/2025,1097.22
806,Diego Romero,Mouse,Centro,267.0,$-903.41,Junio 18 2024,946.48
7768,Jorge Morales,Laptop,Sur,45.0,1146.41,2024-03-09,1785.13
4996,Laura Sanchez,Silla,Sur,49.0,310.65,Octubre 13 2024,1488.61
3681,Valeria Mendoza,BOCINA,Centro,36.0,1449.89,23/04/2025,725.25
5936,Carlos Ramirez, Camara, Norte,36.0,"$1,243.52",2025-12-09,1655.55
4465,Daniela Cruz,Bocina,Centro,66.0,830.16,07-21-2024,1049.79
4709,Diego Romero, Monitor,Sur,28.0,1361.59,2025-08-10,941.73
4054,Camila Reyes,Silla,Occidente,59.0,$-759.31,2025-02-02,1300.19
5688,Laura Sanchez,Silla,Norte,51.0,"$1,130.30",Diciembre 3 2024,1398.74
1243,Pedro Aguilar,Teclado,centro,40.0,993.46,Julio 24 2025,700.51
7403,Luis Hernandez,TECLADO,Sur,39.0,1155.68,Junio 28 2025,1330.7
9054,Valeria Mendoza,Silla,,46.0,752.10,2025-04-01,1240.17
9188,Laura Sanchez,Escritorio,Occidente,78.0,$957.84,2024-04-18,1299.78
548,Ricardo Vargas, Camara,Sur,54.0,$977.76,2024-07-05,1616.6
3023,Miguel Flores,Laptop,Sur,56.0,1048.75,03-15-2026,1584.45
6490,Maria Lopez,Tablet,SUR,30.0,$848.77,2024-06-09,705.38
132,Ricardo Vargas, Silla,Occidente,38.0,600.57,12/02/2025,1606.54
27,Daniela Cruz,Tablet,Norte,39.0,491.22,04-20-2024,1827.93
5290,Carlos Ramirez, Escritorio,Sur ,45.0,1172.77,18/12/2025,1265.73
5643,Andres Ortiz,Escritorio,Centro,35.0,$713.34,07-25-2025,1560.86
2509,Daniela Cruz,Teclado,Centro,49.0,455.31,2025-08-24,2031.71
1434,Ricardo Vargas,Camara,Centro,53.0,$924.52,2026-02-10,1873.21
2583,Carlos Ramirez,Tablet,Sur,219.0,$979.95,Diciembre 27 2025,1075.49
1303,Andres Ortiz,Monitor,SUR,50.0,$995.72,17/02/2025,1343.84
7249,Daniela Cruz,Escritorio,Occidente,42.0,$614.31,,1630.23
6956,Isabel Guzman,Impresora,Centro,25.0,853.38,2026-02-15,1812.98
4804,Diego Romero,Teclado,Occidente,42.0,593.82,03-19-2024,1658.88
4636,Diego Romero,Tablet,centro,46.0,666.79,20/12/2025,1596.94
1222,Ricardo Vargas,Laptop,Norte,24.0,482.44,Marzo 22 2025,1188.3
6210,Fernanda Castro,Escritorio,Sur ,26.0,944.12,Diciembre 13 2024,1668.53
2549,Jorge Morales,Laptop,Sur,43.0,853.83,04-24-2024,1495.38
751,Pedro Aguilar,Silla,Occidente,46.0,$552.70,Mayo 24 2026,1314.2
438,Isabel Guzman,TECLADO,Norte,38.0,"$-1,015.05",27/06/2025,1375.48
4657,Maria Lopez,Monitor,Centro,-3.0,$930.40,Septiembre 30 2025,1209.44
3412,Pedro Aguilar,Impresora,Sur,41.0,$767.80,19/05/2024,1737.4
9508,Jorge Morales,Laptop,Occidente,20.0,790.70,05-23-2026,1934.63
2848,Miguel Flores,Bocina,norte,36.0,$486.09,2024-06-08,1160.03
1174,Jose Martinez,Silla,Centro,60.0,$859.83,Abril 8 2024,1402.08
7987,Camila Reyes,BOCINA,OCCIDENTE,26.0,"$1,354.70",06-20-2024,1090.36
2700,Maria Lopez,Escritorio,Occidente,39.0,375.42,2025-06-02,1611.94
4227,Daniela Cruz,Laptop,Sur,54.0,$899.76,Mayo 30 2024,1256.21
6329,Luis Hernandez,Tablet,Norte,45.0,825.14,Enero 28 2024,918.18
4937,Pedro Aguilar,Tablet,sur,-6.0,934.05,02-12-2024,1241.07
2482,Alejandro Diaz,Escritorio,Occidente,31.0,1309.08,2026-03-07,973.63
4251,Daniela Cruz,Tablet,Norte,15.0,sin dato,Diciembre 4 2024,1555.57
8691,Sofia Torres,Laptop,Occidente,49.0,$468.82,15/05/2025,512.17
2707,Valeria Mendoza, Mouse,Sur,36.0,$477.55,Mayo 2 2024,1286.28
4973,Camila Reyes,Mouse,Occidente,199.0,$947.72,12-30-2024,1275.01
327,Laura Sanchez,CAMARA,CENTRO,22.0,$277.65,2025-12-18,1634.86
1040,Camila Reyes, Silla,Occidente,32.0,"$1,060.52",05/09/2025,1428.24
2638,Valeria Mendoza,Impresora,Centro,31.0,870.11,09/09/2025,1588.14
5363,Ricardo Vargas,Escritorio,occidente,49.0,sin dato,17/09/2024,1687.94
2500,Isabel Guzman,Mouse,CENTRO,64.0,987.20,2025-10-12,917.03
1005,Maria Lopez,Escritorio,occidente,48.0,1012.80,08/04/2026,1597.67
2862,Isabel Guzman,Impresora,Norte,32.0,1016.39,Enero 23 2026,1183.59
3234,Ana Garcia, Impresora,sur,31.0,607.60,05-29-2025,1322.63
1871,Ana Garcia, Teclado,Occidente,35.0,522.06,2025-02-06,1630.39
7593,Paola Rios,Impresora,Sur,28.0,1397.82,2025-10-31,1105.28
4790,Ricardo Vargas,Camara,norte,39.0,"$1,309.37",09/07/2025,1069.43
8631,Daniela Cruz,TECLADO,Sur,,$678.81,2026-06-10,1171.43
9972,Sofia Torres,Tablet,Occidente,44.0,1578.00,06/01/2025,1728.93
535,Ricardo Vargas,Camara, Norte,37.0,488.99,Septiembre 29 2025,1470.52
7721,Ana Garcia,Silla,Norte,52.0,782.03,25/08/2024,1052.58
4068,Daniela Cruz,Monitor,Norte,31.0,825.85,04-16-2025,1447.9
6518,Ricardo Vargas,Bocina,Norte,-6.0,608.91,01-11-2026,1420.31
7846,Sofia Torres,Laptop,Sur,15.0,"$1,099.13",03-26-2025,1370.16
586,Isabel Guzman,Camara,OCCIDENTE,28.0,$741.57,Mayo 23 2025,1677.03
8496,Ana Garcia,Mouse, Sur,59.0,"$1,174.83",,1350.11
9628,Isabel Guzman,Laptop,NORTE,49.0,$680.84,02-18-2024,1331.22
3036,Pedro Aguilar,ESCRITORIO, Sur,16.0,544.02,04/03/2025,1815.79
4719,Daniela Cruz,Mouse,sur,31.0,$982.98,Abril 1 2024,1351.11
2586,Ricardo Vargas,Tablet,Norte,54.0,563.11,2026-05-01,1437.01
1704,Jose Martinez,Camara,Sur,37.0,988.91,Julio 27 2024,1391.35
4575,Valeria Mendoza,Tablet,Norte,55.0,sin dato,03-01-2025,1301.12
5938,Ricardo Vargas,Laptop,Norte,43.0,538.53,12-13-2025,1310.68
492,Alejandro Diaz,Escritorio,occidente,46.0,784.41,2025-06-22,1172.75
4533,Valeria Mendoza,Tablet,norte,37.0,"$1,207.42",04-11-2025,1300.9
5795,Daniela Cruz,Monitor,Norte,29.0,1368.35,21/05/2025,1457.72
2837,Pedro Aguilar,Monitor,OCCIDENTE,13.0,310.52,09-07-2025,1793.93
2267,Andres Ortiz,Teclado,Norte,17.0,980.77,,1255.46
5860,Andres Ortiz, Escritorio,centro,37.0,1052.65,30/07/2025,1099.76
9587,Isabel Guzman,Camara,Occidente,31.0,437.56,23/06/2025,1019.11
8586,Luis Hernandez,Bocina,CENTRO,42.0,$955.38,04/12/2025,1019.56
5519,Ricardo Vargas,IMPRESORA,Centro ,48.0,sin dato,19/01/2026,1305.73
8020,Fernanda Castro, Laptop,CENTRO,33.0,654.73,32/13/2026,1146.35
3549,Sofia Torres,Laptop,sur,46.0,sin dato,16/06/2024,1671.16
2901,Paola Rios,Monitor,Sur,35.0,$738.82,2025-12-06,1000.5
820,Pedro Aguilar,Camara,SUR,43.0,$934.44,2026-06-13,795.67
2945,Camila Reyes,Bocina,Occidente,54.0,sin dato,Junio 14 2025,1415.57
1917,Carlos Ramirez,Impresora,Norte,44.0,"$-1,128.66",2026-03-17,1650.93
3186,Isabel Guzman,Impresora,Occidente,40.0,959.29,19/02/2025,851.82
8444,Ana Garcia,Mouse,sur,21.0,$529.34,2025-09-09,1172.9
4780,Luis Hernandez,Teclado,Occidente,62.0,sin dato,2024-10-05,1235.1
6197,Fernanda Castro,Mouse,Centro,48.0,"$1,391.00",26/02/2026,1117.41
9568,Ricardo Vargas,TECLADO,Occidente ,47.0,$647.32,11/08/2025,922.64
4084,Diego Romero, Monitor,OCCIDENTE,46.0,851.54,Noviembre 21 2025,1516.77
4522,Andres Ortiz,CAMARA, Sur,34.0,$792.65,Noviembre 4 2025,1427.37
9055,Pedro Aguilar,Laptop,Centro,50.0,sin dato,2024-10-04,1150.01
1134,Diego Romero,Escritorio,NORTE,34.0,1068.88,,1298.3
9409,Carlos Ramirez,Silla,centro,-8.0,$873.18,2026-06-07,1317.76
9043,Paola Rios,Camara,Sur,55.0,738.55,Mayo 26 2026,2154.9
2519,Maria Lopez,Bocina,Norte,51.0,$783.59,24/03/2024,1800.35
398,Jose Martinez,Bocina,CENTRO,46.0,945.62,Diciembre 1 2024,1269.07
1318,Ricardo Vargas,Monitor,Sur ,45.0,$952.47,2025-03-15,1909.97
4569,Sofia Torres,Monitor,Centro,41.0,50.00,Marzo 25 2025,1736.73
122,Andres Ortiz,Monitor,Occidente,52.0,$298.96,Marzo 2 2024,1260.66
7637,Maria Lopez,Teclado,Occidente,41.0,"$1,460.92",10-02-2025,905.34
2450,Jose Martinez,Silla,Norte,30.0,1208.96,Junio 2 2026,1225.13
9499,Isabel Guzman,ESCRITORIO,Occidente,41.0,"$1,228.98",05-11-2025,1438.7
3230,Camila Reyes,Tablet,Occidente,26.0,"$1,485.31",Junio 28 2024,1221.27
1567,Pedro Aguilar,Monitor,OCCIDENTE,43.0,"$1,003.54",09-25-2024,1868.88
1985,Fernanda Castro,Escritorio,Centro,44.0,"$1,213.30",08-18-2024,1416.91
8507,Jorge Morales,Camara,Centro,44.0,960.20,12-24-2024,1059.86
2602,Laura Sanchez, Teclado,Centro,41.0,$595.81,Abril 16 2026,1600.31
9512,Paola Rios,Impresora,Occidente,28.0,548.97,04/07/2025,843.6
7287,Andres Ortiz,Monitor,sur,54.0,737.51,Junio 25 2025,897.33
5805,Sofia Torres,Bocina,Sur,38.0,$431.81,Marzo 16 2026,1287.93
2174,Diego Romero,Impresora,Centro ,37.0,762.79,03-01-2025,1184.18
3284,Luis Hernandez,Camara,Norte,49.0,531.35,Enero 4 2024,1425.02
8745,Daniela Cruz,Laptop,Occidente,35.0,991.11,13/07/2024,1084.58
3606,Maria Lopez,IMPRESORA,CENTRO,33.0,1098.72,Abril 21 2026,962.88
8840,Paola Rios,TABLET,Norte,46.0,$804.16,2024-10-09,1399.28
2334,Camila Reyes,Escritorio,Norte ,61.0,"$1,076.18",03-08-2025,1571.46
574,Ana Garcia,Bocina, Occidente,31.0,$225.71,2025-01-18,1441.19
9118,Ana Garcia,Silla,Norte,38.0,309.52,Enero 6 2025,1646.99
4422,Pedro Aguilar,Silla,Occidente,18.0,799.59,2025-08-11,1555.4
9345,Pedro Aguilar,SILLA,Sur,42.0,970.80,20/09/2024,1554.54
4735,Camila Reyes,Camara,Occidente,22.0,307.99,2024-07-13,1244.2
3903,Paola Rios,Bocina,Occidente,19.0,"$1,015.54",06-07-2025,1283.23
982,Valeria Mendoza, Mouse,Sur,50.0,196.91,02-09-2026,975.39
8606,Pedro Aguilar,Teclado,Centro,41.0,sin dato,11/01/2025,1483.45
3503,Sofia Torres,Impresora,Norte,42.0,sin dato,2025-11-29,1250.07
1408,Alejandro Diaz,Bocina,CENTRO,33.0,$478.56,Marzo 25 2026,641.31
536,Jose Martinez,Camara,sur,48.0,$633.57,27/10/2024,1514.58
8403,Luis Hernandez,SILLA,Centro,33.0,$506.57,2025-09-21,1645.57
4904,Valeria Mendoza,Mouse,Occidente,47.0,1132.32,12/06/2024,1398.26
6181,Miguel Flores,Monitor,centro,40.0,926.31,Enero 15 2026,1594.42
7950,Luis Hernandez,Teclado,Norte,19.0,804.85,Abril 4 2025,1337.83
7594,Fernanda Castro,Impresora,Norte ,46.0,$783.15,,1840.01
1435,Sofia Torres,Teclado,Centro,54.0,502.49,2025-08-09,1428.81
7454,Pedro Aguilar,Tablet,Sur,-1.0,1175.10,2026-03-15,1757.06
2580,Ricardo Vargas,Camara, Norte,43.0,$801.40,Febrero 15 2025,1325.11
9880,Jose Martinez,Bocina,Norte,19.0,"$1,189.86",Marzo 29 2024,1788.5
3270,Pedro Aguilar,Bocina, Sur,20.0,$560.72,30/06/2025,1298.73
9838,Isabel Guzman,Monitor,Occidente,18.0,1101.63,Febrero 3 2025,1265.56
3768,Valeria Mendoza, Camara,Occidente,56.0,"$1,049.19",10/12/2025,1166.0
9872,Jose Martinez, Teclado,Norte,50.0,590.62,14/06/2025,1363.44
3370,Maria Lopez,Teclado,Occidente,24.0,sin dato,2025-01-28,1385.61
1868,Diego Romero,Teclado,Centro,26.0,sin dato,Octubre 3 2025,1280.16
1455,Ricardo Vargas,Tablet, Norte,38.0,1181.95,2024-10-29,1292.36
1787,Jose Martinez, Silla,Norte,28.0,"$1,021.99",11-23-2025,617.51
8987,Valeria Mendoza, Impresora,Norte,21.0,$723.82,Marzo 13 2025,1496.5
5841,Diego Romero,SILLA,occidente,46.0,418.74,Noviembre 28 2025,1497.52
2522,Ana Garcia,Camara,Centro,42.0,$774.03,,1361.84
5885,Maria Lopez, Laptop, Norte,279.0,$687.88,Mayo 20 2024,1442.41
1821,Sofia Torres, Bocina,Sur,29.0,667.61,2024-09-30,1373.89
4768,Ana Garcia,Laptop,Sur,42.0,953.38,2024-03-13,1525.9
2930,Andres Ortiz,Silla,Occidente,34.0,1032.41,32/13/2026,1131.05
52,Jose Martinez, Escritorio,Norte,23.0,1031.86,22/10/2024,1073.77
8088,Isabel Guzman,Escritorio,,43.0,678.36,12/08/2024,1058.61
4982,Pedro Aguilar,Tablet,norte,53.0,$717.26,Julio 30 2024,1993.49
6093,Jose Martinez,Escritorio,Sur,45.0,sin dato,Mayo 12 2026,1243.19
5829,Maria Lopez,Tablet,Centro,43.0,928.59,04-15-2024,1840.43
3578,Alejandro Diaz,BOCINA,Occidente ,-3.0,1317.22,04/03/2024,1543.71
470,Isabel Guzman,Bocina,Occidente ,46.0,sin dato,2026-04-07,2021.67
2630,Ana Garcia,Escritorio,NORTE,25.0,781.50,Octubre 1 2025,1278.24
5539,Camila Reyes, Tablet,Sur,54.0,1336.80,27/11/2025,2125.63
3847,Diego Romero,Impresora,,40.0,389.89,2025-06-07,1483.67
7956,Maria Lopez,Tablet,Occidente,34.0,1114.56,Marzo 1 2026,1449.96
8492,Carlos Ramirez, Silla,Centro,47.0,"$1,252.92",22/07/2024,1628.55
6619,Sofia Torres,Monitor, Centro,31.0,$140.29,2026-01-04,1856.14
7433,Miguel Flores,Mouse,NORTE,39.0,$800.06,2026-05-31,1472.23
1859,Paola Rios,TECLADO,Occidente,39.0,$-682.84,06-25-2024,788.18
5397,Isabel Guzman,Teclado,Occidente,37.0,1086.75,06-24-2024,930.16
9816,Maria Lopez,BOCINA,Norte,47.0,1203.44,07-31-2025,718.91
866,Andres Ortiz,Escritorio,Sur,,"$-1,234.68",28/05/2025,1372.68
8861,Pedro Aguilar,Teclado,Occidente ,37.0,1435.97,20/12/2025,1905.61
10000,Fernanda Castro,Impresora,Occidente,33.0,$541.57,Febrero 3 2026,2290.45
5255,Sofia Torres,Silla,OCCIDENTE,31.0,1145.79,Abril 28 2024,722.77
9036,Carlos Ramirez,Mouse,Norte,19.0,1156.99,28/11/2025,1730.74
9499,Isabel Guzman,ESCRITORIO,Occidente,41.0,"$1,228.98",05-11-2025,1375.34
5232,Jorge Morales,Camara,Occidente,31.0,"$1,035.74",32/13/2026,1386.9
6670,Miguel Flores,Teclado,Sur ,48.0,$845.00,32/13/2026,1262.7
6326,Maria Lopez,Teclado,occidente,35.0,$780.13,Agosto 3 2024,1768.13
426,Jose Martinez,Tablet, Norte,47.0,sin dato,Octubre 19 2024,577.12
189,Laura Sanchez,Monitor,Norte,32.0,$725.59,19/04/2026,1349.77
6004,Ricardo Vargas, Camara,Centro,40.0,$560.01,03/12/2025,1352.13
7975,Maria Lopez,Tablet,Norte,32.0,$-739.48,Octubre 7 2025,1590.42
229,Paola Rios,Laptop,Sur ,59.0,1096.85,,1304.72
8225,Alejandro Diaz,Bocina,sin informacion,36.0,$702.68,2024-08-03,1451.67
6350,Andres Ortiz,Laptop,Norte,43.0,"$1,028.48",08-01-2024,1589.49
2742,Luis Hernandez,Camara,Norte,22.0,$816.00,22/09/2025,1584.91
1042,Alejandro Diaz,Impresora,,43.0,"$1,295.96",2025-01-10,1562.09
9000,Diego Romero,Teclado,occidente,36.0,776.16,Diciembre 21 2024,1298.81
9412,Carlos Ramirez,Monitor,Norte,36.0,741.06,01-03-2026,891.3
8077,Paola Rios,Camara,Norte,,"$1,330.64",Octubre 24 2024,1615.0
9654,Jose Martinez,Tablet,Occidente,43.0,$-685.95,Octubre 12 2025,1659.56
472,Camila Reyes, Escritorio,Norte ,270.0,$797.99,Agosto 16 2024,1726.32
2922,Diego Romero, Teclado, Sur,40.0,$669.63,11-28-2025,1427.5
1906,Laura Sanchez,Impresora,Sur,,"$1,515.50",Octubre 27 2025,1591.68
9140,Ricardo Vargas,ESCRITORIO,Occidente,41.0,583.25,08-29-2024,1092.84
802,Sofia Torres,Escritorio,Occidente,21.0,"$1,028.66",Febrero 17 2025,586.61
1488,Ana Garcia,Camara,Occidente,35.0,840.66,2026-01-27,1671.41
8688,Laura Sanchez,Teclado,Sur,50.0,523.28,Marzo 15 2024,1422.15
3654,Paola Rios,Laptop,Sur,24.0,1474.14,05-09-2026,1388.25
3772,Sofia Torres,Tablet,Sur,44.0,$668.30,Agosto 6 2025,1182.02
228,Ricardo Vargas,Tablet,Occidente,48.0,$778.93,Septiembre 7 2025,1569.12
8676,Ana Garcia,Silla,Occidente,65.0,$669.06,23/03/2024,1739.74
1129,Ricardo Vargas, Tablet,Centro,35.0,"$1,165.07",01/01/2024,950.53
5471,Ricardo Vargas,Silla,OCCIDENTE,43.0,$857.60,05-05-2024,1470.59
7617,Fernanda Castro,Teclado, Norte,50.0,831.19,,1623.93
2209,Laura Sanchez,BOCINA,Occidente,27.0,$705.59,2024-05-21,1400.2
5362,Camila Reyes,Tablet,Occidente,18.0,$546.57,2026-04-29,1332.19
9166,Camila Reyes,Teclado,Sur,45.0,$766.56,25/03/2026,1714.9
4478,Miguel Flores,IMPRESORA,occidente,20.0,"$1,076.67",15/07/2025,971.14
9868,Carlos Ramirez,Teclado,Norte,22.0,$619.70,09-04-2024,1031.7
3154,Diego Romero, Impresora,sur,30.0,$987.13,2025-01-28,1138.32
4732,Andres Ortiz,Laptop,Occidente,43.0,sin dato,05/09/2024,1645.41
4685,Paola Rios,Escritorio,Centro ,45.0,$916.86,14/05/2025,1791.47
4623,Camila Reyes, Silla,Occidente,29.0,1003.97,25/01/2024,1362.97
6770,Laura Sanchez,Monitor,Centro ,31.0,485.45,02/09/2025,1411.79
9887,Fernanda Castro,Mouse,Occidente,37.0,$704.06,12-06-2025,1140.41
2145,Miguel Flores, Impresora,norte,32.0,$629.54,32/13/2026,955.73
7895,Valeria Mendoza,Tablet,Centro,20.0,628.80,29/01/2024,1605.41
6774,Paola Rios,Tablet,NORTE,40.0,$845.56,Mayo 18 2025,674.45
2375,Andres Ortiz,Monitor,Sur,47.0,1015.74,22/01/2026,1716.14
2578,Jorge Morales,Mouse,sin informacion,29.0,$808.80,2025-02-12,1356.35
1633,Luis Hernandez,Teclado,centro,42.0,1016.27,32/13/2026,1247.51
7840,Daniela Cruz,Bocina,Occidente,33.0,$759.99,2025-10-10,1338.06
2299,Laura Sanchez, Camara,Centro,57.0,293.83,09-05-2024,1781.47
7884,Jose Martinez,Monitor,sur,35.0,1229.32,2025-03-27,1348.47
157,Maria Lopez, Monitor,Norte,30.0,1274.80,13/09/2025,894.82
4162,Miguel Flores,CAMARA,Occidente,30.0,763.12,Marzo 15 2026,2110.18
7151,Ricardo Vargas,Teclado,Occidente ,60.0,703.50,2025-01-09,1388.85
3350,Diego Romero, Escritorio,norte,29.0,634.03,13/05/2026,1423.67
9110,Carlos Ramirez,Monitor,Centro,28.0,"$1,128.40",11-26-2024,1688.28
2880,Pedro Aguilar,Silla,Occidente ,35.0,$803.19,,1653.0
3414,Luis Hernandez,Monitor,Centro,44.0,1035.32,04/01/2026,1719.17
8761,Pedro Aguilar,Camara,Occidente,26.0,1581.49,05/06/2026,1093.64
3947,Ana Garcia,Camara,Norte,44.0,"$1,495.58",Julio 13 2024,1888.85
6171,Paola Rios,Silla,Norte,36.0,297.49,Julio 10 2025,1440.18
5530,Luis Hernandez,ESCRITORIO,Sur,23.0,"$1,047.26",21/03/2025,1599.16
3769,Camila Reyes,Bocina,Occidente,40.0,"$1,294.85",Diciembre 11 2024,1127.34
9669,Jose Martinez, Laptop,Sur,39.0,"$-1,128.44",04-11-2025,798.8
4650,Carlos Ramirez,Bocina,Sur ,51.0,$880.16,09/06/2025,1285.54
9848,Alejandro Diaz,Laptop,Norte,43.0,$990.56,07/11/2024,1734.07
1512,Laura Sanchez,Escritorio,?,45.0,$849.78,Noviembre 3 2025,1791.73
7154,Camila Reyes,Laptop,Sur,50.0,1206.58,32/13/2026,1558.63
8940,Laura Sanchez,Teclado,OCCIDENTE,39.0,519.17,Octubre 21 2024,1743.23
9572,Alejandro Diaz,Escritorio,Sur,,$518.87,08-19-2025,1502.73
6030,Carlos Ramirez,Laptop,Norte,36.0,910.85,2025-12-19,1555.94
2496,Laura Sanchez,Tablet,Sur,32.0,$840.47,11-15-2024,922.54
4296,Pedro Aguilar,Bocina,occidente,44.0,$856.25,Enero 6 2025,1311.26
8848,Laura Sanchez,Teclado,Occidente,29.0,777.69,Noviembre 10 2024,1370.06
2373,Luis Hernandez,LAPTOP,Norte,44.0,$603.25,2024-05-07,156.62
4354,Daniela Cruz,Monitor,,47.0,510.15,13/01/2025,1464.15
6045,Ricardo Vargas,Teclado,Occidente,52.0,1159.64,04-23-2025,1544.83
3462,Isabel Guzman,Camara,occidente,60.0,809.48,Enero 31 2024,1166.69
8159,Isabel Guzman,Tablet,Sur,35.0,1319.13,21/02/2024,1291.78
9487,Miguel Flores, Tablet,Sur,6.0,$560.82,07-31-2025,1348.71
9128,Camila Reyes,Escritorio,Occidente,61.0,sin dato,Mayo 6 2026,1873.47
5897,Ana Garcia,Camara,Norte,27.0,$861.54,Marzo 28 2025,1781.85
5382,Isabel Guzman,Laptop,sur,52.0,1105.40,Abril 29 2024,1345.65
4801,Fernanda Castro,Tablet,CENTRO,28.0,$-863.85,Marzo 18 2024,881.1
2551,Andres Ortiz,Mouse,Occidente ,42.0,$578.03,Abril 12 2024,2029.96
4510,Pedro Aguilar,Silla,Norte,45.0,$715.83,01/11/2024,1347.6
848,Luis Hernandez,LAPTOP,sur,54.0,1265.07,2024-11-20,1483.88
3345,Paola Rios, Escritorio,Norte,55.0,302.20,2025-08-17,1344.3
939,Jorge Morales,Escritorio,Centro,53.0,$994.90,2024-06-14,1158.69
8899,Valeria Mendoza,Mouse,sin informacion,38.0,$296.45,,1448.98
5435,Paola Rios,Teclado,Occidente,40.0,"$1,229.99",Octubre 11 2025,1325.39
9127,Alejandro Diaz,Impresora,,54.0,sin dato,07-27-2025,125000.0
8867,Maria Lopez,Escritorio,Norte,52.0,1292.08,04/09/2025,1489.56
3856,Valeria Mendoza,TABLET, Centro,34.0,$763.95,04-15-2024,1209.92
6572,Fernanda Castro,Monitor,Centro,45.0,$-510.19,24/02/2025,1699.23
9427,Daniela Cruz,IMPRESORA,Centro,33.0,1264.02,19/12/2024,1646.37
5654,Jorge Morales,Bocina,Occidente,17.0,$860.07,2024-08-14,1304.55
757,Valeria Mendoza,Monitor,?,32.0,$628.99,Marzo 4 2026,1360.32
5418,Jose Martinez,MOUSE,sur,54.0,$857.03,03-20-2026,1355.49
2645,Jorge Morales,Bocina,Occidente,58.0,sin dato,11-25-2025,1598.61
4430,Isabel Guzman,Camara,Sur,23.0,$649.30,2025-06-30,1397.6
4565,Alejandro Diaz,Bocina, Centro,34.0,329.88,06-19-2024,1759.26
3166,Daniela Cruz,Bocina, Sur,25.0,944.17,24/08/2025,1760.56
3640,Fernanda Castro,Tablet,Sur,38.0,$986.30,,1323.33
9714,Jorge Morales,ESCRITORIO,CENTRO,37.0,$743.15,08/02/2026,980.54
6934,Fernanda Castro,Mouse,Norte ,28.0,598.06,12-04-2025,1342.37
8870,Ricardo Vargas,BOCINA,Norte,61.0,652.17,Marzo 10 2026,1701.69
5031,Sofia Torres,Bocina,SUR,56.0,$778.90,04/08/2024,2089.97
5703,Carlos Ramirez,Escritorio,NORTE,23.0,1119.85,Agosto 14 2024,1735.82
2358,Laura Sanchez,Mouse, Occidente,43.0,$437.20,Febrero 24 2024,1521.29
3419,Luis Hernandez,Impresora,Occidente,52.0,$591.19,2025-10-29,1484.36
4991,Fernanda Castro,Escritorio,Norte,39.0,sin dato,06-03-2025,1204.53
2062,Ricardo Vargas,Mouse,sur,33.0,831.69,2024-06-15,513.23
550,Andres Ortiz,Mouse,Norte,54.0,"$1,086.86",2024-05-28,1027.07
4576,Diego Romero,MONITOR,Occidente,51.0,1562.05,10-26-2024,1456.24
2813,Jose Martinez,ESCRITORIO,Sur,32.0,441.77,Octubre 14 2024,1169.66
9660,Isabel Guzman,Silla,Occidente,59.0,$580.96,32/13/2026,1536.39
8894,Miguel Flores,Silla,Centro ,40.0,sin dato,,1136.65
9264,Daniela Cruz,TABLET,Norte,43.0,701.36,Abril 27 2026,1421.83
2550,Maria Lopez,Laptop,Norte,49.0,$382.07,21/08/2025,1775.31
8556,Alejandro Diaz,Laptop,Norte,21.0,1248.27,06-11-2025,973.44
5154,Andres Ortiz,Tablet,sur,38.0,$232.87,32/13/2026,1308.97
4573,Jorge Morales,Mouse,sur,27.0,1057.57,Enero 1 2024,860.08
9007,Diego Romero,Teclado,Occidente,41.0,"$1,156.25",06-27-2024,1121.33
1025,Camila Reyes,LAPTOP,Norte,58.0,1234.72,06-20-2024,1098.72
4274,Sofia Torres, Monitor,Sur,41.0,$485.34,Marzo 8 2025,1124.07
6315,Alejandro Diaz,Escritorio,Sur,64.0,1156.72,Mayo 18 2024,1634.28
1952,Fernanda Castro,Teclado,Sur,25.0,$857.78,,969.24
5318,Maria Lopez,Monitor,Occidente,36.0,$525.98,11-11-2024,1099.84
352,Ana Garcia,Laptop,centro,51.0,898.91,2025-09-21,1632.14
7513,Jorge Morales,Teclado,occidente,40.0,$884.46,20/09/2024,2040.15
3663,Pedro Aguilar,Silla,Occidente,37.0,$711.10,2025-09-04,98000.0
5366,Jose Martinez, Impresora,Norte,35.0,$776.74,Marzo 5 2024,1518.05
4197,Ricardo Vargas,Laptop,Norte,22.0,662.25,Febrero 21 2026,1126.74
3151,Valeria Mendoza,Teclado,Occidente,25.0,381.54,09-26-2025,1164.6
4902,Andres Ortiz,Teclado, Sur,44.0,$570.19,2026-04-05,2038.37
4305,Andres Ortiz,Laptop,Norte ,38.0,"$1,386.31",Diciembre 10 2025,1811.91
6464,Maria Lopez,Teclado,Centro,48.0,"$1,011.70",02-27-2024,100.0
2940,Jose Martinez,CAMARA,sin informacion,33.0,1241.35,Junio 15 2024,997.55
1341,Paola Rios,Tablet,Occidente ,37.0,649.41,22/01/2024,1030.48
9649,Pedro Aguilar,MONITOR,norte,51.0,$344.38,29/12/2025,1377.25
6422,Miguel Flores,Impresora,CENTRO,36.0,1082.68,01-06-2024,1744.79
5909,Diego Romero,Escritorio,Norte,53.0,1317.40,31/03/2025,1583.52
6108,Diego Romero,Bocina,SUR,55.0,"$1,013.18",07/03/2026,1655.54
7847,Carlos Ramirez, Laptop,Centro,30.0,$997.16,Mayo 22 2025,1718.18
6212,Andres Ortiz,Laptop,Centro,33.0,"$1,090.50",Abril 30 2024,955.88
1584,Daniela Cruz,Escritorio,OCCIDENTE,43.0,913.30,11-19-2025,1246.76
1413,Carlos Ramirez,Camara,CENTRO,42.0,$624.36,25/03/2025,1737.85
4375,Sofia Torres,Escritorio,sur,44.0,946.30,2025-12-24,1452.26
9005,Diego Romero,Silla,Norte,54.0,311.61,21/02/2026,1494.43
2754,Andres Ortiz,Teclado,occidente,32.0,$556.31,26/01/2026,1478.21
7137,Ricardo Vargas,Camara, Sur,33.0,884.04,2024-04-16,1695.64
2213,Fernanda Castro,Teclado, Norte,57.0,$927.03,Marzo 20 2026,1088.17
2623,Maria Lopez,Mouse,Norte,42.0,sin dato,2025-08-08,1589.61
5650,Pedro Aguilar,Tablet,CENTRO,24.0,$739.89,Diciembre 17 2025,593.69
3625,Camila Reyes,Laptop,Occidente,49.0,1005.81,Febrero 5 2025,1562.23
6432,Valeria Mendoza,Laptop,Norte,56.0,700.76,19/06/2025,1693.35
9255,Alejandro Diaz,Laptop,occidente,22.0,$948.90,32/13/2026,1510.12
464,Daniela Cruz,Tablet, Occidente,,$716.90,32/13/2026,1727.44
1755,Fernanda Castro,Impresora,Occidente,34.0,781.43,,1310.34
5219,Luis Hernandez,Bocina,Norte,35.0,631.99,11/06/2025,1534.93
4690,Valeria Mendoza,Mouse,Occidente ,50.0,"$1,281.73",08-18-2024,1958.24
4295,Isabel Guzman,Mouse,Centro,52.0,sin dato,05/09/2025,1326.21
379,Miguel Flores, Mouse,Centro ,44.0,sin dato,2024-04-29,1463.75
3107,Alejandro Diaz,Tablet,Occidente,,$656.95,12-19-2024,1725.32
1336,Pedro Aguilar,Camara,Norte,38.0,$990.82,Octubre 6 2025,769.68
9982,Ana Garcia,Teclado,Occidente,48.0,361.26,Junio 1 2026,1913.01
2717,Daniela Cruz,Monitor,Sur,52.0,"$1,145.53",10/08/2025,1533.27
5333,Miguel Flores,Bocina,Norte,23.0,sin dato,04-13-2026,987.96
6744,Ana Garcia,Silla,Centro ,38.0,$894.89,2026-04-28,1373.76
5166,Luis Hernandez,Monitor,centro,46.0,889.97,Abril 4 2026,1579.01
7918,Maria Lopez,LAPTOP,Occidente,26.0,760.61,05-21-2024,1011.45
1812,Andres Ortiz,Camara,Norte,43.0,600.55,2025-09-20,1071.96
1895,Maria Lopez,Silla,Centro,45.0,1325.41,12/07/2025,1637.96
8168,Sofia Torres,TECLADO,SUR,54.0,$918.10,11-28-2025,1068.26
8786,Paola Rios,Silla,sur,26.0,1202.47,2025-01-29,1549.74
1190,Ana Garcia, Silla,OCCIDENTE,45.0,785.89,2025-02-19,1739.1
5015,Andres Ortiz,Escritorio,Occidente,16.0,924.92,2025-01-11,1285.69
4266,Pedro Aguilar,Monitor,Sur,37.0,"$1,475.39",Abril 6 2025,1078.92
3455,Camila Reyes,Teclado,occidente,,273.26,Abril 19 2025,1542.16
5639,Maria Lopez, Escritorio,OCCIDENTE,31.0,1466.24,2025-06-15,850.48
6947,Jorge Morales,Bocina,occidente,32.0,$751.32,2024-02-24,1876.43
9640,Ricardo Vargas,Camara,Sur,30.0,sin dato,05-21-2026,2063.74
9485,Jorge Morales,Monitor,Occidente ,16.0,1232.06,Octubre 29 2024,847.25
7227,Ana Garcia,Camara,Sur,44.0,1314.98,18/01/2026,1373.46
3993,Maria Lopez,Camara,CENTRO,43.0,279.40,12-02-2025,1012.04
7672,Daniela Cruz,Laptop,occidente,34.0,$603.89,Noviembre 2 2024,1635.81
1031,Jorge Morales,Teclado,Sur,46.0,882.31,09-19-2024,1381.15
6261,Maria Lopez,Tablet,Centro,45.0,$826.62,Enero 6 2024,1406.52
7567,Daniela Cruz,Monitor,Centro,,$574.91,08-27-2025,1169.18
3775,Daniela Cruz,Bocina, Occidente,43.0,815.80,05/10/2025,1991.62
6551,Ricardo Vargas,Escritorio,Occidente ,22.0,659.80,09-22-2025,1478.81
9962,Isabel Guzman,Teclado,norte,244.0,894.26,Marzo 14 2024,1039.0
1756,Sofia Torres,Monitor,Sur,26.0,856.40,2024-12-24,815.76
4555,Valeria Mendoza,Mouse,Centro,47.0,$813.27,32/13/2026,1127.62
6963,Sofia Torres,Camara,centro,54.0,"$1,061.20",2024-03-30,660.95
111,Carlos Ramirez,Silla,Sur,16.0,1234.38,14/01/2024,652.22
5820,Ricardo Vargas,Mouse,Norte,37.0,958.84,Marzo 3 2024,1434.96
7153,Maria Lopez,Escritorio,Occidente,57.0,499.90,2024-09-06,929.41
2918,Isabel Guzman,Silla,Occidente,26.0,$924.89,2024-07-20,1533.54
1516,Isabel Guzman,Impresora,Sur,58.0,945.14,Junio 26 2024,1226.87
9488,Carlos Ramirez,Escritorio,Centro,40.0,$540.51,2025-10-05,918.34
9331,Maria Lopez,CAMARA,Centro,25.0,$958.08,17/01/2026,1803.86
8664,Isabel Guzman,Laptop,Centro,42.0,1099.41,Noviembre 3 2025,1302.82
2264,Paola Rios,Escritorio,Sur,63.0,$732.14,Noviembre 26 2024,1019.64
8748,Jose Martinez,Tablet, Norte,48.0,$694.75,07/07/2025,1468.7
6408,Fernanda Castro,SILLA,Sur,264.0,$-875.59,Julio 3 2025,1059.18
894,Pedro Aguilar, Camara,Occidente ,54.0,sin dato,Febrero 10 2025,1675.69
1491,Carlos Ramirez,Silla,occidente,22.0,592.98,2024-03-19,735.16
1851,Luis Hernandez,Impresora,centro,26.0,1115.49,32/13/2026,1572.79
325,Pedro Aguilar, Silla,Sur,28.0,$985.18,Noviembre 6 2025,1354.32
1216,Maria Lopez,SILLA,OCCIDENTE,47.0,1095.84,2025-04-12,1355.51
2934,Daniela Cruz,Teclado,sur,33.0,$838.44,04/11/2024,1916.44
8661,Isabel Guzman, Laptop,Sur,60.0,818.02,12/10/2024,1837.93
6720,Andres Ortiz,Monitor, Norte,45.0,"$1,042.96",2025-12-01,1403.67
8842,Sofia Torres, Laptop,Occidente,51.0,$850.28,09/04/2024,1605.35
7119,Daniela Cruz,Tablet,Sur,33.0,1352.79,2025-10-05,1232.64
4000,Paola Rios,Bocina,Centro,36.0,326.26,Noviembre 15 2025,1091.64
1130,Fernanda Castro,Tablet,Centro,18.0,sin dato,05/11/2025,1385.56
5621,Ana Garcia,Bocina,Centro ,45.0,766.35,04-29-2026,1266.66
2919,Camila Reyes,LAPTOP,centro,61.0,$366.93,Octubre 10 2024,1620.79
3085,Sofia Torres,Monitor,SUR,33.0,$763.48,Enero 13 2026,1544.36
2796,Isabel Guzman,Monitor,Centro,29.0,1000.46,23/04/2024,526.06
5854,Andres Ortiz,Monitor,CENTRO,40.0,$846.83,09/06/2026,1318.33
799,Sofia Torres,Laptop,Centro,44.0,"$1,108.73",2024-02-29,1372.14
735,Laura Sanchez,Mouse,Sur,32.0,$951.83,Julio 11 2024,1260.23
4327,Alejandro Diaz,Impresora,Occidente,48.0,1104.46,2024-02-05,294.54
2245,Valeria Mendoza,Monitor,Sur,34.0,$607.37,2025-04-24,1035.77
179,Isabel Guzman, Camara,norte,53.0,615.23,11/01/2026,687.45
6217,Daniela Cruz,MONITOR,SUR,26.0,993.10,09-07-2024,1577.51
7468,Ricardo Vargas,Impresora,Occidente,39.0,314.44,05/02/2025,1235.24
1175,Ana Garcia,Laptop,Norte,21.0,922.78,09-01-2025,1589.16
6235,Diego Romero,Bocina,Norte,44.0,"$1,154.02",2025-09-18,1369.76
1832,Pedro Aguilar,SILLA,Occidente,50.0,1108.14,11-17-2025,1271.85
9117,Miguel Flores,Monitor,sur,25.0,"$1,334.92",06/06/2026,1724.53
6694,Diego Romero,Escritorio,Occidente ,46.0,801.79,06/12/2025,1075.58
8380,Jorge Morales,Escritorio,Occidente,71.0,$683.45,06-08-2026,1505.74
7743,Camila Reyes,MONITOR,Sur ,41.0,746.11,2025-12-14,1423.57
3202,Isabel Guzman,Laptop,Occidente,44.0,852.46,Octubre 26 2025,818.8
199,Sofia Torres,Tablet,sur,33.0,"$1,045.57",09-14-2024,1265.66
6067,Miguel Flores,Camara,?,39.0,935.12,13/06/2025,812.77
4088,Isabel Guzman,Teclado,Norte,29.0,851.13,Febrero 4 2026,1763.24
549,Paola Rios,IMPRESORA, Sur,57.0,$571.65,02-01-2026,98000.0
7366,Daniela Cruz,Bocina,norte,33.0,$364.38,,1772.78
4852,Valeria Mendoza, Monitor,NORTE,33.0,940.61,02/03/2024,938.12
5066,Andres Ortiz,Mouse,Sur,55.0,553.02,11-27-2024,1728.08
2533,Isabel Guzman,Monitor,Occidente,33.0,798.47,Abril 26 2024,1560.57
2315,Laura Sanchez,Silla,norte,23.0,1089.39,02-26-2025,1723.0
7095,Pedro Aguilar,Tablet,occidente,41.0,$829.36,2025-06-09,1776.15
67,Isabel Guzman,Bocina,Occidente,19.0,1372.25,Enero 2 2026,1192.87
3261,Daniela Cruz,Escritorio,Centro,43.0,144.15,10/11/2025,813.99
2573,Valeria Mendoza,Bocina,Sur,37.0,"$1,062.94",27/03/2026,1659.54
7052,Daniela Cruz,Camara,Norte,42.0,"$1,127.04",2024-06-12,1877.62
6747,Ana Garcia,Camara,Occidente,37.0,$782.74,Abril 9 2024,1516.81
623,Jose Martinez,Tablet,Sur,31.0,1297.60,2024-10-21,1617.9
1682,Ana Garcia,Mouse, Occidente,244.0,$715.38,03-07-2026,1358.84
788,Andres Ortiz,Impresora,Centro,41.0,"$1,068.56",26/03/2025,996.81
3333,Laura Sanchez,Bocina,Occidente,36.0,$669.93,Mayo 24 2024,1784.7
8407,Luis Hernandez,MOUSE,,26.0,1470.40,Enero 22 2024,1679.75
6336,Jose Martinez, Tablet,Sur,50.0,$817.98,Diciembre 12 2025,979.26
3281,Luis Hernandez,Escritorio,sur,30.0,$798.97,08/07/2024,1982.6
5280,Jose Martinez, Mouse,Sur,26.0,"$1,441.61",04-14-2025,1119.97
6311,Jorge Morales,Mouse,Sur,61.0,$928.05,17/06/2024,1050.36
4337,Diego Romero,Impresora,Centro,29.0,$551.63,13/06/2024,1463.88
9859,Miguel Flores,IMPRESORA, Centro,44.0,"$1,051.21",Diciembre 10 2024,1595.49
479,Andres Ortiz,Escritorio,Centro ,50.0,895.52,Mayo 17 2026,1085.08
6075,Isabel Guzman,Laptop,Occidente,35.0,71.09,12-30-2025,1362.22
2648,Diego Romero, Monitor,occidente,43.0,$589.24,2026-01-09,948.22
4481,Jorge Morales,Tablet,Sur,49.0,1033.80,2024-03-10,1222.97
8464,Ana Garcia,Bocina,Norte,16.0,"$1,448.62",Julio 22 2025,1863.27
1034,Sofia Torres,MONITOR,Norte ,24.0,782.60,03-05-2024,1007.92
6245,Camila Reyes,Tablet,Norte,36.0,$839.89,17/05/2026,1773.38
2599,Pedro Aguilar,Impresora,SUR,31.0,1007.22,Marzo 15 2025,1293.36
6462,Daniela Cruz,Teclado,Sur,34.0,807.51,Noviembre 13 2025,1580.57
9213,Isabel Guzman, Impresora,Occidente,54.0,564.15,30/11/2025,1677.22
4845,Diego Romero,MONITOR,Occidente,48.0,$932.37,2024-12-14,1714.8
345,Isabel Guzman,Bocina,Occidente,51.0,$727.65,05/04/2025,1214.07
4328,Daniela Cruz,Bocina,Centro,42.0,537.66,Febrero 4 2025,1623.68
1872,Laura Sanchez,Silla,Norte,37.0,$819.71,03/04/2025,842.93
5852,Ricardo Vargas,Monitor,Norte,37.0,1223.20,2025-07-03,1446.0
8015,Diego Romero,Camara,Centro,42.0,$493.44,2024-06-20,1690.72
9318,Ricardo Vargas,Tablet,sur,47.0,600.59,24/02/2025,1324.92
2889,Maria Lopez,Camara,Sur,27.0,924.66,20/03/2025,1608.61
221,Maria Lopez,Mouse,Sur,36.0,"$1,223.12",10/06/2026,1310.83
9462,Sofia Torres,Teclado,Centro,51.0,$963.44,01-18-2024,1087.22
9710,Luis Hernandez,Monitor,Occidente,36.0,1275.58,08/12/2025,1721.33
4339,Valeria Mendoza,Impresora,SUR,37.0,1268.33,07-20-2025,808.02
4017,Carlos Ramirez, Teclado,Norte,34.0,$793.05,14/07/2025,1560.2
4373,Laura Sanchez,Tablet,Norte,75.0,1433.56,16/04/2026,1413.59
4249,Isabel Guzman,TECLADO, Sur,51.0,615.11,Junio 7 2026,1006.11
9426,Fernanda Castro,Camara,Occidente,29.0,$493.69,01-21-2025,1271.33
6878,Ana Garcia,Tablet,Sur,36.0,sin dato,05-06-2026,1465.04
7566,Isabel Guzman,Tablet, Centro,36.0,$896.92,Enero 16 2026,1668.03
4611,Luis Hernandez,Camara, Norte,37.0,64.93,13/08/2024,1235.25
6884,Jose Martinez, Mouse,NORTE,35.0,1284.26,09/08/2025,1988.23
4242,Carlos Ramirez, Mouse,SUR,34.0,"$1,099.33",2025-07-16,1139.76
4505,Ana Garcia,Teclado,Occidente,55.0,447.68,29/06/2025,1313.34
9365,Sofia Torres,Tablet,Centro,42.0,50.00,09-27-2024,1444.03
6796,Maria Lopez,Bocina,Sur,50.0,439.23,2026-03-01,1296.91
2882,Laura Sanchez,Impresora,sin informacion,46.0,785.06,Mayo 20 2026,1155.3
1678,Daniela Cruz, Impresora, Norte,34.0,$807.85,26/04/2026,1479.98
4585,Ricardo Vargas,Monitor,Centro,41.0,$765.21,32/13/2026,1220.77
902,Ana Garcia,Laptop,Sur,29.0,"$1,062.17",Febrero 12 2024,1475.89
7598,Daniela Cruz,Monitor,norte,37.0,702.97,2024-06-26,676.08
2297,Jose Martinez,Bocina,Norte,43.0,1424.51,Octubre 6 2024,1464.64
9941,Ricardo Vargas,Camara,norte,18.0,841.34,Mayo 8 2026,1538.21
4470,Valeria Mendoza,Escritorio,OCCIDENTE,38.0,1107.56,,1496.58
297,Camila Reyes,Silla,Sur,36.0,805.55,08-06-2025,2051.49
9039,Pedro Aguilar,Tablet,sur,38.0,623.33,05-23-2024,2025.33
4154,Pedro Aguilar,Teclado,Sur,36.0,$937.16,11-10-2024,1248.78
4673,Laura Sanchez,MONITOR,?,54.0,sin dato,21/04/2024,1119.74
28,Camila Reyes,BOCINA,Norte,17.0,1168.72,26/11/2024,1653.1
4697,Luis Hernandez,Silla, Centro,50.0,"$1,503.95",17/06/2024,1308.96
8105,Jose Martinez, Laptop,Sur,32.0,859.29,Febrero 10 2024,1549.59
8119,Daniela Cruz, Impresora,Occidente ,41.0,774.68,2026-02-17,1290.23
6228,Andres Ortiz,Bocina,Norte,49.0,"$1,401.50",05-02-2026,1369.22
3249,Maria Lopez,Escritorio,Norte,53.0,$886.22,22/01/2026,1684.84
8167,Maria Lopez,Camara,Centro ,34.0,1011.39,12-16-2025,1637.17
2581,Miguel Flores,Silla,SUR,34.0,540.88,Abril 8 2025,1606.76
4693,Pedro Aguilar,Laptop,Occidente,52.0,$837.06,10-12-2025,1639.28
1371,Alejandro Diaz,Camara,Centro,,$960.86,,1448.5
4748,Carlos Ramirez,Camara,Norte,38.0,$992.29,2024-05-01,292.07
8280,Diego Romero,Monitor,occidente,57.0,sin dato,2024-03-04,1687.06
5517,Paola Rios,Teclado,centro,33.0,981.54,2024-11-19,1486.69
5029,Valeria Mendoza,Impresora,Sur,33.0,$725.64,Septiembre 20 2025,1207.23
682,Maria Lopez,Mouse,OCCIDENTE,34.0,"$1,422.74",30/10/2025,1473.11
3160,Alejandro Diaz,Tablet,centro,30.0,229.44,Marzo 23 2026,1635.07
2988,Diego Romero,Monitor,NORTE,39.0,$779.14,2024-05-20,2026.13
1883,Jose Martinez,Escritorio,Sur,61.0,1259.63,2024-11-02,1747.91
1941,Jose Martinez,TECLADO, Norte,58.0,$913.87,20/10/2024,1278.96
3297,Laura Sanchez,Tablet,Sur,29.0,"$1,336.23",10-17-2025,1610.39
3535,Luis Hernandez,Mouse,Norte,30.0,492.56,02/07/2025,1546.5
3730,Fernanda Castro,Silla,Sur,47.0,$832.11,30/01/2024,1752.7
6635,Alejandro Diaz,Laptop,Occidente ,-9.0,$644.90,,2034.35
1182,Isabel Guzman,Impresora,Norte,38.0,173.74,05-14-2026,772.73
1376,Pedro Aguilar,Monitor,Occidente,38.0,776.59,Septiembre 3 2024,859.94
6912,Diego Romero,Laptop,centro,33.0,646.00,Junio 1 2024,1472.3
6250,Jose Martinez,Tablet,occidente,17.0,819.55,2025-09-18,1568.5
627,Sofia Torres,Teclado,Centro,36.0,"$1,062.78",,1809.68
2113,Isabel Guzman,Tablet,Norte,33.0,752.58,27/01/2024,1690.62
6190,Jorge Morales,Laptop,Sur,28.0,950.12,Abril 13 2024,1643.3
9447,Pedro Aguilar,Laptop,Occidente,26.0,$197.66,Enero 31 2024,1368.24
6983,Pedro Aguilar,Silla,NORTE,43.0,912.73,Abril 10 2024,1766.9
6625,Paola Rios,Mouse,Sur,39.0,$991.15,2025-10-27,1179.85
4181,Andres Ortiz,Mouse,Norte,20.0,575.94,25/01/2026,1678.34
7445,Andres Ortiz,Camara,norte,53.0,$730.33,2026-03-29,1372.73
8056,Andres Ortiz,Camara,Centro,16.0,$375.12,2025-01-23,1486.64
1463,Ana Garcia,Silla,,51.0,827.54,Julio 16 2024,1614.82
2888,Luis Hernandez,Camara,Norte,28.0,1632.76,2025-08-29,1056.72
7408,Andres Ortiz,Mouse,CENTRO,51.0,$273.60,2026-01-28,994.42
685,Jose Martinez,Escritorio,Occidente,53.0,935.52,Mayo 16 2026,1886.67
7682,Andres Ortiz,Monitor,norte,28.0,$619.78,Mayo 15 2026,1439.49
9680,Jose Martinez,Tablet,Norte,32.0,$917.32,2026-01-14,989.15
1367,Sofia Torres,Bocina,Occidente,22.0,$509.37,Enero 31 2024,76000.0
3917,Luis Hernandez,Monitor,norte,20.0,1036.06,02/10/2024,798.32
2640,Alejandro Diaz,Escritorio, Norte,51.0,986.87,2026-02-14,1310.76
9741,Sofia Torres,Camara,Centro,48.0,$684.10,2024-06-17,1568.74
9307,Andres Ortiz,Silla,Occidente,55.0,$444.95,2024-04-10,1761.66
6205,Luis Hernandez,Impresora,Occidente,48.0,"$1,429.13",2025-08-01,1825.96
2301,Carlos Ramirez,Bocina,Centro,69.0,543.36,12-10-2024,1607.84
2939,Isabel Guzman,BOCINA,Sur,52.0,$822.91,09-20-2024,797.64
6066,Carlos Ramirez,Silla,Norte,37.0,$448.92,15/01/2024,1633.06
9430,Ricardo Vargas, Laptop,Centro,46.0,"$1,085.85",07/11/2025,1796.31
5358,Valeria Mendoza,TABLET, Norte,28.0,907.07,Septiembre 13 2024,1453.14
1980,Diego Romero,Impresora,OCCIDENTE,56.0,385.23,Febrero 20 2024,822.91
3804,Ana Garcia,SILLA, Sur,38.0,$-853.48,Mayo 14 2025,1610.56
9236,Paola Rios,Laptop,Centro,29.0,"$1,275.80",Junio 12 2024,1236.21
4615,Ricardo Vargas,Camara,Norte,48.0,567.16,04-29-2025,1529.64
4868,Sofia Torres,Monitor,Occidente,29.0,818.00,,1579.54
5158,Maria Lopez,Laptop,Sur,29.0,"$1,493.56",Octubre 29 2025,1694.37
2281,Diego Romero,Escritorio,Occidente,47.0,"$1,284.12",05/02/2024,125000.0
4872,Pedro Aguilar,Impresora,Centro,42.0,$876.56,Febrero 27 2024,1240.23
4413,Sofia Torres,ESCRITORIO,Norte,33.0,643.53,Marzo 8 2025,2178.42
7107,Maria Lopez,Silla,Sur,32.0,1098.33,Marzo 16 2024,1572.21
4131,Ana Garcia,Monitor, Norte,22.0,854.93,25/09/2025,1676.84
6461,Jose Martinez,Monitor,Occidente,19.0,$985.56,23/05/2024,1063.13
4904,Valeria Mendoza,Mouse,Occidente,47.0,1132.32,12/06/2024,1398.26
1785,Valeria Mendoza,MOUSE,centro,41.0,sin dato,2024-10-04,1567.99
3183,Valeria Mendoza,Bocina,Norte,28.0,$704.55,2024-11-11,1571.07
495,Carlos Ramirez,Impresora,Occidente,25.0,"$1,157.79",2026-05-14,1111.65
8790,Miguel Flores,Bocina,Centro ,34.0,"$1,023.16",Marzo 26 2024,951.36
4429,Diego Romero,Silla,Sur,253.0,728.29,01-31-2024,1315.23
2861,Jose Martinez,Tablet,Centro,67.0,1036.37,2024-01-27,1705.49
6436,Ana Garcia,Silla,Centro,42.0,$641.27,Abril 8 2025,1062.41
4042,Andres Ortiz,Tablet,Sur,40.0,764.62,12-12-2025,1232.22
7650,Valeria Mendoza,Camara,Norte,34.0,$752.59,Junio 23 2024,1576.5
2898,Fernanda Castro,Escritorio,Centro,24.0,$694.07,2025-09-16,1573.19
367,Jorge Morales,Teclado,sur,41.0,sin dato,2026-03-23,1698.76
850,Fernanda Castro,Tablet,Centro,56.0,"$1,090.73",11/11/2025,1763.99
5538,Camila Reyes,Tablet,CENTRO,39.0,$797.37,Octubre 23 2025,2007.38
4713,Alejandro Diaz,Camara,Sur ,26.0,1406.11,Julio 3 2025,1576.82
5710,Diego Romero,Teclado,OCCIDENTE,41.0,1291.23,2025-07-11,2318.74
4581,Jose Martinez,Monitor, Sur,32.0,1013.53,Enero 23 2024,1466.12
2654,Miguel Flores,Camara,centro,60.0,$648.14,2025-09-01,1231.69
3504,Laura Sanchez,Teclado,Norte,154.0,1572.97,Marzo 26 2026,1061.77
1542,Laura Sanchez,Camara,sin informacion,17.0,$881.03,2024-02-04,998.96
9514,Daniela Cruz,Bocina,SUR,31.0,"$1,280.07",05-16-2025,1290.12
9130,Jose Martinez, Escritorio,CENTRO,58.0,675.05,08/02/2025,847.16
323,Fernanda Castro,Impresora,Norte,37.0,801.51,2026-02-08,686.43
2032,Jose Martinez,Laptop,CENTRO,24.0,"$1,214.57",11/05/2026,1631.21
814,Carlos Ramirez,Mouse,Occidente,37.0,$936.53,Septiembre 5 2025,1208.14
8065,Diego Romero,Impresora,Norte,54.0,750.82,2025-02-10,1032.07
9653,Camila Reyes, Camara,Occidente,67.0,"$1,015.31",2025-05-18,1914.9
9469,Alejandro Diaz,LAPTOP,Norte,40.0,616.77,2024-12-14,968.78
1080,Camila Reyes,Laptop,Occidente,42.0,"$1,240.96",23/10/2024,1665.21
2227,Alejandro Diaz,Teclado,OCCIDENTE,28.0,"$1,522.08",05-05-2024,788.32
9408,Miguel Flores,Teclado,Norte,43.0,$456.86,2025-07-29,683.83
5945,Carlos Ramirez,Impresora,NORTE,38.0,450.11,01-06-2024,2122.86
2706,Carlos Ramirez,Bocina,Norte ,39.0,$631.87,22/01/2025,1015.7
7732,Sofia Torres,Impresora,Norte ,39.0,736.05,,1831.78
5181,Alejandro Diaz,Laptop,Norte,22.0,$862.54,2025-10-20,1099.1
1165,Paola Rios,Silla,Sur,56.0,518.13,2024-06-09,1000.95
3262,Jorge Morales,Escritorio,centro,31.0,$909.20,Noviembre 23 2025,1179.8
4468,Isabel Guzman,Mouse,Norte,7.0,1064.26,2024-07-16,1530.34
1451,Carlos Ramirez, Bocina,Centro,32.0,"$1,376.39",05-12-2026,1782.77
4230,Ana Garcia,Camara,CENTRO,35.0,694.88,Abril 8 2024,1419.42
3863,Laura Sanchez,Impresora,Sur,45.0,$549.04,07-17-2024,1806.08
6506,Carlos Ramirez,Bocina,sur,53.0,$553.63,2024-06-05,1368.71
7338,Miguel Flores,Silla,Centro,26.0,$-750.02,2025-06-13,1247.65
9810,Valeria Mendoza,Silla,SUR,24.0,$551.69,12-09-2025,1278.81
6833,Daniela Cruz,Escritorio,norte,20.0,993.01,12/11/2024,1371.13
8405,Camila Reyes,Bocina,occidente,51.0,$706.34,11/10/2024,1520.23
6631,Jorge Morales,Silla,Norte,34.0,$530.33,01-12-2025,1598.19
7054,Maria Lopez,Camara,Centro,20.0,"$1,147.40",2024-04-07,1550.62
4788,Ana Garcia,Bocina,Norte,24.0,"$-1,019.53",,840.19
4057,Camila Reyes,Escritorio,Centro,33.0,"$1,008.99",16/07/2024,1224.17
9794,Laura Sanchez, Escritorio, Norte,26.0,1254.71,2026-02-05,1711.51
3000,Andres Ortiz,SILLA,Sur,35.0,590.48,Mayo 14 2024,1323.33
9294,Isabel Guzman,Impresora,SUR,22.0,$780.88,11/02/2025,1251.24
1232,Valeria Mendoza,Teclado,Sur,39.0,1055.23,Marzo 31 2024,1215.94
1515,Laura Sanchez, Bocina,Centro,225.0,$571.42,25/05/2025,1408.3
2314,Luis Hernandez,Impresora,Occidente,44.0,$932.08,Enero 7 2024,1270.96
1452,Ana Garcia, Camara,OCCIDENTE,50.0,$820.36,08-12-2025,1181.96
8351,Maria Lopez,Tablet,Sur,44.0,$337.52,12/09/2025,1532.53
6102,Alejandro Diaz,Mouse, Norte,36.0,$676.89,Diciembre 4 2024,1444.89
2593,Paola Rios,Mouse,Occidente,21.0,50.00,32/13/2026,1215.14
4322,Daniela Cruz,Silla,norte,39.0,"$1,146.83",2024-05-26,785.91
5962,Fernanda Castro,MOUSE,Norte,33.0,632.84,04-30-2025,1447.76
839,Ana Garcia,Laptop,sur,39.0,462.54,06/12/2024,923.15
4444,Jorge Morales,Monitor,Centro,52.0,780.63,04-10-2024,1106.85
4925,Sofia Torres,Bocina,Occidente ,37.0,$913.79,04-09-2026,857.8
6843,Jorge Morales,Laptop,Occidente,31.0,$772.42,2026-04-21,1631.9
8754,Valeria Mendoza,Tablet,sur,68.0,1545.83,Mayo 3 2026,1062.18
3568,Jose Martinez,Laptop,Centro,62.0,$923.71,Mayo 9 2026,1863.53
9539,Paola Rios,IMPRESORA,Occidente,49.0,905.91,Abril 6 2026,1376.41
3088,Jose Martinez,Silla,Occidente,44.0,366.75,,1578.9
8901,Maria Lopez,Teclado,Occidente,32.0,855.34,2026-01-04,1082.5
1715,Fernanda Castro, Escritorio,Norte,28.0,1156.29,2024-12-23,2036.68
4271,Diego Romero, Impresora,Norte,31.0,"$1,198.89",2025-03-27,1825.36
340,Pedro Aguilar,Mouse,Norte,42.0,"$1,357.36",Julio 22 2024,1079.32
7179,Miguel Flores,Tablet,Norte,43.0,609.06,2025-09-18,1126.7
6334,Luis Hernandez,Escritorio,Norte,39.0,$692.40,23/03/2026,1633.2
7396,Ana Garcia,Mouse,Sur,32.0,"$1,033.30",2024-05-15,988.75
2755,Pedro Aguilar,Escritorio,,42.0,1309.50,09/07/2025,1213.13
8053,Daniela Cruz, Teclado,Sur ,41.0,$391.14,07-17-2025,893.84
589,Camila Reyes, Tablet,Occidente,41.0,$988.44,01-27-2024,1383.43
3366,Valeria Mendoza,Silla,,35.0,881.28,02-24-2024,1845.96
2671,Diego Romero,Camara,Centro,43.0,"$1,464.23",Febrero 18 2024,1434.79
3590,Isabel Guzman, Escritorio,Centro,40.0,818.19,Enero 31 2025,1333.49
35,Alejandro Diaz,BOCINA,Centro,56.0,$754.48,02/01/2026,968.99
29,Paola Rios,Bocina,Sur,42.0,$851.99,24/10/2025,1338.02
8316,Luis Hernandez,Monitor,Occidente,-9.0,$399.00,2024-06-20,1488.44
4890,Jorge Morales,Laptop,Sur,41.0,"$1,149.61",02-08-2025,1075.8
2171,Ana Garcia,Escritorio,OCCIDENTE,50.0,827.68,2025-05-31,1821.77
5488,Diego Romero,Tablet,Centro,38.0,$697.61,2024-12-16,1429.07
4975,Camila Reyes,Camara,Centro,37.0,$613.02,Enero 20 2026,1096.11
890,Carlos Ramirez,Tablet,Centro,41.0,"$1,044.46",03-19-2026,1073.83
6926,Ana Garcia,ESCRITORIO,Centro,36.0,1536.91,11/04/2026,877.2
3323,Diego Romero, Bocina,NORTE,40.0,1072.02,03-30-2026,914.13
9674,Luis Hernandez,Monitor,Centro,38.0,"$1,076.22",23/08/2024,1447.64
3515,Carlos Ramirez,Teclado,Sur,26.0,"$1,409.11",2024-09-04,1237.01
5258,Carlos Ramirez,Laptop,Sur,50.0,936.53,01/03/2025,1987.44
8597,Pedro Aguilar,Monitor,Occidente,47.0,$659.91,2026-01-21,1662.3
6509,Andres Ortiz,Laptop,Occidente,43.0,$695.51,32/13/2026,1688.0
3734,Isabel Guzman,Silla,Sur,33.0,$685.53,Julio 19 2024,913.8
9746,Andres Ortiz,ESCRITORIO,Occidente,31.0,492.89,Febrero 19 2024,1510.03
7697,Paola Rios, Bocina,Sur,20.0,$818.46,06/08/2024,1898.29
1655,Jose Martinez,Bocina,Sur,32.0,1367.03,08/10/2024,583.73
5502,Laura Sanchez,Camara,Occidente,44.0,sin dato,Julio 19 2025,1539.02
7812,Andres Ortiz,Teclado,?,20.0,688.82,28/03/2024,1235.01
224,Laura Sanchez,Escritorio,Sur,38.0,"$1,583.92",Enero 6 2024,1544.87
8882,Ana Garcia,Silla,NORTE,34.0,$279.41,05/06/2024,1601.48
7304,Laura Sanchez,Tablet,SUR,,568.08,Enero 29 2024,1562.36
4240,Laura Sanchez,Escritorio,sur,19.0,"$1,160.03",Marzo 11 2024,1887.04
1591,Valeria Mendoza,Monitor,Sur,30.0,965.70,04-06-2025,1514.67
7473,Laura Sanchez,Bocina,sin informacion,24.0,1194.72,Octubre 18 2025,1071.79
3257,Jose Martinez,Mouse,Norte,32.0,sin dato,Mayo 23 2026,1567.16
5557,Maria Lopez,Escritorio,sur,22.0,922.17,04-12-2026,2222.95
9984,Alejandro Diaz,MOUSE,Norte,271.0,$787.62,2025-10-03,1388.65
2182,Laura Sanchez,Laptop,Centro ,53.0,921.01,Marzo 6 2025,1635.94
7256,Andres Ortiz,Tablet,SUR,32.0,"$1,254.39",2024-02-06,1182.95
5351,Laura Sanchez,Laptop,Norte,48.0,"$1,144.26",2025-03-17,1683.12
7236,Jose Martinez,ESCRITORIO,Occidente,39.0,1326.74,Octubre 25 2025,2023.39
8799,Camila Reyes,Tablet,Sur,49.0,715.17,03/02/2026,1141.6
1210,Pedro Aguilar,SILLA,SUR,49.0,970.88,03-03-2025,1840.22
422,Andres Ortiz, Impresora, Norte,27.0,842.14,06/05/2024,1332.68
8999,Luis Hernandez,IMPRESORA,Norte ,39.0,1058.45,2026-05-08,1402.56
1707,Pedro Aguilar,Tablet,Norte,-9.0,619.84,06/01/2024,1150.17
1159,Miguel Flores,Bocina,Centro,26.0,1116.21,Marzo 25 2024,1831.55
2307,Sofia Torres,Tablet,Centro,43.0,$630.92,12-26-2025,1119.53
274,Pedro Aguilar,Laptop,Centro,50.0,$251.02,2025-07-06,1256.39
172,Luis Hernandez,IMPRESORA,OCCIDENTE,44.0,658.92,05/04/2026,1479.57
3957,Paola Rios,Bocina,OCCIDENTE,54.0,$758.94,,1269.93
5187,Alejandro Diaz,Laptop,Occidente,34.0,712.72,2024-06-11,1480.16
3189,Luis Hernandez, Tablet,Centro,34.0,$586.20,06-24-2025,1312.65
1726,Diego Romero,Escritorio,Sur,66.0,1222.43,16/01/2026,1797.97
7493,Laura Sanchez,Escritorio,norte,36.0,915.99,Abril 21 2025,2019.12
7912,Ricardo Vargas,Mouse, Centro,32.0,$470.54,02-25-2025,1435.99
1565,Ricardo Vargas,Monitor,Centro,53.0,sin dato,05-27-2025,701.72
1783,Ana Garcia,Camara,norte,28.0,$706.90,11/05/2026,1439.96
844,Ana Garcia,Impresora,norte,61.0,359.53,2024-11-19,1519.88
9623,Laura Sanchez, Impresora,sur,27.0,$355.75,26/12/2024,1619.98
4756,Fernanda Castro,Tablet,OCCIDENTE,37.0,"$1,036.65",07-03-2025,1842.85
905,Jorge Morales,Silla,Sur,44.0,"$-1,050.28",29/03/2025,1220.98
9114,Diego Romero,Mouse,Norte,31.0,$887.21,08-08-2024,949.24
9961,Maria Lopez,Impresora,Sur,56.0,464.38,Junio 28 2025,1246.87
5462,Ana Garcia,Escritorio,Occidente,31.0,317.10,12-30-2024,1439.06
1548,Camila Reyes,SILLA,Centro,17.0,$969.72,03-29-2026,1203.12
2081,Camila Reyes,Impresora,Sur,47.0,"$1,427.02",08/02/2026,800.64
6077,Sofia Torres,Tablet,Occidente,47.0,1013.33,2025-07-22,125000.0
3986,Sofia Torres,Tablet,Occidente,14.0,437.49,2024-01-25,1464.14
7543,Miguel Flores, Teclado,Occidente,23.0,$890.18,Noviembre 11 2024,1995.77
8563,Pedro Aguilar,Teclado,Norte,34.0,$343.31,2024-02-19,1175.02
6604,Sofia Torres,Mouse,Occidente,36.0,$303.33,06-22-2025,1267.43
9877,Pedro Aguilar, Bocina,Occidente,41.0,$835.93,,1771.98
8452,Alejandro Diaz,Camara,Occidente,37.0,$838.48,Marzo 3 2025,1484.69
3821,Maria Lopez,Impresora,Sur,40.0,928.54,01-06-2024,1124.61
2647,Ricardo Vargas,Teclado,,36.0,"$1,125.92",24/02/2025,1882.86
6448,Andres Ortiz,Tablet,Norte,40.0,1167.33,2024-05-20,1458.13
7631,Sofia Torres,Mouse,Occidente,36.0,$468.13,,1430.35
5448,Daniela Cruz,Mouse,Occidente,46.0,673.63,Mayo 4 2024,1592.26
6978,Laura Sanchez, Bocina,Centro,53.0,$960.74,Julio 1 2025,699.72
7464,Isabel Guzman,Silla, Sur,36.0,$693.75,2025-09-22,1240.9
4351,Fernanda Castro,Monitor,Occidente,37.0,$865.13,2024-11-06,1630.11
6474,Pedro Aguilar,Tablet,norte,29.0,$122.86,2024-02-07,1784.83
2156,Jorge Morales,Mouse,centro,22.0,1469.72,02/06/2026,1404.41
7501,Alejandro Diaz,Silla,Occidente,46.0,$937.61,2025-06-04,1528.32
3716,Carlos Ramirez,MOUSE, Centro,36.0,1495.79,17/08/2025,1287.55
4058,Paola Rios,Escritorio,Sur,16.0,"$1,003.97",10/05/2024,1469.23
9672,Camila Reyes,Laptop,sur,43.0,434.19,2024-06-04,1595.5
6344,Andres Ortiz,Escritorio,Norte,55.0,$690.23,11/10/2025,1030.5
5144,Ricardo Vargas,Tablet,Occidente,64.0,sin dato,2024-04-15,1562.28
3103,Ana Garcia,Mouse,?,42.0,$897.07,06-22-2025,1253.59
559,Diego Romero,Silla,occidente,43.0,709.00,01-07-2024,1192.79
6126,Laura Sanchez,Silla,Centro,28.0,"$1,221.07",2025-03-23,1140.97
5995,Maria Lopez,Impresora,norte,30.0,$672.37,01-30-2026,1118.52
1437,Daniela Cruz,Monitor,Norte,38.0,536.42,Julio 8 2024,1624.59
508,Laura Sanchez,Camara,sur,37.0,$731.11,12/03/2026,1303.73
4473,Jorge Morales,Tablet,Sur ,24.0,"$1,299.03",07-28-2024,1440.97
1870,Diego Romero,Teclado,Sur,45.0,819.86,32/13/2026,906.5
756,Daniela Cruz,Bocina,Sur,61.0,875.58,16/04/2026,1471.18
5782,Maria Lopez,Silla, Centro,37.0,719.65,12-03-2025,1519.81
4051,Sofia Torres,Teclado,centro,50.0,$471.71,2024-05-22,1376.57
5609,Fernanda Castro,MONITOR,Centro,44.0,"$1,502.03",2025-10-17,1187.21
3837,Jose Martinez,Laptop, Occidente,41.0,$935.13,10/04/2025,1503.24
4387,Carlos Ramirez,Laptop,Centro,321.0,$455.15,09-24-2024,1399.34
2119,Paola Rios,Monitor,Sur,53.0,"$1,119.23",10-21-2024,1357.16
6558,Sofia Torres,Tablet,Sur,21.0,858.97,08-11-2024,1860.23
9600,Diego Romero,Impresora,centro,29.0,$931.44,2025-01-18,1439.21
502,Andres Ortiz,Impresora,Occidente,25.0,1187.06,14/03/2026,1262.52
7357,Carlos Ramirez,Camara,Norte,61.0,$-840.94,09/08/2024,1710.05
8132,Diego Romero,Escritorio,centro,38.0,948.28,Noviembre 26 2024,1900.28
2593,Paola Rios,Mouse,Occidente,21.0,50.00,32/13/2026,1204.46
1540,Fernanda Castro,Bocina,occidente,31.0,859.83,20/10/2025,1086.08
6546,Fernanda Castro,Tablet, Occidente,38.0,$447.76,2024-11-28,1499.77
1212,Diego Romero,Silla,Norte,39.0,949.09,Marzo 19 2025,1199.12
9393,Daniela Cruz,Camara,Norte,55.0,$651.90,2025-01-17,790.85
673,Fernanda Castro,Mouse,Centro,43.0,1105.57,06-21-2025,585.99
3378,Ricardo Vargas,Silla,Centro,40.0,$631.94,07-11-2024,1308.62
4477,Isabel Guzman,CAMARA,OCCIDENTE,34.0,$960.79,21/09/2024,1031.46
9045,Pedro Aguilar,Camara,centro,34.0,512.12,2024-05-11,959.45
1465,Alejandro Diaz,Monitor,Sur,27.0,1533.70,Septiembre 17 2024,1213.11
9191,Maria Lopez,Teclado,Norte,58.0,$586.21,04/05/2026,911.1
1193,Jose Martinez,Escritorio,Occidente,41.0,$735.25,2025-03-24,1832.4
7443,Ricardo Vargas,Teclado,Norte,-1.0,$394.55,09/08/2025,1455.24
1873,Fernanda Castro,Laptop,Occidente,28.0,632.45,2026-03-19,976.59
3591,Maria Lopez,Monitor,Occidente,42.0,$744.60,Diciembre 5 2025,1109.22
7174,Miguel Flores,Monitor,Sur,20.0,$141.31,11-22-2025,1512.11
8334,Ana Garcia,Escritorio,Centro,35.0,802.22,Enero 25 2025,1902.92
506,Jorge Morales,Teclado,OCCIDENTE,32.0,sin dato,04-30-2025,1444.06
244,Fernanda Castro,Mouse,Norte,48.0,1103.54,Septiembre 28 2025,1696.59
507,Paola Rios,Laptop,Occidente,38.0,724.42,10/02/2025,600.08
8439,Carlos Ramirez,Bocina,Occidente,39.0,437.70,Noviembre 10 2025,1322.63
7146,Sofia Torres,Camara,occidente,,533.80,2025-02-04,1215.04
9734,Carlos Ramirez,Laptop,Sur,28.0,$834.81,02/04/2024,1468.97
5339,Miguel Flores,Escritorio,sur,55.0,sin dato,2025-07-15,1618.57
1774,Miguel Flores,Teclado,Centro,51.0,"$1,098.17",Julio 19 2024,1312.61
8093,Andres Ortiz,Impresora,Norte,59.0,sin dato,Abril 9 2025,1585.46
5240,Isabel Guzman,Camara,Occidente,34.0,924.47,02-13-2026,1579.38
9157,Camila Reyes,Impresora, Centro,6.0,434.21,08-02-2024,1255.34
798,Jorge Morales,Escritorio,Occidente,36.0,$666.79,22/05/2024,1153.74
7592,Andres Ortiz,Silla,Centro,52.0,123.02,06-09-2024,1619.58
7534,Paola Rios,Bocina,Centro,41.0,"$1,469.26",25/11/2024,959.73
2830,Maria Lopez,Silla,Occidente,59.0,50.00,01/05/2025,1207.51
9597,Andres Ortiz,Tablet,Norte,65.0,$816.23,2024-02-12,1133.32
8996,Jorge Morales,Monitor,Norte ,42.0,$463.77,Agosto 5 2024,1465.82
313,Maria Lopez,Impresora,SUR,26.0,$586.55,Marzo 6 2024,1178.88
747,Paola Rios,Silla,Norte,,$-879.94,Junio 4 2025,1643.87
3570,Laura Sanchez,Escritorio,Centro,32.0,613.45,32/13/2026,1985.35
791,Luis Hernandez,Escritorio,,56.0,270.24,Mayo 18 2026,1481.54
2477,Paola Rios,Laptop,centro,22.0,$472.71,Julio 21 2025,805.12
9603,Jose Martinez, Silla,Norte,24.0,$774.99,Noviembre 10 2025,1271.87
2571,Camila Reyes,Monitor,Occidente,42.0,$459.76,11/02/2024,1380.99
9792,Jorge Morales,Camara,Occidente,32.0,"$1,442.95",Marzo 10 2024,1084.62
9016,Jose Martinez, Monitor,norte,37.0,"$1,114.53",11-30-2024,1611.86
4356,Camila Reyes,Tablet, Occidente,15.0,617.76,2025-12-15,1496.77
2164,Isabel Guzman,Laptop,CENTRO,,519.52,05-19-2026,1312.87
8766,Laura Sanchez,Impresora,Centro ,54.0,1395.54,20/05/2024,1027.19
6759,Carlos Ramirez,Mouse,SUR,,818.09,03-28-2024,1550.76
381,Ana Garcia,Bocina,Norte,41.0,609.37,10-13-2025,2037.5
6493,Carlos Ramirez,IMPRESORA, Norte,48.0,1132.95,2026-06-17,1153.3
1293,Daniela Cruz,Bocina,OCCIDENTE,-3.0,$471.47,Julio 5 2024,1638.5
1913,Ana Garcia,Camara,NORTE,43.0,$564.09,Marzo 8 2024,1627.93
600,Fernanda Castro,Laptop,Occidente,24.0,$629.46,Mayo 5 2024,1125.13
3893,Daniela Cruz,Camara,Sur,44.0,$468.73,,441.37
4142,Alejandro Diaz,ESCRITORIO,Centro,12.0,$805.56,01-15-2025,1827.44
1653,Luis Hernandez,Impresora,centro,47.0,716.85,2024-02-24,1369.74
5580,Miguel Flores,Teclado,Sur,42.0,"$1,093.05",2025-04-14,1947.89
1894,Valeria Mendoza,Laptop,occidente,35.0,726.82,Enero 24 2024,904.55
1945,Miguel Flores,Bocina,OCCIDENTE,50.0,680.37,2024-10-30,1647.88
3396,Diego Romero,Monitor,,34.0,$717.28,22/07/2024,1526.47
6822,Andres Ortiz,Escritorio,Occidente,35.0,863.36,04/06/2026,1156.79
4363,Jorge Morales,Camara,norte,28.0,$752.04,Junio 14 2025,2147.15
7967,Laura Sanchez,Tablet,Sur,32.0,734.87,Mayo 22 2026,991.92
376,Luis Hernandez,Silla,Sur,57.0,$964.29,2024-01-08,1248.0
1967,Miguel Flores, Escritorio,?,35.0,$600.36,Junio 14 2024,1254.27
3958,Valeria Mendoza,Bocina,Sur,52.0,918.42,15/03/2026,1312.83
7603,Carlos Ramirez,Tablet,,30.0,"$1,180.90",10-25-2024,610.41
4424,Jorge Morales,Bocina,Norte,36.0,1036.03,Diciembre 10 2024,1795.41
7967,Laura Sanchez,Tablet,Sur,32.0,734.87,Mayo 22 2026,991.92
4803,Laura Sanchez,Mouse,Norte,31.0,1170.26,22/11/2025,1338.55
8798,Jose Martinez,Bocina,Norte,42.0,$502.94,2024-12-16,1233.16
6697,Alejandro Diaz,Monitor,Norte,43.0,1373.93,01/07/2024,1668.28
1472,Andres Ortiz,TABLET,Sur,48.0,681.61,2025-11-15,997.97
3347,Fernanda Castro,Impresora,Sur,29.0,689.43,Febrero 15 2026,992.63
4523,Paola Rios,IMPRESORA,CENTRO,47.0,$964.46,Diciembre 24 2025,1933.86
6674,Paola Rios,Camara,Norte,47.0,"$1,008.60",11-15-2025,1218.38
2854,Luis Hernandez,MONITOR,Occidente,25.0,940.65,05-10-2026,1149.02
4507,Carlos Ramirez,Mouse,Occidente,55.0,"$1,188.76",Marzo 4 2026,1250.04
9257,Jorge Morales,Teclado,Norte,40.0,985.03,Octubre 10 2025,1283.91
9754,Laura Sanchez,Camara,Occidente,29.0,474.53,Mayo 5 2024,2003.41
6891,Maria Lopez,Bocina,Norte,38.0,$973.30,27/12/2024,1712.76
4063,Fernanda Castro,Escritorio,Sur,52.0,$479.57,2024-10-10,1641.98
5118,Jorge Morales, Camara, Centro,43.0,778.25,29/03/2026,1510.4
4307,Valeria Mendoza,Camara,Sur,29.0,$403.02,Octubre 15 2024,1077.12
5207,Valeria Mendoza,Impresora,Occidente ,35.0,"$1,066.02",Septiembre 30 2024,1999.23
9831,Luis Hernandez,IMPRESORA,occidente,38.0,$987.71,02-15-2025,975.54
8702,Jose Martinez,Bocina,norte,28.0,"$1,270.13",2025-04-24,700.82
3991,Diego Romero,Monitor,Sur,49.0,$688.00,05-18-2024,1258.61
1050,Maria Lopez,Teclado,Occidente,12.0,$779.68,2026-03-30,1399.33
6587,Paola Rios,Bocina,Sur ,32.0,sin dato,11-02-2025,1627.99
5690,Laura Sanchez,Monitor,Norte,31.0,534.97,Junio 13 2025,1758.55
8267,Maria Lopez, Monitor, Centro,27.0,397.50,2025-02-24,738.12
2036,Camila Reyes,CAMARA,Sur,34.0,702.39,Agosto 27 2024,1644.05
4040,Miguel Flores,Silla,NORTE,30.0,1074.25,04-14-2026,1755.12
7775,Luis Hernandez, Teclado, Centro,56.0,$722.15,Abril 24 2025,1338.22
9632,Ana Garcia,Monitor,Sur,48.0,$973.56,2024-11-25,1519.15
1973,Andres Ortiz,Silla,,10.0,600.12,03/04/2025,1608.17
7418,Daniela Cruz,Laptop,Occidente,42.0,$672.32,29/10/2024,1214.21
2100,Laura Sanchez,Silla, Sur,59.0,$910.27,2025-12-24,1740.44
1500,Camila Reyes,Tablet,norte,44.0,1095.49,07/04/2026,892.86
6647,Maria Lopez,Bocina,Centro,36.0,"$-1,559.66",11-26-2025,1235.07
653,Laura Sanchez,Tablet,Centro,33.0,$652.74,14/07/2024,1141.79
171,Maria Lopez,Laptop,centro,41.0,1337.49,Diciembre 25 2025,1005.25
4086,Fernanda Castro,Laptop,Occidente ,35.0,579.42,27/10/2024,1361.74
243,Luis Hernandez,Silla,sin informacion,33.0,1051.23,2024-10-04,1345.2
6087,Daniela Cruz, Camara,OCCIDENTE,199.0,650.53,29/11/2025,959.44
4372,Jose Martinez,Impresora,SUR,38.0,$856.31,Marzo 19 2026,1208.99
7431,Alejandro Diaz,Escritorio,Sur,38.0,1499.27,06-29-2025,1358.57
2757,Alejandro Diaz,Teclado,norte,39.0,1251.30,21/08/2024,2279.5
9996,Jorge Morales,Monitor,Norte,44.0,1117.87,03-24-2026,1117.59
6152,Isabel Guzman,Impresora,occidente,33.0,"$1,075.31",,1700.95
2077,Jorge Morales,Bocina,Norte ,18.0,"$1,263.87",15/01/2026,1114.31
4104,Ana Garcia, Teclado,Norte,37.0,"$1,307.68",28/02/2024,782.37
9845,Valeria Mendoza,Silla,Norte,39.0,148.01,02/03/2025,1252.15
7472,Pedro Aguilar,Teclado,Occidente,31.0,$-556.67,Junio 1 2026,1394.25
8347,Carlos Ramirez,Teclado, Centro,38.0,sin dato,2025-09-24,1498.46
5228,Diego Romero,Impresora, Centro,62.0,759.36,,1310.29
6383,Fernanda Castro,Tablet,Norte,41.0,sin dato,Junio 16 2025,1649.35
6241,Andres Ortiz, Mouse,,41.0,$848.25,2025-07-29,1679.76
9073,Ana Garcia,Impresora,Sur,52.0,648.47,2026-03-09,877.6
9651,Carlos Ramirez,Impresora,Sur,39.0,$75.64,2025-09-28,1055.83
5054,Isabel Guzman,Bocina,Centro,30.0,1189.20,2025-04-27,1292.82
5708,Sofia Torres,Impresora,Norte,34.0,1013.18,Abril 2 2025,2242.5
6612,Ana Garcia,Monitor,Norte,-5.0,$384.32,2026-04-21,1149.0
5597,Paola Rios,Laptop,,29.0,763.52,05-04-2026,1710.47
4662,Ricardo Vargas,Teclado,SUR,37.0,sin dato,Diciembre 12 2025,1729.45
4079,Laura Sanchez,Teclado,Occidente,50.0,632.10,2026-02-21,1752.98
641,Andres Ortiz,Impresora,Occidente,35.0,$-504.46,Junio 29 2024,1375.37
1271,Miguel Flores, Impresora,Sur,53.0,50.00,2024-04-23,1839.93
2779,Miguel Flores,Mouse,sur,15.0,"$1,111.60",29/10/2025,824.59
5615,Ricardo Vargas,Escritorio, Norte,-3.0,582.03,12/05/2026,1620.51
1986,Diego Romero,Tablet,Centro,29.0,565.02,01-30-2025,1187.78
3862,Fernanda Castro,Teclado,Occidente,48.0,1171.33,Mayo 20 2025,1233.33
3481,Diego Romero,Teclado,Norte,44.0,$708.64,09-30-2024,1408.21
1535,Camila Reyes, Camara,centro,27.0,576.38,Enero 14 2024,1179.59
326,Laura Sanchez,Monitor,Sur,36.0,"$1,072.15",Febrero 26 2026,1183.12
2339,Ana Garcia,Laptop,Sur ,38.0,"$1,098.96",Abril 20 2025,1106.41
3981,Jorge Morales,Tablet,OCCIDENTE,21.0,710.05,01-22-2025,1780.24
7333,Sofia Torres,Impresora, Occidente,49.0,$876.13,2026-02-03,2181.94
4055,Ana Garcia,Laptop,NORTE,-8.0,680.98,06-18-2026,1986.52
2238,Carlos Ramirez,Camara,Sur ,43.0,$875.60,05-20-2026,1732.95
7574,Pedro Aguilar,ESCRITORIO,Centro,352.0,715.48,31/10/2024,1827.62
7685,Paola Rios,Mouse,Norte,21.0,sin dato,2025-11-06,1014.0
9959,Sofia Torres,Bocina,Sur,18.0,sin dato,Enero 22 2025,1358.57
7874,Sofia Torres,Teclado,Occidente ,3.0,$754.84,Marzo 27 2025,1136.35
865,Camila Reyes,Camara, Centro,49.0,877.06,07-30-2024,1460.89
6062,Diego Romero, Silla,norte,17.0,$658.83,15/05/2025,1237.28
5876,Luis Hernandez, Teclado,Sur,46.0,1336.57,2025-06-26,1540.13
5555,Ricardo Vargas,Impresora,Sur,23.0,$756.73,Julio 26 2025,1533.76
372,Andres Ortiz,Camara,norte,26.0,$519.12,05-02-2024,1435.75
6718,Andres Ortiz,Camara,Sur,-6.0,396.61,10-05-2024,1447.3
9934,Miguel Flores,Mouse,Occidente,36.0,sin dato,05/08/2025,1091.29
8427,Carlos Ramirez,IMPRESORA,Occidente,54.0,813.91,Febrero 2 2025,1729.57
5045,Camila Reyes,LAPTOP,Centro ,38.0,1414.14,07-02-2024,1415.38
1189,Ricardo Vargas,Tablet,SUR,39.0,1150.10,2024-10-30,1676.97
9898,Andres Ortiz,ESCRITORIO, Occidente,41.0,$454.76,13/02/2025,1286.87
5904,Diego Romero,Escritorio,Norte,193.0,sin dato,2024-05-14,1854.81
2365,Diego Romero, Mouse,Sur,50.0,1074.43,08/02/2026,1484.22
3214,Pedro Aguilar,Camara,Centro,,291.69,06-21-2025,938.64
912,Jose Martinez,Silla,,30.0,$450.69,03-31-2026,936.08
9317,Pedro Aguilar, Bocina,sur,26.0,626.26,27/01/2025,1117.35
9012,Miguel Flores,Escritorio,Centro,34.0,"$1,020.00",04-05-2026,1740.99
9910,Laura Sanchez,Escritorio,Centro ,42.0,"$1,238.32",2025-05-02,1209.82
8680,Camila Reyes,Mouse,,50.0,849.61,02-05-2026,1912.72
6973,Laura Sanchez,Silla,Norte,33.0,"$1,408.00",16/10/2024,707.52
7007,Fernanda Castro,Camara,occidente,44.0,"$1,451.56",18/07/2024,786.55
1424,Andres Ortiz, Silla,Sur,41.0,$554.98,2026-04-24,1433.35
765,Miguel Flores,TABLET,Occidente,21.0,$834.35,Abril 10 2025,1612.1
480,Maria Lopez,Silla, Sur,43.0,$329.85,01-20-2025,959.64
663,Ana Garcia,Teclado, Norte,46.0,"$1,648.30",03-13-2024,1320.04
4773,Jose Martinez,IMPRESORA,Sur,44.0,594.14,Septiembre 8 2024,1337.44
9251,Fernanda Castro,Monitor,Norte ,46.0,923.22,Noviembre 1 2025,1746.69
8381,Laura Sanchez,Escritorio,Sur,43.0,$970.70,13/07/2024,1524.26
2989,Isabel Guzman, Mouse,Sur,15.0,$865.68,03-05-2026,1501.82
1120,Jorge Morales,Monitor,Occidente,53.0,896.89,Octubre 1 2024,1263.47
2777,Paola Rios,Tablet,Centro,55.0,740.36,01-29-2026,1109.2
4536,Paola Rios,ESCRITORIO, Norte,29.0,648.19,Octubre 9 2025,1022.25
120,Maria Lopez,Laptop,OCCIDENTE,52.0,$497.87,17/10/2024,1731.99
8223,Fernanda Castro,LAPTOP,norte,42.0,797.05,2026-05-16,802.55
7573,Jose Martinez,Teclado,Occidente,24.0,"$1,201.26",Enero 30 2026,1154.34
5455,Sofia Torres,MOUSE,Norte,35.0,847.97,06-20-2025,1497.9
4428,Jorge Morales,Escritorio,Occidente ,56.0,$759.14,12-09-2025,1356.17
7916,Isabel Guzman,ESCRITORIO,Sur,41.0,749.74,04/11/2025,1455.08
3982,Luis Hernandez,Monitor,Occidente ,49.0,"$1,289.35",32/13/2026,1291.05
6779,Maria Lopez,Silla,Sur ,41.0,1109.83,Agosto 5 2025,1918.07
2894,Isabel Guzman,Escritorio,Occidente,49.0,"$1,011.09",06-14-2024,1304.3
2670,Pedro Aguilar,Bocina,norte,37.0,841.16,Octubre 31 2025,1023.79
3978,Pedro Aguilar,Laptop,OCCIDENTE,54.0,"$1,384.91",14/07/2024,1815.13
5618,Jose Martinez,Tablet,occidente,36.0,$918.14,02-23-2025,1011.39
280,Luis Hernandez,Camara,Norte,22.0,"$1,486.45",,1234.39
8284,Paola Rios,TABLET,Norte,33.0,796.02,05-03-2025,1574.12
8896,Jorge Morales,Silla,Centro,31.0,930.37,Agosto 25 2024,1475.52
9105,Laura Sanchez,Monitor,sin informacion,42.0,sin dato,19/03/2024,1488.72
6170,Diego Romero,Monitor,Sur,17.0,802.38,2026-01-11,1273.87
1695,Jose Martinez,Camara,SUR,,58.38,11-10-2024,1482.34
9177,Luis Hernandez,Camara,Sur,40.0,$994.50,Mayo 5 2026,1879.33
3480,Diego Romero,Mouse,centro,48.0,983.42,07/03/2025,693.01
4417,Jorge Morales,Camara,sur,41.0,$961.34,Mayo 17 2026,1173.61
9586,Carlos Ramirez,Laptop,Occidente,21.0,$-773.70,06-11-2024,1626.72
8090,Jorge Morales,Mouse,Occidente,50.0,668.42,2026-04-02,1405.95
9196,Jose Martinez,MOUSE,Sur,52.0,sin dato,2025-08-12,1350.48
5684,Daniela Cruz,Teclado,Sur,40.0,623.75,Enero 31 2024,1519.49
8876,Laura Sanchez, Bocina,Centro,39.0,"$1,018.69",2024-03-27,637.79
8549,Luis Hernandez,Bocina,norte,41.0,585.31,09-22-2024,1462.56
4297,Daniela Cruz, Mouse,Occidente,42.0,"$1,053.65",,1703.07
4899,Diego Romero,Mouse,Occidente ,37.0,573.32,Abril 19 2025,1476.03
9273,Alejandro Diaz,Tablet,Occidente,26.0,878.33,03/10/2025,1219.0
5174,Sofia Torres,Monitor,Norte ,38.0,692.29,Julio 16 2025,1151.56
2210,Maria Lopez,Impresora,Occidente,18.0,sin dato,2025-04-26,1593.83
8104,Andres Ortiz,Silla,Occidente,22.0,"$1,012.77",24/10/2024,1273.73
7071,Carlos Ramirez,Escritorio,Norte,34.0,sin dato,13/04/2024,1440.15
7773,Ricardo Vargas,Bocina,Centro,48.0,$417.28,2024-12-29,1524.73
185,Jorge Morales,Camara,Norte,56.0,1632.15,Septiembre 18 2024,1430.56
9501,Isabel Guzman,Teclado,centro,41.0,$886.12,Junio 23 2025,1768.77
8102,Isabel Guzman,Laptop,sur,22.0,"$1,442.00",Febrero 19 2024,1564.49
4517,Miguel Flores,CAMARA,Occidente,38.0,$899.12,,1233.37
2351,Paola Rios,Teclado,Sur,21.0,1510.78,20/04/2024,1226.82
554,Sofia Torres,Silla,Centro,38.0,sin dato,,2110.65
1398,Andres Ortiz,Camara,Occidente,27.0,$893.24,2024-09-13,1187.62
1385,Miguel Flores,TECLADO,Norte,-9.0,sin dato,32/13/2026,1283.33
5061,Paola Rios,Escritorio,Occidente,40.0,$605.16,22/10/2025,1237.85
5406,Miguel Flores, Silla,CENTRO,38.0,"$1,191.23",2024-08-25,1065.62
298,Daniela Cruz,Camara,Sur,35.0,"$1,569.08",06/04/2026,1132.47
444,Jorge Morales,Silla,CENTRO,48.0,$490.44,02-07-2026,1430.66
7848,Isabel Guzman,Mouse,Occidente,31.0,$975.93,Julio 10 2024,1841.18
2078,Daniela Cruz,Teclado,CENTRO,44.0,$291.42,28/04/2024,1638.62
4752,Maria Lopez,Monitor,Norte,12.0,$939.34,26/02/2024,1094.14
8248,Miguel Flores,Mouse,Centro ,39.0,864.36,2025-04-30,1231.53
2230,Pedro Aguilar,Impresora,CENTRO,31.0,"$1,674.52",2025-12-23,1630.41
2843,Diego Romero, Escritorio,occidente,25.0,$790.68,2025-01-19,1605.93
2538,Jorge Morales,Laptop,,39.0,433.50,15/07/2024,1473.12
9528,Paola Rios, Teclado,NORTE,28.0,"$1,448.28",03-10-2024,908.04
8552,Ana Garcia,Laptop,Centro,50.0,$614.08,11/08/2025,1073.3
6875,Daniela Cruz,Mouse,Occidente,,$916.97,Diciembre 3 2025,1361.06
3368,Carlos Ramirez,Camara,Occidente,39.0,1180.24,2025-08-21,1489.79
4784,Diego Romero,Laptop,Centro,46.0,$867.65,03/10/2025,1312.24
2579,Pedro Aguilar, Mouse,Norte,42.0,458.05,19/01/2024,1403.84
1132,Andres Ortiz,Teclado,Sur,21.0,401.84,2024-09-06,1697.53
9371,Sofia Torres,Tablet,Sur,47.0,$910.77,Febrero 1 2024,1506.88
7780,Carlos Ramirez,Laptop,Norte ,43.0,"$1,264.74",Junio 11 2026,1209.35
321,Sofia Torres,Tablet,Norte ,31.0,$-705.91,25/04/2026,1016.12
1372,Sofia Torres,Laptop,CENTRO,19.0,$724.91,2026-06-14,1557.58
4043,Diego Romero,Silla,Sur,31.0,$625.50,12-28-2024,1619.25
8599,Carlos Ramirez,Silla,Norte,32.0,460.83,02-12-2026,958.72
7560,Pedro Aguilar,Teclado,centro,47.0,"$1,060.30",06/11/2024,1905.74
908,Jose Martinez,Monitor, Norte,37.0,1138.41,Enero 20 2025,1728.87
8219,Jorge Morales,Tablet,sin informacion,28.0,$-702.12,2026-02-13,1743.11
3951,Miguel Flores,Camara,Occidente,36.0,909.55,03-12-2024,2015.66
9697,Daniela Cruz,Mouse,sin informacion,33.0,$298.01,Agosto 18 2024,1098.09
9151,Camila Reyes,Laptop,Norte,44.0,$485.58,06/04/2025,1855.28
9024,Paola Rios,Impresora,Occidente,32.0,912.32,,1356.3
9916,Laura Sanchez,Monitor,Sur,-2.0,$552.79,06/05/2024,1054.36
6495,Carlos Ramirez,Bocina,Norte,16.0,$892.85,2025-12-01,1059.68
8655,Ana Garcia,Tablet,SUR,13.0,$531.11,Abril 7 2024,1118.6
927,Paola Rios,Bocina,CENTRO,39.0,"$1,290.63",2025-10-15,1702.01
6548,Valeria Mendoza,Bocina,Norte,37.0,"$1,267.52",Octubre 17 2025,1132.44
16,Diego Romero,Escritorio,occidente,36.0,1514.37,2025-01-03,1081.73
144,Daniela Cruz, Mouse,Occidente ,30.0,$562.70,Abril 23 2024,1315.74
2364,Maria Lopez,Silla,Norte,39.0,$822.28,Junio 30 2025,1203.9
130,Fernanda Castro,Tablet,Centro,29.0,$985.82,22/02/2024,1431.97
1162,Jorge Morales,Escritorio,Occidente,31.0,1241.34,2024-11-26,1466.5
6259,Valeria Mendoza,Tablet,Occidente,35.0,sin dato,11/11/2025,1272.19
6534,Jose Martinez,Tablet,Centro,51.0,772.44,32/13/2026,1370.86
7035,Camila Reyes, Teclado,Centro,40.0,$574.15,Octubre 20 2024,1412.35
8750,Ricardo Vargas,Silla,Norte,53.0,348.78,03-03-2026,1251.04
5063,Fernanda Castro,Bocina,Centro,46.0,sin dato,05/07/2025,1588.56
1877,Laura Sanchez,Escritorio,Occidente,24.0,$844.08,Febrero 13 2025,1069.62
2489,Paola Rios,Monitor,Occidente,45.0,761.42,Diciembre 29 2024,1349.56
5071,Isabel Guzman,Bocina,centro,36.0,"$1,195.06",2024-11-13,1109.41
8145,Fernanda Castro, Escritorio,Occidente,31.0,$828.99,30/05/2025,1058.69
1183,Andres Ortiz,Escritorio,Norte,24.0,"$1,384.98",18/05/2024,1247.18
6540,Maria Lopez,Mouse,Occidente,,696.41,Abril 4 2025,952.13
5717,Jose Martinez,Bocina,Occidente,39.0,354.23,01-24-2024,1672.62
1171,Fernanda Castro,Impresora,Sur,27.0,$653.26,32/13/2026,1263.68
6576,Daniela Cruz,Tablet,Occidente,45.0,$787.67,06-11-2024,1538.25
2183,Fernanda Castro,Laptop,occidente,35.0,$813.26,02-11-2024,1584.95
5091,Alejandro Diaz,Tablet,Sur,36.0,695.32,2025-07-01,1204.09
3372,Laura Sanchez,Mouse,occidente,29.0,$870.73,2024-02-08,2020.33
8362,Valeria Mendoza, Impresora, Sur,44.0,985.99,22/07/2025,1505.93
1860,Valeria Mendoza,Laptop,Sur,41.0,$325.29,2026-03-02,1344.18
8143,Daniela Cruz,Laptop, Norte,65.0,705.70,2024-03-22,1383.04
5562,Maria Lopez,Bocina,Norte,53.0,sin dato,01-15-2024,1284.19
8843,Fernanda Castro,Impresora,Centro,36.0,1620.64,Abril 26 2024,1260.3
9268,Carlos Ramirez,Mouse,Occidente,52.0,882.39,09-28-2024,1735.65
5194,Luis Hernandez,Teclado,Occidente,62.0,$509.40,Junio 14 2025,1235.5
7867,Valeria Mendoza,Silla,Occidente,34.0,1521.96,03-03-2024,1858.29
8189,Jose Martinez,LAPTOP,Centro,36.0,922.40,05-28-2025,1394.33
3122,Pedro Aguilar,Impresora,occidente,46.0,768.55,Junio 14 2025,1074.06
388,Camila Reyes,Escritorio,,31.0,716.83,21/06/2024,1545.22
1312,Sofia Torres,Teclado,Sur,37.0,1206.04,2025-04-11,959.53
1033,Valeria Mendoza,Escritorio,centro,29.0,605.74,18/07/2025,2109.24
8261,Fernanda Castro,Laptop,Sur,67.0,sin dato,05-01-2026,1372.44
5781,Jose Martinez,Laptop,Occidente,24.0,$565.21,Marzo 10 2026,1478.71
932,Andres Ortiz,Camara,Occidente,45.0,"$1,035.93",Junio 7 2024,2072.73
4020,Andres Ortiz,Silla,Sur ,24.0,$773.63,32/13/2026,1601.99
692,Diego Romero,Laptop,Occidente,53.0,$919.01,04-04-2026,842.85
5658,Camila Reyes,Camara,Centro,35.0,$779.61,17/06/2026,1069.57
8273,Maria Lopez,Monitor,Sur,24.0,806.71,01-09-2024,1602.03
830,Ana Garcia,Bocina,Sur,23.0,608.82,06-24-2025,1435.86
3499,Maria Lopez,Monitor,Centro,34.0,1143.33,03-06-2025,1878.96
2082,Luis Hernandez,Impresora,Occidente,39.0,828.82,,1383.85
9176,Isabel Guzman,Silla,Sur,43.0,546.55,Marzo 2 2026,865.35
7888,Fernanda Castro,Bocina,Norte,39.0,"$1,284.08",2024-05-03,1254.1
45,Luis Hernandez,Silla,Occidente,44.0,894.10,10-06-2025,1260.73
3940,Paola Rios,Silla,Sur,31.0,"$1,304.20",2024-07-13,1737.07
5616,Valeria Mendoza,Mouse,Occidente,45.0,"$1,284.30",05-21-2024,1400.19
8737,Daniela Cruz,Tablet,OCCIDENTE,43.0,1108.99,2025-06-03,664.47
4320,Ana Garcia,Monitor,Occidente,34.0,$843.69,Febrero 26 2026,1615.07
2966,Ricardo Vargas, Camara,norte,40.0,$624.80,25/11/2025,725.56
3970,Fernanda Castro,Mouse,Norte,29.0,1045.34,11-20-2024,887.15
1188,Ricardo Vargas,Laptop,Sur,43.0,835.56,06-02-2024,1226.37
285,Daniela Cruz,Silla,Centro,52.0,sin dato,2025-08-09,2149.38
9137,Fernanda Castro,Mouse,Norte ,17.0,568.61,Febrero 1 2025,1506.26
4160,Ana Garcia,Tablet,SUR,44.0,1064.21,2026-03-16,1300.13
3093,Valeria Mendoza,Tablet,OCCIDENTE,51.0,774.93,2026-05-23,1036.81
6085,Andres Ortiz,Silla,Sur,52.0,$687.66,2025-06-23,1462.43
4557,Jose Martinez,SILLA,Sur,33.0,$-999.72,2026-05-27,1382.05
6826,Paola Rios,Escritorio,CENTRO,21.0,$858.68,2025-07-23,1385.24
4324,Carlos Ramirez,Impresora,Centro,-2.0,"$1,259.59",2024-07-14,1775.85
8046,Sofia Torres,Tablet,Centro,30.0,$929.63,Febrero 13 2025,1550.19
5682,Diego Romero,Camara,Centro ,50.0,$550.38,2024-05-15,1446.98
3365,Jose Martinez, Impresora,Norte ,31.0,$845.75,2025-10-20,1182.75
9356,Maria Lopez,Bocina,Centro ,392.0,$942.89,32/13/2026,1416.25
3196,Jose Martinez,Teclado,,38.0,$697.32,Abril 19 2024,1550.4
5485,Paola Rios,Silla,Norte ,17.0,"$1,280.75",05-28-2025,1321.21
970,Ana Garcia,Camara,Sur,32.0,"$1,031.02",2025-03-23,684.88
3735,Sofia Torres,Escritorio,CENTRO,38.0,274.38,2024-03-09,1225.62
926,Isabel Guzman,Monitor,Norte,21.0,sin dato,Abril 21 2026,1431.02
9779,Fernanda Castro,Laptop,Centro,36.0,sin dato,Agosto 11 2025,1531.07
9490,Luis Hernandez,Camara, Occidente,40.0,1201.94,,1415.14
4726,Jorge Morales,Camara,NORTE,35.0,50.00,2026-05-15,962.0
6001,Fernanda Castro,Tablet, Norte,63.0,897.05,Abril 1 2024,1739.24
2852,Miguel Flores,Laptop,Centro,57.0,$494.49,12/03/2024,1599.89
9010,Maria Lopez,Silla,Centro,24.0,sin dato,20/10/2024,939.34
6128,Alejandro Diaz,Bocina, Occidente,28.0,$823.61,15/02/2025,901.94
6544,Ricardo Vargas,Monitor,Centro,46.0,"$1,220.99",05-11-2025,1001.42
9129,Luis Hernandez,CAMARA,Sur,31.0,$994.98,2024-07-29,1181.94
8247,Daniela Cruz,Tablet,sin informacion,35.0,$691.86,Octubre 12 2024,1311.91
4472,Alejandro Diaz,BOCINA,occidente,35.0,838.10,2024-03-18,691.97
8619,Ana Garcia,Tablet,Occidente,36.0,1115.00,08-01-2024,934.52
4349,Diego Romero,Camara,Norte,31.0,639.58,11/06/2026,853.74
8291,Daniela Cruz,Tablet,Occidente ,29.0,"$1,289.72",02/08/2024,1067.41
3627,Diego Romero,Monitor,Norte,49.0,858.03,Marzo 30 2026,1329.27
1790,Diego Romero,Laptop,Centro,39.0,952.81,2025-11-12,1530.89
8539,Ana Garcia, Mouse,Norte,42.0,$739.94,2025-11-18,1509.97
2060,Daniela Cruz,Monitor,OCCIDENTE,13.0,sin dato,Abril 22 2024,1672.34
9716,Fernanda Castro,Escritorio,Norte ,51.0,627.11,08-06-2024,1163.35
4014,Jorge Morales,Camara,norte,29.0,"$1,033.22",02/06/2026,644.63
1903,Valeria Mendoza, Teclado, Occidente,53.0,"$1,087.24",01/08/2024,616.48
4687,Isabel Guzman,Teclado,Centro,51.0,"$1,160.62",13/08/2025,1928.35
8479,Fernanda Castro, Escritorio,Occidente,45.0,"$1,238.41",,1327.18
7380,Miguel Flores,Camara,sur,30.0,752.43,2024-08-10,1336.72
76,Jorge Morales, Monitor,Centro ,54.0,894.17,2024-01-21,1144.53
2346,Carlos Ramirez,Mouse, Occidente,29.0,$616.51,03/09/2024,1619.45
5849,Fernanda Castro, Laptop,Centro ,38.0,$892.47,15/03/2024,1519.94
431,Luis Hernandez,Silla,Sur,59.0,$275.69,2024-09-03,1465.39
4587,Laura Sanchez,BOCINA,Occidente,39.0,1035.23,07/11/2024,1557.75
6463,Laura Sanchez,Silla,Centro,36.0,sin dato,2025-07-20,1356.61
9751,Carlos Ramirez,Mouse,Norte,43.0,"$1,050.12",Enero 15 2025,1610.03
8418,Daniela Cruz,Teclado,Norte,35.0,589.44,2025-12-21,1423.85
9574,Sofia Torres,Teclado,,45.0,499.44,01-09-2024,1181.5
1554,Fernanda Castro,Bocina,Occidente,40.0,"$1,651.92",Junio 3 2025,1820.78
241,Maria Lopez,Escritorio,Norte,27.0,$693.48,32/13/2026,1365.06
784,Maria Lopez,Mouse,Occidente,29.0,"$-1,072.00",2026-01-08,2009.72
3067,Camila Reyes,Bocina,Occidente,41.0,$756.15,Marzo 7 2025,1147.05
978,Ricardo Vargas,IMPRESORA,Occidente,27.0,586.11,2024-03-08,1357.57
4906,Fernanda Castro,Impresora,CENTRO,61.0,"$1,230.25",05/09/2025,1625.16
2942,Isabel Guzman,Impresora,SUR,42.0,$746.40,2024-12-15,1557.18
5983,Isabel Guzman,Camara,CENTRO,33.0,1211.09,Junio 3 2025,439.6
9768,Sofia Torres,Mouse,norte,42.0,sin dato,Junio 26 2025,1264.36
6949,Miguel Flores,Monitor,SUR,41.0,783.58,Enero 2 2025,1363.29
1621,Carlos Ramirez,Camara,Centro,46.0,sin dato,Enero 30 2025,841.77
2147,Jose Martinez,Laptop,Sur,27.0,950.18,Abril 11 2024,1044.45
1802,Jorge Morales,Camara,Norte,43.0,$442.05,Mayo 2 2024,1237.94
2096,Diego Romero,Laptop,Sur,27.0,"$1,271.95",Julio 26 2025,1182.5
6477,Laura Sanchez,Silla,sur,26.0,894.24,2025-06-29,1295.46
9425,Carlos Ramirez,Laptop,sur,21.0,814.38,28/11/2025,1124.9
1358,Maria Lopez,Bocina,Norte,55.0,"$1,132.90",09-06-2024,1282.12
8374,Maria Lopez,Bocina,sur,44.0,"$1,626.09",Mayo 8 2025,1384.7
6452,Camila Reyes,Monitor, Sur,33.0,542.85,02-06-2024,1572.07
8614,Ricardo Vargas,Camara,Sur,20.0,"$1,437.08",2025-07-16,1906.96
8055,Andres Ortiz,Laptop,OCCIDENTE,41.0,$-988.75,Marzo 4 2026,1511.1
6577,Ana Garcia,Laptop,Occidente,36.0,1106.55,Enero 28 2024,2166.29
6620,Luis Hernandez,Tablet,sur,56.0,"$-1,148.85",,1488.57
9029,Ricardo Vargas,Impresora, Occidente,28.0,$818.97,2024-08-27,1941.03
5806,Maria Lopez,Tablet,OCCIDENTE,45.0,"$1,341.98",09-21-2024,1391.18
1610,Maria Lopez,SILLA, Centro,24.0,$927.30,2024-07-14,866.64
3097,Jose Martinez, Laptop,Sur ,37.0,1783.31,09-10-2024,1145.85
5903,Luis Hernandez,Escritorio,Sur,34.0,669.33,20/03/2025,1903.14
2416,Jorge Morales,Teclado,Centro,35.0,"$1,067.51",12-12-2025,1666.78
2018,Valeria Mendoza,BOCINA,sin informacion,38.0,"$1,056.44",,593.13
7117,Paola Rios,IMPRESORA,Centro ,54.0,872.34,26/09/2025,1100.11
4126,Paola Rios,Teclado,Centro,31.0,$705.46,03/08/2024,1456.64
3788,Ana Garcia,Teclado,Occidente,29.0,757.50,Mayo 24 2025,1273.49
3247,Diego Romero,Laptop,Occidente,37.0,"$1,273.95",20/06/2024,1584.52
125,Alejandro Diaz, Tablet,Occidente,47.0,1032.22,32/13/2026,1259.43
6855,Alejandro Diaz,Silla, Norte,25.0,719.98,29/06/2025,1305.88
9615,Valeria Mendoza,Teclado,Sur,37.0,984.39,2026-02-09,1263.24
5668,Camila Reyes,Escritorio,Norte,30.0,$881.42,10-19-2024,1491.7
7951,Fernanda Castro,Bocina,Occidente,53.0,"$1,120.74",05-05-2025,802.58
9429,Daniela Cruz,Escritorio,Norte,44.0,638.82,06/12/2024,1154.54
3342,Sofia Torres,Mouse, Sur,22.0,148.32,2026-01-28,1789.02
599,Fernanda Castro,Camara,sin informacion,38.0,635.00,Febrero 28 2026,993.93
2124,Fernanda Castro,Impresora,CENTRO,60.0,"$1,113.63",Abril 19 2026,1150.08
8898,Ricardo Vargas,Teclado,Centro,35.0,250.38,Enero 6 2026,661.5
6693,Camila Reyes,MOUSE,CENTRO,35.0,"$1,048.52",2025-10-25,1725.52
8977,Diego Romero,Monitor,Occidente,33.0,"$1,183.45",12-27-2024,1331.08
9952,Daniela Cruz,MONITOR, Centro,,243.62,Marzo 26 2026,1066.19
2198,Alejandro Diaz,Escritorio,Norte,55.0,"$1,589.99",Febrero 13 2024,1771.16
4052,Miguel Flores,Silla,CENTRO,37.0,780.64,32/13/2026,1382.94
6456,Jose Martinez,MONITOR,?,14.0,$650.79,2024-06-14,741.87
3363,Ana Garcia,MONITOR,OCCIDENTE,57.0,$681.41,12-18-2024,1376.04
7306,Sofia Torres,Tablet,Norte,26.0,"$1,208.31",11-26-2025,868.02
726,Maria Lopez, Monitor,Norte,29.0,$719.92,2025-06-25,1252.64
5269,Andres Ortiz, Mouse,Norte,42.0,$164.41,Octubre 4 2024,901.66
979,Miguel Flores,Escritorio,Norte,30.0,896.01,2024-02-13,1189.83
809,Miguel Flores,Monitor,NORTE,56.0,1229.06,2025-11-27,1250.68
5412,Jorge Morales,Silla,Occidente,39.0,sin dato,25/03/2026,1906.18
1476,Sofia Torres,Escritorio,sur,12.0,1335.71,2025-02-04,1568.97
4907,Carlos Ramirez,MONITOR,Sur,50.0,690.60,Enero 28 2025,1015.99
6325,Isabel Guzman,Monitor,Sur,46.0,640.40,03/02/2024,1443.87
9306,Maria Lopez, Monitor,Sur,26.0,$224.39,32/13/2026,1084.23
4931,Ana Garcia,Mouse,Centro,19.0,410.09,Marzo 26 2024,1503.96
7815,Jorge Morales,Laptop,sin informacion,28.0,$709.08,Agosto 18 2024,1218.18
3963,Andres Ortiz,Laptop,NORTE,52.0,368.01,03-27-2025,1569.93
6852,Paola Rios,Silla,Sur ,59.0,$875.33,2025-02-10,1744.93
8607,Sofia Torres,Camara,centro,51.0,892.97,2024-01-16,1725.71
1236,Sofia Torres,Camara,Centro,35.0,1042.97,32/13/2026,2097.59
1226,Pedro Aguilar,TECLADO,Occidente,41.0,$695.04,2024-10-18,1115.9
1765,Ricardo Vargas,Impresora,Occidente,40.0,683.16,01/10/2024,1400.14
6690,Paola Rios,Camara,Norte,44.0,1214.79,19/01/2026,1196.64
5655,Laura Sanchez,IMPRESORA, Occidente,36.0,1289.99,08-14-2024,1644.09
8400,Maria Lopez,IMPRESORA,CENTRO,,458.72,05-25-2026,1635.26
6818,Paola Rios,Camara,Norte,33.0,$544.00,04/09/2025,1554.53
3218,Daniela Cruz,Monitor,NORTE,33.0,1267.63,10/05/2024,961.63
288,Ricardo Vargas,Tablet,norte,17.0,$277.58,25/01/2026,1322.12
5364,Alejandro Diaz,Escritorio,Sur,37.0,446.09,Octubre 24 2025,2212.8
2967,Laura Sanchez,BOCINA,Occidente,18.0,$622.21,Agosto 13 2025,2082.1
3165,Maria Lopez,ESCRITORIO,Occidente ,30.0,"$1,650.82",Agosto 7 2025,1646.03
8023,Pedro Aguilar,Camara,Sur,17.0,$680.79,Mayo 20 2026,1267.13
4743,Daniela Cruz,Laptop,Occidente,38.0,$840.24,Marzo 27 2024,1194.92
1658,Alejandro Diaz,Silla,Centro,365.0,$860.80,2024-12-05,1893.67
1976,Luis Hernandez,Mouse,Occidente,15.0,$803.62,14/04/2025,1298.76
2398,Carlos Ramirez,Impresora,Norte,59.0,$50.00,,1933.86
453,Jorge Morales,Tablet,,37.0,507.19,19/09/2024,1438.77
2711,Luis Hernandez,Camara,centro,36.0,"$1,380.87",28/10/2024,1712.7
5008,Camila Reyes,Impresora,Occidente,28.0,$538.07,Agosto 22 2025,1729.24
3682,Ana Garcia,BOCINA,Occidente,34.0,$870.42,Agosto 22 2024,649.79
423,Diego Romero,Camara,SUR,39.0,$781.98,11/12/2024,631.08
7670,Carlos Ramirez,Mouse,centro,34.0,$512.93,,1046.72
658,Fernanda Castro,IMPRESORA,Sur,26.0,191.66,Marzo 4 2024,1408.48
3302,Carlos Ramirez,Escritorio,Sur,,$705.54,04-10-2025,1938.88
8557,Alejandro Diaz,Impresora,Occidente,43.0,$955.45,11-16-2024,1973.04
2846,Jorge Morales,Escritorio,Centro,44.0,$791.73,10-21-2025,1394.15
8101,Daniela Cruz,Impresora,Occidente,35.0,$635.01,Mayo 24 2024,1284.34
7989,Ana Garcia,Laptop,?,41.0,$948.69,2025-08-09,1486.59
1002,Valeria Mendoza,Monitor,Sur ,31.0,1041.07,Abril 16 2026,1302.03
4199,Pedro Aguilar,Bocina,Sur,47.0,280.57,11/03/2026,1848.19
2419,Carlos Ramirez,Monitor,OCCIDENTE,5.0,"$1,348.94",2024-08-08,1144.18
9085,Daniela Cruz,Teclado,Occidente,34.0,$528.91,Julio 5 2024,1168.44
7739,Andres Ortiz,Impresora,Occidente,43.0,$624.25,10/06/2025,1615.49
3848,Miguel Flores,Silla,occidente,46.0,1382.13,2024-10-12,1816.81
962,Daniela Cruz,Laptop,Occidente ,47.0,859.66,11-29-2024,1012.38
1581,Carlos Ramirez,Bocina,Norte ,37.0,"$1,005.69",04-29-2025,1610.81
6673,Sofia Torres, Teclado,Occidente,58.0,$649.93,Agosto 24 2025,1433.81
2207,Maria Lopez,Teclado,Occidente,57.0,$980.43,2025-08-14,1779.52
6735,Sofia Torres,Mouse,sur,52.0,sin dato,2026-02-13,1427.59
6267,Andres Ortiz,Monitor,occidente,33.0,"$1,301.76",Abril 2 2024,711.14
995,Paola Rios,Mouse,Norte,61.0,1024.02,10-31-2025,1819.47
4232,Isabel Guzman,Camara,Sur ,39.0,$836.46,05/12/2025,1418.05
758,Miguel Flores,TECLADO,Centro ,36.0,$700.04,10-25-2025,1386.27
4867,Jorge Morales,ESCRITORIO,Norte,41.0,$212.28,03-02-2026,928.21
2285,Andres Ortiz,BOCINA,Sur,55.0,902.81,19/03/2024,1105.2
7105,Carlos Ramirez,Teclado,Norte,37.0,974.17,Febrero 11 2024,1778.15
5225,Paola Rios,Laptop,Occidente,68.0,1172.64,26/07/2025,1491.61
4828,Paola Rios, Silla,Occidente,47.0,1293.36,04/04/2025,1798.36
8710,Alejandro Diaz,Escritorio,Occidente,47.0,$959.16,Enero 13 2025,1272.73
808,Maria Lopez,Monitor,centro,25.0,$748.80,15/01/2026,1219.19
6838,Luis Hernandez,Mouse,Norte,50.0,883.75,06-01-2025,1301.78
9997,Pedro Aguilar,Monitor,Occidente,,930.20,2025-10-29,1512.02
1957,Paola Rios,CAMARA,Sur,38.0,514.82,03/09/2025,1400.95
2446,Alejandro Diaz,Silla,Norte,34.0,$610.22,2026-04-29,1403.59
6264,Isabel Guzman,Tablet,Occidente ,38.0,1112.88,32/13/2026,1164.54
8423,Laura Sanchez,Bocina,Centro,51.0,$283.60,2025-09-09,2001.84
8542,Pedro Aguilar,Laptop,Occidente,27.0,$826.47,2025-03-25,1141.51
8420,Laura Sanchez,Bocina,Norte,57.0,"$1,070.70",19/05/2026,1401.55
2403,Valeria Mendoza,Impresora,NORTE,38.0,880.77,Abril 11 2024,2191.67
1074,Paola Rios,Teclado,Centro,60.0,912.07,2026-05-11,1217.82
6995,Valeria Mendoza, Monitor,CENTRO,28.0,$655.47,2025-05-30,125000.0
4241,Sofia Torres,Bocina,Centro,37.0,sin dato,12/08/2024,1937.69
8760,Ana Garcia,Monitor,sur,27.0,"$1,099.01",Abril 17 2025,1258.08
2092,Sofia Torres,Mouse,OCCIDENTE,50.0,$786.86,2024-11-30,1677.37
4528,Luis Hernandez,Laptop,Norte,44.0,"$-1,201.44",16/06/2025,1462.73
9492,Ana Garcia,Bocina,Occidente,42.0,521.61,2025-08-05,1403.45
7245,Valeria Mendoza,Monitor,Occidente,9.0,1049.07,01-13-2025,1644.07
7712,Laura Sanchez,Monitor,centro,24.0,sin dato,Enero 25 2026,1580.96
8948,Ana Garcia,Laptop,norte,31.0,859.43,07/07/2024,2144.96
6040,Laura Sanchez,Escritorio,Norte,39.0,926.58,Enero 30 2026,1845.04
7291,Andres Ortiz,Tablet,Norte,13.0,890.65,18/02/2026,1669.03
1004,Alejandro Diaz,Silla,Norte ,22.0,1168.95,27/09/2025,1730.91
9370,Pedro Aguilar,MONITOR,Sur,23.0,1143.24,Abril 25 2026,1769.12
7582,Laura Sanchez,CAMARA,Sur,46.0,1232.90,03/06/2026,1241.5
5667,Laura Sanchez,Impresora,Sur,16.0,"$1,226.03",06/06/2024,2062.05
4652,Pedro Aguilar,Mouse,Norte,43.0,277.20,10-29-2024,1451.51
6812,Camila Reyes,Camara,Sur,27.0,1379.53,2025-10-23,935.97
1486,Alejandro Diaz,Bocina,Norte,31.0,1235.44,11/05/2024,1057.54
8108,Daniela Cruz, Bocina,Occidente,50.0,572.26,03-18-2024,1225.52
1412,Ricardo Vargas,Impresora,Centro,35.0,$718.11,Octubre 16 2025,1552.46
9713,Paola Rios,Tablet,Occidente,49.0,428.51,32/13/2026,902.38
5734,Daniela Cruz,LAPTOP,Sur,-2.0,$779.79,2026-05-09,1548.37
710,Jorge Morales, Tablet,Sur,24.0,834.03,Octubre 19 2024,1519.42
6183,Jose Martinez, Bocina,Sur,41.0,1263.59,04-22-2026,1293.87
3604,Fernanda Castro,Escritorio,Sur,,871.84,2024-08-23,1802.99
7683,Alejandro Diaz,Mouse, Occidente,50.0,789.22,Febrero 28 2026,1626.57
3077,Maria Lopez,Laptop,Centro,48.0,$914.56,Marzo 14 2024,2102.52
8719,Fernanda Castro,Bocina,Sur,41.0,395.08,2025-05-16,1022.57
4102,Pedro Aguilar,Tablet,,35.0,$803.79,Enero 14 2025,1709.66
5961,Jose Martinez,Escritorio,Centro,51.0,$897.79,2026-01-29,1863.76
2723,Maria Lopez,Monitor,Occidente,47.0,1058.19,10-15-2025,1216.97
9637,Pedro Aguilar,Silla,Sur,54.0,1052.84,10-29-2024,1493.8
1269,Pedro Aguilar,CAMARA,Norte ,37.0,1320.11,09-07-2024,2109.63
2463,Jorge Morales,TABLET,sur,33.0,1309.27,2025-02-06,1357.34
7172,Camila Reyes,Mouse,occidente,,$771.56,20/06/2025,1398.32
269,Fernanda Castro,Mouse,Sur ,21.0,895.25,2024-03-28,1197.88
3581,Alejandro Diaz,MOUSE,Sur,55.0,$-725.43,06-11-2025,1145.45
4751,Ana Garcia,Escritorio, Norte,66.0,1257.28,05/02/2025,1627.07
5711,Carlos Ramirez,Bocina,sur,55.0,369.98,05/01/2026,1055.86
5278,Camila Reyes, Silla,Centro ,45.0,411.45,03-08-2025,1303.47
5509,Ricardo Vargas,Tablet,sur,29.0,488.55,04-29-2026,986.4
7041,Paola Rios,Impresora,Centro,28.0,"$1,181.84",22/04/2024,1428.22
2822,Camila Reyes,Laptop,Norte,27.0,596.37,2025-06-30,1077.56
5800,Daniela Cruz,Mouse,SUR,40.0,sin dato,18/03/2025,1690.65
590,Camila Reyes,Bocina,Norte,59.0,$906.59,2024-12-04,1365.56
6348,Pedro Aguilar,Silla, Sur,40.0,50.00,2024-01-03,792.31
9254,Camila Reyes,TECLADO,Occidente,41.0,1271.26,Agosto 11 2025,1266.84
9966,Sofia Torres,Tablet,occidente,44.0,598.10,Enero 8 2025,1642.17
8522,Pedro Aguilar,Tablet,CENTRO,40.0,"$1,097.98",Enero 22 2025,1148.75
8160,Jorge Morales,Mouse,Centro,39.0,"$1,229.82",10/07/2025,1354.16
2038,Ana Garcia,Bocina,Norte,,"$1,064.82",14/01/2025,2120.95
5826,Paola Rios,Impresora,Sur ,282.0,953.71,2026-01-16,1820.73
6724,Sofia Torres,Tablet,Norte,18.0,$447.44,03-14-2025,1818.09
2029,Paola Rios,Silla,Centro,41.0,333.38,18/03/2025,1442.32
3517,Jose Martinez,Teclado,Sur,31.0,$373.41,07/04/2025,1760.8
678,Luis Hernandez,Camara,Sur,41.0,$428.67,Abril 18 2025,1744.69
6142,Ana Garcia,Impresora,Centro,33.0,963.15,23/05/2026,1183.72
1233,Pedro Aguilar,Monitor,Norte,23.0,$776.43,Septiembre 2 2025,1132.86
8810,Jorge Morales,Bocina,Occidente,34.0,1155.52,2026-02-23,1645.09
9534,Andres Ortiz,Teclado,sin informacion,40.0,1069.05,2024-11-18,1109.0
5376,Andres Ortiz,Escritorio,Sur,44.0,sin dato,05-02-2024,868.94
4857,Camila Reyes,Mouse,sur,21.0,"$1,098.30",2025-11-13,1284.58
5815,Ricardo Vargas,TABLET,centro,42.0,676.32,18/01/2026,854.29
2433,Jose Martinez,Escritorio,Sur,42.0,$532.93,29/08/2025,1239.19
8162,Miguel Flores,Impresora, Sur,43.0,720.60,Enero 13 2026,1365.21
6522,Luis Hernandez,Mouse,Sur ,51.0,"$1,144.66",2025-04-25,838.66
6434,Miguel Flores, Camara,Occidente,13.0,sin dato,28/06/2024,1175.67
6654,Daniela Cruz,Escritorio,Occidente,25.0,824.63,,805.3
897,Paola Rios,Bocina,Norte,42.0,"$1,437.74",28/04/2025,851.24
1612,Maria Lopez,Bocina,Centro,65.0,$710.31,26/03/2025,1423.6
6909,Jose Martinez,Silla,Sur,18.0,"$1,206.39",2024-04-23,772.54
7813,Luis Hernandez,Tablet,Occidente,36.0,839.37,,1877.48
7948,Jose Martinez,Laptop,Sur,54.0,1494.46,19/03/2025,1610.96
3807,Maria Lopez,Camara,sur,36.0,869.34,Marzo 10 2026,1733.42
6419,Pedro Aguilar,Teclado,Centro,37.0,$877.60,11/04/2025,1405.44
5910,Paola Rios,Camara,occidente,30.0,1192.81,Noviembre 10 2025,2085.79
4702,Luis Hernandez,LAPTOP, Occidente,27.0,$551.73,13/10/2024,882.96
3962,Alejandro Diaz,Tablet,Centro,55.0,$806.43,,1556.08
7641,Fernanda Castro,Laptop,Norte,24.0,1010.35,06-18-2026,1364.68
7842,Laura Sanchez,Impresora,occidente,35.0,"$1,076.73",22/01/2025,1283.46
891,Luis Hernandez,IMPRESORA,Centro,36.0,843.66,2024-09-02,1003.9
5338,Ricardo Vargas,Escritorio,sur,50.0,1147.83,2025-05-10,883.94
7998,Sofia Torres,Tablet,sin informacion,52.0,$602.27,Agosto 24 2024,1505.98
7325,Jorge Morales,Tablet,Occidente,32.0,$903.54,16/09/2025,1109.34
6366,Jorge Morales,Silla,Norte ,43.0,$706.62,Mayo 3 2026,1615.46
5442,Paola Rios,Monitor,Sur,15.0,"$1,369.38",2024-03-09,1693.13
7390,Diego Romero,Bocina,NORTE,24.0,1150.97,Junio 7 2025,769.94
7251,Sofia Torres, Camara,Sur,35.0,1121.32,2024-06-29,1454.8
2800,Miguel Flores,Camara,occidente,64.0,$611.11,03-27-2025,1449.85
585,Daniela Cruz,Silla,Centro,,894.94,2026-03-09,1175.77
3269,Maria Lopez,Teclado,Norte,11.0,"$1,254.74",2025-04-12,1819.43
3933,Valeria Mendoza,Teclado,Occidente,37.0,816.66,04-12-2024,1453.42
4966,Maria Lopez,Silla,Norte ,33.0,123.41,Marzo 30 2024,1512.78
1261,Carlos Ramirez,Teclado,Centro,40.0,674.76,10/11/2024,904.86
6330,Fernanda Castro,Mouse,Sur,36.0,724.62,,1626.21
311,Andres Ortiz,Mouse,Norte,31.0,656.86,09/03/2026,1328.13
1717,Fernanda Castro,Impresora,OCCIDENTE,24.0,$909.56,2025-09-05,1466.24
5282,Valeria Mendoza, Laptop,Centro,29.0,"$1,086.89",Abril 7 2024,1929.89
6623,Camila Reyes,Teclado,Sur,29.0,$932.33,04-14-2026,1333.01
6271,Paola Rios,Laptop,CENTRO,50.0,$990.62,12-05-2024,1480.6
4669,Valeria Mendoza, Silla,Norte,26.0,sin dato,2024-10-27,1453.79
4299,Ana Garcia,Mouse,Norte,34.0,$902.33,2024-12-07,1376.65
3784,Diego Romero,Mouse,NORTE,63.0,$879.80,Enero 9 2024,1920.09
1009,Valeria Mendoza,Mouse,Occidente,48.0,$738.02,12-15-2025,634.08
8600,Andres Ortiz,Laptop,Centro,35.0,$-500.86,2024-05-08,1660.76
2186,Carlos Ramirez,Escritorio,Centro,37.0,"$1,165.24",18/03/2025,1617.16
3624,Daniela Cruz,Teclado,Sur,46.0,1125.46,10-27-2024,2209.76
7502,Luis Hernandez, Bocina,Centro,34.0,707.40,08-14-2025,1189.82
5748,Laura Sanchez,Laptop,,24.0,951.79,01-05-2024,1665.53
9964,Laura Sanchez,Laptop,Centro,55.0,709.61,09-24-2025,125000.0
6514,Maria Lopez,Bocina,Sur ,28.0,$676.96,2025-06-07,1430.97
5911,Jose Martinez,Camara,Occidente,29.0,"$1,137.21",32/13/2026,1334.89
4835,Pedro Aguilar,Monitor,,39.0,"$1,202.58",27/01/2024,1884.13
6367,Camila Reyes, Teclado,Centro ,46.0,1139.97,Febrero 18 2026,1810.9
4757,Ricardo Vargas, Impresora,Sur,20.0,733.02,02/03/2025,1458.13
5420,Fernanda Castro,Escritorio,Sur,19.0,1069.32,03-17-2026,1003.43
91,Daniela Cruz,Monitor,Centro ,56.0,940.82,2024-08-14,2291.16
6368,Jose Martinez,Laptop,norte,36.0,790.85,23/08/2024,985.7
9325,Daniela Cruz,Silla,centro,34.0,828.21,2025-12-13,1761.69
8978,Carlos Ramirez,Tablet,Sur ,43.0,$-979.02,30/09/2025,906.35
7423,Jose Martinez,Impresora,Occidente,34.0,1032.26,2026-03-06,794.34
8293,Luis Hernandez,Impresora,NORTE,24.0,$394.82,2024-04-20,1603.13
2118,Paola Rios, Camara,Occidente,46.0,594.09,32/13/2026,1706.68
2938,Valeria Mendoza,Tablet,Occidente,22.0,$496.57,2025-03-30,1537.32
6917,Ana Garcia,Silla,Occidente,54.0,616.69,18/01/2025,1962.19
984,Fernanda Castro,Escritorio,Sur,46.0,717.37,Agosto 6 2024,1788.62
7416,Andres Ortiz,Laptop,Sur,,$770.87,05/02/2026,1964.01
7206,Paola Rios,Teclado,Sur,29.0,1050.15,Marzo 5 2025,1005.0
8860,Ana Garcia,Camara,CENTRO,48.0,$991.14,2024-07-22,1890.73
2926,Jose Martinez,BOCINA,Centro,54.0,$969.52,2024-03-22,990.66
5747,Daniela Cruz,Camara,,63.0,"$1,502.34",Marzo 8 2025,1738.3
3215,Ricardo Vargas,Monitor,Norte,28.0,$671.83,2024-12-24,1875.54
6879,Ricardo Vargas,Monitor,sin informacion,58.0,824.51,01-01-2025,506.07
7145,Laura Sanchez, Tablet,SUR,48.0,422.09,2026-02-05,1289.02
5863,Ricardo Vargas,Laptop,sur,34.0,"$1,436.94",01-22-2026,1367.8
7500,Laura Sanchez,Silla,Centro,25.0,$785.96,07-09-2025,1516.26
9433,Alejandro Diaz,Teclado,Centro,28.0,202.47,2024-09-13,1309.68
628,Miguel Flores, Escritorio,occidente,38.0,"$1,343.26",Noviembre 18 2024,1584.0
4948,Paola Rios,Impresora,Norte,33.0,432.56,21/04/2025,1253.96
7976,Jorge Morales,Tablet,Occidente ,36.0,390.20,Abril 8 2026,1453.93
4245,Miguel Flores,Teclado,Sur,47.0,297.41,2025-06-27,1615.04
6708,Sofia Torres,Monitor,Centro,44.0,$641.15,10/07/2024,1528.13
4766,Jose Martinez,Tablet,Occidente,28.0,"$1,110.70",Enero 22 2025,1308.69
1602,Valeria Mendoza,IMPRESORA,Norte,,726.83,02-14-2025,292.45
9883,Miguel Flores, Camara,Norte,39.0,650.17,Enero 13 2024,946.65
1270,Ana Garcia,Monitor,Centro,51.0,623.70,04-21-2026,1105.35
129,Ricardo Vargas,Teclado,Sur,32.0,$249.41,Febrero 21 2025,1345.22
6272,Diego Romero,Impresora,,51.0,"$1,148.97",18/10/2025,2048.7
1712,Jorge Morales,Camara,Sur,24.0,$904.52,,1228.33
4183,Maria Lopez,Bocina,Occidente ,31.0,$429.12,2026-01-21,805.03
4236,Ana Garcia,Escritorio,Centro ,64.0,350.58,2024-11-13,1057.71
5546,Alejandro Diaz,Laptop,centro,41.0,$494.02,32/13/2026,1619.06
2399,Carlos Ramirez,Tablet,Norte,22.0,$752.14,13/02/2024,1054.92
9142,Sofia Torres, Monitor,Occidente,29.0,792.57,11-08-2025,1598.81
6459,Sofia Torres,Impresora,Norte,29.0,"$1,188.39",Enero 13 2024,1149.85
8674,Ana Garcia,Impresora,Sur,34.0,"$1,154.08",Mayo 17 2024,776.48
1187,Maria Lopez,SILLA,Occidente,40.0,"$1,020.78",15/07/2024,1238.6
7792,Fernanda Castro, Monitor,Occidente,29.0,725.03,Agosto 19 2024,1343.04
3306,Carlos Ramirez,ESCRITORIO,Centro,58.0,1171.54,2026-02-11,1027.47
8343,Laura Sanchez,Mouse,norte,37.0,1097.22,22/03/2024,1214.85
1978,Sofia Torres,Tablet,,41.0,803.41,Mayo 9 2024,1333.55
4645,Ana Garcia,IMPRESORA,Norte,295.0,$767.74,11/03/2024,952.64
4248,Jose Martinez,Camara,Occidente,43.0,"$-1,231.05",15/08/2024,1541.49
9622,Paola Rios,Mouse,Occidente,31.0,$480.17,17/11/2025,1146.1
916,Jorge Morales,Escritorio, Norte,51.0,"$-1,025.31",Noviembre 27 2024,1181.08
1306,Andres Ortiz, Silla,OCCIDENTE,35.0,775.95,Enero 16 2025,941.97
5818,Isabel Guzman, Silla,Sur,51.0,1023.11,2024-03-14,1659.53
3050,Valeria Mendoza,Mouse,Occidente,42.0,$590.51,Febrero 19 2026,1351.7
9804,Carlos Ramirez,Teclado,Sur,22.0,$520.12,2025-11-06,1193.89
1274,Andres Ortiz,Teclado,occidente,38.0,1070.86,01-19-2026,1825.33
8368,Jorge Morales, Tablet,Sur,25.0,$898.63,28/04/2024,924.89
2797,Alejandro Diaz,Laptop,Sur,41.0,359.50,Diciembre 23 2024,1483.97
1399,Ana Garcia,Silla,Norte,49.0,$364.48,17/06/2026,1420.16
3359,Jose Martinez,MONITOR,?,40.0,$679.64,Octubre 2 2024,1144.45
184,Andres Ortiz,Bocina,Norte,34.0,774.97,Marzo 29 2025,1599.26
5399,Isabel Guzman,Teclado,OCCIDENTE,227.0,290.64,2025-01-28,2035.97
6072,Valeria Mendoza,Camara,Centro,41.0,$78.07,Marzo 30 2024,1190.98
8350,Diego Romero,Tablet,norte,62.0,$922.09,Febrero 5 2024,1077.06
5675,Jorge Morales,Teclado,Centro,26.0,409.04,02-09-2025,1846.14
8208,Sofia Torres,Bocina,Occidente,42.0,$976.55,Diciembre 30 2024,1344.42
8430,Ricardo Vargas,Laptop,sur,40.0,$829.06,11-22-2024,1753.36
4568,Valeria Mendoza,Monitor,Sur,49.0,445.89,2025-09-03,1379.41
7638,Andres Ortiz,Bocina,Sur,30.0,"$1,004.13",05/02/2025,1042.91
8360,Alejandro Diaz,Laptop, Norte,49.0,761.41,2025-07-11,125000.0
2657,Luis Hernandez,Teclado,SUR,27.0,1139.22,Abril 5 2026,1165.3
9318,Ricardo Vargas,Tablet,sur,47.0,600.59,24/02/2025,1324.92
8950,Jorge Morales,Mouse,Sur,29.0,877.17,06/08/2025,765.97
1962,Pedro Aguilar,Silla,sur,45.0,950.96,2026-06-15,756.33
4993,Pedro Aguilar,Tablet,Norte,19.0,431.65,16/02/2024,1175.75
4892,Ricardo Vargas,Escritorio,Norte,41.0,"$1,391.29",15/08/2025,1304.18
6811,Camila Reyes,Tablet,norte,30.0,"$1,110.65",2024-03-22,1445.73
7382,Ana Garcia,Silla,norte,59.0,522.65,2026-06-13,1657.12
2959,Paola Rios,Impresora,Occidente,43.0,$507.95,Junio 16 2025,1219.63
1252,Daniela Cruz,Escritorio,Centro,43.0,918.59,06-13-2026,1642.7
3177,Fernanda Castro,CAMARA,Occidente,26.0,382.11,2024-05-02,1940.71
5073,Jose Martinez,Escritorio,Norte,46.0,884.82,04-14-2024,621.81
3360,Paola Rios,Impresora,Sur,17.0,$616.08,08-09-2024,1363.77
8883,Carlos Ramirez,Monitor,occidente,46.0,"$1,136.79",12-19-2024,824.44
7819,Andres Ortiz,Bocina,occidente,53.0,sin dato,2026-02-18,1482.41
6977,Diego Romero,Teclado,,54.0,1148.46,24/03/2025,963.03
3290,Jose Martinez,Escritorio,Centro,42.0,$440.61,05-20-2025,1025.91
6880,Ricardo Vargas,Monitor,Norte,56.0,694.41,2024-12-26,1630.33
8985,Laura Sanchez,Monitor,SUR,42.0,483.47,23/10/2025,721.99
8112,Camila Reyes,Tablet,norte,55.0,1312.14,Mayo 30 2026,76000.0
6023,Sofia Torres,Silla,,33.0,1054.41,15/11/2024,1195.63
7343,Camila Reyes,Laptop,sur,34.0,572.12,28/07/2025,1374.16
1052,Miguel Flores,Tablet,Sur,,697.52,04-26-2024,1233.68
4070,Maria Lopez,MONITOR,Sur ,39.0,$710.44,2024-05-26,1835.33
6608,Pedro Aguilar,Impresora,Occidente,41.0,786.36,Junio 2 2026,1463.7
5921,Maria Lopez,Bocina,NORTE,23.0,485.94,2025-06-29,1398.46
273,Jose Martinez,Silla,Sur ,29.0,512.10,Junio 17 2025,1228.88
2043,Valeria Mendoza,Silla,Sur,-9.0,$860.67,2025-12-23,1854.83
4764,Laura Sanchez, Mouse,Sur,37.0,"$1,087.29",32/13/2026,1682.49
5310,Jorge Morales,Teclado,Sur,37.0,$895.91,06-02-2024,1351.23
8964,Fernanda Castro,Mouse, Centro,52.0,$463.31,Mayo 3 2024,1155.18
5642,Carlos Ramirez,Escritorio,Norte ,25.0,$848.30,2025-12-10,1422.81
1087,Camila Reyes,Impresora,Occidente,24.0,"$1,489.50",2024-12-17,1767.52
6187,Miguel Flores,Camara,Sur,37.0,sin dato,32/13/2026,1445.51
6772,Andres Ortiz,Mouse,Sur,36.0,$999.36,04-18-2024,1770.45
5832,Jose Martinez,Tablet,Occidente,34.0,$896.71,10-12-2024,1906.86
7121,Paola Rios,Camara,Norte,35.0,1025.83,2025-06-06,1586.88
4323,Jorge Morales,Mouse,norte,37.0,$611.40,Septiembre 12 2025,1661.4
7404,Laura Sanchez,Silla,Sur,29.0,$-882.68,,1899.95
8678,Paola Rios,Silla,Sur,30.0,925.52,2025-11-01,1667.03
5971,Valeria Mendoza,Bocina,Sur ,46.0,878.21,2026-03-01,1362.32
5886,Camila Reyes,Escritorio,centro,-3.0,986.73,2025-07-27,1969.01
5465,Jose Martinez,Monitor,Sur,29.0,"$1,111.07",Febrero 10 2026,1732.23
6591,Ana Garcia,Bocina,OCCIDENTE,41.0,599.20,Febrero 8 2024,892.82
4710,Daniela Cruz,Impresora,,45.0,"$1,226.78",04-12-2024,1949.33
9180,Alejandro Diaz,Monitor,Sur ,24.0,$942.96,20/12/2025,1438.06
8401,Andres Ortiz,Impresora,Centro,33.0,1423.27,17/05/2024,1859.34
6005,Jorge Morales,Tablet,Occidente,45.0,"$1,004.68",2024-12-12,1638.2
7234,Miguel Flores,SILLA,Norte,33.0,$878.13,Julio 17 2025,1272.15
3479,Daniela Cruz, Mouse,Norte,32.0,787.64,07/04/2024,1416.97
7583,Andres Ortiz,Teclado,Centro,38.0,$-877.19,2024-01-08,1414.76
3925,Fernanda Castro,Bocina,Norte ,36.0,942.44,06-11-2024,2124.17
1749,Camila Reyes,Laptop,Centro,46.0,"$1,018.75",2024-07-25,1649.32
733,Isabel Guzman,Teclado,,47.0,"$1,067.33",2024-11-23,1464.97
2554,Jose Martinez,Teclado,Norte,32.0,1192.13,2026-03-23,1559.45
5822,Valeria Mendoza,Tablet,Centro,33.0,611.64,2024-05-12,688.32
5283,Camila Reyes,Bocina,Centro,34.0,791.08,32/13/2026,1261.36
2663,Maria Lopez,Laptop,Occidente,52.0,$925.33,2026-03-07,1558.14
7301,Diego Romero,Mouse,Centro,37.0,$957.25,2025-04-03,1612.88
6222,Sofia Torres,TECLADO,sur,44.0,809.89,2026-03-24,1879.37
3114,Isabel Guzman,Camara,norte,24.0,526.38,Abril 19 2025,991.78
3304,Carlos Ramirez,Tablet,Centro,48.0,$802.01,,1427.74
1345,Jose Martinez,Escritorio,Occidente,42.0,$966.25,Junio 17 2025,1542.59
1691,Diego Romero,Monitor,Centro,305.0,"$1,105.35",01-31-2024,1834.92
5365,Carlos Ramirez,Silla,Occidente,31.0,sin dato,Abril 13 2025,1634.09
6936,Sofia Torres,Silla,Centro,44.0,618.95,Marzo 3 2024,1909.94
5049,Carlos Ramirez,Teclado,Sur,44.0,"$1,457.02",04-13-2025,1574.88
5387,Laura Sanchez,Tablet,Norte,28.0,1479.18,32/13/2026,1862.93
3309,Ana Garcia,Teclado,occidente,28.0,876.84,32/13/2026,1214.19
1505,Ricardo Vargas,Teclado,Occidente ,33.0,$582.00,04-09-2026,1339.36
1807,Ana Garcia,Bocina,Sur,32.0,"$1,371.48",12-19-2024,1237.25
6655,Luis Hernandez,Laptop,Sur ,48.0,$995.56,Abril 19 2026,816.82
5731,Camila Reyes,Bocina,Centro,33.0,$674.81,2024-12-13,1073.35
3792,Jose Martinez,Monitor,NORTE,42.0,$564.70,03/07/2024,1977.75
5218,Andres Ortiz,Mouse,Sur,27.0,sin dato,2024-08-20,1712.09
9803,Fernanda Castro,Mouse, Occidente,45.0,686.96,03-11-2025,1690.82
7809,Maria Lopez,Mouse,Occidente,30.0,"$1,166.27",Octubre 24 2024,1168.83
6435,Fernanda Castro,Monitor,centro,26.0,643.77,Abril 28 2026,1451.73
5999,Diego Romero,Escritorio,Centro,30.0,"$1,704.90",07-18-2024,880.76
7740,Jorge Morales,Escritorio,Occidente,31.0,991.84,03-26-2025,1473.31
1849,Paola Rios, Mouse, Occidente,49.0,$756.70,07-07-2024,1380.97
4513,Maria Lopez,MOUSE,Occidente,40.0,$932.78,10-21-2025,699.15
2432,Paola Rios,Monitor,Norte,32.0,$854.01,Mayo 17 2026,768.91
4661,Camila Reyes,Silla,Centro,38.0,768.96,11-04-2024,1766.61
7262,Maria Lopez,Silla,Norte,30.0,"$1,028.55",2024-12-07,1550.86
5956,Valeria Mendoza,Tablet,Sur,47.0,1192.20,Abril 15 2024,624.75
143,Carlos Ramirez,Impresora,Centro ,27.0,"$1,427.43",Febrero 27 2025,1921.86
9020,Sofia Torres, Laptop,occidente,47.0,sin dato,2026-01-21,1942.45
9446,Carlos Ramirez,Impresora,Centro,49.0,804.37,32/13/2026,1047.3
5291,Camila Reyes, Laptop, Centro,47.0,50.00,27/05/2024,1685.63
9456,Carlos Ramirez,Teclado,sin informacion,30.0,853.34,2024-07-17,1357.47
3410,Jorge Morales,Impresora,Norte ,15.0,1094.44,2024-12-10,1704.62
1118,Ricardo Vargas,Escritorio,Occidente,27.0,$727.02,08-06-2025,1786.45
1757,Sofia Torres,Laptop, Norte,16.0,556.74,08/08/2025,2117.93
498,Miguel Flores,Monitor,Norte,57.0,$485.97,05-30-2024,1233.42
7915,Maria Lopez,Bocina,norte,52.0,377.23,Marzo 25 2024,76000.0
871,Jorge Morales,Teclado, Centro,35.0,$-839.66,16/01/2026,1048.83
3358,Alejandro Diaz,Laptop,Centro,42.0,$973.15,10-13-2025,1845.83
913,Miguel Flores,Monitor,occidente,38.0,872.96,2024-11-27,1345.97
722,Isabel Guzman,Escritorio,Occidente,49.0,1515.61,Marzo 19 2024,1187.98
2806,Pedro Aguilar,Laptop,NORTE,25.0,$948.65,2025-04-30,1613.51
8658,Camila Reyes,Laptop,Occidente,37.0,920.00,2026-02-15,1175.28
887,Luis Hernandez,LAPTOP, Sur,50.0,1401.75,24/05/2026,1261.09
9881,Miguel Flores,Escritorio,NORTE,37.0,1208.70,03/04/2026,1388.8
7517,Ana Garcia, Monitor,Occidente,54.0,$876.92,Agosto 15 2024,1248.97
7646,Paola Rios,Escritorio,Sur,30.0,$999.46,32/13/2026,1841.12
1521,Alejandro Diaz,Escritorio,Centro,43.0,"$1,056.69",2024-08-24,1294.97
8947,Luis Hernandez,Bocina,Sur,33.0,$996.75,17/06/2025,1921.69
2747,Laura Sanchez,Mouse,sur,28.0,"$1,271.13",07-07-2025,1632.03
8264,Fernanda Castro,Bocina,occidente,34.0,$543.24,Diciembre 3 2025,1115.07
6157,Luis Hernandez,Silla,occidente,19.0,$540.25,2024-12-21,1382.48
315,Laura Sanchez,Silla,norte,31.0,$-559.73,01/04/2024,1464.14
1800,Paola Rios,Laptop,Norte,31.0,604.05,03-25-2026,1382.53
328,Ana Garcia, Impresora,,20.0,$511.83,2025-09-05,824.51
6018,Luis Hernandez,Camara,Occidente,35.0,$884.41,Febrero 24 2024,1003.85
4205,Carlos Ramirez, Camara,Occidente,38.0,1297.14,01-15-2026,1674.8
3130,Diego Romero,Impresora,Norte,44.0,sin dato,2025-04-16,665.27
7316,Daniela Cruz,IMPRESORA,Sur,49.0,$992.17,2024-03-24,1540.59
9271,Pedro Aguilar,MOUSE,Centro,42.0,983.69,24/07/2025,1791.68
3969,Ricardo Vargas,TABLET,SUR,39.0,$633.48,05-29-2026,1114.72
6121,Laura Sanchez,Laptop,Sur,49.0,"$1,427.47",Diciembre 20 2025,125000.0
7112,Diego Romero,Monitor,?,55.0,$573.43,15/04/2024,1356.8
1974,Sofia Torres,LAPTOP,norte,42.0,$338.89,2024-01-29,1460.45
337,Pedro Aguilar, Teclado,OCCIDENTE,34.0,990.72,09/12/2025,1880.51
2765,Laura Sanchez,Mouse,sur,35.0,$907.31,02-05-2026,1420.78
8164,Carlos Ramirez,Mouse,Norte,26.0,618.32,02/12/2024,1850.65
276,Jorge Morales,Laptop,centro,42.0,$626.44,02-03-2025,1325.27
2986,Fernanda Castro,Camara,sin informacion,43.0,726.60,16/09/2025,1207.02
6022,Carlos Ramirez,Tablet,sur,38.0,497.35,Mayo 26 2025,1372.57
3010,Camila Reyes,Bocina,Occidente,38.0,sin dato,12/04/2025,850.66
3478,Paola Rios, Bocina,sur,64.0,"$1,565.56",16/06/2026,1320.65
5594,Fernanda Castro,Teclado,Occidente,22.0,"$1,273.75",2025-06-27,1288.79
3559,Jose Martinez,Silla, Norte,29.0,"$1,095.16",2024-10-22,1358.49
2810,Jose Martinez, Monitor,Centro,38.0,sin dato,09/02/2026,1580.44
9384,Laura Sanchez,Monitor,Norte,27.0,715.90,17/01/2026,765.61
4862,Camila Reyes,Camara,Sur,25.0,"$1,195.34",11-30-2025,2753.66
7024,Valeria Mendoza,Silla,Sur ,-2.0,$436.01,2025-02-19,1157.47
5247,Ricardo Vargas,Escritorio,Sur,44.0,$611.92,Abril 25 2024,1213.82
3417,Fernanda Castro,Silla,Sur,47.0,$314.94,2024-02-10,1237.96
308,Ricardo Vargas,Teclado,Sur,27.0,"$1,278.47",Diciembre 7 2024,1547.08
3909,Jose Martinez,Impresora,sur,24.0,497.10,32/13/2026,1572.28
349,Jose Martinez,Bocina,Norte,60.0,411.91,05/12/2025,1447.65
827,Andres Ortiz,Silla, Centro,24.0,$216.61,Enero 12 2026,1112.25
5297,Ana Garcia,Tablet,norte,30.0,$480.66,,978.35
9784,Carlos Ramirez, Silla,,23.0,$836.18,2024-08-16,1472.39
4483,Camila Reyes,Monitor,centro,34.0,"$1,278.99",Abril 11 2025,1391.71
7014,Jorge Morales,Silla,Norte ,24.0,"$1,485.92",Julio 5 2025,1983.71
3683,Laura Sanchez, Silla,Sur,36.0,$909.93,22/06/2025,750.01
6265,Paola Rios,Laptop,Norte,35.0,$368.80,27/01/2026,1351.67
9149,Daniela Cruz,Bocina,Norte,41.0,$897.75,01-16-2025,1431.76
2054,Isabel Guzman,Monitor,Norte,30.0,$701.88,06-14-2026,773.92
72,Jose Martinez,Monitor,Occidente,-3.0,1155.42,10-11-2025,953.91
5875,Valeria Mendoza,Bocina,Sur,39.0,sin dato,2025-08-08,1126.71
8626,Carlos Ramirez,TECLADO,OCCIDENTE,52.0,"$1,030.20",10/06/2025,1554.85
6696,Ricardo Vargas,MONITOR,Occidente,40.0,$753.93,05/02/2024,1142.21
8417,Paola Rios,Teclado,Norte,27.0,$756.21,05-29-2025,1211.42
5357,Andres Ortiz,Teclado,Occidente ,59.0,916.58,10-06-2024,2478.21
1667,Diego Romero,MOUSE,norte,33.0,$320.98,06-06-2026,1297.28
6598,Jorge Morales,Laptop,Centro,44.0,1080.91,10/04/2024,2829.9
6903,Camila Reyes,Silla,Centro ,43.0,1294.43,29/07/2024,1153.16
5729,Daniela Cruz,Laptop,Norte,49.0,$478.52,15/08/2024,1714.9
1446,Ana Garcia,Laptop,norte,48.0,$478.77,2024-06-05,1006.41
5583,Valeria Mendoza,Laptop,Occidente ,26.0,649.78,29/03/2026,1483.0
5994,Andres Ortiz,Monitor,Occidente,51.0,798.59,2025-09-28,1236.71
1696,Andres Ortiz,Teclado,Norte,40.0,1184.75,2024-05-02,996.06
2893,Miguel Flores,Teclado,Sur,41.0,$602.49,30/11/2025,1761.32
3803,Camila Reyes,Bocina,centro,29.0,1098.59,01/09/2024,1609.72
1575,Maria Lopez,TABLET,norte,32.0,$896.42,Junio 7 2024,1716.64
3204,Maria Lopez,Monitor,Norte,17.0,655.09,18/06/2025,670.51
4406,Alejandro Diaz,Laptop,Centro,26.0,"$1,099.04",,1039.53
1631,Ricardo Vargas,Escritorio,Centro ,33.0,1244.78,03/05/2024,1449.79
8301,Pedro Aguilar,Monitor,Centro,36.0,$-567.99,11-25-2024,906.0
1882,Carlos Ramirez,Escritorio,Centro,-6.0,$-240.96,Marzo 11 2026,1290.69
5113,Pedro Aguilar,Laptop,occidente,19.0,$780.36,2025-04-12,975.94
5075,Maria Lopez, Mouse,norte,34.0,"$1,085.17",Febrero 16 2024,1306.95
9084,Ana Garcia,Tablet,Occidente,48.0,$522.91,02-08-2025,940.32
5957,Laura Sanchez,Impresora,NORTE,32.0,521.29,03-27-2026,1509.15
849,Camila Reyes,Tablet,occidente,14.0,1360.57,2024-01-18,1871.75
6392,Miguel Flores,Silla,Centro,16.0,761.65,Abril 25 2025,1431.69
9015,Alejandro Diaz,Escritorio,SUR,42.0,782.75,Abril 4 2026,1307.18
8067,Laura Sanchez,Laptop,Occidente,25.0,$424.73,Noviembre 30 2025,1582.23
2878,Isabel Guzman,Camara,OCCIDENTE,39.0,810.82,05/12/2024,1169.17
187,Jose Martinez,Impresora,Centro,31.0,sin dato,24/07/2024,1188.01
3780,Daniela Cruz,Escritorio,Norte,45.0,$-774.77,32/13/2026,2197.31
1831,Miguel Flores,Silla,NORTE,48.0,$988.75,2025-05-31,1357.54
2960,Jorge Morales,Mouse,OCCIDENTE,40.0,$855.55,Mayo 5 2024,1009.09
9516,Pedro Aguilar,Silla,sin informacion,43.0,401.07,2025-04-25,1183.36
6806,Paola Rios,SILLA,Sur,74.0,789.13,2024-06-28,1103.22
1235,Fernanda Castro,Laptop,Norte,50.0,835.09,2025-03-29,1319.12
6365,Camila Reyes,Camara,norte,40.0,1272.46,2025-07-27,967.16
3916,Luis Hernandez,Silla,Norte,28.0,"$1,181.97",2025-10-15,2028.05
447,Sofia Torres,IMPRESORA,Occidente,43.0,$934.30,Noviembre 14 2025,1355.22
845,Ana Garcia,Bocina,Norte,47.0,1036.08,Febrero 1 2026,1754.45
7914,Pedro Aguilar,ESCRITORIO,Norte,43.0,$851.94,Marzo 13 2026,1226.99
6153,Andres Ortiz,BOCINA,Norte,,$-729.95,,1293.19
5765,Sofia Torres,Monitor,Sur,48.0,$900.40,,609.83
2441,Miguel Flores,Impresora,centro,29.0,sin dato,Mayo 14 2026,2080.5
3104,Daniela Cruz,Teclado,Occidente,46.0,1294.67,14/12/2024,1791.72
8841,Carlos Ramirez,Laptop, Norte,62.0,$816.56,24/03/2025,1481.93
7563,Jorge Morales,Impresora,SUR,24.0,633.70,2025-01-09,1013.71
6026,Diego Romero,Escritorio,Occidente,42.0,841.59,2025-01-12,1600.14
1295,Pedro Aguilar,Camara,Centro,30.0,$976.43,12-01-2024,1055.96
5426,Laura Sanchez,Impresora,Centro,32.0,$981.56,2026-01-31,1225.88
9286,Jorge Morales,Camara,Centro,49.0,$991.13,02/10/2024,1922.62
5068,Ana Garcia,Laptop,Sur ,58.0,796.43,2025-03-29,1685.27
3443,Jorge Morales,Laptop,norte,44.0,834.90,24/10/2024,1852.13
8698,Paola Rios,Escritorio,OCCIDENTE,37.0,$883.16,03/02/2024,1000.44
7999,Maria Lopez,Bocina,sur,25.0,$787.46,05-03-2024,1420.87
7096,Pedro Aguilar,Silla,sur,26.0,741.57,32/13/2026,1591.06
6508,Jorge Morales,Camara,Norte,16.0,1054.26,06/05/2025,1444.69
777,Daniela Cruz,Impresora,CENTRO,44.0,$264.90,11/04/2024,1111.09
577,Isabel Guzman,Camara,Sur,67.0,sin dato,2026-01-10,1275.56
2154,Paola Rios,Escritorio,Norte,41.0,1190.19,2026-03-21,1289.56
4921,Pedro Aguilar,Silla,Norte,33.0,$-546.00,18/11/2025,1000.59
6665,Andres Ortiz,Tablet,sur,34.0,697.16,Mayo 26 2024,1575.25
9775,Maria Lopez,Silla,Sur ,36.0,"$1,325.09",2024-05-25,1343.39
5899,Fernanda Castro,Impresora,Sur,44.0,$846.91,Febrero 11 2025,1813.12
3782,Laura Sanchez,Escritorio,Sur,24.0,"$1,067.50",03-03-2026,1543.59
8679,Ricardo Vargas,Escritorio,Occidente,46.0,1015.84,25/02/2025,1347.27
3184,Luis Hernandez,ESCRITORIO,Norte,28.0,1668.81,Junio 26 2024,1765.97
9835,Maria Lopez,Teclado,,12.0,1136.18,05-27-2024,1570.81
3200,Carlos Ramirez,Mouse,Norte,24.0,$990.41,24/04/2025,1940.02
7486,Alejandro Diaz,Monitor,centro,48.0,833.46,22/07/2025,1375.4
1290,Fernanda Castro,ESCRITORIO,Centro,33.0,"$1,315.72",02-09-2025,1392.77
4582,Pedro Aguilar,Mouse,CENTRO,55.0,548.93,07-01-2025,1865.44
6606,Carlos Ramirez,TECLADO,Occidente,29.0,1286.01,Marzo 13 2025,1142.05
9202,Fernanda Castro, Silla,Centro ,-6.0,379.37,11/07/2025,1178.58
7620,Diego Romero,Camara,Occidente,51.0,900.96,27/09/2025,1041.16
7226,Fernanda Castro, Escritorio,Centro,24.0,"$1,144.87",2026-03-02,1724.06
4107,Maria Lopez,Tablet,norte,62.0,173.72,24/05/2025,1839.94
4127,Ana Garcia,Monitor,sur,57.0,826.73,08/11/2024,1555.29
8458,Ricardo Vargas,Bocina,occidente,54.0,"$1,353.97",2024-05-24,1015.74
3967,Diego Romero,Mouse,NORTE,40.0,$235.63,03-15-2025,1139.6
1880,Maria Lopez,Camara,Occidente,26.0,1384.86,12-21-2025,1139.34
8746,Paola Rios,Escritorio,Occidente,396.0,$-609.27,2025-12-05,1597.43
9575,Valeria Mendoza,SILLA,Norte,25.0,1075.27,04/09/2024,1052.2
5497,Diego Romero,Laptop,occidente,18.0,"$1,191.15",01-17-2026,1443.51
3588,Andres Ortiz,Silla,Norte,30.0,"$1,190.36",Marzo 26 2025,1578.49
7854,Paola Rios, Bocina,Sur,38.0,"$1,100.64",08-24-2024,1810.0
3866,Diego Romero,Silla,Norte,29.0,$840.54,Junio 22 2025,1760.81
2149,Camila Reyes,Monitor,Centro,40.0,1589.83,2025-04-20,1198.38
4132,Isabel Guzman,Camara,Sur,44.0,519.70,Octubre 1 2024,1229.95
1037,Isabel Guzman, Impresora,Sur,47.0,$759.17,2024-05-11,1600.66
637,Laura Sanchez,Laptop,sur,321.0,sin dato,2024-10-06,1924.47
5877,Isabel Guzman,Laptop,Sur,21.0,$718.61,14/09/2024,1672.85
4135,Pedro Aguilar,Silla,Centro,43.0,684.93,2025-10-05,1336.45
6450,Maria Lopez,TECLADO, Centro,16.0,sin dato,2025-03-25,735.6
1084,Ricardo Vargas, Silla,Sur,27.0,1174.43,13/05/2025,1165.02
862,Isabel Guzman,Mouse,Norte,51.0,1233.80,2026-04-29,1804.48
5213,Jorge Morales,Escritorio,Centro,37.0,804.46,02/09/2024,1027.38
904,Alejandro Diaz,Silla,occidente,48.0,988.79,2026-03-20,1214.1
192,Fernanda Castro,Silla,centro,51.0,249.41,32/13/2026,1615.2
110,Valeria Mendoza,Camara,Occidente,57.0,"$1,234.66",04-21-2024,1048.85
4456,Luis Hernandez,Mouse,centro,32.0,612.05,12-25-2024,1468.4
1943,Alejandro Diaz,Mouse,Sur,46.0,281.14,Julio 2 2025,948.53
9684,Daniela Cruz,Teclado,Sur,54.0,1043.85,05/03/2024,1312.36
4332,Carlos Ramirez,Impresora,Norte,-5.0,"$1,472.12",Agosto 8 2025,1242.74
9115,Paola Rios,Teclado,Sur,44.0,643.22,17/12/2025,2209.43
8794,Jose Martinez,Silla,CENTRO,33.0,919.83,2025-06-02,1373.87
2041,Carlos Ramirez,Impresora,CENTRO,42.0,671.44,01-27-2024,1228.8
7811,Paola Rios,Bocina,Norte,35.0,"$1,121.07",07-31-2024,1631.73
7307,Paola Rios, Impresora,Norte,40.0,$941.36,Octubre 21 2025,1166.62
4879,Andres Ortiz,Impresora,,,"$1,198.87",Marzo 18 2024,1360.26
4660,Jorge Morales,Impresora,centro,35.0,748.05,11/11/2025,860.84
6839,Luis Hernandez, Laptop,Sur,39.0,"$1,129.87",Mayo 10 2024,1324.69
2776,Sofia Torres,Monitor,Centro,41.0,"$1,386.34",Junio 4 2026,1425.5
4146,Carlos Ramirez,MOUSE,Sur,22.0,"$1,272.79",2024-10-10,1401.8
2324,Andres Ortiz,Silla,?,53.0,1175.68,08-22-2025,1303.64
763,Isabel Guzman,Camara,Sur,26.0,1130.37,05-06-2025,1660.49
2618,Luis Hernandez,Mouse, Norte,37.0,"$1,256.54",Junio 22 2025,1739.11
2412,Ana Garcia,Escritorio,norte,32.0,1353.12,11/01/2025,1447.63
1095,Sofia Torres,Bocina,Norte,27.0,"$1,249.65",Enero 22 2026,1447.71
6583,Fernanda Castro,TABLET,Centro,41.0,717.91,04/03/2024,1203.37
7511,Miguel Flores, Camara,norte,36.0,"$1,389.22",2025-04-13,1316.89
5959,Fernanda Castro,Mouse,Norte,55.0,$785.03,12-01-2025,1509.43
3136,Ana Garcia,SILLA, Centro,41.0,$599.02,03-04-2025,1878.39
6063,Miguel Flores,Escritorio,Sur,33.0,$710.56,03-05-2024,1528.2
5041,Miguel Flores,CAMARA,Occidente,23.0,"$1,152.04",31/03/2024,1428.4
5429,Ana Garcia,Teclado,centro,52.0,1231.43,Abril 24 2025,1681.32
3806,Camila Reyes,Escritorio,sur,54.0,$919.53,05/11/2024,1283.76
885,Camila Reyes,Monitor,Norte,32.0,974.96,04-01-2026,937.95
2655,Alejandro Diaz,Bocina,Sur,60.0,940.56,Noviembre 14 2025,1298.86
5670,Andres Ortiz,Escritorio,sur,58.0,$652.84,22/10/2025,1563.62
6599,Maria Lopez,MONITOR,SUR,351.0,sin dato,05-21-2026,1029.43
465,Ana Garcia, Teclado,sur,57.0,"$1,213.25",2024-05-07,793.76
7190,Ana Garcia,Laptop,Occidente,42.0,776.49,2024-10-29,1783.45
8128,Ricardo Vargas,Bocina,Sur,26.0,1343.08,2024-07-03,1736.19
6873,Pedro Aguilar,TECLADO,CENTRO,29.0,$682.54,09-03-2024,1036.4
7467,Andres Ortiz, Bocina,Centro,27.0,$616.44,,1378.42
5193,Jorge Morales,Escritorio,Occidente ,35.0,"$1,132.65",2024-07-11,1346.9
9977,Laura Sanchez,Escritorio,Occidente,51.0,617.73,2026-03-24,1236.44
5301,Luis Hernandez,Escritorio,Norte,66.0,$881.48,10-24-2025,1475.51
2203,Ana Garcia,Bocina,Centro,50.0,"$1,088.94",11/04/2025,903.65
7744,Laura Sanchez,CAMARA,sur,49.0,1201.71,2025-12-17,2148.32
7708,Miguel Flores,SILLA,Sur,42.0,716.29,Marzo 17 2024,1297.73
1263,Daniela Cruz,Bocina,Occidente,37.0,1053.96,2025-05-30,125000.0
5704,Daniela Cruz, Camara, Occidente,42.0,$790.54,2024-11-14,1537.71
976,Laura Sanchez, Monitor,Norte,-3.0,580.41,2024-06-24,1720.23
6524,Andres Ortiz,Laptop, Norte,57.0,$345.33,08-29-2025,1324.23
4926,Luis Hernandez,LAPTOP,Norte,22.0,"$1,151.23",05-11-2026,1296.16
942,Daniela Cruz,Escritorio,NORTE,34.0,722.55,2026-04-25,1272.87
5264,Jorge Morales,Bocina,Centro,42.0,$502.74,2025-12-10,560.83
4724,Luis Hernandez,Bocina,Centro,38.0,878.07,2025-10-23,871.3
2388,Pedro Aguilar, Impresora,Centro,9.0,"$1,101.43",Febrero 26 2025,1221.13
7052,Daniela Cruz,Camara,Norte,42.0,"$1,127.04",2024-06-12,1877.62
5022,Jorge Morales,Escritorio,Norte,37.0,"$1,215.90",2026-05-17,1799.62
4392,Camila Reyes,Tablet,Norte,26.0,$479.26,2024-02-26,1009.77
5149,Miguel Flores,Laptop,Centro,38.0,823.51,17/04/2025,1774.53
3222,Carlos Ramirez,Bocina, Norte,16.0,658.13,2024-07-17,1853.25
3883,Ricardo Vargas,Tablet,Centro,22.0,sin dato,2024-12-22,1295.39
4641,Camila Reyes,Teclado,CENTRO,41.0,"$1,324.82",2024-08-16,1429.25
9431,Luis Hernandez,Escritorio,CENTRO,38.0,"$1,287.36",Mayo 3 2024,1772.31
6307,Camila Reyes,Silla,Norte ,32.0,855.22,2024-11-06,1122.8
2790,Camila Reyes,Escritorio,Occidente,36.0,849.10,Junio 15 2025,1233.67
945,Maria Lopez,Escritorio,Norte ,30.0,"$1,377.69",03/07/2024,1550.87
9173,Luis Hernandez,Laptop,Sur,38.0,822.91,07-03-2024,1499.26
1858,Ricardo Vargas,Camara,Occidente,40.0,$-381.70,Mayo 13 2024,1619.81
8927,Laura Sanchez,Monitor,Sur,50.0,sin dato,2026-06-17,1590.99
4109,Paola Rios,Laptop,Occidente,20.0,490.71,Diciembre 26 2024,1428.28
5214,Fernanda Castro,BOCINA,Centro,43.0,1638.97,Diciembre 27 2025,902.63
8765,Carlos Ramirez,Tablet,Occidente,34.0,684.91,07/05/2024,1621.32
3256,Jose Martinez,Silla,Occidente,43.0,1201.47,2024-01-08,1545.74
2691,Valeria Mendoza,Camara,Occidente,33.0,341.94,Febrero 20 2026,840.96
8095,Sofia Torres,Laptop,Centro,45.0,1163.71,2025-05-30,2212.09
9613,Luis Hernandez, Silla,Occidente,57.0,$772.53,,1561.11
1320,Miguel Flores,Bocina,Sur ,45.0,1181.27,Febrero 8 2024,1419.65
7440,Jorge Morales,Laptop,Norte,35.0,"$-1,158.89",2024-12-09,1477.91
6348,Pedro Aguilar,Silla, Sur,40.0,50.00,2024-01-03,769.87
5163,Carlos Ramirez,Escritorio,norte,40.0,$674.83,2024-08-01,1345.09
6216,Fernanda Castro,CAMARA,Sur,37.0,$279.97,Octubre 10 2025,1403.79
7250,Andres Ortiz,Mouse,NORTE,45.0,"$1,041.13",,1604.09
6351,Sofia Torres,Tablet,Norte,30.0,"$1,117.45",25/03/2025,1556.28
9442,Daniela Cruz, Bocina,Occidente,17.0,"$-1,237.67",Mayo 3 2024,1998.72
3476,Laura Sanchez, Silla, Occidente,28.0,sin dato,01-09-2025,1693.85
3506,Alejandro Diaz,BOCINA,CENTRO,27.0,974.11,02-12-2025,1414.79
4750,Miguel Flores,Silla,norte,45.0,$813.19,2026-02-26,1975.33
2478,Jose Martinez,Camara,Centro,42.0,1066.83,02-09-2024,1152.28
8171,Alejandro Diaz,Laptop,Sur,26.0,$203.25,2024-03-07,1986.4
7055,Isabel Guzman,Teclado,Centro,42.0,$191.98,14/02/2026,1376.65
7826,Alejandro Diaz,Escritorio,Occidente,25.0,1184.98,15/08/2024,1387.25
8084,Diego Romero,Monitor,Occidente,39.0,$789.70,13/12/2025,1360.4
5706,Camila Reyes,Silla,NORTE,14.0,$714.18,2025-01-02,2104.55
6303,Jose Martinez,Teclado,Sur,65.0,361.12,Mayo 20 2025,1346.34
9004,Jorge Morales,Escritorio,occidente,42.0,"$1,118.26",14/10/2025,1000.13
1875,Daniela Cruz, Silla,centro,40.0,1172.61,07-06-2025,1560.0
8768,Jorge Morales,Tablet,Norte,53.0,$622.27,30/01/2026,1199.95
5867,Valeria Mendoza,Bocina,centro,41.0,630.22,Diciembre 26 2024,1459.3
9402,Pedro Aguilar,Laptop,occidente,39.0,sin dato,2025-08-10,721.21
5097,Fernanda Castro,Teclado,SUR,56.0,$-646.09,11-28-2025,1208.73
2905,Andres Ortiz, Tablet, Occidente,22.0,"$1,470.90",Noviembre 20 2024,974.16
571,Isabel Guzman,BOCINA,Sur,43.0,sin dato,2024-12-20,1570.52
1449,Valeria Mendoza,Tablet,Sur,48.0,920.45,2025-11-11,1724.71
9854,Laura Sanchez,Escritorio, Sur,47.0,842.39,Agosto 1 2025,1218.0
7104,Ricardo Vargas,ESCRITORIO,Occidente,22.0,$918.07,2024-01-28,1353.1
6773,Pedro Aguilar,Monitor,Centro ,49.0,811.13,Marzo 9 2026,1614.48
7276,Laura Sanchez,Mouse,SUR,32.0,$996.99,10-06-2024,1448.6
6965,Luis Hernandez,Silla,Occidente,62.0,862.82,05/04/2026,1019.7
3227,Ricardo Vargas,Monitor,occidente,47.0,904.78,Junio 17 2024,874.79
8329,Jose Martinez,Mouse,Occidente,25.0,1046.37,18/05/2026,1246.11
3979,Paola Rios,Silla,Occidente,55.0,$753.96,17/01/2025,1344.82
4384,Ricardo Vargas,Teclado,norte,35.0,$794.24,13/08/2024,1669.76
8154,Fernanda Castro,Camara,sur,52.0,"$1,117.67",2025-01-01,2264.78
3540,Camila Reyes,Mouse,Norte,42.0,1086.74,Junio 10 2025,1732.59
7170,Isabel Guzman,CAMARA,Centro,33.0,$744.05,2025-03-10,1236.83
9755,Ricardo Vargas,ESCRITORIO,centro,39.0,890.89,,2062.39
2828,Isabel Guzman,TABLET,Centro,48.0,$731.10,2025-05-29,1464.43
7189,Carlos Ramirez,Teclado,centro,30.0,814.42,26/08/2024,1786.35
4997,Valeria Mendoza, Silla,OCCIDENTE,-9.0,717.13,2025-08-28,1041.61
1339,Diego Romero,Escritorio,Centro,49.0,532.79,Julio 30 2024,1586.65
3263,Valeria Mendoza,Escritorio,Norte,,"$1,118.50",07-17-2025,1957.14
9002,Ana Garcia,Escritorio,norte,47.0,$550.83,20/04/2025,1426.93
8960,Pedro Aguilar,Bocina,Sur,36.0,"$1,078.04",28/10/2024,1845.44
651,Jorge Morales,Silla,centro,52.0,1212.76,2025-09-15,1131.36
2903,Alejandro Diaz,Laptop,Centro,34.0,$939.93,07-22-2024,1418.61
2259,Ana Garcia,Laptop,Occidente,37.0,sin dato,2024-05-20,1844.93
5396,Ana Garcia,Camara,Occidente,61.0,sin dato,22/02/2026,1040.73
7885,Camila Reyes,Mouse,centro,19.0,$594.29,2026-01-21,1543.87
3522,Sofia Torres,Laptop,sur,28.0,851.22,06/10/2024,1417.27
2731,Pedro Aguilar,TABLET,Centro,23.0,678.02,2025-12-17,942.4
5862,Ricardo Vargas,Teclado,centro,58.0,652.28,12-25-2025,1687.82
4479,Alejandro Diaz, Mouse,Norte,39.0,$962.36,Marzo 1 2025,1399.98
1597,Andres Ortiz,Silla,sur,39.0,722.90,11/11/2025,1206.45
7530,Luis Hernandez,Mouse, Centro,,939.24,2024-01-16,783.8
2585,Miguel Flores,Camara,Occidente,14.0,1177.09,12-30-2024,1471.76
5804,Isabel Guzman,Escritorio,Centro,35.0,643.41,Enero 27 2025,871.16
3197,Laura Sanchez,Impresora,Centro,32.0,1012.68,Febrero 9 2026,1300.56
6449,Jose Martinez,TECLADO,Occidente,54.0,1576.44,11/12/2025,1408.9
5328,Laura Sanchez,Tablet,CENTRO,42.0,"$1,263.04",Noviembre 22 2025,1263.13
8187,Daniela Cruz, Tablet, Occidente,48.0,"$-1,244.71",Marzo 17 2026,972.77
5738,Isabel Guzman,Silla,Norte,40.0,"$1,125.56",14/10/2024,1379.29
1259,Paola Rios,Escritorio,Centro,29.0,"$1,573.45",10-31-2024,1304.44
5636,Ricardo Vargas,Escritorio,Occidente,27.0,$722.30,Mayo 21 2025,1511.31
992,Paola Rios,Teclado,Occidente,56.0,512.57,13/07/2025,1816.34
3505,Ana Garcia, Laptop,centro,45.0,672.70,2024-09-06,2017.79
114,Jorge Morales,Silla, Norte,33.0,726.01,32/13/2026,1018.94
920,Fernanda Castro,Laptop,Centro ,38.0,847.78,Junio 11 2026,1082.01
2510,Maria Lopez,Tablet,Sur,36.0,"$1,102.18",2025-04-19,2104.26
9683,Daniela Cruz,Camara,,42.0,"$1,389.35",04-09-2024,1132.53
166,Camila Reyes, Impresora, Norte,33.0,$928.75,23/06/2025,1736.99
7248,Camila Reyes,Escritorio,Occidente,23.0,$709.84,25/06/2024,1639.8
6815,Miguel Flores,Teclado,Sur,36.0,$725.68,22/01/2025,1240.77
4604,Diego Romero,Escritorio,sur,20.0,$838.44,2026-02-19,1564.37
950,Carlos Ramirez,Escritorio,Sur,29.0,$785.18,29/10/2024,1678.77
4595,Fernanda Castro,Laptop,occidente,46.0,370.11,Junio 4 2026,1491.19
6104,Luis Hernandez,Bocina,Occidente,53.0,"$1,345.74",,1361.85
3771,Daniela Cruz,Bocina,OCCIDENTE,35.0,1276.38,2025-08-14,1567.73
2507,Jorge Morales,Mouse, Occidente,65.0,460.61,Diciembre 15 2025,1798.75
5108,Pedro Aguilar,Teclado,Centro ,32.0,$810.63,Septiembre 16 2024,1217.22
2851,Jose Martinez,Tablet,Sur,55.0,"$1,129.06",Mayo 5 2026,1698.11
6922,Jorge Morales,Tablet,Norte,26.0,498.56,08/05/2025,1644.86
5724,Paola Rios,Laptop,Occidente,51.0,"$1,765.28",05-20-2025,1419.57
7927,Pedro Aguilar,Impresora,Sur,31.0,$738.92,2024-10-02,1345.12
4447,Sofia Torres,Bocina,Norte ,30.0,1203.47,2024-07-15,1268.73
4461,Maria Lopez, Tablet,norte,29.0,1205.74,Febrero 5 2025,1385.28
7259,Maria Lopez,Camara,,37.0,672.99,Noviembre 16 2024,1142.66
2506,Maria Lopez,Impresora,sin informacion,33.0,478.73,14/01/2024,1808.58
1115,Jose Martinez,Silla,Centro,56.0,$977.75,2024-09-04,1291.52
8644,Ricardo Vargas,Teclado,CENTRO,38.0,892.82,Noviembre 18 2025,1264.9
299,Carlos Ramirez, Bocina,Centro,49.0,$454.87,02-01-2026,1266.71
1676,Pedro Aguilar,Silla,centro,60.0,"$1,309.82",07/06/2025,1439.53
3348,Maria Lopez,Impresora, Occidente,21.0,1418.67,17/04/2026,1678.33
2736,Maria Lopez, Teclado,Occidente,47.0,"$1,144.48",31/03/2024,1024.04
8250,Pedro Aguilar,Camara,Centro,28.0,750.92,21/03/2026,1487.28
4989,Isabel Guzman,Laptop,OCCIDENTE,30.0,$857.73,2024-09-23,1512.59
9265,Fernanda Castro, Escritorio,occidente,44.0,"$1,246.91",2026-03-06,1293.53
6204,Jose Martinez,MONITOR,Norte,328.0,$973.57,06-18-2026,1268.0
4326,Miguel Flores,Silla,Norte,33.0,900.97,Mayo 15 2024,734.8
8217,Ricardo Vargas,MOUSE,Norte,44.0,708.88,Diciembre 7 2024,2131.9
6302,Ana Garcia,Silla,Centro,-2.0,"$1,234.15",,1083.23
4551,Ana Garcia,Teclado,,39.0,$719.06,03/02/2024,1558.77
7524,Sofia Torres,Monitor,centro,6.0,$977.97,26/11/2024,2111.89
8451,Ricardo Vargas, Tablet,centro,51.0,"$1,004.39",Noviembre 3 2024,1440.29
2104,Maria Lopez,Silla,Sur,56.0,641.65,03-21-2026,824.7
5337,Valeria Mendoza,IMPRESORA,sin informacion,62.0,329.59,15/02/2025,967.31
6200,Jose Martinez,Tablet,SUR,47.0,702.32,10-08-2024,1661.03
7211,Diego Romero,ESCRITORIO,,29.0,906.72,Junio 24 2025,1414.88
9607,Sofia Torres,Laptop,Norte,41.0,sin dato,13/05/2024,968.17
1838,Sofia Torres,Camara,OCCIDENTE,51.0,786.96,2025-06-08,1064.05
8290,Jorge Morales,Laptop,centro,24.0,"$1,110.40",09-05-2025,865.52
8564,Miguel Flores,Tablet,Norte,41.0,649.76,12-01-2025,1413.26
9736,Laura Sanchez,Bocina,Norte,40.0,1519.45,Marzo 29 2026,1607.88
608,Paola Rios,MOUSE,?,,sin dato,02-03-2024,808.19
6433,Carlos Ramirez,Bocina,Occidente,46.0,$842.90,04-04-2024,1547.32
1094,Miguel Flores,Tablet,centro,35.0,295.89,13/01/2025,1492.09
5786,Fernanda Castro,Monitor,Sur,34.0,568.97,17/09/2024,1027.78
6750,Paola Rios,Escritorio,Occidente,33.0,sin dato,05-07-2026,1227.69
9232,Carlos Ramirez,Impresora, Norte,41.0,"$1,336.44",2024-03-12,1358.93
4488,Carlos Ramirez,Camara,Occidente,17.0,$457.33,24/06/2025,1595.96
161,Pedro Aguilar,Camara,sur,25.0,"$1,419.05",Septiembre 10 2024,1719.91
204,Andres Ortiz,Teclado,Occidente,19.0,$-813.40,06/03/2025,1355.55
7503,Valeria Mendoza,Impresora,Centro,45.0,$501.35,Septiembre 15 2024,2109.72
6282,Sofia Torres,Teclado,centro,17.0,993.98,2025-03-26,1578.45
4934,Camila Reyes,Teclado,Sur,38.0,802.60,06-15-2026,1571.68
2935,Camila Reyes,Camara,Occidente,35.0,$945.81,2026-01-25,2145.7
7801,Daniela Cruz,Laptop,Centro,27.0,$800.04,Julio 5 2024,2015.11
2436,Ricardo Vargas,Escritorio,Sur,27.0,949.19,2024-02-04,793.01
1231,Camila Reyes,CAMARA,Norte,51.0,704.76,Septiembre 30 2025,1088.97
9897,Camila Reyes,LAPTOP,Sur ,48.0,453.66,32/13/2026,1321.43
3047,Valeria Mendoza,Tablet,Centro,47.0,830.44,06-19-2025,1493.63
9945,Jose Martinez,Camara,Centro,16.0,$796.96,32/13/2026,1424.14
6101,Laura Sanchez, Tablet,norte,51.0,$708.47,12-12-2025,1483.49
8170,Paola Rios,Laptop,centro,37.0,$821.85,Julio 6 2024,1399.13
6850,Jose Martinez,Mouse,Sur,25.0,$945.75,Agosto 18 2025,1401.12
4252,Miguel Flores,Tablet,,36.0,$476.90,11/04/2025,2125.55
9070,Paola Rios,Tablet,Occidente,46.0,1025.24,Septiembre 1 2024,783.93
3294,Carlos Ramirez,Laptop, Centro,25.0,1348.23,21/09/2024,1173.16
4035,Daniela Cruz,Silla, Norte,43.0,$589.31,10-07-2025,1106.43
2726,Fernanda Castro, Silla, Occidente,41.0,$744.83,Febrero 23 2025,1676.3
4291,Luis Hernandez,Silla,Centro,44.0,1020.68,Enero 1 2026,1005.14
4335,Isabel Guzman, Escritorio,Occidente,35.0,$-907.59,08-16-2025,1598.28
9260,Carlos Ramirez,Escritorio,Sur,30.0,227.78,32/13/2026,1235.8
3878,Laura Sanchez,Laptop,Sur,25.0,$898.08,26/11/2024,1173.39
5791,Valeria Mendoza,Bocina,Occidente ,44.0,$926.80,2025-09-15,2243.75
9937,Ricardo Vargas,Bocina,Centro,,356.42,2026-03-19,1633.22
4754,Alejandro Diaz,Laptop,Norte ,34.0,sin dato,01/08/2025,852.42
4887,Andres Ortiz,Bocina,?,33.0,439.66,08-24-2025,1732.65
858,Luis Hernandez,Tablet,Sur,41.0,633.30,11-19-2025,1349.9
7906,Isabel Guzman,Mouse, Occidente,-9.0,"$1,065.58",07-26-2024,2109.22
8621,Ana Garcia,Bocina,Centro,18.0,647.02,06-26-2025,1330.84
2562,Miguel Flores,Bocina,Norte,32.0,"$1,223.13",2026-03-27,1324.77
3802,Ricardo Vargas,Mouse,Norte,29.0,330.66,07-15-2025,1168.23
2641,Laura Sanchez, Tablet,Centro,26.0,$553.95,2025-08-07,1567.87
5456,Maria Lopez,Teclado,Centro,44.0,$759.21,Septiembre 4 2024,1647.51
5969,Jose Martinez,Escritorio,Occidente,49.0,695.21,2024-12-31,1046.09
4491,Jose Martinez,Bocina,sur,44.0,sin dato,Abril 15 2026,1639.85
2348,Diego Romero,Impresora,Occidente ,23.0,1014.71,12-12-2024,1143.08
650,Camila Reyes,Monitor,norte,17.0,$471.67,11-23-2024,1644.09
2782,Isabel Guzman,Monitor,Sur,24.0,760.88,Septiembre 1 2024,877.32
6028,Andres Ortiz,Mouse,Sur,33.0,$881.12,06-22-2024,1152.47
9305,Jorge Morales,Mouse, Occidente,29.0,968.92,21/02/2024,1687.06
8935,Miguel Flores,Camara,Centro,22.0,"$1,014.59",14/12/2025,715.41
7619,Carlos Ramirez,Tablet,Sur,35.0,925.72,Noviembre 29 2024,1531.09
616,Fernanda Castro,TECLADO,norte,38.0,$906.87,32/13/2026,1727.32
8695,Jorge Morales,Mouse,Sur,14.0,755.59,Septiembre 16 2025,1262.78
2576,Sofia Torres,Tablet,Occidente,40.0,"$1,064.68",Abril 19 2025,913.46
54,Jorge Morales,Impresora, Occidente,48.0,$268.16,2025-06-23,1731.61
3341,Paola Rios,Laptop,Sur,50.0,$-793.99,01-06-2026,1367.87
7498,Sofia Torres,Bocina,,41.0,1223.51,09/07/2025,1246.6
1706,Alejandro Diaz, Laptop,Centro,29.0,1025.34,,1678.82
9330,Ricardo Vargas, Laptop,norte,44.0,"$1,255.75",25/04/2026,1508.48
5827,Jose Martinez,Impresora,Occidente,24.0,$516.54,Agosto 1 2025,685.46
1494,Sofia Torres,Monitor,Sur,21.0,$722.46,03-13-2025,1457.26
5276,Laura Sanchez,Tablet,OCCIDENTE,36.0,737.30,Octubre 24 2025,1482.2
6007,Carlos Ramirez,Impresora,sur,,421.72,03-30-2026,1513.94
804,Isabel Guzman,Teclado,Norte,21.0,"$1,090.33",07/01/2024,1190.44
4954,Maria Lopez,Impresora,,13.0,$535.99,2025-08-12,1246.55
9857,Sofia Torres,Teclado,CENTRO,43.0,$863.88,31/08/2025,1368.42
7572,Isabel Guzman,Teclado,Centro,52.0,$356.07,03-20-2024,1196.61
991,Sofia Torres,MOUSE,Occidente,48.0,$584.20,2026-01-19,844.69
2775,Paola Rios, Monitor,centro,19.0,728.91,18/05/2026,1409.07
7959,Pedro Aguilar,TECLADO,Sur,34.0,1122.95,2024-12-19,1328.79
6848,Daniela Cruz,Tablet,CENTRO,49.0,1082.03,12-16-2024,847.36
3514,Maria Lopez,Bocina,Occidente ,47.0,503.33,2024-02-10,1729.3
5842,Pedro Aguilar,Escritorio,Centro ,24.0,$756.71,Enero 18 2024,1451.43
9131,Ricardo Vargas,Tablet,Norte,34.0,954.11,2024-10-08,1187.68
220,Isabel Guzman,Camara,Sur,42.0,$966.86,02-06-2024,934.83
8285,Diego Romero,Bocina,occidente,37.0,$604.25,Junio 29 2025,1137.72
1289,Maria Lopez,Teclado,Centro,,136.03,2024-02-15,1709.82
3164,Sofia Torres,Escritorio,Occidente,48.0,$670.22,Marzo 11 2026,1390.04
4679,Andres Ortiz,Escritorio,Norte,45.0,sin dato,2024-01-14,1506.71
2619,Andres Ortiz,Laptop,norte,36.0,924.57,Enero 26 2024,1380.88
3613,Fernanda Castro,Bocina,CENTRO,31.0,$507.70,Enero 6 2025,1216.5
44,Miguel Flores,Camara,Sur,41.0,$-908.48,2026-04-07,1389.1
8257,Ricardo Vargas,Mouse,Sur,39.0,$750.30,2024-09-28,1427.78
7201,Andres Ortiz,Camara,Occidente,47.0,$-671.74,03-29-2026,1633.16
3793,Carlos Ramirez, Camara,sur,28.0,"$1,081.91",15/01/2024,1864.26
3572,Camila Reyes,Silla,Norte,38.0,716.06,Octubre 15 2024,860.08
7512,Sofia Torres,Teclado,occidente,69.0,1019.69,Abril 25 2026,2110.66
1504,Sofia Torres,Mouse,Sur,36.0,"$1,197.93",2024-08-12,1340.81
5925,Isabel Guzman,Teclado,norte,35.0,"$1,585.14",Agosto 17 2024,1704.67
3351,Jose Martinez,Laptop,Centro,49.0,"$1,260.79",06/02/2026,1256.9
3440,Camila Reyes,Impresora,OCCIDENTE,66.0,$680.42,03-29-2026,989.64
1893,Alejandro Diaz,Monitor,centro,28.0,1186.66,02-18-2026,959.22
9601,Ricardo Vargas,Mouse,Sur ,43.0,"$1,025.53",2024-07-05,1695.49
5256,Sofia Torres,Tablet,Sur,51.0,$757.96,09-25-2025,1901.8
1956,Daniela Cruz,Mouse,norte,48.0,$647.03,22/07/2025,1489.46
5168,Jose Martinez,Bocina,OCCIDENTE,47.0,$999.64,12-06-2024,694.78
4815,Valeria Mendoza,BOCINA,Occidente,45.0,1016.40,2025-09-25,1573.9
6685,Miguel Flores,Mouse,Norte,59.0,587.29,Diciembre 5 2025,1496.29
1506,Laura Sanchez,Bocina,Centro,61.0,510.74,2026-03-04,2386.21
671,Pedro Aguilar,Teclado,Centro,30.0,491.19,2024-11-07,1785.03
9172,Diego Romero,Camara,sur,44.0,992.46,Mayo 21 2026,1821.08
7518,Isabel Guzman, Mouse,Norte,31.0,"$1,144.51",2024-12-28,1975.25
898,Luis Hernandez,Silla,Norte,38.0,$895.74,28/08/2025,1559.48
9813,Sofia Torres,Laptop,Centro,47.0,"$1,227.20",14/02/2025,1327.58
2667,Laura Sanchez,Impresora,Occidente,,869.84,05/03/2025,1001.99
3194,Jose Martinez,Teclado, Sur,28.0,787.35,Febrero 25 2024,1619.54
2891,Maria Lopez,Laptop, Sur,38.0,598.21,Octubre 25 2025,1276.9
7587,Camila Reyes,Silla,Sur,,$952.31,04/06/2025,1339.5
6070,Pedro Aguilar,Laptop,Norte,14.0,642.43,Junio 18 2025,1216.19
2622,Miguel Flores,Monitor,Sur,55.0,$776.65,05/09/2024,1629.35
6406,Isabel Guzman, Teclado,Centro,38.0,$609.86,22/12/2025,1324.42
6349,Jorge Morales,Monitor,Centro,35.0,452.13,06-20-2024,1468.44
3,Andres Ortiz,Silla, Norte,42.0,$-793.07,30/05/2024,846.96
2371,Ana Garcia,Laptop,SUR,42.0,1176.92,03-20-2025,1837.92
3805,Ana Garcia,BOCINA, Sur,34.0,1181.15,Septiembre 21 2025,1180.87
1770,Jose Martinez,IMPRESORA,Occidente,27.0,589.62,05-19-2026,923.28
695,Luis Hernandez,Bocina,Norte,21.0,sin dato,,1698.73
6424,Valeria Mendoza,Tablet,Sur,51.0,647.15,Julio 7 2025,1772.93
532,Jose Martinez,Laptop,Sur,19.0,835.60,Marzo 30 2024,675.51
8880,Sofia Torres,Monitor,Centro,40.0,936.34,2024-05-14,1174.61
8907,Alejandro Diaz,Impresora,centro,56.0,667.07,Julio 5 2025,1047.98
7050,Paola Rios,Monitor,Sur,32.0,$655.38,Julio 4 2025,1203.33
9731,Isabel Guzman,Tablet,Centro,44.0,sin dato,04-02-2024,1362.93
3121,Fernanda Castro,MONITOR,Sur,25.0,"$1,197.37",04/02/2025,1029.91
9292,Pedro Aguilar,Impresora,Occidente,56.0,$455.13,2025-12-25,754.91
732,Daniela Cruz,TABLET,Norte,48.0,"$-1,077.30",2026-05-24,2029.38
3407,Miguel Flores,Laptop,Occidente,56.0,$187.25,04-12-2026,1232.31
2340,Luis Hernandez,Escritorio,Occidente,52.0,"$1,056.64",2024-03-23,1699.4
6361,Fernanda Castro,Camara,Centro,39.0,"$1,096.08",04-29-2024,1572.04
6232,Fernanda Castro,Tablet,Occidente,51.0,764.96,10-13-2024,1705.47
2566,Daniela Cruz,Mouse,centro,43.0,838.05,Septiembre 24 2024,990.0
2582,Jorge Morales,Bocina,OCCIDENTE,24.0,1076.74,04-05-2026,1150.83
2745,Jose Martinez,Mouse,Occidente,36.0,"$1,016.50",Noviembre 2 2025,1257.39
8128,Ricardo Vargas,Bocina,Sur,26.0,1343.08,2024-07-03,1736.19
7455,Fernanda Castro, Escritorio,Occidente,345.0,"$1,195.37",,1916.92
5847,Maria Lopez,TABLET,Norte,59.0,$829.53,07-28-2025,1695.85
9336,Sofia Torres,Tablet,Occidente,32.0,925.35,Julio 28 2025,1582.63
9243,Fernanda Castro,Bocina,Occidente,26.0,"$1,142.70",2025-12-15,1242.97
1256,Luis Hernandez,Bocina, Norte,27.0,689.86,Julio 26 2025,991.0
2105,Alejandro Diaz,Laptop,norte,38.0,615.16,18/05/2025,1381.57
7182,Camila Reyes,Silla,Norte,49.0,sin dato,Abril 11 2025,1291.61
8370,Isabel Guzman, Bocina,occidente,41.0,922.27,2024-11-20,1745.52
6642,Ana Garcia,Laptop,norte,29.0,"$1,300.14",2024-08-26,1738.36
9422,Diego Romero,CAMARA,Norte ,41.0,$743.75,Marzo 26 2025,1509.63
4995,Fernanda Castro,Bocina,Sur,41.0,926.63,2024-05-14,1315.22
9237,Ricardo Vargas,Monitor,Centro,41.0,1132.85,Noviembre 9 2025,1315.39
7294,Miguel Flores,Escritorio,CENTRO,41.0,1005.53,11/10/2025,1307.91
5058,Camila Reyes,Mouse,Centro,30.0,$331.82,25/07/2025,1499.02
7540,Fernanda Castro,Laptop,Sur ,56.0,$50.00,Junio 27 2025,1097.0
4435,Ricardo Vargas,CAMARA,Sur,34.0,1168.79,12-31-2024,1248.34
3485,Daniela Cruz,Mouse,occidente,45.0,1403.24,17/06/2024,2075.47
9776,Andres Ortiz,Bocina,OCCIDENTE,67.0,$438.69,Marzo 26 2026,1548.61
5319,Diego Romero,Impresora,Sur,45.0,$607.96,2024-12-10,1328.79
3817,Jorge Morales,Camara,Norte ,41.0,"$1,037.80",10-13-2025,663.81
6106,Fernanda Castro,TABLET,Norte,24.0,412.23,Abril 10 2025,1297.4
3851,Valeria Mendoza, Teclado,OCCIDENTE,41.0,788.05,Marzo 1 2025,1486.31
2547,Diego Romero,Camara,Norte,46.0,960.98,32/13/2026,674.48
5917,Sofia Torres,Impresora,OCCIDENTE,24.0,1051.78,13/02/2026,1014.31
1622,Ana Garcia, Silla,Sur ,38.0,"$1,248.41",06-11-2025,868.53
9703,Miguel Flores, Impresora,Norte,44.0,890.35,Marzo 19 2025,1187.03
6729,Maria Lopez,Mouse,Centro,19.0,$709.13,2024-02-13,1144.59
7632,Miguel Flores,Mouse,OCCIDENTE,34.0,1476.96,18/08/2025,1612.19
9167,Valeria Mendoza,Silla,Sur,39.0,"$1,041.68",10/02/2026,2067.9
1097,Camila Reyes,BOCINA,Norte,37.0,"$1,247.06",04-17-2024,651.01
7173,Pedro Aguilar,Impresora,Sur,,"$1,126.75",2025-02-22,1552.4
9764,Ricardo Vargas,Monitor,Occidente,18.0,1076.28,Noviembre 29 2024,1457.22
7244,Carlos Ramirez,Escritorio,Centro,52.0,$521.82,2026-04-30,2174.65
2464,Ricardo Vargas,Impresora,,38.0,1119.72,25/04/2026,1616.69
7622,Ricardo Vargas,Camara,Norte,50.0,947.10,Abril 12 2024,1390.09
1789,Jorge Morales,Silla,Norte,32.0,sin dato,02-08-2026,1829.74
251,Jose Martinez,Silla,Norte,42.0,922.61,02-11-2024,1364.34
9212,Sofia Torres,Tablet,Occidente,37.0,$647.85,04-26-2024,986.56
6605,Daniela Cruz,Tablet,Occidente,26.0,"$1,250.25",,1521.47
6624,Isabel Guzman,Mouse,centro,29.0,sin dato,Marzo 10 2026,1577.28
193,Fernanda Castro,LAPTOP,Occidente,36.0,804.94,29/01/2026,1212.96
821,Ana Garcia,Camara,OCCIDENTE,22.0,"$1,268.00",32/13/2026,1797.99
9917,Luis Hernandez,Laptop,Sur,36.0,$819.34,29/03/2025,1382.19
8759,Laura Sanchez,Monitor, Norte,45.0,834.19,04-29-2025,1057.78
7667,Ricardo Vargas, Silla,OCCIDENTE,46.0,$605.34,Mayo 6 2024,1211.72
6719,Jose Martinez,Laptop,Sur,35.0,sin dato,Enero 14 2026,1197.62
4401,Miguel Flores,Laptop,centro,29.0,902.28,02-02-2024,1126.16
7506,Jorge Morales,Bocina,Occidente,51.0,$938.50,Diciembre 13 2025,1870.22
5389,Jorge Morales,Mouse,Centro,44.0,736.75,01-06-2025,1467.71
4167,Jorge Morales,Camara,Norte,53.0,962.65,Julio 2 2025,2221.44
4952,Luis Hernandez,Silla,Centro,43.0,$521.38,2024-05-14,1207.18
2688,Ricardo Vargas,Impresora,Norte,44.0,sin dato,2025-04-17,1325.11
4391,Jose Martinez,Mouse, Sur,34.0,"$1,288.93",02/12/2024,1436.16
7360,Luis Hernandez,Escritorio,norte,50.0,$462.85,2025-10-03,1549.47
8172,Isabel Guzman,Laptop,SUR,40.0,$470.68,07-03-2025,1270.79
4928,Ricardo Vargas,Tablet,Norte,59.0,$322.55,Septiembre 21 2025,1722.65
7183,Luis Hernandez,Silla,CENTRO,27.0,534.95,22/05/2025,1056.42
5553,Andres Ortiz,Impresora,,50.0,$843.33,04-26-2025,834.13
2608,Carlos Ramirez, Monitor,OCCIDENTE,36.0,"$-1,288.32",2024-05-04,1205.07
7954,Luis Hernandez, Laptop, Sur,45.0,$50.00,12-20-2024,1312.31
239,Sofia Torres,Impresora,SUR,32.0,$637.38,27/08/2024,1351.15
4016,Maria Lopez, Laptop, Occidente,30.0,$755.80,10-02-2025,2035.2
9537,Valeria Mendoza,Mouse,Centro,29.0,"$1,003.65",2024-01-31,1505.18
2978,Alejandro Diaz,Laptop,Norte,34.0,"$1,064.30",02/04/2025,1267.5
6089,Miguel Flores,Impresora, Sur,40.0,"$1,164.00",Septiembre 2 2024,870.58
6984,Ana Garcia, Tablet,Occidente,56.0,$783.90,2025-01-27,1652.61
6496,Camila Reyes,Laptop,norte,27.0,947.32,09-05-2024,948.36
5474,Jose Martinez,Bocina,Sur,59.0,$579.90,32/13/2026,1763.9
946,Maria Lopez,Tablet,occidente,33.0,1477.08,2025-05-17,1583.92
8604,Valeria Mendoza,Mouse,CENTRO,43.0,sin dato,2026-05-13,1777.71
8186,Camila Reyes,Monitor,Occidente,25.0,$829.89,22/09/2025,1741.18
5098,Sofia Torres,Monitor,Norte,29.0,1198.01,2026-02-02,1650.82
7258,Fernanda Castro, Impresora,Occidente,38.0,"$1,280.89",Julio 4 2025,1239.35
6189,Maria Lopez, Impresora,CENTRO,29.0,527.12,22/02/2025,1208.43
3553,Isabel Guzman,Camara,Occidente,17.0,$999.52,32/13/2026,1196.12
8548,Alejandro Diaz,Escritorio,Occidente,41.0,$816.92,2024-08-18,1442.99
3361,Pedro Aguilar,Silla,Occidente,40.0,$681.55,Diciembre 3 2024,1249.09
5922,Diego Romero,Monitor,?,20.0,$465.21,21/05/2024,1069.37
5629,Daniela Cruz,Camara,Occidente,33.0,$906.43,04/08/2025,1134.13
2411,Paola Rios,Camara,,44.0,975.36,32/13/2026,839.98
7977,Luis Hernandez,Laptop,,35.0,"$1,262.11",06/01/2024,1237.84
4508,Ricardo Vargas,ESCRITORIO,Norte,40.0,1116.17,2025-07-22,1523.84
8709,Jorge Morales,Teclado,norte,-7.0,687.04,32/13/2026,878.84
3983,Andres Ortiz, Laptop,,55.0,$776.61,20/12/2025,1123.94
147,Ana Garcia, Tablet,Sur,50.0,1220.20,11/02/2026,2071.57
7090,Sofia Torres,Mouse,Norte,17.0,$585.93,2025-03-14,2101.29
2295,Valeria Mendoza,Bocina,Centro,42.0,898.74,2024-02-08,1426.17
2254,Paola Rios,Teclado,Sur,25.0,"$1,120.99",08-09-2025,1203.6
3612,Andres Ortiz,Bocina,Centro,31.0,603.62,,1704.91
5354,Jorge Morales,Teclado,norte,44.0,"$1,218.45",30/03/2025,1159.38
1737,Paola Rios,Monitor,Norte ,34.0,905.62,15/06/2024,1584.61
8197,Sofia Torres,Monitor,occidente,39.0,$870.46,Febrero 8 2025,1335.34
9394,Daniela Cruz,IMPRESORA,Norte,34.0,$792.44,02-20-2024,1195.79
115,Paola Rios,Bocina,occidente,32.0,830.81,2025-10-11,1627.38
9124,Laura Sanchez,Monitor,Occidente,31.0,926.77,06/02/2025,2013.6
7497,Diego Romero,Laptop,occidente,43.0,710.30,10-19-2024,1087.57
9757,Sofia Torres,SILLA,Norte,36.0,538.19,26/04/2026,1589.29
499,Isabel Guzman,Escritorio,Centro,36.0,895.27,07-28-2025,1557.51
7996,Jorge Morales,Impresora,Sur,8.0,$898.96,2024-03-29,1541.7
721,Maria Lopez,IMPRESORA,SUR,24.0,"$1,109.88",12-04-2024,1702.68
7655,Maria Lopez,Silla,Centro,21.0,1086.51,12-10-2024,1393.06
9368,Valeria Mendoza,Teclado,Centro,39.0,$736.63,Julio 29 2024,1456.9
7938,Daniela Cruz,Tablet,Norte,54.0,491.82,30/01/2024,1482.15
6536,Diego Romero,Monitor,Sur,25.0,sin dato,Octubre 17 2024,1379.27
3090,Jorge Morales,Teclado,SUR,41.0,750.71,22/01/2025,1190.74
7699,Luis Hernandez,MONITOR, Sur,19.0,$678.57,01-13-2026,1182.65
7785,Jorge Morales,Bocina,sur,44.0,939.54,2026-05-18,1551.63
8244,Diego Romero,Tablet,Sur,28.0,589.45,06-12-2024,1262.8
597,Ricardo Vargas,Mouse,Sur,42.0,904.48,02-27-2026,1415.09
9471,Miguel Flores,Escritorio,Sur ,33.0,$925.39,2025-01-28,1548.33
6498,Alejandro Diaz,Mouse,occidente,67.0,258.05,Junio 4 2026,1497.52
8184,Diego Romero,Silla,,56.0,866.92,03-05-2025,1365.12
5165,Miguel Flores,Silla, Norte,61.0,1036.08,Agosto 3 2025,1636.51
1648,Andres Ortiz,Monitor,Sur,48.0,485.42,Abril 20 2026,1301.37
6537,Sofia Torres,Escritorio,norte,46.0,1119.44,2025-05-01,1421.28
7378,Fernanda Castro,Laptop,Sur,46.0,1166.31,12-17-2024,1758.82
2701,Alejandro Diaz,Tablet,Norte,45.0,$226.35,32/13/2026,1865.36
7911,Ana Garcia,Bocina,Sur,25.0,900.46,Noviembre 7 2024,125000.0
1701,Carlos Ramirez, Escritorio,Norte,29.0,"$1,155.62",09/06/2025,1555.25
9210,Andres Ortiz,Monitor,Occidente,37.0,$721.44,25/01/2026,1505.49
5405,Ana Garcia, Tablet, Norte,48.0,1076.08,19/09/2024,1894.93
7691,Alejandro Diaz, Laptop,sur,35.0,"$-1,350.72",08-01-2024,1049.98
6322,Pedro Aguilar,Mouse,Norte,33.0,"$1,132.09",,1144.63
2943,Diego Romero,Laptop,,53.0,740.17,09/01/2024,2080.88
9853,Camila Reyes,Bocina,Sur,27.0,$644.56,19/04/2025,1312.57
87,Luis Hernandez, Silla,Sur,33.0,"$1,251.27",Septiembre 14 2025,1532.64
2309,Sofia Torres,Camara,occidente,43.0,"$1,010.34",Enero 14 2024,1030.75
2678,Alejandro Diaz,Monitor,Centro,38.0,$880.44,Mayo 29 2024,1738.77
8462,Pedro Aguilar,LAPTOP,Occidente,45.0,$900.59,31/12/2024,1158.15
8442,Jose Martinez,Tablet,Sur ,,$-805.44,10-10-2025,1220.63
2595,Sofia Torres,Tablet,Centro,49.0,1319.58,2025-08-25,1178.55
8571,Isabel Guzman,Monitor,Occidente,34.0,$706.67,,1835.3
1030,Sofia Torres,Monitor,occidente,42.0,$685.77,02/06/2025,1283.58
137,Fernanda Castro,Mouse,Norte,51.0,"$1,107.54",Diciembre 14 2024,98000.0
7285,Maria Lopez,Teclado,norte,60.0,"$-1,404.92",2025-10-16,1701.67
953,Fernanda Castro,TABLET,Sur ,38.0,438.45,2024-04-28,1208.11
2855,Valeria Mendoza,Teclado,OCCIDENTE,34.0,982.92,Julio 24 2025,1606.33
4410,Sofia Torres,Escritorio,Centro,38.0,834.09,07-22-2024,1263.59
1201,Alejandro Diaz,Tablet,Norte ,35.0,$516.69,05-05-2026,929.22
4718,Pedro Aguilar,Teclado,Occidente,39.0,881.85,Enero 1 2026,950.9
9800,Diego Romero,Tablet,Centro,26.0,sin dato,10/04/2024,1139.72
7033,Isabel Guzman,ESCRITORIO,Sur,43.0,854.53,2025-06-11,961.96
567,Laura Sanchez,Monitor,CENTRO,31.0,856.23,Noviembre 1 2024,1814.39
7886,Jose Martinez,LAPTOP,Centro,35.0,$741.82,14/11/2024,1115.81
5431,Pedro Aguilar,Bocina,Occidente,20.0,"$1,029.29",2025-12-19,1448.01
5869,Isabel Guzman,Teclado,NORTE,24.0,$643.32,15/03/2025,1242.02
3928,Jose Martinez,Mouse,Norte,47.0,1143.28,05-19-2025,1357.88
9281,Paola Rios,Camara,Occidente ,31.0,1124.18,2024-09-28,1737.72
8087,Andres Ortiz,Bocina,Centro,41.0,870.71,03-12-2026,1368.99
8304,Paola Rios,Mouse,Sur,23.0,"$1,282.93",32/13/2026,1217.05
8421,Diego Romero,Laptop,Norte,37.0,645.60,09/03/2024,1414.45
9144,Alejandro Diaz,Escritorio,Sur,37.0,1066.83,Enero 23 2026,1462.58
7774,Pedro Aguilar,Laptop,Occidente,12.0,898.54,32/13/2026,1131.4
9178,Fernanda Castro,Bocina,Centro ,45.0,"$1,034.60",05-13-2026,1619.68
8521,Ricardo Vargas,Impresora,Occidente,32.0,$951.72,05-10-2025,969.74
2331,Luis Hernandez,Camara,OCCIDENTE,21.0,386.46,2024-01-13,1608.77
3516,Pedro Aguilar,Camara,SUR,19.0,1025.92,2024-10-26,1896.24
2188,Carlos Ramirez,Escritorio,Sur,37.0,sin dato,Abril 21 2025,1499.85
196,Luis Hernandez, Escritorio,occidente,57.0,$905.95,05-11-2024,481.71
7734,Ricardo Vargas,Laptop, Centro,47.0,"$1,117.24",32/13/2026,1409.75
6042,Miguel Flores,MONITOR,Occidente,51.0,"$1,065.48",2025-12-18,1340.62
5060,Fernanda Castro,MONITOR,Norte,52.0,874.12,2024-03-24,1625.53
803,Paola Rios,Teclado,Occidente,26.0,$665.99,11/01/2025,1451.75
5716,Daniela Cruz,Teclado,norte,44.0,$560.85,Enero 25 2024,1525.21
6785,Laura Sanchez, Mouse,CENTRO,42.0,$50.00,Julio 26 2024,1681.94
242,Ricardo Vargas, Escritorio, Norte,37.0,$854.96,Febrero 17 2026,1249.06
2069,Sofia Torres,Tablet,Norte,44.0,660.53,Abril 4 2024,1474.91
7883,Isabel Guzman,Monitor,sur,52.0,$-50.00,Junio 4 2025,935.72
9003,Andres Ortiz,Bocina,Centro,41.0,1199.17,13/04/2024,1091.55
645,Diego Romero,Camara,Occidente,34.0,sin dato,02-12-2025,1388.48
9652,Daniela Cruz,Laptop,occidente,52.0,"$1,135.41",2024-12-09,856.02
5104,Jorge Morales,Escritorio,Sur ,34.0,$484.43,06-09-2024,941.2
5461,Alejandro Diaz,BOCINA,Sur,74.0,$937.52,23/12/2024,1825.53
1638,Fernanda Castro,Mouse,Sur,40.0,698.06,Febrero 17 2024,859.78
121,Daniela Cruz,Silla,,42.0,1176.45,27/04/2025,1366.38
5874,Sofia Torres,TECLADO,Sur,39.0,1060.13,2026-06-08,2173.14
2982,Luis Hernandez,Teclado, Norte,36.0,673.61,Febrero 18 2026,2020.36
5070,Pedro Aguilar,Mouse,Sur ,42.0,$557.55,2024-02-06,999.75
3075,Ricardo Vargas,Tablet,sur,31.0,$861.96,2024-01-04,1186.91
9194,Daniela Cruz,Monitor,Norte,39.0,"$1,232.10",05-30-2026,1478.77
3279,Pedro Aguilar,Laptop,Sur,43.0,628.85,08-11-2024,1311.23
2136,Andres Ortiz,TECLADO,Sur,32.0,1569.81,30/01/2024,1422.31
6769,Paola Rios,Silla,Sur,35.0,$564.09,32/13/2026,1457.43
4971,Alejandro Diaz,Laptop,Occidente,53.0,726.31,02-23-2024,1553.54
9057,Camila Reyes,Silla,SUR,14.0,$-438.39,24/12/2025,1217.97
135,Diego Romero,Laptop,Sur,25.0,sin dato,01/11/2025,1420.69
4352,Ricardo Vargas,Laptop,Sur,35.0,"$1,252.88",Marzo 25 2024,1855.25
5325,Isabel Guzman,Tablet,Centro,25.0,"$1,464.89",02/01/2026,1439.42
9931,Sofia Torres,Silla, Norte,34.0,$764.75,27/06/2024,1345.52
6569,Jose Martinez,Silla,Sur,17.0,$740.80,25/04/2026,1499.47
2560,Ricardo Vargas,Laptop, Sur,35.0,1042.12,Abril 8 2025,488.04
63,Miguel Flores,Camara,Sur,45.0,"$1,555.18",09/11/2024,1259.34
1359,Maria Lopez,Mouse,Sur,47.0,"$1,079.61",2025-11-29,2040.28
6985,Pedro Aguilar,CAMARA,centro,49.0,851.93,11-12-2024,2098.76
108,Andres Ortiz,Monitor,Sur ,65.0,710.71,2024-05-03,1581.38
6214,Sofia Torres,TECLADO,Occidente,28.0,"$1,510.80",01-11-2025,1058.82
2468,Andres Ortiz,Teclado, Occidente,,$117.78,2025-11-17,1480.04
680,Isabel Guzman,Teclado,centro,21.0,704.09,10-19-2025,1315.48
7247,Maria Lopez,Escritorio,Sur,-8.0,568.45,2024-04-30,1073.99
742,Diego Romero,Monitor,Norte,36.0,804.65,05/04/2025,1749.7
5308,Valeria Mendoza,Laptop,CENTRO,20.0,$410.20,08-09-2025,1208.65
7192,Pedro Aguilar,Bocina,Sur,52.0,$637.83,07-27-2024,1577.9
3642,Isabel Guzman,Escritorio,Occidente,22.0,$-936.18,Enero 5 2026,1101.05
445,Paola Rios,Camara,centro,31.0,$803.48,24/11/2025,1867.64
8410,Valeria Mendoza,Laptop,Occidente,24.0,sin dato,Septiembre 16 2025,1594.73
3259,Ricardo Vargas,Mouse,Sur,43.0,sin dato,Julio 10 2024,1332.55
4664,Miguel Flores,CAMARA,Centro,,"$1,080.09",21/09/2025,1878.16
1874,Isabel Guzman, Teclado,occidente,41.0,"$-1,031.21",Mayo 14 2025,926.18
8318,Jorge Morales,Teclado,centro,42.0,511.38,09/12/2025,1180.19
2597,Paola Rios,Bocina,Occidente,28.0,274.74,Junio 22 2025,1381.78
1718,Miguel Flores,Silla,Centro,34.0,sin dato,2025-11-26,878.05
2913,Jorge Morales,BOCINA,Occidente,36.0,787.82,2025-05-20,1258.72
2844,Jorge Morales,Silla,norte,46.0,1016.97,01-05-2025,1318.59
4028,Daniela Cruz,Bocina,Norte,35.0,$650.41,2026-01-14,1262.54
5489,Alejandro Diaz,Teclado,Occidente,64.0,$490.38,2026-03-12,1033.7
8891,Isabel Guzman,MOUSE,Occidente,34.0,$835.08,2025-09-27,1829.19
4486,Miguel Flores,Bocina,Centro,33.0,sin dato,Febrero 22 2025,1542.23
2557,Diego Romero,Monitor,Norte,60.0,$949.87,2025-04-30,1558.69
490,Fernanda Castro,Impresora,Sur,43.0,sin dato,2025-01-05,1191.75
494,Fernanda Castro,Silla,Norte,51.0,"$1,049.55",2025-08-15,998.82
691,Pedro Aguilar,Mouse,Occidente,38.0,909.86,02-24-2026,1759.41
7806,Valeria Mendoza,Bocina,Centro,57.0,874.22,Julio 8 2025,990.25
3822,Ana Garcia,Bocina,,43.0,"$1,090.08",16/06/2025,1346.65
603,Valeria Mendoza, Laptop,sin informacion,41.0,863.16,Febrero 1 2024,1548.55
1912,Alejandro Diaz,Escritorio, Occidente,38.0,$668.76,Enero 14 2026,1177.51
1015,Paola Rios,Impresora,occidente,33.0,676.15,2024-06-15,1194.47
6563,Jorge Morales,Laptop,Norte,49.0,920.82,2025-10-11,1497.28
1994,Fernanda Castro,SILLA,Sur ,23.0,775.08,03-23-2025,1287.05
6149,Luis Hernandez,Bocina,Norte,33.0,"$1,050.79",2024-11-02,1511.57
3758,Paola Rios,Escritorio,Norte,50.0,"$1,443.91",22/06/2024,1320.07
2367,Sofia Torres,Escritorio,Norte,40.0,1139.99,2025-09-05,1477.12
5284,Diego Romero,Tablet,Centro ,39.0,$756.37,2024-05-04,607.31
4371,Ricardo Vargas,Laptop,Occidente ,55.0,637.87,,1100.82
7339,Maria Lopez,Teclado,Norte,14.0,835.73,Marzo 14 2024,1056.73
7471,Valeria Mendoza,Laptop,NORTE,36.0,720.37,Marzo 19 2026,934.02
1362,Luis Hernandez,Camara,Sur,22.0,$-816.95,07-06-2024,1251.84
6380,Carlos Ramirez,Camara, Occidente,19.0,1319.01,09/07/2025,1114.47
1527,Sofia Torres,Mouse,OCCIDENTE,36.0,1063.04,Enero 19 2024,2218.28
1328,Luis Hernandez,Monitor,Occidente,35.0,$686.94,2025-04-07,1205.7
9864,Fernanda Castro,Escritorio, Norte,41.0,$856.66,2024-03-13,1691.22
9354,Maria Lopez,Silla,Centro,33.0,$977.69,,1764.78
1552,Alejandro Diaz,Laptop,Sur ,30.0,"$1,001.65",Noviembre 9 2024,1690.8
6913,Carlos Ramirez,Mouse,Sur,50.0,629.77,04-01-2024,1351.95
9978,Isabel Guzman,Mouse,Sur,42.0,$424.43,03-10-2025,835.72
1338,Carlos Ramirez,Escritorio,Norte,32.0,744.60,02-26-2026,1849.24
3902,Pedro Aguilar,Silla,Occidente,40.0,650.26,2024-04-11,1656.25
3011,Miguel Flores, Monitor,norte,21.0,$796.97,Marzo 29 2024,1367.77
5042,Jose Martinez,LAPTOP,Sur,45.0,418.49,06-03-2024,1122.24
9847,Ricardo Vargas,Bocina,norte,22.0,sin dato,Mayo 29 2024,893.73
2251,Paola Rios,Teclado,Sur,21.0,775.69,2025-02-03,1572.74
6970,Andres Ortiz,Bocina,sur,45.0,$727.75,03-25-2026,834.68
5040,Laura Sanchez,Laptop,Norte,59.0,973.55,13/10/2024,1016.69
2347,Sofia Torres,Bocina,occidente,40.0,$910.00,01-04-2026,580.61
9557,Diego Romero, Camara,Sur,11.0,363.74,09-06-2025,1237.46
5486,Jose Martinez,Camara,Norte,61.0,$441.84,Noviembre 24 2024,1212.41
2785,Isabel Guzman,Tablet,Occidente,32.0,1016.45,05-05-2024,1134.47
5695,Ricardo Vargas,Tablet,Sur,60.0,"$1,592.55",32/13/2026,1222.15
5120,Ana Garcia,Camara,Sur,30.0,"$1,080.73",2024-01-03,1955.44
9053,Ana Garcia,Monitor,Centro,31.0,$540.85,02/10/2025,690.58
5556,Paola Rios,CAMARA,Norte,37.0,$892.14,11-20-2024,1339.12
5600,Diego Romero,Teclado,Centro,,$912.57,05-02-2024,1622.23
7123,Fernanda Castro,Impresora, Centro,35.0,670.74,06-17-2026,1081.59
151,Alejandro Diaz,ESCRITORIO,Centro,57.0,603.92,02-20-2024,1398.66
2805,Jose Martinez,Monitor,Occidente,37.0,1027.54,2026-01-17,1074.66
6262,Daniela Cruz,Escritorio,Centro,41.0,921.35,08-08-2025,1513.48
2087,Valeria Mendoza,Camara, Norte,,$641.55,16/12/2024,915.69
3752,Diego Romero,Silla,Sur,42.0,858.18,2026-05-04,2054.17
5613,Fernanda Castro,SILLA, Sur,,868.55,2025-03-09,1522.53
2260,Pedro Aguilar,Monitor,Occidente ,35.0,"$1,120.58",2024-09-04,1922.87
4018,Jose Martinez,Laptop,Occidente,30.0,686.34,Diciembre 17 2024,1405.47
6516,Sofia Torres,Teclado,Centro,48.0,$598.08,2025-01-02,1209.13
6460,Jorge Morales,ESCRITORIO,Centro,28.0,1057.78,2026-02-20,1524.09
2425,Sofia Torres, Mouse,Centro,10.0,$976.22,05/09/2025,1109.82
4139,Alejandro Diaz,Laptop,OCCIDENTE,31.0,$595.41,2024-03-11,2065.24
3857,Miguel Flores, Monitor,Centro ,41.0,$718.10,26/01/2024,1515.12
860,Camila Reyes,Escritorio,CENTRO,34.0,$923.41,10-21-2024,927.43
5368,Ricardo Vargas,Camara,norte,47.0,1068.07,Febrero 15 2025,1681.44
8089,Diego Romero,Laptop,Occidente ,26.0,$883.91,01-03-2025,2130.4
8465,Jorge Morales,BOCINA, Sur,60.0,$718.08,24/04/2026,1243.12
7799,Paola Rios,CAMARA, Sur,31.0,"$1,188.06",Octubre 21 2024,1064.21
8819,Diego Romero,Camara,Norte,38.0,881.86,05-11-2026,1616.16
4740,Paola Rios,Tablet,Norte,47.0,652.06,31/05/2024,1302.84
8850,Ricardo Vargas,Escritorio,NORTE,38.0,$453.61,23/09/2025,860.69
4463,Ricardo Vargas,LAPTOP,Centro,62.0,"$1,167.61",10-28-2025,1038.19
5529,Ana Garcia, Impresora,occidente,30.0,990.90,04-20-2025,1765.17
1365,Ricardo Vargas,Camara,CENTRO,37.0,$814.10,15/09/2025,1678.8
1780,Andres Ortiz, Laptop,Norte,30.0,"$1,177.46",06/03/2025,1214.61
8413,Laura Sanchez,Tablet, Occidente,32.0,867.88,01/03/2025,1344.08
4786,Miguel Flores, Teclado,Occidente,52.0,$625.17,05-11-2026,1020.21
7579,Fernanda Castro,Camara,Sur,30.0,923.02,16/04/2025,1077.16
1819,Maria Lopez,Bocina,Occidente,40.0,$790.52,04/10/2024,1494.83
370,Diego Romero,Laptop,Norte,21.0,"$1,385.83",10/02/2025,1208.17
4938,Ricardo Vargas,Bocina,,24.0,1254.51,Junio 9 2024,1310.57
2705,Luis Hernandez,Monitor,Occidente,47.0,511.50,,771.59
5286,Ricardo Vargas,MOUSE,Sur,28.0,"$1,253.69",06-04-2025,1118.69
176,Jorge Morales,Impresora,Occidente,46.0,1028.71,06-19-2024,1075.92
7970,Miguel Flores,Silla,Occidente,44.0,447.88,Marzo 11 2024,1180.57
2094,Jose Martinez,Mouse,Occidente ,0.0,$581.23,2025-01-27,1496.92
8752,Jose Martinez,Teclado,Sur,53.0,1147.37,Abril 29 2024,1483.51
3492,Fernanda Castro,Laptop,occidente,49.0,$490.07,2024-10-27,1598.16
1921,Miguel Flores,Camara,Sur,39.0,$730.41,16/11/2024,1251.8
83,Jose Martinez,Teclado,Norte,48.0,763.87,2025-10-30,949.71
817,Ana Garcia,Bocina, Occidente,49.0,1126.78,Noviembre 28 2025,1203.47
8858,Laura Sanchez,Escritorio,Sur,30.0,"$1,075.23",Mayo 11 2024,1183.4
7835,Isabel Guzman, Tablet,Sur,19.0,"$1,129.44",Diciembre 15 2024,1051.34
4397,Carlos Ramirez, Teclado,Centro,48.0,"$1,018.30",09-29-2025,1657.45
7217,Fernanda Castro,Escritorio,Occidente ,22.0,950.86,2025-10-26,1778.27
5569,Sofia Torres,Teclado,Occidente,34.0,$998.78,Octubre 29 2024,842.0
284,Jorge Morales,Silla,Occidente,42.0,"$1,001.36",2024-05-11,2056.16
4121,Valeria Mendoza,Impresora,Norte,50.0,$781.95,Mayo 20 2025,1109.4
7969,Ana Garcia, Impresora,?,38.0,687.51,Abril 14 2025,1892.3
610,Alejandro Diaz,Laptop,Occidente,55.0,941.34,08-24-2024,1883.43
2916,Daniela Cruz,Bocina,Norte,49.0,499.21,07-28-2025,1206.25
1814,Jorge Morales,Escritorio, Centro,17.0,$659.72,Mayo 12 2024,1605.46
1272,Maria Lopez,Escritorio,Norte,53.0,"$1,073.14",2024-06-01,1593.08
8613,Miguel Flores,Silla,occidente,49.0,618.84,04-13-2024,1533.06
9884,Luis Hernandez,Teclado,Occidente,33.0,1105.83,,1204.79
2995,Diego Romero,Teclado,Sur,41.0,429.62,2024-12-26,1818.37
9700,Diego Romero,Laptop,Norte ,34.0,$590.29,2026-04-14,1115.15
7149,Carlos Ramirez,Impresora,Sur,37.0,"$1,266.23",Noviembre 8 2024,1280.84
6105,Camila Reyes,Tablet,Norte,36.0,$-573.65,03-19-2026,1887.29
7837,Miguel Flores, Monitor,centro,55.0,$762.69,2024-08-23,1751.81
2643,Laura Sanchez,Teclado,sur,27.0,"$1,010.44",13/01/2025,1363.12
7255,Laura Sanchez,Escritorio,CENTRO,34.0,872.77,27/01/2024,1418.7
4509,Carlos Ramirez,ESCRITORIO,norte,37.0,358.25,Septiembre 22 2025,1939.12
2306,Luis Hernandez,MOUSE,Norte,30.0,sin dato,Octubre 6 2024,1756.61
9630,Daniela Cruz,Tablet,Norte,40.0,"$1,319.24",2026-01-31,1650.07
6681,Jose Martinez,IMPRESORA,Occidente,53.0,$563.36,2024-05-31,1745.74
4196,Jorge Morales, Mouse,Norte,38.0,776.53,2026-06-16,1519.05
5563,Diego Romero,Teclado, Sur,41.0,$-559.09,Julio 16 2024,1027.8
4841,Diego Romero,Monitor,Occidente,49.0,"$1,164.36",32/13/2026,701.19
4656,Jose Martinez,Impresora,Norte,44.0,sin dato,01-22-2026,1541.05
8415,Andres Ortiz,Tablet,Norte ,50.0,"$1,027.41",2026-03-25,1496.14
4169,Paola Rios,Tablet,Occidente,63.0,$735.43,2024-07-27,1397.87
3850,Laura Sanchez,MOUSE,Norte,49.0,231.19,2024-02-19,1285.65
7792,Fernanda Castro, Monitor,Occidente,29.0,725.03,Agosto 19 2024,1343.04
9708,Maria Lopez,Monitor,Sur,27.0,$720.97,04/10/2024,1125.88
5254,Ricardo Vargas,TABLET,Centro,45.0,$903.29,2026-01-02,1711.25
9858,Valeria Mendoza,Bocina,Sur,45.0,1167.45,Marzo 27 2026,985.93
5534,Daniela Cruz,BOCINA,norte,53.0,sin dato,Agosto 26 2025,1192.9
2415,Miguel Flores,Laptop,occidente,68.0,$616.91,02-02-2026,1437.2
3555,Daniela Cruz,Laptop,Centro ,37.0,1200.07,03-14-2024,1166.4
4692,Luis Hernandez,Silla,,59.0,"$-1,267.77",09/02/2026,1159.39
4499,Laura Sanchez,Tablet,CENTRO,56.0,"$-1,093.20",23/05/2026,1559.87
2196,Camila Reyes,Silla, Centro,34.0,344.15,Junio 16 2026,1705.91
5046,Miguel Flores,IMPRESORA,Occidente,41.0,1017.11,Diciembre 19 2025,1823.2
2601,Alejandro Diaz,Camara,Norte,51.0,775.98,32/13/2026,600.39
1519,Jorge Morales,Laptop,Sur,21.0,866.89,2025-12-25,1175.88
4765,Daniela Cruz, Escritorio, Norte,35.0,$-727.14,Enero 14 2024,1348.34
4315,Diego Romero,CAMARA,Norte ,19.0,1037.83,,1407.33
3367,Fernanda Castro,Laptop,Occidente,41.0,$528.65,24/10/2024,1961.63
6059,Fernanda Castro,Camara,Occidente,40.0,531.52,Noviembre 10 2025,1469.18
6467,Miguel Flores,Mouse,Sur,41.0,$527.30,27/09/2024,1773.26
7020,Carlos Ramirez,Camara,Occidente,40.0,$754.17,Febrero 6 2025,641.1
2634,Ricardo Vargas,Silla, Sur,47.0,578.61,Marzo 17 2026,1511.62
9892,Camila Reyes,Laptop,sur,39.0,$733.27,01-29-2024,1527.61
5634,Carlos Ramirez,Silla,occidente,61.0,510.11,28/02/2025,1815.49
8440,Andres Ortiz,Monitor,Norte,25.0,$518.42,Abril 28 2025,1025.54
5923,Andres Ortiz,Teclado, Occidente,45.0,$925.64,2025-04-23,1648.14
9051,Ana Garcia,Tablet, Centro,59.0,976.36,,1478.35
2435,Jorge Morales,Mouse,Occidente,34.0,1028.21,Enero 3 2024,1137.18
8523,Valeria Mendoza,Impresora,Sur,35.0,1231.23,04-07-2024,960.41
7208,Laura Sanchez,Tablet,Norte,,$976.25,,900.72
7421,Valeria Mendoza,Escritorio,Centro,49.0,$767.28,,1407.05
7051,Pedro Aguilar, Laptop, Occidente,31.0,616.31,06-30-2025,1074.59
6065,Miguel Flores,MONITOR,centro,49.0,981.93,Marzo 12 2025,1604.41
4521,Pedro Aguilar, Bocina,Centro,64.0,925.17,32/13/2026,1049.81
5588,Pedro Aguilar,Impresora,norte,18.0,$724.00,01-29-2026,1464.98
3546,Fernanda Castro,Impresora,Sur,30.0,$645.71,Diciembre 26 2024,1004.92
6359,Ana Garcia,Teclado,Occidente,28.0,$986.48,08/02/2024,1017.2
6387,Jorge Morales,Escritorio,Norte,54.0,1281.65,2024-11-21,1075.95
9068,Jorge Morales,Impresora,Sur,48.0,718.57,2025-12-24,1569.34
5532,Isabel Guzman,Laptop,Norte,58.0,sin dato,11/03/2026,1499.68
5445,Carlos Ramirez,Teclado,Centro,45.0,909.53,32/13/2026,1301.51
518,Luis Hernandez,Impresora,Sur,41.0,"$1,248.94",09/02/2025,847.16
6513,Luis Hernandez, Silla,Sur,27.0,795.66,Diciembre 15 2025,1416.7
6161,Laura Sanchez,Escritorio,Occidente,27.0,539.40,15/03/2026,1350.72
7320,Luis Hernandez,Impresora,Norte,36.0,$-728.03,01-07-2026,1067.11
9352,Maria Lopez,Monitor,Norte,15.0,$366.60,01/09/2024,1315.18
8330,Fernanda Castro,IMPRESORA,Norte,64.0,343.28,Julio 28 2024,1200.61
1416,Diego Romero,Camara, Centro,35.0,1235.68,16/01/2026,1756.67
4665,Sofia Torres,Impresora,Sur,45.0,$408.23,13/01/2024,1615.87
4457,Ricardo Vargas,Camara,Sur ,37.0,"$1,271.35",2024-11-24,1335.84
2762,Daniela Cruz,BOCINA,Centro,61.0,$633.40,,1584.12
5912,Sofia Torres,ESCRITORIO,Sur,29.0,867.99,2025-07-23,2149.17
4856,Andres Ortiz,Monitor,Occidente,29.0,826.84,Febrero 13 2026,1133.27
9123,Pedro Aguilar,Teclado,centro,,$931.80,2026-05-14,1515.75
128,Diego Romero,Monitor,Norte,49.0,717.98,06-25-2025,1235.86
3475,Carlos Ramirez,Tablet,Norte,47.0,815.74,Abril 21 2026,2110.31
8327,Sofia Torres,Tablet,CENTRO,55.0,676.95,04-29-2025,1052.01
4311,Paola Rios,Monitor,Centro,25.0,$742.04,16/01/2024,1228.11
2439,Camila Reyes,Silla,OCCIDENTE,51.0,702.05,2024-05-08,1683.03
3766,Daniela Cruz,Mouse,Centro,35.0,$354.28,27/04/2026,910.54
7332,Daniela Cruz,Escritorio, Sur,29.0,752.10,10/08/2024,543.43
8512,Luis Hernandez,Teclado,occidente,32.0,1105.19,Abril 24 2024,999.69
6227,Ricardo Vargas,Monitor,OCCIDENTE,35.0,373.46,,1087.91
8366,Andres Ortiz,Impresora, Centro,44.0,1435.20,11-03-2025,955.18
6078,Jose Martinez,Laptop,Norte,47.0,$418.57,Enero 28 2025,1378.41
1474,Laura Sanchez,Escritorio,SUR,47.0,1230.49,32/13/2026,1497.58
4822,Andres Ortiz,Bocina,centro,26.0,960.18,04/04/2025,1368.11
7373,Ricardo Vargas, Impresora,Occidente,16.0,$490.24,32/13/2026,1895.42
3561,Luis Hernandez,Teclado,Occidente,38.0,612.78,25/02/2026,2041.41
3952,Laura Sanchez, Laptop,Norte,49.0,"$1,154.36",30/11/2025,1428.07
50,Diego Romero,Escritorio,Norte,52.0,sin dato,10-24-2024,1404.23
5438,Ana Garcia,Bocina,Sur,40.0,882.06,Mayo 20 2026,1593.06
6755,Andres Ortiz,Monitor,occidente,36.0,$837.71,Marzo 10 2026,1617.58
888,Jose Martinez,Bocina,centro,56.0,$861.22,Septiembre 14 2025,1283.13
6044,Valeria Mendoza,Teclado, Sur,31.0,$170.14,16/11/2024,1537.61
2617,Pedro Aguilar,Laptop, Centro,43.0,1343.84,2025-12-17,1357.32
517,Alejandro Diaz,Camara,Sur,49.0,1432.90,20/04/2024,1171.84
3169,Camila Reyes,Mouse,Occidente,13.0,$474.12,2026-02-14,1433.35
2950,Paola Rios,Monitor,Norte ,35.0,"$1,045.35",02-19-2024,1421.86
1425,Carlos Ramirez,Mouse,Sur ,-6.0,"$1,050.24",2024-04-25,2039.61
140,Daniela Cruz, Silla,Norte,44.0,$707.39,23/09/2024,2053.16
1925,Miguel Flores,Tablet,Occidente,41.0,"$1,186.35",02-09-2024,1296.0
2379,Pedro Aguilar,Bocina,CENTRO,53.0,"$1,097.00",Julio 25 2025,1464.38
3198,Camila Reyes,LAPTOP, Centro,313.0,$405.02,08-27-2025,1187.53
5132,Miguel Flores,Camara,Norte,42.0,$704.59,2024-04-16,1553.11
113,Ricardo Vargas,Laptop,Centro,30.0,$995.64,Enero 22 2024,1641.0
4560,Fernanda Castro,Bocina,centro,39.0,$403.06,2025-07-11,2066.39
4596,Ana Garcia,Laptop,Norte ,22.0,"$1,188.31",,1752.33
7776,Camila Reyes,Silla,occidente,39.0,"$1,074.14",09-27-2025,1386.96
3251,Sofia Torres,Teclado,norte,46.0,"$1,136.17",Mayo 10 2026,1801.4
4691,Ana Garcia,Bocina,Centro,27.0,1078.03,03/02/2026,983.65
7890,Jose Martinez,Bocina,Norte,48.0,1068.53,02-15-2024,1349.1
3698,Daniela Cruz,Teclado,Norte ,51.0,907.68,Agosto 14 2025,553.81
4547,Ricardo Vargas,Camara,Norte ,35.0,761.96,21/03/2026,1649.03
7269,Jorge Morales,Impresora,Sur,39.0,sin dato,Febrero 19 2024,1646.23
3278,Laura Sanchez,Bocina,Occidente,45.0,"$1,157.67",09-23-2025,1184.68
7599,Ana Garcia,Teclado,Sur,58.0,1043.31,,988.47
7600,Carlos Ramirez,Impresora,Centro,43.0,$749.61,2025-03-11,1624.56
4069,Valeria Mendoza,Silla,Sur,44.0,$980.43,24/08/2025,1831.23
4409,Carlos Ramirez,Camara,sur,22.0,1087.95,26/01/2025,789.45
6672,Miguel Flores,Escritorio,Sur,37.0,724.29,Abril 11 2024,2176.72
8844,Jose Martinez, Laptop,Centro,43.0,$-798.00,Marzo 10 2026,1329.85
7866,Paola Rios,Monitor,centro,51.0,633.35,30/05/2024,1300.35
3223,Diego Romero,Impresora,Sur,41.0,$991.15,2024-11-12,1458.09
8456,Jose Martinez,Bocina,Sur,29.0,"$1,060.65",21/10/2024,1349.44
452,Isabel Guzman,Impresora,Centro ,49.0,$632.63,Marzo 4 2026,1052.06
3732,Alejandro Diaz, Mouse,Centro,34.0,$737.50,,1483.07
9220,Pedro Aguilar,Mouse,Occidente,,974.48,09/05/2024,562.3
4987,Pedro Aguilar,Laptop,Occidente,45.0,407.55,11-10-2025,1071.61
3664,Pedro Aguilar,ESCRITORIO,Norte,19.0,1007.80,Mayo 5 2025,1001.01
2764,Ana Garcia,Camara,Norte,34.0,$794.83,29/08/2025,1701.98
659,Luis Hernandez,Monitor,Norte,34.0,776.54,07/06/2025,1657.39
8183,Valeria Mendoza,Laptop,Sur,,$422.37,2025-07-23,2020.38
8181,Jorge Morales,Tablet,Sur,45.0,629.61,11-25-2024,1192.61
4621,Fernanda Castro,Teclado,SUR,43.0,sin dato,10/10/2025,1269.19
1000,Paola Rios,Teclado,Occidente,62.0,$602.49,01-04-2026,125000.0
390,Jose Martinez,Camara,Norte,33.0,912.73,10-10-2025,1683.92
3408,Fernanda Castro,Monitor,Centro ,46.0,$959.64,32/13/2026,1593.29
1477,Jorge Morales,Laptop,norte,43.0,$953.74,2024-08-01,2045.18
2241,Laura Sanchez,Teclado,centro,45.0,1377.20,Abril 11 2024,876.2
2387,Pedro Aguilar,Silla,Sur,29.0,702.53,Septiembre 15 2024,1728.37
9411,Camila Reyes,Mouse,Centro,17.0,"$1,165.24",14/11/2025,1771.03
993,Jose Martinez,Tablet,SUR,24.0,"$1,069.62",Marzo 31 2026,1284.29
4998,Camila Reyes,Escritorio,Norte,71.0,1033.24,32/13/2026,1397.71
3923,Jorge Morales,Mouse,SUR,22.0,$710.09,Septiembre 13 2025,1323.44
2973,Ricardo Vargas, Tablet,Norte,44.0,693.74,2026-01-21,1598.58
3387,Diego Romero,Camara, Centro,37.0,$818.65,14/02/2025,1177.38
8185,Ricardo Vargas,Mouse,Sur,53.0,"$1,136.00",04-24-2025,864.13
9570,Pedro Aguilar,Silla,Norte,32.0,$649.36,2024-11-09,984.96
7606,Sofia Torres,Monitor,Norte,14.0,$879.10,08-22-2024,1546.61
4770,Ana Garcia, Monitor,CENTRO,49.0,$216.92,30/12/2024,1102.74
1294,Ana Garcia,Silla,,25.0,1239.71,2025-07-08,1329.51
1825,Diego Romero,Silla,Sur,24.0,"$-1,136.02",20/05/2026,1748.97
2874,Laura Sanchez,Silla,Sur,33.0,sin dato,05-31-2025,1133.73
4174,Miguel Flores,Bocina,Centro,35.0,773.10,Abril 10 2024,1441.57
2536,Pedro Aguilar,Camara,Centro,20.0,$970.64,2025-08-18,1532.83
9404,Daniela Cruz,Monitor,Centro,34.0,$992.00,2025-06-24,1463.14
1908,Jose Martinez,Laptop,Occidente,61.0,1491.47,24/05/2026,1210.11
43,Valeria Mendoza,Mouse,Occidente,51.0,907.40,16/10/2024,1056.2
9774,Maria Lopez, Bocina, Centro,26.0,"$1,069.97",2024-12-21,1200.66
369,Ana Garcia,Mouse,Sur,44.0,999.59,05/10/2024,1198.13
6034,Isabel Guzman,Bocina,Centro,26.0,$670.18,10/10/2024,2105.2
1152,Paola Rios,Monitor,Centro ,20.0,1130.59,08/06/2025,1589.7
1568,Fernanda Castro,Camara,Norte,38.0,$-846.12,06-05-2025,1676.28
6786,Pedro Aguilar,IMPRESORA,Occidente,42.0,909.14,09-07-2025,1737.41
6301,Sofia Torres,SILLA,Norte,37.0,"$1,363.09",Julio 15 2024,1250.42
9375,Carlos Ramirez,Bocina,Occidente,29.0,655.80,10-12-2024,1575.52
8019,Laura Sanchez,Escritorio,Sur,27.0,$802.98,Noviembre 12 2025,1697.34
4161,Daniela Cruz,Bocina,sur,53.0,$156.80,2025-08-05,1678.51
4288,Camila Reyes,Laptop,Norte,39.0,900.01,Julio 24 2024,1551.5
2231,Fernanda Castro,Laptop,Norte,50.0,851.42,04-01-2024,2019.78
7160,Luis Hernandez,Monitor,Sur,33.0,"$1,471.62",Mayo 13 2026,1555.18
175,Andres Ortiz,Tablet,OCCIDENTE,49.0,365.48,Enero 4 2024,1400.13
1904,Laura Sanchez,Impresora,Occidente ,34.0,1305.51,23/11/2024,931.16
1100,Daniela Cruz,Impresora,Centro,29.0,$657.92,2025-12-30,2072.73
8398,Jose Martinez,Teclado,OCCIDENTE,-2.0,$-648.27,2024-12-11,1391.13
3409,Andres Ortiz,MOUSE,Norte,15.0,515.72,03-03-2024,1657.18
1539,Valeria Mendoza,Camara,Norte,,$981.55,2025-12-03,1636.55
2293,Laura Sanchez,Mouse,Centro,40.0,1257.75,Julio 30 2024,1252.85
9576,Valeria Mendoza,Mouse,occidente,56.0,$549.75,08-24-2024,1133.97
1364,Laura Sanchez,Mouse,Occidente,34.0,sin dato,27/10/2024,2079.8
7439,Ricardo Vargas,Tablet,Norte,13.0,$632.68,08/03/2025,874.59
7068,Jose Martinez, Tablet,Occidente,35.0,$604.63,08-19-2024,1721.3
5261,Pedro Aguilar,Impresora,Centro,72.0,50.00,2024-06-17,1431.37
7268,Daniela Cruz,ESCRITORIO,Norte,60.0,$817.88,2024-02-28,1270.19
7519,Laura Sanchez,Teclado,Norte,49.0,574.51,07-26-2024,1067.91
681,Valeria Mendoza, Camara,SUR,12.0,395.46,Enero 24 2025,1553.48
9593,Pedro Aguilar,Camara,occidente,24.0,1134.64,Febrero 15 2024,1411.29
8152,Daniela Cruz,Monitor,Sur,,$960.55,12-18-2025,1385.24
3665,Paola Rios, Monitor,Occidente,34.0,$641.82,32/13/2026,1618.75
1662,Fernanda Castro,Escritorio, Occidente,38.0,$926.80,2024-07-22,1968.61
509,Carlos Ramirez,IMPRESORA, Sur,30.0,732.38,09-02-2024,1645.94
167,Sofia Torres,Mouse,Norte ,37.0,"$1,220.01",Abril 10 2026,1205.1
5498,Jorge Morales,Teclado,sur,46.0,844.49,Agosto 15 2025,1727.76
8545,Maria Lopez,Tablet, Centro,54.0,"$1,036.73",Agosto 8 2024,1432.22
1007,Alejandro Diaz,Impresora,Occidente,63.0,1033.04,15/06/2024,962.2
8598,Paola Rios,Escritorio,norte,38.0,1174.60,2024-08-09,1302.41
1915,Sofia Torres,Laptop, Centro,60.0,"$1,157.39",21/10/2024,1596.42
3495,Isabel Guzman,LAPTOP,NORTE,25.0,496.24,2024-06-26,1953.98
9923,Valeria Mendoza,Bocina,Sur,50.0,$594.35,01/05/2025,1662.57
5548,Ana Garcia,Tablet,,33.0,$654.02,20/04/2026,1616.79
6876,Sofia Torres,Bocina,Sur ,49.0,"$1,278.77",Diciembre 8 2025,1406.76
4991,Fernanda Castro,Escritorio,Norte,39.0,sin dato,06-03-2025,1149.19
2537,Sofia Torres, Impresora,Norte,21.0,$803.35,2026-02-26,1588.57
1105,Sofia Torres,Mouse,Norte,43.0,$541.83,17/03/2026,1788.31
3876,Fernanda Castro,Silla,Occidente,15.0,$911.94,05/09/2025,1354.99
8017,Daniela Cruz,Camara,Occidente,32.0,$680.47,32/13/2026,2036.66
1753,Fernanda Castro,Silla,Norte,45.0,$781.13,Marzo 11 2025,2056.01
5311,Isabel Guzman,Teclado,Norte,42.0,1048.04,2024-05-21,1704.16
5953,Jose Martinez,Camara,Occidente,22.0,$706.75,11/01/2025,1453.92
7446,Alejandro Diaz,Bocina,Centro,48.0,$304.96,03-29-2026,2100.27
2917,Fernanda Castro,Camara,Norte,39.0,988.93,2024-05-26,1255.14
8371,Pedro Aguilar,MONITOR,,44.0,864.42,03-08-2026,1131.14
5755,Maria Lopez,LAPTOP,Norte,58.0,1179.38,03-04-2024,1373.83
153,Isabel Guzman,Mouse,Norte ,44.0,877.85,2025-01-31,1300.13
5231,Maria Lopez,Camara,Occidente,35.0,$616.05,2025-04-05,1920.89
5680,Ana Garcia,Mouse,Occidente,22.0,$751.57,03/02/2026,1554.22
3908,Pedro Aguilar,Escritorio,Occidente,33.0,730.26,32/13/2026,1460.69
9407,Alejandro Diaz,LAPTOP,norte,43.0,913.14,2025-05-22,1826.39
2553,Laura Sanchez,Escritorio,Occidente,13.0,$698.34,02-22-2025,2090.38
2774,Valeria Mendoza,TECLADO,Norte,21.0,414.85,Febrero 14 2026,1490.63
6501,Maria Lopez,Silla,Norte,43.0,1025.69,03-03-2024,1180.81
3552,Paola Rios,MOUSE,norte,41.0,$558.04,Septiembre 13 2024,1040.56
3723,Diego Romero,Camara,Occidente,22.0,1160.24,25/05/2026,1815.64
7082,Alejandro Diaz,MONITOR,Norte,30.0,$847.06,26/06/2025,1717.47
521,Miguel Flores,TABLET,centro,42.0,$-670.05,Enero 11 2024,957.97
9197,Isabel Guzman,Escritorio,,28.0,$795.95,2024-08-13,1619.28
9219,Maria Lopez, Teclado,Centro,,1033.37,Marzo 12 2024,1398.87
4539,Camila Reyes,Escritorio,Norte,26.0,$-567.09,12-20-2025,1763.0
6176,Jorge Morales,Monitor, Norte,28.0,"$1,037.73",Diciembre 26 2024,987.0
8495,Sofia Torres,Tablet,Norte,44.0,$691.15,Agosto 9 2024,688.81
1823,Sofia Torres,Silla,Sur ,19.0,$845.42,16/11/2025,1397.83
4087,Carlos Ramirez,Impresora,Sur,45.0,$954.31,05-26-2026,1711.98
6554,Jorge Morales, Impresora,Centro,32.0,"$1,138.14",2025-10-22,1166.8
9001,Daniela Cruz, Impresora,NORTE,48.0,"$1,223.99",2024-09-14,1171.41
7810,Miguel Flores,Tablet,Norte,48.0,1252.18,Febrero 25 2026,1373.79
9064,Sofia Torres, Escritorio,norte,61.0,334.58,27/04/2024,1481.55
310,Maria Lopez,Laptop,Sur,,$-722.68,Diciembre 30 2025,1283.25
4309,Camila Reyes,Tablet,Centro,39.0,1220.03,27/01/2026,1845.31
8016,Jose Martinez,Silla, Occidente,36.0,$627.18,2024-01-28,1203.08
7793,Valeria Mendoza,Silla,sin informacion,33.0,609.51,27/12/2024,862.99
3600,Fernanda Castro,Monitor,Sur,25.0,$631.98,Abril 22 2025,1528.06
3623,Sofia Torres,Escritorio,occidente,38.0,1126.64,2026-03-02,1452.01
3812,Daniela Cruz, Camara,centro,35.0,741.23,2025-10-11,1488.77
6006,Laura Sanchez,Teclado,Occidente,47.0,sin dato,Septiembre 13 2025,1352.26
3451,Jorge Morales,Laptop,Occidente,45.0,$925.82,32/13/2026,1344.82
4592,Ana Garcia,Tablet,Occidente,39.0,1349.19,18/01/2026,1801.33
206,Carlos Ramirez,Laptop,Occidente,35.0,"$1,019.31",06/07/2025,1753.48
8182,Maria Lopez,Escritorio,Sur,44.0,942.01,Enero 6 2024,1120.26
1136,Luis Hernandez,Monitor,Occidente,28.0,1213.86,03-15-2025,2139.28
9662,Ricardo Vargas,Bocina,sur,52.0,609.44,24/10/2025,1640.57
2750,Pedro Aguilar,Teclado,NORTE,27.0,1073.51,19/06/2024,873.44
3614,Luis Hernandez,Silla,Centro,50.0,$746.84,Julio 28 2024,1198.99
306,Maria Lopez, Impresora,Norte,25.0,918.93,09/05/2025,1367.06
1850,Jose Martinez, Silla,Sur,51.0,362.08,32/13/2026,1187.62
6877,Daniela Cruz,Impresora,Sur,48.0,550.35,26/10/2024,1275.19
9668,Valeria Mendoza,Bocina,NORTE,24.0,1335.40,22/08/2025,1336.86
1989,Laura Sanchez,Tablet, Sur,37.0,1308.82,02-05-2026,1339.31
3241,Laura Sanchez,SILLA,Occidente ,42.0,500.38,32/13/2026,1213.98
2799,Valeria Mendoza,Silla,Sur,33.0,659.03,2025-02-09,1593.09
4516,Diego Romero,Tablet,norte,21.0,"$1,262.88",Enero 2 2024,1630.01
5631,Jorge Morales,Silla,Centro,60.0,"$1,330.89",28/07/2025,1808.2
8207,Jorge Morales,Teclado,Centro,36.0,$825.74,Marzo 5 2026,1099.79
3110,Laura Sanchez,Monitor,Centro,34.0,1115.55,12/09/2025,1226.53
4940,Sofia Torres,Silla,Norte,49.0,836.93,2024-10-13,1463.17
4060,Ricardo Vargas, Camara,CENTRO,43.0,$674.49,13/04/2024,1175.75
1988,Laura Sanchez,Tablet,Norte ,21.0,758.16,2025-11-16,1000.55
7629,Valeria Mendoza, Silla,Occidente,18.0,760.64,31/01/2025,2062.07
9138,Ricardo Vargas,Laptop,Sur,37.0,sin dato,03-14-2025,1527.66
8524,Alejandro Diaz,Monitor,Centro,47.0,$799.70,Agosto 23 2025,1729.42
384,Laura Sanchez,Escritorio,Norte,44.0,$881.94,Diciembre 30 2025,1114.0
5635,Diego Romero,Mouse,Occidente,45.0,sin dato,01/01/2026,1448.16
4308,Diego Romero,Silla,Centro,39.0,796.59,Febrero 4 2026,786.65
3389,Carlos Ramirez,Mouse,Norte,-3.0,980.69,Febrero 7 2024,1357.73
3157,Diego Romero,IMPRESORA,Norte ,30.0,"$1,191.93",03-13-2025,714.23
6054,Carlos Ramirez,Mouse,Sur,32.0,1253.97,2025-11-30,1680.75
1802,Jorge Morales,Camara,Norte,43.0,$442.05,Mayo 2 2024,1238.77
2728,Ana Garcia,Monitor,?,13.0,308.58,2025-02-25,1247.56
6757,Paola Rios,Impresora,norte,40.0,$470.98,07/01/2024,1975.97
6700,Miguel Flores,Laptop,Centro,33.0,$576.01,20/05/2026,928.48
8942,Isabel Guzman,ESCRITORIO,sur,59.0,561.58,2026-04-23,1634.2
8548,Alejandro Diaz,Escritorio,Occidente,41.0,$816.92,2024-08-18,1445.18
6438,Carlos Ramirez,Impresora,Centro,34.0,"$1,292.21",05-22-2024,1640.69
3833,Camila Reyes,TABLET,Centro,53.0,1679.22,02-24-2025,1697.53
8963,Alejandro Diaz, Silla,CENTRO,42.0,$515.58,12-18-2024,1408.52
4777,Sofia Torres,Impresora,Centro,39.0,957.35,10-19-2024,1308.36
4277,Luis Hernandez,Teclado, Norte,32.0,$672.47,03-20-2024,1545.24
254,Sofia Torres,Impresora, Norte,32.0,sin dato,04-06-2025,1112.62
9664,Carlos Ramirez,Teclado,CENTRO,60.0,826.39,23/10/2024,1550.94
9878,Fernanda Castro,Bocina,Occidente,42.0,469.21,2025-07-02,1946.81
7766,Valeria Mendoza,Escritorio,Sur ,32.0,602.72,15/03/2026,2088.4
279,Luis Hernandez,Mouse, Occidente,41.0,$937.31,Mayo 11 2024,2010.16
3253,Jose Martinez,Tablet,Sur,54.0,$386.94,19/02/2026,1385.8
2481,Andres Ortiz,TABLET,Norte,30.0,$530.81,01-28-2026,1588.86
290,Jorge Morales,Mouse,centro,44.0,732.46,04-05-2026,1672.25
8352,Ricardo Vargas,Tablet,SUR,41.0,$420.78,08/12/2025,1344.37
3076,Valeria Mendoza,Silla,NORTE,52.0,"$1,049.24",Abril 10 2025,1863.65
4074,Isabel Guzman,Monitor,CENTRO,55.0,$650.13,08-03-2025,856.9
9958,Camila Reyes,Monitor,Occidente,40.0,"$1,008.85",,1825.06
6831,Fernanda Castro,Teclado,,37.0,$-776.05,2025-05-29,1264.75
6109,Fernanda Castro,Bocina,Centro,53.0,sin dato,02-19-2024,826.3
5090,Paola Rios,Silla,SUR,48.0,$444.27,Mayo 6 2026,1469.48
6333,Laura Sanchez,Bocina,Centro,30.0,338.68,2024-07-15,2084.53
9018,Diego Romero,Bocina,CENTRO,39.0,1158.06,13/05/2026,1389.52
7761,Miguel Flores,Monitor,Norte,51.0,"$1,059.70",2024-04-22,1433.44
5203,Camila Reyes,MONITOR,occidente,21.0,$604.39,10-31-2024,1225.88
8649,Camila Reyes,Tablet,Occidente,46.0,$461.91,2026-03-09,994.37
9224,Sofia Torres,ESCRITORIO,Sur,26.0,$605.98,2024-11-14,965.16
6525,Carlos Ramirez,Bocina,OCCIDENTE,42.0,$465.06,06-10-2024,1917.26
4067,Alejandro Diaz, Impresora,Norte,40.0,754.27,Enero 25 2025,930.34
271,Carlos Ramirez,Tablet,Sur,49.0,$698.06,09-20-2025,1042.38
6010,Luis Hernandez,Bocina,SUR,36.0,560.03,Noviembre 2 2024,1169.14
4571,Andres Ortiz,Monitor,Norte,39.0,711.12,2026-02-23,1043.15
3577,Fernanda Castro,Bocina,Norte,48.0,$537.51,07/08/2024,1587.81
3566,Carlos Ramirez,Escritorio,Centro,34.0,1323.02,04-02-2026,1901.83
2972,Luis Hernandez,Camara,Centro,49.0,sin dato,,2115.12
6607,Alejandro Diaz,Silla,norte,38.0,$679.28,Agosto 12 2025,1648.15
9028,Maria Lopez,Camara,centro,23.0,sin dato,Mayo 1 2026,499.54
4208,Isabel Guzman,LAPTOP,centro,48.0,sin dato,08/07/2024,1531.31
3219,Pedro Aguilar, Mouse,SUR,16.0,"$1,032.52",12-22-2025,1081.6
1392,Paola Rios,Teclado,Norte,51.0,$191.95,2025-05-07,1440.19
3976,Andres Ortiz,Laptop,norte,47.0,$303.55,02-21-2025,1614.89
4317,Pedro Aguilar,Impresora,Centro ,43.0,$846.60,Diciembre 5 2025,1122.13
9617,Jorge Morales,Laptop,Occidente,37.0,sin dato,09/11/2024,1297.45
7825,Camila Reyes,Teclado,norte,17.0,300.18,07-24-2025,1062.31
7934,Jorge Morales,Silla,Sur,44.0,"$1,504.62",Enero 13 2024,1642.41
84,Camila Reyes,Monitor,sur,48.0,1052.71,09-02-2025,1288.18
874,Maria Lopez,CAMARA,norte,30.0,1194.83,03-19-2024,1933.32
9894,Ricardo Vargas,CAMARA,Norte,24.0,1273.78,Julio 13 2025,1244.59
8138,Isabel Guzman,Escritorio,Centro,37.0,676.34,2025-08-16,1664.86
4558,Alejandro Diaz,Escritorio,Centro,24.0,796.84,Noviembre 8 2024,1328.26
4501,Andres Ortiz,Escritorio,Centro,60.0,688.50,16/11/2025,1727.14
4648,Luis Hernandez,Tablet,SUR,42.0,707.62,09-30-2025,1239.59
6560,Maria Lopez,Mouse,Centro,46.0,sin dato,Enero 11 2025,1456.9
2039,Pedro Aguilar,Bocina, Occidente,38.0,663.60,04/11/2024,1224.3
7925,Maria Lopez,Teclado,Centro,36.0,$767.76,Abril 8 2026,1190.74
9985,Carlos Ramirez,Escritorio,Centro,53.0,947.46,05-26-2024,1230.54
7367,Valeria Mendoza,Mouse,Sur,34.0,sin dato,17/09/2024,578.88
2451,Camila Reyes,Escritorio,Sur ,29.0,"$1,312.97",13/02/2026,1588.95
3955,Ricardo Vargas,Camara,Occidente,40.0,601.82,Septiembre 3 2024,1226.22
2330,Maria Lopez,CAMARA,occidente,45.0,$215.42,2025-12-12,1241.83
9395,Jose Martinez,Teclado, Centro,44.0,"$1,220.19",11/12/2025,1284.6
6243,Isabel Guzman,Tablet,Sur,48.0,$389.94,02-20-2026,1220.76
7507,Jose Martinez,Teclado,occidente,31.0,$395.40,08/12/2024,1093.78
5043,Miguel Flores,Silla,Occidente,,1010.02,03-01-2025,1083.7
9642,Valeria Mendoza,Camara,Norte,34.0,"$1,157.22",Abril 17 2025,1411.69
4747,Diego Romero,Laptop,Sur,37.0,1028.24,Mayo 29 2025,1138.68
9645,Jorge Morales,Bocina,centro,5.0,"$1,089.47",Enero 8 2026,1817.26
8471,Ricardo Vargas,Teclado,Sur,36.0,1140.15,12/07/2025,1508.32
6928,Carlos Ramirez,Camara,Sur,24.0,"$1,043.43",01-14-2025,1214.21
7079,Laura Sanchez,Monitor,OCCIDENTE,39.0,715.13,04/10/2025,1104.71
7163,Fernanda Castro,Monitor,Sur,25.0,$-323.84,07-09-2024,1239.32
2402,Ricardo Vargas,Silla,Centro,42.0,"$1,141.61",Mayo 14 2026,1138.91
5521,Daniela Cruz,Camara,Sur,28.0,$884.05,2026-01-29,1370.02
1217,Paola Rios,Silla,occidente,41.0,$461.14,07/01/2024,1713.92
8953,Miguel Flores,Bocina,Centro,14.0,1020.75,27/06/2025,1472.56
6021,Carlos Ramirez,Mouse,Occidente ,45.0,$996.53,13/09/2024,125000.0
7356,Ricardo Vargas,ESCRITORIO,Sur,34.0,828.13,Enero 19 2026,1070.54
1065,Diego Romero,Camara,Occidente,45.0,"$1,291.79",2025-12-06,1154.44
3787,Jose Martinez,BOCINA,Centro,48.0,"$1,191.77",18/05/2025,1181.67
4411,Maria Lopez,Tablet,Norte,40.0,568.95,2026-06-14,1016.53
8914,Maria Lopez,Teclado,sur,59.0,$248.39,2024-09-06,1758.62
7210,Isabel Guzman,Escritorio,,46.0,1094.30,Septiembre 15 2024,926.49
5524,Isabel Guzman, Tablet,Centro,68.0,$620.87,Marzo 16 2024,1903.36
5997,Alejandro Diaz,Monitor,sur,44.0,357.66,12/03/2025,1367.74
9096,Carlos Ramirez,Escritorio,Norte,37.0,sin dato,Diciembre 8 2024,1112.6
5889,Andres Ortiz,Silla,Sur,33.0,484.90,10-06-2025,1459.08
2162,Laura Sanchez,MONITOR,Centro,49.0,$50.00,Septiembre 2 2025,807.27
3009,Fernanda Castro,Tablet,Occidente,43.0,829.52,Septiembre 14 2024,1315.46
8987,Valeria Mendoza, Impresora,Norte,21.0,$723.82,Marzo 13 2025,1456.16
1106,Jose Martinez,Mouse,occidente,57.0,525.05,Marzo 4 2024,1416.92
7096,Pedro Aguilar,Silla,sur,26.0,741.57,32/13/2026,1537.43
693,Isabel Guzman,Escritorio,Sur,41.0,$931.59,,1539.38
8006,Alejandro Diaz,Impresora,Centro,30.0,1408.15,Enero 5 2024,1240.35
4957,Jose Martinez,Mouse,OCCIDENTE,,1502.90,2024-01-19,1377.19
7037,Luis Hernandez,Tablet,Norte,38.0,616.80,30/03/2024,1816.46
8729,Pedro Aguilar,Laptop,sur,40.0,$798.33,2024-03-14,866.62
4370,Paola Rios,Laptop,Centro,59.0,997.61,31/01/2025,849.02
2766,Paola Rios,Escritorio,Sur,40.0,426.80,Noviembre 12 2024,942.09
3930,Valeria Mendoza,Laptop,SUR,315.0,"$1,175.46",07/08/2024,1593.42
7602,Ana Garcia,MONITOR,sur,41.0,"$1,120.39",30/12/2025,1976.38
8994,Jorge Morales,Laptop,Occidente,36.0,922.32,30/05/2024,1904.31
8025,Jose Martinez, Laptop,Centro,17.0,1051.93,2026-03-12,1724.38
6825,Paola Rios,Mouse,norte,43.0,"$1,324.54",,1912.76
629,Paola Rios,Escritorio,Norte,43.0,$999.51,2025-01-12,641.82
2452,Alejandro Diaz,Monitor,norte,53.0,$977.68,14/05/2024,1656.28
6682,Sofia Torres,Monitor,Norte ,52.0,$968.71,2026-01-19,1375.9
7016,Camila Reyes,Teclado,Occidente,32.0,1744.75,29/05/2025,1720.84
3825,Ricardo Vargas,Silla,Sur,42.0,812.02,2024-03-14,772.18
9246,Fernanda Castro,Tablet,Occidente,35.0,821.38,,1034.03
2653,Pedro Aguilar,Camara,norte,28.0,$991.38,02/08/2025,1702.75
9378,Alejandro Diaz,Laptop,Occidente ,37.0,663.97,31/10/2025,1416.82
3744,Daniela Cruz,SILLA,Centro,35.0,"$1,172.43",Julio 30 2024,1025.68
2177,Maria Lopez,Camara,CENTRO,27.0,466.92,21/09/2025,1089.65
3508,Camila Reyes,Tablet,Centro,37.0,$664.09,16/05/2024,925.87
9538,Laura Sanchez,Escritorio,Norte,33.0,$701.71,2025-12-23,1505.56
3319,Carlos Ramirez,Teclado,Sur,42.0,"$1,341.48",32/13/2026,1317.03
9455,Carlos Ramirez,Teclado,sin informacion,19.0,"$1,235.29",Octubre 8 2025,1319.42
2788,Luis Hernandez,Monitor,SUR,53.0,$688.95,07/02/2024,1330.52
4106,Jorge Morales,MOUSE,NORTE,43.0,"$1,185.20",2025-09-26,1639.67
7935,Andres Ortiz,Impresora,Sur,38.0,1130.73,26/07/2025,1659.45
1677,Maria Lopez,Camara,Occidente ,43.0,$539.48,2024-07-06,1163.59
3948,Miguel Flores,Tablet,Sur,25.0,$444.37,19/01/2026,1192.5
4445,Valeria Mendoza, Monitor,NORTE,57.0,818.63,13/06/2024,1411.73
2937,Diego Romero,Escritorio,Norte,36.0,$663.35,2024-05-16,1551.14
9100,Carlos Ramirez, Monitor,Norte,44.0,985.23,2025-11-03,605.73
2838,Alejandro Diaz,Camara,OCCIDENTE,15.0,$788.64,2025-07-30,967.22
5723,Andres Ortiz,CAMARA,Occidente,19.0,$769.95,32/13/2026,895.61
7926,Andres Ortiz,Bocina,Occidente,28.0,$582.26,2025-01-15,1747.28
2504,Maria Lopez,Teclado,Occidente,22.0,$968.45,Octubre 17 2024,1158.73
8731,Ricardo Vargas,Laptop, Centro,16.0,$382.00,Diciembre 27 2025,658.84
2370,Jose Martinez,Monitor,Norte,57.0,1009.11,2025-05-20,1162.79
4968,Sofia Torres,Bocina,Occidente,47.0,$675.68,Noviembre 25 2024,1400.65
5884,Laura Sanchez, Mouse,Sur ,42.0,"$1,005.91",Diciembre 26 2025,977.73
2218,Pedro Aguilar,Mouse,sur,36.0,$168.77,Abril 22 2025,1559.86
5848,Andres Ortiz,Silla,Norte,54.0,861.25,Septiembre 9 2025,1258.42
2219,Carlos Ramirez,Tablet,norte,55.0,"$1,146.32",17/03/2026,1255.81
3327,Jose Martinez,CAMARA,occidente,42.0,710.76,10-26-2024,1247.53
7181,Daniela Cruz, Laptop,occidente,51.0,738.41,08-07-2025,1156.01
3584,Sofia Torres,Mouse,Centro,33.0,"$1,077.20",03-20-2026,1211.97
2345,Ricardo Vargas,Silla,Occidente,60.0,244.02,Enero 22 2025,1384.6
3620,Luis Hernandez,Bocina, Occidente,30.0,842.54,32/13/2026,1826.7
6218,Jose Martinez,ESCRITORIO,Occidente,9.0,"$1,072.59",Mayo 17 2024,869.49
2469,Ana Garcia,Impresora,Centro,27.0,902.27,2024-02-09,1145.65
6863,Jose Martinez,Teclado,Occidente,71.0,544.43,2025-08-01,1385.43
3116,Jorge Morales,Monitor,occidente,46.0,275.81,19/05/2024,1325.52
86,Valeria Mendoza,MOUSE,Centro,35.0,1275.10,19/10/2025,1413.85
9948,Alejandro Diaz,Mouse,occidente,55.0,"$1,087.57",06-02-2025,1455.63
5974,Luis Hernandez,Tablet,Occidente,36.0,"$1,136.15",2024-08-15,1192.96
2802,Daniela Cruz, Monitor,OCCIDENTE,34.0,1127.57,Diciembre 21 2024,1177.95
3672,Luis Hernandez,Monitor, Occidente,37.0,299.38,27/01/2025,1728.25
3668,Jose Martinez,Tablet,sur,46.0,$979.16,Junio 28 2024,1618.99
3007,Ricardo Vargas,Silla,Occidente,26.0,$973.11,2025-08-04,1780.74
5159,Maria Lopez,Camara,NORTE,26.0,416.98,2025-02-28,1595.46
5726,Sofia Torres,Monitor,NORTE,-8.0,"$1,583.44",08-05-2025,1388.46
4591,Andres Ortiz,Escritorio,SUR,20.0,$358.58,2025-11-22,1685.39
2020,Jorge Morales,Camara,Occidente,42.0,$313.38,Agosto 18 2025,1242.15
3424,Miguel Flores,Camara,norte,17.0,752.00,32/13/2026,704.3
2526,Sofia Torres, Laptop,Centro,45.0,1078.89,2025-07-26,1621.69
7790,Isabel Guzman,Mouse,Norte,30.0,$933.57,10-13-2025,872.89
6648,Camila Reyes, Tablet,Occidente ,29.0,658.93,03-30-2024,1759.4
3213,Sofia Torres,Escritorio,Sur,53.0,$393.50,03/01/2026,1071.06
520,Ricardo Vargas,Monitor,Occidente,41.0,$699.79,Julio 3 2025,1288.05
5367,Luis Hernandez,Silla, Occidente,50.0,723.43,06-07-2025,1829.21
7212,Ana Garcia,Impresora,centro,50.0,sin dato,30/01/2024,1824.22
2896,Paola Rios,Impresora,Sur ,55.0,750.64,2025-04-22,805.9
245,Fernanda Castro,Monitor,Sur,48.0,$945.49,05/02/2025,995.87
5931,Isabel Guzman,Monitor,Centro,30.0,1179.89,,972.93
4715,Ana Garcia,Teclado,norte,48.0,1174.81,Septiembre 25 2024,1709.19
9482,Laura Sanchez, Silla,centro,45.0,$511.85,27/12/2024,1972.03
3426,Pedro Aguilar, Mouse, Norte,43.0,"$1,094.32",2026-01-09,1209.3
9143,Luis Hernandez,Laptop,Centro,41.0,"$1,383.34",2025-05-27,2072.75
7389,Laura Sanchez,Monitor,Occidente,34.0,$781.70,02-17-2025,1183.19
7167,Ricardo Vargas,Mouse,Norte,27.0,1106.38,15/05/2025,1547.76
7075,Valeria Mendoza,Teclado,Norte ,12.0,835.31,09/04/2025,1520.86
7365,Pedro Aguilar,Escritorio,norte,31.0,1558.49,Abril 18 2025,1327.02
7725,Alejandro Diaz,Tablet,Norte,46.0,602.47,31/08/2024,1454.37
5510,Alejandro Diaz,Impresora,occidente,22.0,$903.47,17/09/2024,2153.08
6298,Alejandro Diaz,Camara,Centro ,22.0,1320.05,Mayo 22 2026,1807.25
2002,Luis Hernandez,Impresora,Occidente,35.0,$563.61,,1901.38
886,Valeria Mendoza,Camara,OCCIDENTE,38.0,1232.21,Julio 23 2025,1125.58
870,Ana Garcia, Bocina, Sur,,$527.62,2026-02-28,1869.27
6455,Jorge Morales,MONITOR,Occidente,49.0,$964.71,Enero 12 2025,1742.76
9979,Carlos Ramirez,Silla,Norte,39.0,483.86,,1770.48
6840,Alejandro Diaz,Laptop,Centro,57.0,$789.21,08-13-2024,1661.04
5721,Pedro Aguilar,Bocina,Norte,-9.0,1077.75,12/10/2024,1218.77
357,Jose Martinez, Laptop,,43.0,1204.32,18/07/2024,1272.86
7368,Jorge Morales,Camara,Centro,34.0,693.20,08-19-2025,1096.51
5452,Valeria Mendoza,Mouse,Norte,,1301.03,10/09/2025,274.21
8438,Pedro Aguilar,Bocina,Centro,41.0,1087.37,2024-12-09,745.42
6708,Sofia Torres,Monitor,Centro,44.0,$641.15,10/07/2024,1456.56
2744,Isabel Guzman,Laptop,Sur,57.0,$-846.77,06/02/2025,1318.83
1276,Valeria Mendoza,Bocina,Occidente,35.0,$907.53,2026-05-19,1437.58
1891,Jose Martinez,Impresora,Sur ,34.0,"$1,144.21",11/12/2024,1127.31
8944,Carlos Ramirez,Laptop,norte,63.0,536.24,,951.83
9766,Fernanda Castro,Escritorio,Norte,35.0,$867.45,Diciembre 31 2024,1172.47
8714,Pedro Aguilar,Tablet,Norte,50.0,695.18,10/08/2024,1206.81
9457,Luis Hernandez,Mouse,Occidente,49.0,"$-1,192.18",Enero 15 2025,1737.3
3564,Diego Romero,Mouse,Centro,54.0,$881.40,2025-10-04,1063.38
5788,Fernanda Castro,Monitor,norte,27.0,949.84,2024-09-07,1545.6
4959,Isabel Guzman,Mouse,SUR,35.0,416.12,03-06-2026,1940.05
1547,Andres Ortiz, Tablet,Occidente,45.0,1099.15,05-30-2026,1289.68
6194,Luis Hernandez, Laptop,Norte ,37.0,$524.16,2024-04-28,1265.35
2381,Jose Martinez,Laptop,norte,38.0,"$-1,049.72",Abril 29 2024,1173.94
6475,Laura Sanchez,Mouse,Sur,40.0,$309.26,28/02/2026,1514.58
3824,Jose Martinez,Escritorio,occidente,22.0,$177.69,Marzo 31 2026,1369.96
3233,Andres Ortiz,Mouse,Occidente,39.0,496.26,Enero 9 2026,1429.31
8646,Fernanda Castro,Monitor,Occidente,31.0,$416.08,Marzo 8 2026,958.67
3307,Carlos Ramirez,Silla,norte,25.0,472.66,06/12/2025,516.78
493,Diego Romero,Laptop,Occidente,51.0,$600.99,Abril 8 2026,1509.39
3500,Daniela Cruz,Escritorio,Occidente,10.0,$783.40,03-27-2025,1807.08
7106,Sofia Torres,Bocina,Norte,35.0,996.55,2024-04-16,1243.54
1117,Pedro Aguilar,Mouse,OCCIDENTE,43.0,"$1,097.29",24/11/2025,774.98
5638,Daniela Cruz,Tablet,SUR,50.0,1165.56,05-28-2025,869.32
9034,Daniela Cruz,Camara,Centro,23.0,$899.23,17/10/2025,1569.02
6147,Paola Rios, Mouse,Occidente,40.0,1006.31,2024-11-16,1320.09
6842,Alejandro Diaz,TECLADO,Sur,36.0,745.02,09/04/2026,1394.52
9035,Alejandro Diaz,Impresora,Sur,29.0,$789.42,32/13/2026,1424.29
7158,Valeria Mendoza,ESCRITORIO,,46.0,624.74,04-22-2026,1526.55
8472,Jose Martinez,Mouse,Sur,44.0,1364.92,12-28-2025,1091.85
9807,Alejandro Diaz,Camara,Occidente,38.0,701.89,32/13/2026,1279.78
6590,Jorge Morales, Escritorio,,33.0,$863.72,17/11/2025,1891.99
9341,Andres Ortiz, Silla, Norte,51.0,sin dato,2025-08-28,1468.59
3646,Paola Rios,Impresora,Occidente,40.0,$708.62,Febrero 12 2026,676.6
2501,Andres Ortiz,Monitor,Centro,40.0,686.89,Agosto 23 2024,1291.92
5678,Miguel Flores,Bocina,Centro ,32.0,$415.72,22/08/2024,1555.71
8260,Isabel Guzman,Escritorio,Sur,45.0,749.70,2024-10-27,1490.58
5242,Alejandro Diaz,Mouse,Centro,21.0,$139.67,15/07/2025,1398.81
6955,Daniela Cruz,Impresora,Sur,32.0,"$1,028.76",,1017.79
2784,Camila Reyes,Escritorio,Sur,40.0,794.91,2026-05-26,1118.04
6159,Diego Romero,Escritorio,,47.0,724.32,12-22-2025,812.81
3810,Fernanda Castro,IMPRESORA,Sur,50.0,"$1,317.43",2026-03-20,1187.5
8877,Sofia Torres,Teclado,Occidente,27.0,656.05,Mayo 17 2025,1667.28
8904,Pedro Aguilar, Teclado,Occidente,32.0,569.46,25/05/2026,1785.43
2994,Alejandro Diaz, Impresora,Norte,45.0,696.67,2024-02-17,1023.46
1697,Jorge Morales,Bocina,,25.0,1155.88,2025-09-25,1711.45
5686,Daniela Cruz,Laptop,occidente,49.0,970.42,02-07-2026,1289.9
7647,Ricardo Vargas,Bocina, Norte,35.0,180.23,Noviembre 16 2024,1347.73
9852,Sofia Torres,Tablet,Centro ,70.0,$767.08,05-11-2026,2214.39
6505,Daniela Cruz,Camara,Centro,6.0,"$-1,290.52",2024-10-16,1133.91
5940,Jose Martinez,LAPTOP,Sur,30.0,$844.46,03-18-2025,767.39
2053,Miguel Flores, Bocina,Centro,53.0,$978.06,04-16-2026,1530.48
1777,Sofia Torres,Bocina,Norte,46.0,"$-1,501.25",09/08/2025,2354.55
6998,Miguel Flores,Silla,Norte,,888.74,,1188.48
3314,Laura Sanchez,SILLA,Sur,62.0,sin dato,22/05/2025,2380.24
4782,Ricardo Vargas,Teclado,Sur,45.0,"$-1,025.72",Septiembre 21 2025,1324.1
9133,Pedro Aguilar, Impresora,Norte,43.0,$864.06,24/02/2026,1055.96
7564,Camila Reyes,Monitor,Occidente,39.0,799.09,02-16-2025,1655.86
1593,Miguel Flores,Escritorio, Occidente,33.0,$941.87,31/03/2025,1613.63
1724,Valeria Mendoza, Laptop,Occidente,46.0,$341.69,2026-06-13,1527.74
216,Carlos Ramirez,Teclado,OCCIDENTE,38.0,"$1,124.58",32/13/2026,817.23
7475,Jorge Morales, Bocina, Sur,20.0,666.07,2025-09-25,719.36
8502,Sofia Torres,Teclado,Centro,27.0,sin dato,02-16-2026,1680.96
491,Isabel Guzman,Camara,Centro,33.0,775.71,04-18-2024,1581.31
9405,Diego Romero,Teclado,Centro,36.0,929.04,Julio 22 2024,1648.39
3484,Laura Sanchez,Mouse,Sur,59.0,465.92,Agosto 7 2025,1781.76
5103,Laura Sanchez,Silla,Norte,37.0,$553.37,2024-09-06,1843.97
5188,Maria Lopez,Camara,Sur,35.0,$283.16,06-10-2026,1127.63
3432,Diego Romero,Camara,Occidente,36.0,$846.46,10-13-2025,1443.51
6600,Ana Garcia,Mouse, Centro,28.0,518.62,Marzo 23 2025,2434.55
7441,Jose Martinez,Impresora,Centro,25.0,272.30,27/01/2025,1085.86
461,Valeria Mendoza,Tablet,Sur,42.0,875.35,2024-12-27,1378.77
6411,Camila Reyes,Tablet,Sur,48.0,"$1,211.00",Junio 4 2024,1022.97
5514,Alejandro Diaz,MONITOR,norte,-1.0,"$1,097.07",28/10/2025,2039.29
26,Fernanda Castro,Teclado,Norte,61.0,$663.30,09-08-2025,1648.97
3513,Maria Lopez,Mouse, Sur,41.0,807.92,,1866.16
2410,Ana Garcia, Monitor,Norte,40.0,"$1,081.61",07-09-2024,1146.26
3271,Jose Martinez,Impresora,Centro,59.0,1081.91,Diciembre 18 2024,1322.63
5210,Ana Garcia,Camara,Norte,38.0,$943.34,Mayo 27 2025,1633.27
8969,Miguel Flores,Escritorio,norte,48.0,547.28,19/03/2026,1537.34
1553,Paola Rios,Escritorio,Occidente,39.0,"$1,237.80",2024-08-14,1053.46
9472,Valeria Mendoza,Silla,Sur,-9.0,$660.71,,1447.38
8878,Carlos Ramirez,Silla,Sur,24.0,961.00,Junio 10 2026,1215.6
3872,Maria Lopez,Bocina,centro,49.0,459.26,01-10-2025,1579.95
3403,Jose Martinez,Teclado,Centro,57.0,484.62,,1018.5
4530,Ricardo Vargas,Silla,CENTRO,,1135.30,,1862.86
980,Ricardo Vargas,Bocina,centro,54.0,1270.76,05/02/2026,1588.61
2656,Ricardo Vargas,Silla, Norte,35.0,1283.68,15/05/2025,1505.01
1848,Paola Rios,Mouse,Sur,37.0,878.62,Mayo 27 2026,1317.74
8325,Paola Rios,Laptop,Centro,27.0,"$1,020.98",Septiembre 16 2024,1252.81
8486,Jorge Morales,Laptop,Occidente,47.0,sin dato,Agosto 21 2025,812.33
7615,Diego Romero,Laptop,Sur,39.0,1008.18,23/02/2025,1691.53
9206,Pedro Aguilar,Escritorio,Centro,38.0,$467.27,Septiembre 16 2024,1150.7
5722,Daniela Cruz,Escritorio,Centro,42.0,$985.58,Febrero 6 2025,1356.06
516,Maria Lopez,Impresora,Sur,28.0,$769.17,Julio 13 2025,1137.54
7678,Diego Romero,Monitor,centro,37.0,655.42,04/05/2024,1178.01
9936,Sofia Torres,Escritorio,Sur,40.0,$-577.74,Noviembre 8 2024,860.56
8543,Jorge Morales,Bocina,Occidente ,31.0,754.81,12/06/2026,1486.59
1103,Isabel Guzman,Tablet,Norte ,35.0,$454.33,2025-01-20,1288.97
3277,Luis Hernandez, Mouse,norte,58.0,1558.40,01/03/2025,1231.84
6905,Fernanda Castro,Tablet,norte,44.0,$760.10,01-08-2025,1606.41
7689,Ana Garcia,Mouse,Centro,-4.0,1086.59,Abril 6 2025,985.76
8331,Ana Garcia,Teclado,Centro,59.0,$489.97,02-24-2026,1475.17
9347,Alejandro Diaz,Silla,Sur,42.0,$636.55,2024-04-04,1298.2
8583,Carlos Ramirez, Monitor,Sur,26.0,$737.65,25/08/2024,1832.96
3997,Ana Garcia,Camara,Sur,18.0,$887.85,06-30-2024,1735.89
195,Pedro Aguilar,Tablet,Occidente,24.0,675.77,2025-05-07,1193.65
4712,Diego Romero,Mouse,Sur,33.0,1206.82,04-12-2026,1758.92
644,Jorge Morales,Escritorio,Centro,34.0,$435.32,10-15-2025,1860.17
8636,Diego Romero,Mouse, Centro,44.0,679.06,2025-03-10,1036.51
3286,Jorge Morales,Teclado,Sur ,33.0,345.66,19/04/2025,1818.07
3117,Fernanda Castro,Silla,Sur,33.0,$208.68,2025-05-25,1080.64
8244,Diego Romero,Tablet,Sur,28.0,589.45,06-12-2024,1262.8
3576,Andres Ortiz,Bocina,SUR,41.0,984.91,2025-12-04,1451.41
9293,Andres Ortiz,Silla,Norte,15.0,828.89,03/05/2026,1196.94
4321,Andres Ortiz,Tablet,Norte,45.0,1282.13,Abril 4 2025,1396.51
4990,Alejandro Diaz,Camara,Centro,36.0,1150.81,Marzo 8 2025,1560.91
2208,Camila Reyes,CAMARA,CENTRO,49.0,729.17,,2236.16
4553,Luis Hernandez,Laptop,sur,43.0,$928.56,Febrero 4 2026,1494.49
7795,Ana Garcia,Silla,Sur,42.0,"$1,140.39",07/05/2024,1628.25
3719,Andres Ortiz,Teclado,occidente,42.0,$924.61,09/03/2024,1671.38
973,Jorge Morales,Bocina,Norte,54.0,$513.17,04-10-2025,1672.82
4580,Carlos Ramirez,Monitor,Sur,36.0,1050.70,,1411.93
6517,Carlos Ramirez,Escritorio,Norte,13.0,164.17,07/06/2026,1068.6
720,Ricardo Vargas,Camara,Centro,12.0,1393.18,04-15-2024,926.62
6951,Andres Ortiz,Mouse,Sur,35.0,$468.46,Agosto 17 2024,1682.98
6156,Fernanda Castro,Teclado,occidente,26.0,672.93,Febrero 26 2024,1142.93
9711,Maria Lopez,Silla,Centro,51.0,"$1,057.61",Noviembre 24 2025,1628.37
3897,Paola Rios,Tablet,Centro,37.0,833.22,04-03-2025,1115.12
2804,Luis Hernandez,Teclado,Centro,38.0,$-722.84,2026-06-11,1636.52
2567,Camila Reyes,Impresora,Centro,58.0,455.91,2025-06-12,1179.47
4026,Maria Lopez,Laptop,OCCIDENTE,39.0,$701.90,02-25-2025,1530.06
6199,Jose Martinez,Teclado,norte,43.0,1056.13,2025-03-06,653.53
33,Luis Hernandez,Camara,Occidente,26.0,1146.44,2024-10-31,1563.38
8553,Paola Rios,Escritorio,Occidente,43.0,"$1,005.18",2025-02-04,1345.9
9418,Jose Martinez,Bocina,centro,20.0,sin dato,14/04/2024,868.02
4004,Daniela Cruz,Tablet,Sur,32.0,$665.92,2026-01-13,1138.74
4064,Paola Rios,Teclado,Centro,43.0,1392.39,07-28-2024,1775.83
9215,Alejandro Diaz, Monitor,Sur,65.0,"$1,021.59",2025-07-30,1431.36
5541,Carlos Ramirez,Impresora,Centro,56.0,$534.12,2024-10-14,1783.65
1698,Maria Lopez,Monitor,Occidente,35.0,"$1,256.81",2024-10-02,734.84
2793,Valeria Mendoza,Impresora,Occidente,46.0,733.99,2025-01-20,2093.27
2223,Ana Garcia,Silla,Centro,54.0,$85.38,10/10/2025,1922.97
5819,Miguel Flores,Monitor,Centro,54.0,$105.78,04-08-2024,1090.76
9953,Luis Hernandez,Silla,Occidente,41.0,"$1,179.07",31/12/2024,1645.6
3765,Daniela Cruz,Impresora,Sur,63.0,$975.78,01/02/2026,1321.53
3867,Paola Rios,Teclado,Sur,19.0,$927.05,Febrero 11 2024,1596.88
6851,Miguel Flores,Mouse,Norte,27.0,1123.14,2025-01-02,1174.97
8920,Camila Reyes,Tablet,sur,26.0,156.05,02-23-2025,757.14
9890,Paola Rios,Mouse, Occidente,35.0,"$1,007.60",05-21-2025,1514.9
7114,Jorge Morales,Escritorio,centro,51.0,$893.28,28/03/2025,1959.66
9382,Jorge Morales,Impresora,Occidente,-4.0,$333.46,2024-08-20,1323.49
3759,Luis Hernandez,Tablet,Centro,47.0,sin dato,Junio 27 2025,1258.1
2832,Diego Romero,Monitor,centro,,$979.00,18/08/2024,1160.02
3228,Miguel Flores,Monitor,occidente,50.0,"$1,357.62",23/09/2024,1513.02
4215,Andres Ortiz,Tablet,Norte,57.0,$890.51,Marzo 23 2024,1883.44
3924,Daniela Cruz,Monitor,Norte,29.0,"$1,072.81",,1300.85
3905,Alejandro Diaz,Mouse,Sur,35.0,1234.77,2026-01-05,1005.81
2278,Luis Hernandez,Monitor,SUR,20.0,$234.80,2025-07-16,1770.1
7263,Diego Romero,Mouse,Sur,52.0,"$1,243.26",,1178.01
1402,Laura Sanchez,Camara,OCCIDENTE,18.0,$465.61,Mayo 6 2025,1040.04
740,Alejandro Diaz,Mouse,Occidente,50.0,"$1,060.58",07/03/2026,1382.67
6553,Jose Martinez,Camara,CENTRO,33.0,$745.44,Enero 27 2026,1329.42
4267,Miguel Flores,Tablet,NORTE,15.0,1098.52,16/07/2025,1087.53
5317,Paola Rios,Monitor, Sur,44.0,$-307.53,Mayo 11 2024,1901.16
8984,Alejandro Diaz, Tablet,centro,63.0,806.92,Septiembre 21 2025,1499.78
7958,Jorge Morales,Bocina,Occidente ,,1092.99,Mayo 12 2024,1324.74
3852,Ana Garcia, Monitor,Sur,31.0,"$1,118.62",Febrero 22 2024,1982.98
8888,Isabel Guzman,Teclado,norte,40.0,949.95,,1225.89
2662,Diego Romero,Impresora,,76.0,$-388.84,03-08-2026,1327.76
6941,Camila Reyes,MOUSE,centro,49.0,1014.86,14/02/2024,1431.18
7300,Alejandro Diaz,Escritorio, Sur,37.0,"$1,412.19",2024-01-16,1494.69
675,Fernanda Castro,BOCINA,centro,35.0,"$1,163.58",Julio 6 2025,1596.95
7554,Valeria Mendoza,Impresora,Sur,57.0,"$1,170.41",Agosto 28 2024,1179.85
8529,Isabel Guzman,Mouse, Sur,43.0,1288.72,2024-12-14,1224.27
3842,Jorge Morales,Bocina,Centro,8.0,$850.70,Febrero 24 2025,1534.51
1816,Maria Lopez,ESCRITORIO,Norte,33.0,"$1,353.20",Noviembre 22 2025,1282.87
9595,Daniela Cruz,Monitor,Sur ,51.0,"$1,220.50",2025-09-13,1497.56
511,Pedro Aguilar, Silla,Norte,42.0,$829.56,08-14-2025,1312.24
9476,Ana Garcia,Monitor, Centro,32.0,$956.44,09-12-2024,1209.82
4654,Laura Sanchez,Tablet, Centro,10.0,"$1,109.21",2025-04-04,1084.2
8137,Camila Reyes,Bocina,Norte,19.0,$710.13,Diciembre 15 2024,1550.92
2101,Isabel Guzman,Bocina,Centro,53.0,1233.75,10-06-2025,1543.53
5164,Camila Reyes,Camara,norte,52.0,$532.22,26/01/2026,1372.81
6709,Laura Sanchez,Silla,Norte,35.0,693.41,07-15-2024,1198.97
1674,Diego Romero,Camara,Sur,25.0,1006.69,2025-02-14,1131.79
2102,Andres Ortiz,Impresora,NORTE,59.0,1325.30,Febrero 19 2024,1225.83
4214,Valeria Mendoza,Escritorio,Centro,,1012.03,Diciembre 25 2025,1434.88
7417,Camila Reyes,Escritorio,Occidente,29.0,839.73,02-04-2025,1899.79
1549,Jorge Morales,Mouse,Centro ,34.0,"$1,142.73",07-08-2025,1709.76
7624,Maria Lopez,Tablet,sin informacion,21.0,"$1,245.63",16/03/2024,1125.17
9843,Andres Ortiz, Escritorio,occidente,17.0,"$1,024.84",2025-08-06,1054.18
3324,Fernanda Castro, Camara,Sur,47.0,"$1,341.47",2025-07-06,1976.77
7729,Laura Sanchez,Laptop,Norte,54.0,"$1,142.41",01-06-2024,1382.69
356,Pedro Aguilar, Laptop,Centro,31.0,sin dato,05-05-2026,1559.08
5185,Diego Romero,Tablet,sur,34.0,$577.37,01/02/2025,1914.9
1462,Sofia Torres,TECLADO,Centro,38.0,861.11,31/01/2026,1368.29
8125,Diego Romero, Impresora,Sur,51.0,"$1,329.88",2024-04-28,641.33
6632,Luis Hernandez,SILLA,Sur,32.0,"$1,215.92",17/01/2026,1027.29
9879,Paola Rios,Mouse,sin informacion,58.0,875.03,2024-09-08,1075.79
3221,Andres Ortiz,Impresora,Centro,35.0,"$1,118.62",Septiembre 18 2024,1825.67
940,Paola Rios,Laptop,sur,58.0,878.82,2025-02-07,1423.26
9432,Jose Martinez,Impresora,Norte ,48.0,562.71,11-13-2024,1399.61
5148,Camila Reyes,Mouse,norte,52.0,423.88,01-16-2025,1806.2
6418,Maria Lopez,Escritorio,Centro,24.0,$770.01,03/04/2026,1734.18
5924,Pedro Aguilar,Teclado,Centro,37.0,956.36,08/11/2024,1259.14
8279,Jose Martinez,Tablet,Occidente,54.0,849.11,2024-05-25,1297.83
1752,Alejandro Diaz,Impresora,centro,46.0,1036.74,Febrero 15 2024,1634.72
3977,Fernanda Castro,Laptop,Centro,53.0,$700.91,32/13/2026,1457.92
8096,Carlos Ramirez, Impresora,Occidente,39.0,$732.34,2025-03-28,867.1
1773,Miguel Flores,Mouse,Norte,47.0,$250.47,24/01/2025,1382.5
1197,Valeria Mendoza, Monitor,NORTE,48.0,$303.59,Septiembre 17 2024,960.14
1879,Valeria Mendoza,Tablet,Norte,32.0,sin dato,2025-02-19,477.07
2669,Luis Hernandez,Camara, Norte,44.0,1119.39,09-12-2024,996.85
3172,Isabel Guzman,Teclado,occidente,48.0,$442.77,15/09/2025,697.14
2017,Daniela Cruz,Mouse,Occidente ,23.0,$865.36,Septiembre 11 2025,1355.85
2006,Maria Lopez,Silla,Occidente ,34.0,$531.56,2024-09-16,1799.43
8518,Pedro Aguilar,Mouse,Sur,31.0,$810.76,Julio 7 2025,1068.62
3894,Laura Sanchez,Bocina,Norte,11.0,797.83,Septiembre 30 2025,1905.71
3968,Laura Sanchez, Bocina,Norte ,40.0,879.04,2025-07-25,1444.51
3238,Pedro Aguilar, Teclado,Sur,35.0,1237.83,Noviembre 1 2025,1426.81
4425,Sofia Torres,Tablet,norte,37.0,835.15,Marzo 28 2026,1210.88
4745,Andres Ortiz,Camara,Centro,37.0,$549.48,2024-09-08,1393.47
2079,Carlos Ramirez,Camara,?,46.0,1301.43,24/07/2024,1501.59
5220,Miguel Flores,Camara,Occidente,61.0,$460.72,2025-09-15,1416.02
397,Ana Garcia,Bocina,Occidente,24.0,946.75,Marzo 18 2025,1769.03
2789,Ana Garcia,MOUSE,Occidente,49.0,977.53,2025-12-27,1102.67
7610,Ana Garcia,Bocina,Centro,61.0,750.99,32/13/2026,1753.86
6943,Paola Rios,Teclado,Occidente,,$870.46,03-05-2024,1318.83
4073,Camila Reyes,Monitor,sin informacion,55.0,$792.73,Mayo 21 2026,2173.87
5575,Valeria Mendoza,Tablet, Occidente,29.0,$720.63,27/06/2024,1201.12
8615,Jose Martinez,Silla,Norte,38.0,749.11,Noviembre 3 2025,1596.33
9416,Daniela Cruz,Tablet,Sur,44.0,881.60,Abril 15 2026,2191.85
5356,Camila Reyes,Tablet,,26.0,626.27,Octubre 7 2025,1296.71
7707,Camila Reyes, Bocina,Centro,25.0,890.64,2024-03-12,1425.69
7673,Valeria Mendoza,Silla,Occidente,19.0,sin dato,Febrero 27 2026,2153.4
7273,Ricardo Vargas,ESCRITORIO,sin informacion,37.0,$865.74,Febrero 28 2024,1091.25
1520,Jorge Morales,Laptop,Occidente,53.0,622.20,18/11/2024,1543.72
8441,Jorge Morales, Monitor,Sur,57.0,$524.28,20/02/2025,1358.84
1379,Paola Rios,Monitor,Sur,39.0,$855.41,2024-01-10,1574.24
5673,Pedro Aguilar,Teclado,sur,21.0,"$-1,208.75",05/06/2025,1659.76
1024,Camila Reyes,Silla,OCCIDENTE,45.0,$845.12,2024-12-31,785.69
2588,Sofia Torres,Tablet,?,40.0,$665.55,2024-10-23,1941.45
8252,Jose Martinez,Tablet,Occidente,24.0,678.16,2026-05-18,1053.41
5622,Ana Garcia,Monitor,CENTRO,43.0,"$-1,240.90",2024-12-06,1360.05
8140,Jose Martinez,Mouse,Centro,22.0,1107.39,Junio 16 2026,1930.37
5009,Valeria Mendoza,Tablet,norte,42.0,1142.34,20/02/2024,964.04
2858,Diego Romero,Impresora,Norte,44.0,$461.31,Julio 23 2024,1097.68
8500,Camila Reyes,Camara,SUR,58.0,sin dato,14/11/2025,1513.57
5772,Laura Sanchez,Mouse,OCCIDENTE,28.0,$706.93,2025-10-17,962.15
5843,Ricardo Vargas,Escritorio,Norte ,16.0,$989.25,Octubre 16 2024,2041.32
7625,Alejandro Diaz,Mouse,Occidente,45.0,"$1,021.66",Agosto 18 2024,1602.77
5833,Camila Reyes,Bocina,Norte,56.0,1125.32,05-10-2026,1646.27
1630,Maria Lopez, Silla,Norte,18.0,"$1,051.90",32/13/2026,2105.73
4889,Sofia Torres,BOCINA,Norte,62.0,sin dato,2024-12-22,1119.24
4527,Ana Garcia,Teclado,Sur,41.0,"$1,006.85",2026-01-09,1048.36
3524,Jose Martinez,Silla, Sur,20.0,$755.33,26/09/2024,1389.46
5905,Jose Martinez,Teclado,Centro,41.0,$836.09,01-14-2025,1323.74
523,Jose Martinez,Mouse,Norte,25.0,1139.48,2025-12-01,1364.63
3608,Andres Ortiz,Mouse,Centro,41.0,$665.49,Abril 22 2026,1307.74
9698,Maria Lopez,Mouse,Norte,32.0,$766.95,07-30-2025,1806.77
5221,Sofia Torres,Impresora,CENTRO,51.0,$578.65,2024-09-22,1537.03
235,Jorge Morales, Camara,Norte,26.0,$802.02,32/13/2026,995.64
3989,Daniela Cruz,Bocina,Norte ,53.0,639.52,08/06/2025,1531.85
3797,Andres Ortiz, Camara,occidente,43.0,"$1,410.32",2024-04-11,666.53
4119,Laura Sanchez,Mouse,Sur,52.0,613.70,03-19-2026,1400.17
6319,Jorge Morales,Teclado,Centro,22.0,1099.44,12-06-2024,1380.82
5002,Ana Garcia,Silla,Centro,51.0,819.99,2024-03-28,1541.02
6776,Isabel Guzman,Silla,Occidente,42.0,1000.92,Julio 25 2025,1272.5
3801,Isabel Guzman,Impresora,Centro ,47.0,837.32,09/10/2024,914.97
8044,Jose Martinez,Tablet,Norte,50.0,$711.34,,1256.45
3900,Isabel Guzman,Camara,Sur,41.0,695.15,Junio 20 2025,1210.26
5025,Alejandro Diaz,MOUSE,SUR,30.0,280.28,16/05/2024,1536.29
1949,Ana Garcia,Monitor,SUR,31.0,$538.30,2025-05-13,1424.41
6362,Isabel Guzman,Teclado,Sur,36.0,$450.28,17/02/2025,1110.43
471,Valeria Mendoza,Silla,Centro,53.0,1309.49,2025-01-01,1916.69
8050,Diego Romero,Bocina,Centro,53.0,$850.53,01-03-2024,1020.02
3493,Miguel Flores,Mouse, Occidente,29.0,1237.87,2024-02-04,1300.82
6835,Luis Hernandez,Tablet,Occidente,46.0,$410.53,06-17-2025,961.28
6092,Pedro Aguilar,Teclado,Occidente,40.0,$-840.17,,1071.41
2672,Alejandro Diaz,Mouse,norte,47.0,"$1,659.62",Agosto 1 2025,2060.6
1057,Daniela Cruz,Monitor,Norte,30.0,$463.44,10-26-2024,1201.26
2225,Daniela Cruz, Impresora,centro,43.0,$760.18,03-18-2026,1130.55
1107,Laura Sanchez, Escritorio,Norte,53.0,"$1,037.54",17/06/2024,953.15
2189,Jorge Morales,Monitor,Sur,24.0,953.98,21/09/2025,1163.72
819,Andres Ortiz,Silla,sur,31.0,$-729.12,2024-07-31,1089.08
6756,Isabel Guzman,Camara,centro,56.0,$849.35,Abril 12 2024,1465.48
5572,Andres Ortiz, Tablet,Sur,,sin dato,Marzo 20 2026,1573.59
4524,Pedro Aguilar,Camara,Sur,66.0,846.67,Junio 27 2025,1462.71
5794,Pedro Aguilar, Silla,Sur,42.0,"$1,145.46",Enero 14 2026,1411.5
9659,Diego Romero,Escritorio,Norte,32.0,$663.57,,1259.6
9041,Valeria Mendoza,Camara,Occidente,49.0,1085.36,2025-02-27,1484.49
7947,Valeria Mendoza,CAMARA,Sur,31.0,"$1,439.93",Noviembre 10 2025,1164.3
2625,Isabel Guzman,Laptop,Occidente ,33.0,$542.94,,1475.96
7559,Maria Lopez,Laptop,Sur,19.0,524.46,04-11-2024,1705.01
9670,Sofia Torres,Camara,Occidente ,57.0,580.39,30/01/2024,1102.89
7720,Luis Hernandez,Teclado, Occidente,23.0,$820.11,08/07/2025,1825.14
9390,Miguel Flores,Silla,OCCIDENTE,28.0,$958.05,Febrero 12 2024,1986.94
889,Ana Garcia,Teclado,Occidente,40.0,sin dato,04/12/2024,2044.48
7214,Maria Lopez,Teclado,Norte,-7.0,1289.63,2024-03-10,1597.32
2438,Andres Ortiz,Monitor,centro,60.0,312.13,2024-03-14,1133.36
6057,Ana Garcia,Mouse,norte,43.0,$961.32,2024-02-26,992.13
8215,Luis Hernandez,Silla,CENTRO,33.0,684.58,2025-09-25,1235.66
818,Maria Lopez,Teclado,Centro,43.0,"$1,038.88",Enero 29 2025,892.66
9201,Jorge Morales,Monitor,Occidente,48.0,933.34,2025-11-15,1314.26
3415,Ricardo Vargas, Impresora,Centro,36.0,$-476.09,Junio 23 2024,1241.17
6353,Maria Lopez,Escritorio,Norte,-4.0,1047.59,19/12/2024,1191.03
2342,Miguel Flores,Tablet,Norte,62.0,1432.89,05-04-2024,1307.08
9299,Camila Reyes,Laptop,occidente,23.0,700.08,2026-05-07,1169.72
3168,Carlos Ramirez,Monitor,sur,31.0,"$1,236.15",2025-12-26,1600.47
1810,Pedro Aguilar,Impresora,?,,"$-1,177.47",Marzo 29 2026,980.44
9788,Carlos Ramirez,Camara,Occidente,28.0,665.84,2025-12-18,1833.34
1265,Laura Sanchez,Tablet, Occidente,46.0,593.18,01-16-2026,1709.35
5087,Camila Reyes,Teclado,Centro ,59.0,"$1,199.42",Enero 3 2025,1417.11
7943,Ricardo Vargas, Camara,Norte,25.0,443.39,25/09/2025,1540.98
5836,Alejandro Diaz,LAPTOP,Occidente,45.0,"$1,342.80",12/09/2024,815.15
5195,Miguel Flores,SILLA,Occidente ,35.0,"$1,395.48",03-25-2026,1440.71
4450,Alejandro Diaz,Escritorio, Norte,25.0,838.76,05/09/2025,1381.35
4946,Valeria Mendoza,MOUSE,Norte,48.0,673.95,Octubre 8 2024,1029.28
4046,Ana Garcia,Mouse,Sur,48.0,$427.72,Marzo 25 2026,1354.35
6940,Pedro Aguilar,Mouse,Norte,31.0,1500.61,03-30-2026,2084.25
3703,Laura Sanchez,Camara,Sur,23.0,674.19,Octubre 20 2025,1213.97
1036,Valeria Mendoza,Monitor,centro,26.0,sin dato,32/13/2026,1057.71
9531,Andres Ortiz,Laptop,Occidente,21.0,"$1,305.58",32/13/2026,1527.78
5591,Luis Hernandez,Monitor,Sur ,34.0,663.97,2025-12-21,1778.8
1229,Jose Martinez,Impresora,Centro,53.0,"$1,199.74",07-02-2024,1081.04
7747,Camila Reyes,Laptop,Centro,36.0,1358.14,2024-10-21,1679.59
6974,Andres Ortiz,Tablet,Sur,32.0,sin dato,02-07-2025,1629.42
7264,Pedro Aguilar,Silla,Occidente,42.0,611.78,2025-07-04,1410.64
5142,Ana Garcia,Escritorio,Centro,47.0,$450.64,Noviembre 24 2024,1301.91
6552,Camila Reyes,MOUSE,Occidente,0.0,$799.71,09/08/2024,1199.61
53,Miguel Flores,Bocina,Norte,36.0,$787.84,2024-11-24,717.99
9886,Ricardo Vargas,Bocina,centro,56.0,665.44,2025-10-26,1058.63
6556,Paola Rios,Bocina,Occidente,27.0,1153.16,Octubre 7 2024,1652.79
8642,Camila Reyes,Bocina,Centro,35.0,521.57,01/05/2026,1655.91
160,Diego Romero,Bocina,Centro,29.0,$640.41,06-01-2026,1764.75
8047,Daniela Cruz,Impresora,Occidente,36.0,717.57,Noviembre 9 2025,1313.1
1588,Luis Hernandez,Monitor,Occidente,39.0,573.76,03-20-2024,1117.93
1590,Ana Garcia,Bocina,Norte,34.0,$472.95,06-29-2025,1544.66
9418,Jose Martinez,Bocina,centro,20.0,sin dato,14/04/2024,868.02
9606,Ana Garcia,Escritorio, Sur,29.0,$819.20,Septiembre 29 2024,1755.69
6688,Maria Lopez, Mouse,norte,16.0,565.80,,1709.74
7388,Paola Rios,Laptop,norte,16.0,1111.32,05-05-2026,868.17
467,Jose Martinez,Mouse,centro,19.0,"$1,018.92",2025-11-10,369.73
6175,Jorge Morales,Teclado,Norte,42.0,651.91,06-29-2024,1714.69
8278,Valeria Mendoza,Mouse,Sur,19.0,1306.49,2026-02-27,1575.85
9156,Luis Hernandez, Escritorio,Norte,41.0,$730.49,,1574.62
3859,Sofia Torres,Laptop,,27.0,$-829.72,02-22-2024,1628.74
9124,Laura Sanchez,Monitor,Occidente,31.0,926.77,06/02/2025,2013.6
7135,Ana Garcia,Tablet,Norte,58.0,$708.10,2024-04-10,1340.36
2829,Fernanda Castro,Silla,NORTE,38.0,1340.04,,1327.62
437,Ricardo Vargas,Mouse,SUR,41.0,813.31,04/11/2024,1523.49
5790,Pedro Aguilar,MOUSE,Centro,52.0,977.27,07-21-2024,1303.84
8426,Daniela Cruz,Monitor,norte,37.0,1163.97,10-06-2025,1141.02
3879,Jose Martinez,Camara,Occidente ,36.0,$-979.96,13/04/2026,1622.89
1589,Alejandro Diaz, Camara, Norte,56.0,1817.80,2026-03-02,1356.82
2781,Sofia Torres, Impresora,Occidente,39.0,"$1,099.19",19/10/2025,2148.79
9250,Maria Lopez,BOCINA,Occidente ,46.0,"$1,326.65",10/08/2025,1342.9
8815,Jorge Morales,Bocina, Occidente,43.0,962.08,08/05/2026,1508.95
5687,Diego Romero,Impresora,Centro,30.0,"$1,033.80",10/02/2025,1336.44
3966,Alejandro Diaz,Teclado,Sur,47.0,642.08,2025-08-15,1108.73
4728,Alejandro Diaz,Camara,Centro,22.0,$391.63,Noviembre 27 2024,1725.45
974,Jorge Morales,Camara,norte,33.0,805.31,11/02/2026,1244.0
1239,Carlos Ramirez,Tablet,Norte,46.0,1599.35,09/06/2024,1286.5
2952,Paola Rios,Laptop,Norte,38.0,$751.08,Febrero 9 2024,1610.38
2343,Paola Rios,Mouse,Sur,53.0,$728.49,32/13/2026,1193.31
6957,Jose Martinez, Laptop,Centro,31.0,"$1,001.88",11-04-2024,1182.77
8391,Pedro Aguilar,Teclado,Sur,37.0,"$1,344.52",01-18-2025,1473.54
6047,Maria Lopez,Monitor,Centro,29.0,sin dato,2025-06-03,1645.74
2159,Camila Reyes,Monitor,Centro,43.0,1286.36,21/03/2024,1294.81
9563,Andres Ortiz,Bocina,Occidente,27.0,$435.92,Marzo 17 2025,1637.58
9647,Miguel Flores,Escritorio,sur,52.0,"$1,230.23",07-22-2025,886.96
1498,Diego Romero,Tablet,Sur ,41.0,"$1,170.56",Abril 4 2024,1854.69
4546,Diego Romero,Laptop,Sur,-1.0,sin dato,2024-06-17,1875.79
6466,Paola Rios,TABLET,Centro,45.0,885.74,03-22-2025,1466.88
4258,Luis Hernandez,Camara,Norte,52.0,"$1,239.73",Noviembre 27 2024,1309.37
2423,Maria Lopez,Impresora,occidente,58.0,1409.06,,1145.47
8820,Jose Martinez,Escritorio, Centro,37.0,$-943.92,04-23-2024,1120.78
5186,Andres Ortiz,Camara,Occidente,12.0,753.11,24/01/2025,841.7
5648,Pedro Aguilar,TECLADO,Centro,21.0,1257.79,2025-08-01,1036.07
358,Alejandro Diaz,Silla,Sur,38.0,722.62,Febrero 1 2024,1557.63
5243,Isabel Guzman,Mouse,Occidente ,28.0,"$1,360.28",2026-01-22,980.06
2131,Valeria Mendoza, Tablet,Norte,15.0,580.44,12-29-2025,1374.58
9515,Fernanda Castro,Laptop,OCCIDENTE,56.0,567.24,05/09/2025,1556.53
2093,Camila Reyes,Camara,Occidente,27.0,$984.94,01/05/2026,1788.38
5410,Valeria Mendoza,Impresora,Sur,50.0,"$1,008.23",08/01/2025,1213.62
2016,Sofia Torres,Camara,CENTRO,51.0,607.81,07-04-2025,1447.63
9329,Daniela Cruz,Silla,Norte,13.0,$594.34,01-04-2025,1237.18
4045,Daniela Cruz,Camara,Centro,38.0,592.18,Febrero 19 2025,1528.06
188,Miguel Flores,MOUSE, Centro,31.0,$875.28,2026-05-30,1324.35
7314,Jose Martinez,Monitor,Occidente,358.0,sin dato,2025-11-28,1631.17
3656,Jorge Morales,Camara,NORTE,55.0,"$-1,189.16",2024-09-13,1434.57
3427,Jorge Morales,LAPTOP,CENTRO,44.0,$672.96,04-01-2026,1020.01
7666,Daniela Cruz, Laptop,Sur,50.0,1234.79,Noviembre 16 2025,1662.69
1382,Carlos Ramirez,SILLA,Occidente,41.0,$929.53,14/02/2025,1403.65
9533,Paola Rios,Tablet,Occidente,37.0,$625.40,Mayo 3 2026,1172.78
414,Maria Lopez,Laptop,Centro,41.0,$617.45,2026-03-11,1577.69
5038,Paola Rios,Mouse, Norte,36.0,"$1,097.18",10-20-2024,915.68
4898,Ricardo Vargas,Impresora,Occidente,37.0,"$1,564.10",03-28-2026,1219.06
3337,Paola Rios,Laptop,Sur,40.0,784.30,21/02/2024,1798.96
3607,Sofia Torres,Camara,Occidente,29.0,474.58,2026-04-01,1028.13
3176,Ricardo Vargas,Tablet,Norte,25.0,$544.62,32/13/2026,419.39
6847,Maria Lopez,Escritorio,Norte,34.0,"$1,014.58",Octubre 22 2025,1241.99
2242,Andres Ortiz, Laptop,occidente,43.0,1534.28,05-23-2024,1365.78
2535,Camila Reyes,Monitor,CENTRO,31.0,sin dato,07/11/2025,1237.58
8242,Pedro Aguilar,Escritorio, Sur,13.0,$692.12,09-27-2024,985.14
257,Andres Ortiz,Bocina,Centro,55.0,743.42,17/02/2024,1295.35
7523,Jorge Morales,Laptop,Norte,34.0,958.78,Septiembre 20 2024,1588.53
201,Miguel Flores,Teclado, Sur,27.0,$900.62,2025-09-10,842.57
2236,Diego Romero,Monitor,Sur,39.0,$930.57,2024-10-05,1331.81
4744,Sofia Torres,Camara,Norte,32.0,sin dato,05-29-2025,1155.25
1768,Jorge Morales,Tablet,Occidente,35.0,$920.38,2024-10-11,1494.72
4237,Isabel Guzman,Camara,CENTRO,41.0,1043.06,2024-03-25,1058.86
7177,Valeria Mendoza,Silla,Occidente,26.0,sin dato,04-03-2024,1797.42
8697,Valeria Mendoza,Tablet,OCCIDENTE,51.0,862.25,Noviembre 23 2024,1235.21
8317,Andres Ortiz, Teclado,sur,31.0,603.00,26/04/2026,1541.12
1573,Valeria Mendoza,Camara,Centro,21.0,$907.58,2025-03-22,2192.6
25,Diego Romero, Laptop,Norte ,27.0,420.07,04-13-2026,1065.59
3364,Camila Reyes,Camara,Sur,30.0,629.02,01-21-2026,1722.14
1089,Andres Ortiz,Laptop,CENTRO,33.0,538.05,Agosto 29 2025,1611.37
4675,Camila Reyes,TABLET,Occidente,43.0,688.49,11-27-2024,1110.39
2695,Isabel Guzman,Impresora,?,43.0,1122.26,26/07/2025,1710.18
8080,Camila Reyes,Laptop,SUR,35.0,sin dato,2025-12-10,1591.3
3399,Ana Garcia,Silla,Sur ,36.0,1063.62,01/02/2024,748.65
3560,Jorge Morales,Bocina,Occidente ,28.0,"$-1,132.07",2025-09-16,1069.14
9428,Isabel Guzman,Bocina,Norte,51.0,1430.65,2024-02-07,1503.86
2842,Valeria Mendoza,Mouse, Centro,19.0,1049.96,09/06/2026,1723.0
2312,Luis Hernandez,Laptop,Norte ,35.0,745.14,17/07/2024,1345.6
8579,Isabel Guzman,Monitor,Norte ,51.0,$983.03,2025-01-18,1439.76
3235,Ricardo Vargas,Monitor,Sur,53.0,$562.19,01-27-2025,1832.76
4153,Isabel Guzman,Camara,Centro ,30.0,$-716.56,02-23-2026,972.6
1310,Alejandro Diaz,Teclado,Sur,51.0,673.60,2026-06-08,1893.15
696,Carlos Ramirez,Bocina,Centro,61.0,"$1,099.80",Febrero 23 2026,1580.47
7111,Ana Garcia,Camara,Occidente,46.0,1024.55,,1512.77
3753,Pedro Aguilar,Tablet,Occidente,52.0,1352.11,2024-05-29,1535.92
6338,Luis Hernandez, Teclado,Sur,30.0,512.09,Febrero 9 2024,98000.0
1228,Pedro Aguilar,Escritorio,Norte,18.0,$626.65,Julio 13 2025,1334.41
2000,Carlos Ramirez,CAMARA,Occidente,21.0,1076.40,2024-03-21,1913.99
277,Jorge Morales,Camara,Centro,31.0,"$1,173.95",Abril 23 2024,873.58
7220,Laura Sanchez,Monitor,Sur,33.0,$834.37,15/03/2024,1523.35
9811,Pedro Aguilar,Laptop,Occidente,42.0,779.16,03-21-2026,1083.01
5930,Carlos Ramirez,Monitor,Sur,18.0,893.10,07-18-2025,1644.53
2954,Daniela Cruz,Bocina,Norte,297.0,$932.61,Marzo 11 2026,1538.94
3638,Jorge Morales,Monitor,Norte,42.0,1397.56,12-25-2024,2079.39
3907,Valeria Mendoza,Camara,Sur,34.0,$908.12,Febrero 15 2025,1546.63
4779,Maria Lopez, Impresora,Centro,28.0,$985.93,Mayo 15 2026,1249.85
5846,Jose Martinez,Camara,Norte ,43.0,$879.72,2024-08-26,1859.54
9989,Andres Ortiz,Mouse,NORTE,44.0,"$1,178.24",18/03/2025,1768.61
4118,Maria Lopez,Silla,SUR,45.0,sin dato,32/13/2026,1441.6
8939,Alejandro Diaz,Silla,Occidente,37.0,$707.81,21/12/2025,1611.39
1138,Miguel Flores, Monitor,Sur,28.0,600.46,32/13/2026,1633.88
2768,Pedro Aguilar,Bocina, Centro,51.0,"$1,228.80",10/08/2025,1561.43
2335,Ricardo Vargas,BOCINA,norte,46.0,$832.55,06-03-2024,1441.16
8204,Andres Ortiz,Silla,NORTE,44.0,$835.26,04-11-2025,1042.12
943,Isabel Guzman,ESCRITORIO,sur,55.0,$729.90,Enero 21 2025,1724.99
8166,Valeria Mendoza, Monitor,SUR,48.0,"$1,383.51",26/04/2025,1660.56
7202,Carlos Ramirez, Silla,Centro,52.0,$504.61,2025-06-18,1133.01
2491,Sofia Torres,Silla,Norte,37.0,936.73,06/01/2024,1304.06
9970,Sofia Torres,Escritorio,Occidente,17.0,$946.00,04-10-2024,1371.95
6291,Daniela Cruz,ESCRITORIO,Centro,29.0,$960.39,2024-10-05,1300.65
4936,Ricardo Vargas,Monitor,Norte,34.0,949.75,19/07/2024,1228.58
3936,Camila Reyes,Monitor,SUR,24.0,"$1,032.02",21/10/2024,1066.22
6881,Sofia Torres,Bocina,Norte,40.0,$537.21,2026-04-24,1915.16
7415,Laura Sanchez,Silla,Centro,,$970.08,19/10/2024,1607.08
2385,Jose Martinez, Camara,,50.0,$248.42,02-05-2025,1436.39
116,Ricardo Vargas,Silla,Sur,27.0,$815.87,06/07/2024,2094.93
1864,Miguel Flores,Teclado,Occidente,51.0,214.43,06-28-2025,1413.11
8830,Carlos Ramirez,Camara,Norte,50.0,$669.82,02/03/2024,1852.11
3120,Alejandro Diaz,Teclado,Centro,25.0,"$1,342.36",03-06-2025,1834.85
4259,Fernanda Castro,Impresora,CENTRO,57.0,$863.88,2026-04-10,2257.19
7150,Sofia Torres,Tablet,Centro,26.0,"$1,265.06",20/05/2025,1229.78
903,Laura Sanchez,Laptop, Centro,-4.0,711.10,08-24-2024,1653.42
2820,Valeria Mendoza,Teclado,NORTE,34.0,$508.85,2026-03-03,1252.23
3823,Paola Rios,Teclado,Norte,43.0,"$1,036.54",05-04-2026,1502.67
7589,Maria Lopez,Silla, Sur,42.0,1120.99,04-22-2025,1620.38
7347,Ana Garcia, Impresora,norte,37.0,$678.08,08-09-2024,1266.22
9360,Alejandro Diaz,Impresora,CENTRO,14.0,$692.36,14/09/2025,1364.24
4700,Ana Garcia,Monitor,Norte,39.0,$280.60,05-07-2025,1257.94
9183,Alejandro Diaz,Impresora,,25.0,715.90,Enero 15 2024,902.57
3803,Camila Reyes,Bocina,centro,29.0,1098.59,01/09/2024,1553.35
6069,Maria Lopez,Impresora,Centro,12.0,$672.92,Marzo 24 2024,1345.18
5811,Andres Ortiz,Mouse, Norte,21.0,"$1,019.39",2024-10-12,2250.53
3537,Ana Garcia,Impresora,CENTRO,22.0,803.10,2024-12-29,615.36
3826,Isabel Guzman,Escritorio,Occidente,49.0,$485.79,2026-02-25,1999.38
6643,Pedro Aguilar,Laptop,Occidente,42.0,577.45,07/08/2025,1289.74
8900,Ana Garcia,Mouse,Centro ,46.0,830.05,2025-08-05,1927.76
8865,Camila Reyes,Bocina,Sur ,,$994.14,2025-04-09,1253.15
4811,Laura Sanchez,CAMARA, Occidente,58.0,$255.42,2024-06-28,1435.75
1947,Jose Martinez,Impresora,occidente,26.0,$621.87,09-06-2025,1297.35
8979,Diego Romero,Bocina,Occidente,13.0,718.32,07-17-2025,1570.73
7802,Maria Lopez,Monitor,Sur,45.0,669.77,07/03/2024,1035.71
5336,Luis Hernandez,Mouse,centro,43.0,sin dato,2024-05-18,1049.41
3489,Daniela Cruz,Tablet,Occidente,25.0,906.99,,1520.7
1611,Diego Romero,Mouse,Centro,50.0,sin dato,,969.78
7949,Ricardo Vargas,Monitor,Occidente,38.0,894.03,05-06-2024,1076.61
7521,Jose Martinez,Tablet, Centro,45.0,723.20,01-08-2025,1221.78
4678,Ricardo Vargas,Monitor,CENTRO,40.0,439.75,26/05/2026,1487.01
4960,Isabel Guzman,Tablet,Sur,44.0,1166.31,03-12-2024,1506.75
7541,Andres Ortiz,Tablet,OCCIDENTE,39.0,947.07,12-17-2024,1538.5
5868,Alejandro Diaz,Monitor,Centro,47.0,494.65,28/10/2024,1006.22
9023,Diego Romero,Teclado,norte,25.0,1151.06,2024-10-27,710.7
4762,Camila Reyes,MOUSE,?,34.0,$846.60,22/01/2026,1730.95
2195,Andres Ortiz,Laptop,Centro,45.0,"$1,153.77",03/09/2025,1147.12
883,Daniela Cruz,Mouse,Centro,38.0,sin dato,25/02/2026,1435.5
5702,Miguel Flores,Silla,centro,39.0,$850.07,2024-11-25,1541.5
5114,Ana Garcia,Teclado,Norte,55.0,682.61,01/04/2025,1220.02
558,Alejandro Diaz, Monitor,Norte,39.0,1003.12,31/05/2024,1054.6
8376,Maria Lopez,Escritorio,Sur,38.0,865.56,Mayo 3 2024,1890.61
5140,Pedro Aguilar,Tablet,sur,23.0,$164.90,14/11/2024,1290.75
1208,Valeria Mendoza,Tablet,Occidente,23.0,756.31,2025-02-27,592.42
7494,Carlos Ramirez,Escritorio,Occidente,43.0,$901.52,25/05/2024,1400.93
7788,Paola Rios,Teclado,Sur,30.0,519.69,06/03/2026,1021.23
1511,Sofia Torres,Mouse,Centro,21.0,644.98,31/01/2024,1466.96
9207,Miguel Flores,Tablet,Norte,36.0,1094.17,Febrero 23 2024,1558.41
3830,Jose Martinez,Bocina,Occidente,17.0,$484.89,2025-04-04,1989.31
3733,Daniela Cruz,Teclado,Occidente,25.0,782.23,08-31-2025,1577.61
8612,Maria Lopez,Impresora,Sur,39.0,365.70,02-17-2026,1105.56
3212,Carlos Ramirez,Monitor,Norte,56.0,$870.19,Septiembre 28 2025,1821.36
3631,Jorge Morales,Mouse,Occidente,60.0,sin dato,05-15-2025,954.88
1709,Laura Sanchez,Impresora,Centro,45.0,$959.97,27/03/2024,1488.4
1846,Fernanda Castro,Bocina,centro,17.0,975.58,11-04-2025,1621.86
267,Daniela Cruz,Mouse,Centro ,32.0,782.34,Agosto 15 2025,625.3
5986,Sofia Torres, Laptop,Sur,29.0,"$1,117.72",2025-02-27,1441.78
1141,Alejandro Diaz,Laptop,Sur,43.0,"$1,276.39",Mayo 13 2026,1801.75
3163,Jose Martinez,Tablet,Occidente,40.0,"$1,136.64",Febrero 3 2025,952.01
6208,Diego Romero,Bocina,Centro,37.0,511.94,12/11/2025,1251.17
2047,Jorge Morales,Escritorio,Occidente,47.0,768.60,06-20-2025,1506.52
3731,Valeria Mendoza, Mouse,centro,51.0,294.44,Junio 14 2026,1584.51
1910,Isabel Guzman,Impresora,OCCIDENTE,59.0,351.56,11/04/2026,1289.04
7786,Paola Rios,Bocina,Occidente,45.0,$828.37,Abril 4 2026,1476.71
2661,Daniela Cruz,Impresora,occidente,8.0,697.03,04-30-2025,1563.96
657,Diego Romero,Bocina,Sur,44.0,"$-1,386.94",16/05/2026,1169.06
6661,Luis Hernandez,Teclado,Centro,51.0,$932.76,Julio 2 2024,1227.7
1308,Laura Sanchez,Mouse,Norte,8.0,873.59,2026-05-30,1648.03
2568,Fernanda Castro,Laptop,norte,49.0,895.52,Mayo 8 2026,2333.43
999,Pedro Aguilar,Silla,Centro,32.0,"$1,117.12",2026-04-14,1122.35
6312,Sofia Torres,Tablet,Occidente,42.0,1036.67,Junio 10 2025,969.82
2835,Miguel Flores,Mouse, Centro,38.0,$723.96,2025-09-06,2031.3
9856,Jorge Morales,Laptop,Occidente,62.0,948.01,2025-12-05,1595.94
9452,Sofia Torres,Camara,Centro,47.0,1063.39,01-20-2026,1137.08
5881,Jose Martinez,Tablet,sur,31.0,1192.00,Marzo 8 2024,1656.16
1238,Maria Lopez,Escritorio, Occidente,30.0,"$1,000.72",Diciembre 7 2024,1805.45
2152,Sofia Torres,Silla,Sur,-9.0,$636.80,28/01/2024,1552.89
3836,Valeria Mendoza,Escritorio,Centro,37.0,1458.34,08-26-2024,1781.04
9986,Valeria Mendoza,Mouse,Norte,46.0,"$-1,033.53",2024-01-11,1206.7
7661,Fernanda Castro,Laptop,OCCIDENTE,39.0,sin dato,21/07/2024,1404.17
8480,Andres Ortiz,Tablet,norte,33.0,1130.22,04-26-2026,1437.16
6579,Maria Lopez,Bocina,Occidente,59.0,329.40,Abril 2 2024,1660.9
5092,Miguel Flores,Mouse,Occidente,346.0,1019.57,01/12/2024,1271.08
2187,Sofia Torres,Monitor,Occidente ,44.0,557.74,,838.5
8887,Andres Ortiz,Mouse,Occidente,28.0,"$1,013.34",Noviembre 22 2024,1603.8
1135,Fernanda Castro, Camara,Centro,29.0,"$1,237.78",2026-02-05,1463.05
5005,Diego Romero,Silla,Norte,39.0,$895.84,10/01/2026,1524.96
6627,Diego Romero,Monitor,Centro,36.0,975.04,05-07-2025,1154.51
1304,Alejandro Diaz,Impresora,sur,52.0,sin dato,Abril 1 2024,1272.36
8716,Sofia Torres,Escritorio, Occidente,55.0,$50.00,Diciembre 12 2024,1663.47
1628,Ricardo Vargas,BOCINA,CENTRO,41.0,$621.25,09-25-2024,1112.34
8266,Daniela Cruz,Impresora,occidente,,694.87,Diciembre 4 2025,1820.59
1523,Jose Martinez,Teclado,Occidente,41.0,707.54,2024-04-21,1563.55
8094,Laura Sanchez,Teclado,Occidente,30.0,$630.10,19/05/2025,1178.61
359,Luis Hernandez, Tablet,Centro,23.0,856.43,17/01/2025,1114.53
139,Sofia Torres,Teclado,SUR,50.0,1245.59,2024-02-28,2225.95
300,Ana Garcia,Teclado,Centro,27.0,1174.86,04-21-2026,1333.36
1557,Alejandro Diaz,Mouse,Sur ,43.0,$491.31,2024-08-26,1516.53
5100,Carlos Ramirez,Laptop,Sur,36.0,$982.37,Marzo 21 2026,1436.4
383,Isabel Guzman,Teclado,Centro,37.0,"$1,033.66",Noviembre 21 2025,1309.55
8558,Carlos Ramirez,Mouse,Centro,26.0,931.36,32/13/2026,1271.58
7406,Ricardo Vargas,Teclado,Norte,59.0,1077.44,06/11/2024,1342.55
4858,Fernanda Castro,SILLA,Occidente,41.0,750.17,20/07/2024,1438.45
3181,Laura Sanchez,Escritorio,occidente,45.0,"$1,016.17",Febrero 1 2025,1493.18
1440,Pedro Aguilar,Monitor,?,22.0,1024.31,Septiembre 16 2025,1797.26
7601,Maria Lopez,Monitor,norte,64.0,$473.56,2024-01-09,1635.93
5674,Fernanda Castro,Teclado,Occidente,47.0,sin dato,Marzo 1 2024,1073.24
7043,Fernanda Castro,Teclado,Occidente,36.0,721.32,Enero 16 2026,1418.39
947,Pedro Aguilar,Bocina,centro,31.0,50.00,12/04/2024,1192.12
2391,Jorge Morales,Monitor,Norte,52.0,"$1,084.31",03-12-2024,1745.63
5499,Pedro Aguilar, Silla,norte,50.0,718.64,32/13/2026,125000.0
7537,Laura Sanchez,MONITOR,Occidente,40.0,966.34,2025-02-16,1206.27
9505,Ana Garcia,Mouse, Centro,31.0,$836.58,06-10-2026,1667.14
2722,Andres Ortiz,Mouse,OCCIDENTE,22.0,$616.98,Diciembre 1 2024,888.81
1933,Camila Reyes,Laptop,Centro,35.0,1611.23,18/04/2025,1546.87
7908,Valeria Mendoza,Tablet, Occidente,32.0,694.69,Mayo 31 2024,1445.61
3237,Miguel Flores,Tablet,OCCIDENTE,15.0,467.81,Enero 16 2024,1379.57
3141,Jorge Morales,Teclado,Norte,37.0,939.71,2025-04-02,941.54
4164,Laura Sanchez, Camara,,47.0,"$1,254.83",2025-06-02,1315.79
9153,Sofia Torres,Escritorio,,41.0,$320.22,2026-05-14,1411.32
8535,Jorge Morales,Bocina,Norte ,26.0,$848.08,32/13/2026,1054.17
3808,Jose Martinez,Mouse,SUR,23.0,961.76,29/07/2025,1752.38
9762,Maria Lopez,Teclado, Norte,51.0,sin dato,02-28-2024,1248.14
7442,Fernanda Castro,Camara,Centro,26.0,$897.07,13/06/2024,1533.94
9169,Andres Ortiz, Tablet,Sur,32.0,sin dato,Junio 19 2024,1146.24
6782,Maria Lopez,Escritorio,Occidente,40.0,864.75,Julio 30 2024,1109.97
7350,Diego Romero, Monitor, Centro,39.0,"$1,131.43",Mayo 28 2024,1174.26
4155,Laura Sanchez,Impresora,SUR,46.0,889.34,2025-01-01,1516.84
4173,Paola Rios,Monitor,Norte,41.0,$916.96,24/02/2025,1771.57
797,Pedro Aguilar,Mouse,Centro,47.0,"$1,319.13",,1260.5
2417,Fernanda Castro,Tablet,Occidente,42.0,768.25,Enero 26 2025,1819.21
9480,Fernanda Castro,Escritorio,Occidente,36.0,sin dato,10-14-2025,1956.49
6140,Daniela Cruz,Tablet,CENTRO,45.0,"$1,005.64",2024-07-09,766.93
786,Ricardo Vargas,Tablet,Centro ,31.0,385.99,27/06/2024,1311.31
7531,Daniela Cruz, Bocina,Sur,37.0,$613.66,Febrero 13 2026,1355.55
6790,Valeria Mendoza,Laptop,Norte,17.0,"$1,436.91",,880.3
3159,Andres Ortiz,Laptop,Centro,32.0,$850.27,03/10/2025,1416.0
124,Jorge Morales,Monitor,SUR,33.0,"$1,194.79",Enero 17 2025,1205.07
9740,Fernanda Castro,TABLET,sur,26.0,$950.56,,2021.83
8296,Andres Ortiz,Impresora,Occidente,45.0,1269.64,07-27-2025,1705.01
2173,Pedro Aguilar,Silla,Norte,10.0,$786.49,27/02/2026,1854.83
2170,Pedro Aguilar,Laptop,Sur ,34.0,$735.86,20/11/2024,1415.19
7336,Maria Lopez,Escritorio,Occidente,38.0,"$1,021.90",19/11/2024,1587.33
4010,Maria Lopez, Camara,Norte,11.0,1010.89,11-13-2025,979.29
9571,Pedro Aguilar,Laptop,Norte,31.0,$547.43,2026-01-10,1275.86
4341,Luis Hernandez, Monitor, Norte,,"$1,092.92",2025-07-17,1483.99
911,Diego Romero,Escritorio,Centro,19.0,599.88,Septiembre 19 2025,1390.37
6269,Carlos Ramirez,CAMARA,Norte,30.0,$-364.67,Mayo 17 2026,2011.61
9017,Miguel Flores,IMPRESORA,Centro,29.0,"$1,391.93",23/06/2025,1808.16
2310,Paola Rios,Impresora,Norte,35.0,1324.39,08-17-2025,1540.77
9949,Isabel Guzman,ESCRITORIO,Occidente,44.0,$794.54,06/03/2025,1500.6
3635,Pedro Aguilar,Silla,Norte,37.0,$956.15,10-27-2024,1280.89
1258,Ricardo Vargas,LAPTOP,occidente,36.0,$804.81,06-13-2024,1253.23
6592,Pedro Aguilar,Impresora,Sur ,46.0,$704.49,02/04/2026,1166.85
4459,Maria Lopez,Bocina,Centro ,13.0,642.99,09-25-2025,1314.2
6134,Daniela Cruz,Monitor,Occidente,30.0,$955.70,Marzo 3 2025,916.25
1179,Carlos Ramirez,Tablet,occidente,39.0,$639.04,04-17-2026,1256.7
4653,Sofia Torres,Monitor,norte,34.0,$743.98,32/13/2026,1327.59
6219,Ana Garcia,Mouse,CENTRO,26.0,$779.44,Julio 3 2025,706.03
3651,Maria Lopez,Mouse,Centro,34.0,sin dato,2025-08-12,1167.23
443,Maria Lopez,Mouse,Sur ,12.0,872.77,Septiembre 16 2024,1768.78
3416,Daniela Cruz, Silla,Norte,55.0,sin dato,07/03/2025,521.52
1400,Carlos Ramirez,Laptop,OCCIDENTE,31.0,901.66,04-08-2025,1313.54
7973,Daniela Cruz,Silla,Sur,48.0,$638.41,Marzo 24 2026,1370.39
7660,Fernanda Castro,Tablet,Norte,43.0,$728.54,03-10-2025,1700.42
1458,Jorge Morales,Tablet,Occidente,33.0,504.50,Mayo 9 2025,976.66
9580,Andres Ortiz,Tablet,centro,50.0,1181.96,13/02/2025,917.43
5745,Ana Garcia,Tablet,Centro,34.0,$699.94,30/09/2024,1290.64
1055,Luis Hernandez,Monitor,occidente,62.0,$857.15,Octubre 16 2025,1214.15
8567,Diego Romero,Laptop,Norte,47.0,752.50,Febrero 17 2025,1907.63
3276,Isabel Guzman,Bocina,Centro,37.0,777.52,10/12/2024,951.53
1464,Luis Hernandez,Camara,Norte,40.0,$795.37,2024-04-02,780.43
3700,Diego Romero,Tablet, Norte,17.0,869.52,07-29-2024,1479.34
3760,Ricardo Vargas,Monitor,Centro,14.0,"$1,646.65",04-14-2026,1643.62
930,Ricardo Vargas,Laptop,SUR,30.0,$753.93,2024-05-27,1196.16
5512,Diego Romero,Tablet,Occidente ,198.0,375.79,2026-02-20,1497.01
6469,Paola Rios,Tablet,Sur,27.0,$533.89,Abril 13 2024,1767.68
8659,Laura Sanchez, Camara,occidente,42.0,"$1,053.91",04-04-2025,920.54
1830,Pedro Aguilar,Teclado,OCCIDENTE,54.0,758.57,03-20-2024,1362.27
2929,Jose Martinez,Laptop,Centro,49.0,$725.72,22/07/2024,1500.13
7394,Carlos Ramirez,Monitor,Norte,39.0,626.09,03-25-2026,1387.0
6539,Sofia Torres,Camara,Occidente,16.0,"$1,003.58",2025-04-22,1195.43
4222,Paola Rios,TABLET,sur,37.0,689.20,09-04-2025,575.22
3547,Daniela Cruz,Tablet,occidente,33.0,$662.99,2026-05-17,820.25
5599,Diego Romero,Laptop,Sur,57.0,$568.64,22/03/2024,1673.31
9204,Isabel Guzman,Monitor,occidente,50.0,817.56,2024-06-13,1911.5
7797,Alejandro Diaz,Tablet,OCCIDENTE,44.0,$727.74,05-02-2026,950.64
8402,Laura Sanchez,Monitor,Centro,43.0,sin dato,2024-11-10,1896.38
2012,Miguel Flores,Impresora,NORTE,41.0,439.30,22/08/2024,1152.46
914,Pedro Aguilar,MONITOR,Centro,32.0,"$1,128.87",02/06/2024,98000.0
8494,Alejandro Diaz,Impresora, Centro,10.0,$908.28,05-23-2025,1346.73
7742,Miguel Flores,Silla,Sur,41.0,$828.62,Febrero 6 2024,938.02
3220,Daniela Cruz,LAPTOP,Norte,34.0,911.63,24/04/2026,1246.88
2607,Paola Rios, Escritorio,Occidente,,$630.09,2025-06-05,1737.46
3265,Paola Rios,Escritorio, Norte,49.0,"$1,014.44",Septiembre 16 2025,1372.65
4929,Jose Martinez,Silla,Centro,56.0,1237.80,07-08-2024,1330.35
8919,Valeria Mendoza,Mouse,sur,37.0,933.07,2024-05-23,2222.01
6565,Ana Garcia,Impresora,Sur,34.0,$723.90,32/13/2026,1059.84
8404,Camila Reyes,Tablet,Occidente,47.0,"$1,150.73",05/01/2024,1465.6
7,Luis Hernandez,ESCRITORIO,sur,42.0,"$1,008.37",Octubre 23 2025,1080.1
2981,Valeria Mendoza,Mouse,OCCIDENTE,46.0,795.87,2024-02-03,1156.94
6584,Valeria Mendoza,Tablet,Centro,32.0,sin dato,11-16-2024,862.5
3362,Valeria Mendoza,Escritorio,,46.0,$460.05,Enero 31 2024,1446.01
4775,Carlos Ramirez, Bocina,sur,40.0,603.40,02-11-2025,1739.52
1944,Ana Garcia,Laptop,Occidente,-6.0,1192.06,02-22-2026,1210.47
7939,Luis Hernandez,Bocina,Norte ,47.0,279.19,2026-03-18,1521.37
5500,Ana Garcia,Camara,Sur,49.0,244.54,2024-08-28,756.93
1636,Paola Rios,Teclado,Centro,50.0,$503.29,Septiembre 11 2024,1087.86
1142,Sofia Torres,Monitor,Centro ,55.0,540.66,,1567.2
2042,Alejandro Diaz,Tablet,Sur,42.0,780.57,2026-01-14,1868.17
6816,Carlos Ramirez,Bocina,Centro,65.0,939.36,2026-01-28,1353.3
6704,Maria Lopez,Camara,Occidente,44.0,1289.23,08-29-2024,1233.31
7243,Laura Sanchez,Monitor, Centro,25.0,223.33,11/12/2025,1134.21
360,Valeria Mendoza,Silla,Centro,26.0,$682.96,09-19-2025,2075.27
2071,Jose Martinez,MOUSE, Sur,65.0,"$1,315.40",17/07/2024,1437.48
3135,Valeria Mendoza,Bocina,centro,40.0,$433.90,01-03-2026,802.95
5161,Miguel Flores,Monitor,occidente,27.0,892.03,09/02/2024,1272.14
6991,Ricardo Vargas,Escritorio,Centro,42.0,707.01,2025-05-29,1129.8
3244,Paola Rios, Teclado,sur,33.0,1335.34,,1342.91
5276,Laura Sanchez,Tablet,OCCIDENTE,36.0,737.30,Octubre 24 2025,1429.93
2243,Jorge Morales,Silla,Norte,,$797.46,17/02/2024,1000.92
1475,Pedro Aguilar,Tablet,Occidente,47.0,"$1,063.94",Diciembre 7 2025,1530.3
8846,Fernanda Castro,Silla,Sur,27.0,$-790.47,27/05/2024,1302.49
1890,Daniela Cruz,Laptop,Occidente,,876.51,09/06/2025,999.56
3436,Fernanda Castro,Camara,centro,42.0,660.41,01/04/2026,969.45
8091,Paola Rios,Laptop,sur,53.0,624.50,2024-03-27,1199.19
5150,Paola Rios,LAPTOP,sin informacion,20.0,1099.07,2025-10-17,1464.93
3706,Paola Rios,Bocina,Sur ,28.0,$549.98,26/04/2024,1013.24
2022,Andres Ortiz,Bocina,Centro,41.0,913.70,04-09-2026,1145.9
4021,Maria Lopez,Silla,Centro,48.0,$637.70,Febrero 9 2025,1472.95
9093,Valeria Mendoza,Teclado,Centro,27.0,723.39,2025-09-22,1394.14
8690,Valeria Mendoza,Escritorio,Sur,54.0,$-527.06,2024-12-23,1188.53
3501,Luis Hernandez,Monitor,Norte,24.0,$726.82,Octubre 4 2024,1162.2
2659,Andres Ortiz,Laptop,occidente,43.0,$920.24,2025-04-17,1138.93
9625,Alejandro Diaz,Escritorio,Centro,36.0,"$1,498.65",14/08/2025,1095.78
9956,Laura Sanchez,Camara,Centro,59.0,$862.48,2024-09-15,1917.47
1131,Daniela Cruz, Bocina,SUR,43.0,374.43,2026-05-04,1790.86
5558,Carlos Ramirez,Teclado,sur,36.0,386.24,23/01/2026,1473.53
7839,Diego Romero,Tablet,Norte,24.0,516.65,01-25-2024,1553.98
1820,Carlos Ramirez, Monitor,occidente,24.0,$692.09,11-12-2024,1888.88
8774,Sofia Torres,Camara,Centro,17.0,1274.39,2026-03-29,1535.67
7972,Luis Hernandez,Bocina, Sur,40.0,"$1,004.93",11/03/2025,1293.16
7065,Ana Garcia,TABLET,Sur,31.0,sin dato,10-30-2025,1291.18
4319,Alejandro Diaz,MONITOR,Norte,56.0,"$1,029.93",32/13/2026,1302.44
9893,Ana Garcia,Bocina,Sur,54.0,424.23,05/02/2026,1729.99
4145,Maria Lopez, Escritorio,Centro,15.0,844.37,Abril 19 2025,1440.86
4670,Daniela Cruz, Mouse, Norte,49.0,$696.50,Enero 16 2025,1315.98
1237,Ana Garcia,Tablet,Sur,31.0,$582.34,25/03/2025,1523.82
5477,Carlos Ramirez,Teclado,Sur,37.0,744.74,2024-10-28,1421.95
7130,Pedro Aguilar,Impresora,Centro,48.0,1168.03,29/07/2025,1329.61
6293,Ana Garcia,Tablet,SUR,34.0,1178.14,2024-08-09,968.94
1857,Miguel Flores,Escritorio, Sur,51.0,"$1,220.51",01/01/2024,755.13
2283,Sofia Torres,Bocina,NORTE,38.0,1359.43,Marzo 28 2026,1464.27
8951,Maria Lopez,Teclado,Norte,11.0,612.54,27/07/2025,921.49
9598,Camila Reyes,Laptop,Occidente,38.0,1343.48,2025-09-27,1997.8
4094,Daniela Cruz,Mouse,Centro,39.0,$577.25,09-14-2025,1763.45
7525,Daniela Cruz,CAMARA,Occidente,37.0,$329.00,05-19-2025,1900.03
5201,Daniela Cruz,Laptop,Sur,45.0,780.57,2025-04-06,1213.67
6402,Diego Romero,Laptop,Occidente,40.0,$840.79,2024-12-01,1072.13
1593,Miguel Flores,Escritorio, Occidente,33.0,$941.87,31/03/2025,1636.89
3422,Diego Romero,Monitor,CENTRO,40.0,526.04,2024-03-12,2103.02
9544,Miguel Flores,Bocina,Centro,42.0,1390.62,2025-12-14,1687.93
387,Luis Hernandez,Monitor,Norte ,37.0,474.10,Julio 3 2025,1855.61
7771,Laura Sanchez,Bocina,Norte,29.0,418.07,03-15-2025,1353.46
1629,Miguel Flores,Impresora,Centro,52.0,$660.48,2026-04-22,1555.33
3586,Laura Sanchez, Bocina,Centro ,41.0,1024.05,2024-07-02,675.29
7955,Andres Ortiz,MONITOR,Sur,67.0,$827.92,08/05/2026,1113.06
2715,Paola Rios, Impresora,SUR,49.0,1113.90,2025-02-01,767.88
7643,Daniela Cruz,Laptop,norte,58.0,$727.23,2024-09-03,1322.47
8682,Maria Lopez,Laptop,Centro,60.0,$972.03,06/05/2026,1280.64
9599,Ricardo Vargas,Monitor,Occidente,44.0,504.74,22/01/2024,1388.44
5660,Valeria Mendoza,Monitor,Norte,29.0,921.31,2024-04-04,1489.07
6857,Andres Ortiz,SILLA,norte,56.0,1149.85,02/02/2025,1076.48
3190,Camila Reyes,TABLET, Sur,55.0,$776.35,17/03/2026,1319.76
4974,Diego Romero,Teclado,Norte,29.0,sin dato,Septiembre 22 2025,1615.19
4306,Diego Romero,Tablet,Occidente,50.0,"$1,136.47",32/13/2026,1785.65
910,Luis Hernandez,Tablet,Sur,19.0,"$1,020.30",Abril 7 2025,1314.87
5386,Alejandro Diaz,Impresora,occidente,43.0,753.48,24/07/2025,1405.32
1997,Ricardo Vargas,Laptop,norte,32.0,"$1,439.28",01/06/2026,2033.61
1867,Maria Lopez,Silla,Norte,23.0,$485.14,17/07/2024,2315.49
1843,Camila Reyes,Bocina,Occidente,40.0,449.30,Diciembre 7 2024,1578.98
2498,Alejandro Diaz,Escritorio,Sur,14.0,520.49,05/02/2025,1337.43
202,Isabel Guzman,Silla,Occidente,38.0,431.93,Marzo 20 2026,1101.06
8292,Carlos Ramirez,BOCINA,?,39.0,"$1,067.59",01-15-2026,1463.26
3869,Laura Sanchez,Escritorio,Occidente,37.0,$981.92,03-24-2024,928.9
5055,Ana Garcia,Escritorio,SUR,49.0,$843.20,2026-03-21,1295.87
5890,Carlos Ramirez,Silla,Centro,29.0,$854.83,20/02/2026,1819.66
4007,Carlos Ramirez,Monitor,sur,43.0,342.23,2024-01-21,1059.22
2243,Jorge Morales,Silla,Norte,,$797.46,17/02/2024,989.15
2703,Laura Sanchez,Escritorio,Centro,65.0,1093.66,Marzo 9 2024,1251.47
3450,Jorge Morales, Impresora,Norte,45.0,1483.86,Julio 30 2024,1238.3
332,Miguel Flores,Bocina, Occidente,35.0,386.79,32/13/2026,1639.48
7608,Jose Martinez,Teclado,Centro,33.0,1441.39,2025-02-07,1697.46
9228,Jorge Morales,Teclado,Sur,42.0,$978.84,02/03/2026,1253.4
8516,Jorge Morales,Tablet,Sur,45.0,638.14,2024-04-05,1951.73
7648,Ana Garcia,Bocina,Occidente,51.0,952.81,07/03/2026,1849.21
2460,Luis Hernandez,Impresora,centro,49.0,1084.94,04-04-2026,1659.08
1775,Diego Romero,Impresora,Occidente,35.0,1189.89,Enero 9 2024,1446.95
6629,Daniela Cruz,Tablet,Sur ,45.0,$978.37,25/07/2025,1194.64
8094,Laura Sanchez,Teclado,Occidente,30.0,$630.10,19/05/2025,1178.61
8335,Pedro Aguilar, Impresora,Centro,377.0,1093.57,2025-12-26,1520.98
2687,Laura Sanchez,Mouse,Sur,45.0,158.73,Marzo 10 2024,1288.18
9419,Luis Hernandez,Impresora,Centro,63.0,970.88,Junio 1 2024,1132.17
990,Diego Romero, Camara,Occidente,47.0,942.31,09/05/2024,1095.59
7496,Alejandro Diaz,Camara,Sur,272.0,778.89,Abril 19 2025,1591.43
8594,Daniela Cruz,Monitor,norte,40.0,$641.08,08-30-2024,1177.43
8363,Diego Romero,ESCRITORIO,centro,47.0,"$1,326.74",05-18-2026,1343.47
6994,Valeria Mendoza,Monitor,Sur,46.0,$583.42,2025-06-29,1146.33
8804,Valeria Mendoza,Escritorio, Sur,43.0,570.33,11/06/2026,1412.25
5807,Daniela Cruz,Mouse,Centro,-4.0,323.08,21/05/2026,1404.35
8992,Miguel Flores,Monitor,Centro,52.0,1476.24,,1289.73
8955,Alejandro Diaz,Camara,SUR,28.0,"$1,031.27",12/04/2025,959.52
6575,Maria Lopez,Mouse,Norte,29.0,sin dato,30/03/2026,1171.53
3053,Diego Romero,MONITOR,Occidente,31.0,1024.82,02-03-2026,1002.99
8895,Jorge Morales,Escritorio,Centro,44.0,549.00,Octubre 2 2025,1808.58
5463,Valeria Mendoza,Camara, Centro,73.0,"$-1,353.75",2025-09-10,1471.21
174,Valeria Mendoza,Bocina,Centro,20.0,$292.43,14/04/2024,1224.96
4955,Miguel Flores,Impresora,Norte,27.0,1123.76,Enero 30 2024,1659.64
7321,Laura Sanchez,Mouse, Occidente,52.0,"$1,005.27",12-09-2025,1338.6
4616,Daniela Cruz,Bocina,Occidente,32.0,1614.40,,1959.1
3322,Jose Martinez,Mouse,Occidente,38.0,sin dato,Marzo 26 2026,1341.82
7529,Camila Reyes,Camara,?,34.0,$660.21,2026-03-24,1877.81
6247,Diego Romero,Camara,Occidente,51.0,"$1,103.60",,949.73
6746,Alejandro Diaz,Teclado,Norte,38.0,809.59,14/12/2025,1390.46
3373,Sofia Torres,Laptop,occidente,36.0,702.71,Marzo 30 2026,1363.89
6049,Jose Martinez,Impresora,Centro,54.0,$859.52,Mayo 13 2024,1469.98
3312,Daniela Cruz,Mouse,Centro,60.0,$398.82,Septiembre 21 2024,1695.13
7901,Maria Lopez,Teclado,Norte,20.0,379.66,15/12/2025,996.76
7771,Laura Sanchez,Bocina,Norte,29.0,418.07,03-15-2025,1353.46
8082,Daniela Cruz,Monitor,Centro ,53.0,$945.03,Julio 1 2025,968.32
9655,Pedro Aguilar,IMPRESORA,Norte,37.0,50.00,2024-09-23,1412.06
9074,Andres Ortiz,Camara,Sur,39.0,sin dato,,943.35
4552,Ana Garcia,Bocina,SUR,62.0,"$1,167.49",04/06/2025,890.87
4680,Luis Hernandez,Tablet,Centro,42.0,$815.02,2026-02-08,1344.87
3404,Pedro Aguilar, Escritorio,Occidente,36.0,$705.56,Enero 24 2025,1806.45
19,Camila Reyes,Camara,Centro,35.0,"$1,400.05",17/01/2024,1207.52
3692,Fernanda Castro,Laptop,Sur,37.0,518.43,10-14-2025,1516.88
8912,Sofia Torres,Monitor,norte,-1.0,$886.95,Mayo 6 2024,1674.69
4097,Paola Rios,Impresora,Centro,62.0,469.12,2024-03-10,192.02
3629,Camila Reyes,Bocina,Norte,45.0,715.59,2025-09-07,334.16
9126,Carlos Ramirez,LAPTOP,Occidente,65.0,672.49,Marzo 5 2026,1629.93
2175,Laura Sanchez,Monitor,Centro,44.0,$613.53,Septiembre 15 2024,125000.0
1357,Sofia Torres,Teclado,Centro,35.0,$941.66,Octubre 3 2025,1305.08
5003,Fernanda Castro, Silla,Sur,46.0,858.61,2024-07-23,1220.82
7873,Daniela Cruz,Tablet,Sur,39.0,$-626.24,13/01/2024,886.41
6923,Jorge Morales,Impresora,Norte,27.0,560.94,Junio 14 2024,911.88
5824,Maria Lopez,Monitor,Sur,24.0,727.55,,1768.39
9785,Jorge Morales,Laptop,Centro,23.0,720.13,Junio 27 2025,1838.97
5671,Miguel Flores,Impresora,Centro,65.0,401.57,01-03-2026,1497.8
3113,Luis Hernandez,Impresora,Centro,52.0,1291.99,04/01/2026,1482.79
183,Jorge Morales,Laptop,Occidente,22.0,"$1,027.24",08/10/2024,1750.05
3643,Isabel Guzman,Tablet, Norte,28.0,$845.65,Octubre 28 2024,1061.95
9121,Fernanda Castro,Escritorio,Centro,27.0,734.41,2025-08-25,1421.1
1813,Andres Ortiz,Silla,Centro,36.0,"$1,079.75",19/03/2024,1600.14
856,Camila Reyes,Camara,occidente,35.0,1318.12,Diciembre 1 2024,1475.25
8689,Paola Rios,Bocina,Sur,19.0,"$1,087.04",2024-03-15,1563.43
4913,Ana Garcia,Silla,NORTE,29.0,"$1,192.01",2024-09-14,838.87
5669,Diego Romero,Mouse,Occidente,26.0,sin dato,02-22-2026,1160.94
8795,Daniela Cruz, Camara,Centro,20.0,672.75,2025-01-28,1645.86
1801,Luis Hernandez,Teclado,OCCIDENTE,35.0,829.53,2025-10-25,1777.65
9526,Isabel Guzman,Bocina,,46.0,$538.93,2024-10-07,1268.75
2430,Carlos Ramirez,Teclado,Norte,32.0,$715.73,Mayo 24 2024,797.59
5483,Sofia Torres,Bocina,Occidente,36.0,$990.69,10-12-2025,1635.85
6762,Carlos Ramirez,Impresora,Sur,41.0,947.88,14/06/2026,1322.0
5795,Daniela Cruz,Monitor,Norte,29.0,1368.35,21/05/2025,1457.72
8002,Valeria Mendoza,Camara,Centro,38.0,$416.26,03-14-2025,1067.5
1969,Camila Reyes,Escritorio,sur,51.0,1041.48,2024-04-10,1619.27
8585,Jose Martinez,Camara,sur,49.0,"$1,120.68",32/13/2026,851.57
8411,Isabel Guzman,Bocina,Norte,42.0,624.85,11/01/2024,1315.77
8198,Andres Ortiz,Silla,Occidente,25.0,377.66,28/09/2025,1660.74
8036,Jorge Morales,Mouse,,32.0,987.70,2025-06-06,1323.37
7009,Pedro Aguilar,Impresora,NORTE,37.0,$-355.27,06-17-2026,2102.59
4988,Isabel Guzman,Monitor,occidente,46.0,$900.45,2026-02-03,1670.07
3466,Valeria Mendoza,Camara,Occidente,38.0,"$1,098.07",03-08-2024,934.6
4651,Miguel Flores,Silla,OCCIDENTE,55.0,$882.52,14/07/2025,1289.71
1160,Sofia Torres,Bocina,Norte,44.0,$867.96,2024-03-07,1451.0
1214,Alejandro Diaz,Laptop,Sur,37.0,1241.28,Noviembre 1 2024,1591.07
7816,Alejandro Diaz,Camara,Sur,37.0,$699.07,32/13/2026,846.01
1326,Jose Martinez,Silla,Occidente,25.0,"$1,375.83",12-25-2024,1490.73
9190,Laura Sanchez,Impresora,norte,56.0,$726.93,06/04/2024,1418.55
8078,Miguel Flores,Mouse,Occidente ,,1328.46,Noviembre 17 2024,1219.6
4797,Paola Rios,Escritorio,occidente,28.0,"$1,841.65",2025-01-12,2044.99
6797,Luis Hernandez,Camara,Norte,27.0,"$1,049.91",08-08-2024,1176.84
5809,Jorge Morales,Silla,occidente,,"$1,156.93",05/12/2025,1797.68
5944,Andres Ortiz,Monitor,Sur,34.0,1191.74,22/02/2025,1486.36
9558,Carlos Ramirez,Escritorio,Occidente,52.0,1363.69,03-13-2026,1634.82
8582,Luis Hernandez,Impresora,Occidente,41.0,$-857.79,2026-06-04,857.52
1456,Luis Hernandez,Mouse,CENTRO,38.0,"$1,021.55",27/11/2024,1555.48
5411,Ana Garcia,Bocina,Norte,60.0,"$1,134.47",Enero 11 2025,1591.23
7597,Fernanda Castro,Mouse, Centro,35.0,1289.34,32/13/2026,1956.65
8675,Pedro Aguilar,Camara,Centro,39.0,$290.30,2025-02-23,1283.92
4963,Pedro Aguilar,Teclado, Occidente,39.0,1041.74,,1572.85
2801,Diego Romero,Camara,OCCIDENTE,33.0,$687.15,Junio 7 2026,1679.26
1645,Maria Lopez,Impresora, Norte,26.0,1158.97,Septiembre 10 2024,1991.14
2141,Valeria Mendoza,Mouse,Occidente,40.0,$828.89,16/05/2026,1322.79
4537,Luis Hernandez,Mouse,,,646.31,2026-02-15,1238.31
4458,Ana Garcia,Monitor,Occidente,20.0,588.64,,1098.11
9218,Maria Lopez, Tablet,Centro ,45.0,$777.33,2025-03-16,1603.91
5587,Laura Sanchez,CAMARA,Occidente,40.0,$838.00,08-10-2025,1679.67
4379,Jose Martinez,Silla,sur,27.0,709.10,Diciembre 23 2025,1519.57
730,Andres Ortiz,Camara,?,33.0,$840.71,24/03/2024,1544.28
4358,Carlos Ramirez,Tablet,Sur,50.0,771.06,Octubre 14 2024,1464.02
8857,Maria Lopez,Teclado,Occidente,59.0,475.28,Septiembre 2 2025,1806.0
6717,Ricardo Vargas,Impresora,sur,45.0,$906.54,Septiembre 23 2025,1908.9
1937,Miguel Flores,Mouse,Occidente,47.0,$912.98,Febrero 8 2024,858.72
3794,Andres Ortiz, Tablet,Sur,46.0,1058.50,04-17-2025,1413.86
3737,Miguel Flores,Impresora,Occidente,26.0,1109.73,Enero 14 2025,1534.54
2262,Pedro Aguilar,Teclado,Norte,52.0,$752.41,14/01/2025,1382.8
7430,Alejandro Diaz,Laptop,Centro,42.0,957.69,30/06/2024,628.7
4006,Pedro Aguilar,SILLA,NORTE,29.0,$385.45,18/11/2025,915.38
1111,Fernanda Castro,Teclado,Centro,32.0,$573.29,07/05/2026,1651.96
9298,Sofia Torres, Teclado,Occidente,,$931.16,Junio 20 2025,1053.1
5481,Pedro Aguilar,Silla,Occidente,10.0,$746.23,Diciembre 11 2024,1673.2
2999,Daniela Cruz,Teclado,Sur,44.0,"$1,289.71",19/11/2024,1155.59
2395,Jorge Morales,Escritorio, Sur,28.0,596.00,2026-04-11,1099.32
1186,Sofia Torres,SILLA,Centro ,44.0,645.73,2025-12-23,1155.62
2008,Jose Martinez,Monitor,Occidente,19.0,581.47,Abril 12 2026,1077.87
194,Miguel Flores,Escritorio,NORTE,,1094.67,2024-11-29,1825.04
5612,Laura Sanchez,Escritorio,Norte,20.0,712.04,06-17-2025,1618.45
2902,Camila Reyes,TECLADO,OCCIDENTE,31.0,584.22,Febrero 14 2024,1519.49
579,Alejandro Diaz,Silla,Centro ,34.0,"$1,810.70",14/06/2025,1715.14
6220,Isabel Guzman,ESCRITORIO,norte,41.0,$914.54,2024-01-16,1226.82
5526,Maria Lopez,Teclado, Sur,50.0,390.88,2025-10-03,1738.42
772,Pedro Aguilar,Bocina,Sur,40.0,$864.92,08-22-2024,1675.92
6684,Camila Reyes,Silla,norte,63.0,1035.72,2026-03-25,817.4
2396,Andres Ortiz,Monitor,Norte,36.0,$504.01,Abril 4 2024,919.63
1479,Laura Sanchez,Monitor,Centro,32.0,"$1,106.67",2026-03-05,1413.95
1847,Daniela Cruz,Camara,sur,32.0,$739.31,05/07/2024,2091.21
9379,Diego Romero,Laptop,Norte,26.0,767.30,2026-04-28,1101.32
4275,Ana Garcia,Impresora,sur,41.0,$293.85,16/05/2025,1077.72
3741,Laura Sanchez, Silla,occidente,25.0,$703.84,2026-03-29,1610.0
4601,Pedro Aguilar,Teclado,centro,54.0,772.96,2025-07-27,1211.49
8384,Valeria Mendoza, Teclado,Occidente ,33.0,420.50,2025-04-24,2074.88
1574,Camila Reyes,Camara,Centro,57.0,"$1,055.63",Septiembre 13 2024,1372.41
6677,Camila Reyes,Laptop,Norte,47.0,783.60,06/12/2024,1112.69
6376,Alejandro Diaz,Impresora,NORTE,49.0,sin dato,2024-01-15,1371.53
406,Paola Rios,Monitor,Sur,43.0,$375.97,07-12-2024,1215.55
9823,Laura Sanchez, Silla,Sur,45.0,1332.71,2024-12-08,828.76
4916,Maria Lopez,Camara,Sur,38.0,"$1,047.86",02/02/2025,1294.9
2074,Sofia Torres,Tablet,CENTRO,27.0,898.61,Diciembre 27 2024,1000.95
4755,Laura Sanchez,Tablet,Centro,56.0,"$1,464.25",2025-10-26,1623.71
1897,Ricardo Vargas,Silla,Sur,22.0,$745.81,04-04-2024,2027.27
8806,Ana Garcia,Silla,Occidente,45.0,$465.41,Abril 20 2024,1231.4
6703,Paola Rios,Impresora,occidente,46.0,sin dato,2025-08-20,1297.74
6318,Isabel Guzman,Teclado,Occidente,8.0,$454.14,05/06/2024,1587.44
3660,Jorge Morales,Bocina,Norte,35.0,575.64,21/01/2024,1082.61
6582,Miguel Flores,Bocina,Occidente,60.0,"$1,497.48",08/03/2024,1339.15
2380,Andres Ortiz,Escritorio,Sur,43.0,1494.93,Mayo 12 2026,1412.35
1448,Pedro Aguilar,Camara,Norte,46.0,1020.71,07/07/2025,1303.48
343,Fernanda Castro,Camara,occidente,42.0,1089.40,2024-01-31,1449.05
7469,Isabel Guzman,Tablet,Sur,25.0,1109.70,Abril 17 2024,1300.48
5128,Paola Rios,IMPRESORA,OCCIDENTE,30.0,928.97,2025-01-04,1759.63
3137,Ricardo Vargas,Escritorio,Norte,15.0,$761.60,Julio 19 2025,1517.07
2528,Isabel Guzman,Bocina,Sur,52.0,"$1,366.96",Noviembre 8 2025,1037.41
728,Luis Hernandez,Tablet,Centro,30.0,"$1,249.21",Junio 30 2025,1324.79
4578,Jose Martinez, Silla,Occidente,39.0,$815.34,02-19-2025,1498.57
977,Luis Hernandez,Escritorio,Sur,36.0,635.42,2026-04-30,1125.7
8638,Alejandro Diaz,Bocina,Centro,46.0,942.91,32/13/2026,1098.32
5444,Camila Reyes,Camara,Norte,45.0,"$1,270.65",2026-04-07,1789.79
9304,Camila Reyes,Camara,Norte,33.0,399.35,05/01/2024,1169.89
3517,Jose Martinez,Teclado,Sur,31.0,$373.41,07/04/2025,1802.08
9155,Isabel Guzman,Monitor,OCCIDENTE,25.0,677.11,05-07-2025,1264.79
8328,Miguel Flores,Silla,Centro,40.0,282.36,Octubre 3 2025,1116.73
7157,Valeria Mendoza,Teclado,occidente,23.0,722.39,2024-03-04,1446.63
2021,Sofia Torres,Mouse,Centro ,57.0,"$1,696.78",02-10-2024,957.65
3941,Paola Rios,Bocina,OCCIDENTE,32.0,345.45,05-01-2024,1558.15
1300,Ana Garcia,Monitor,Norte,,$964.22,12/08/2024,1264.81
3040,Jose Martinez,Mouse,Centro ,39.0,$603.38,26/02/2025,1030.25
1349,Valeria Mendoza,Teclado,Sur ,21.0,"$1,006.23",Julio 1 2024,1518.42
661,Jose Martinez, Silla,Occidente,52.0,sin dato,01/08/2025,2086.3
5887,Pedro Aguilar,Teclado,Norte,13.0,$410.98,2025-01-22,1086.67
1493,Ana Garcia,Laptop,Norte,33.0,949.34,03-09-2024,1418.33
2861,Jose Martinez,Tablet,Centro,67.0,1036.37,2024-01-27,1631.4
4590,Carlos Ramirez,Escritorio,Centro,24.0,906.54,2024-09-05,1793.07
8782,Laura Sanchez,Escritorio,centro,28.0,"$1,040.70",Marzo 26 2026,1201.94
5155,Camila Reyes,Escritorio,Norte,27.0,948.18,2024-11-12,1081.61
2316,Ana Garcia,Laptop,Occidente,-4.0,"$1,066.13",02-05-2025,1920.72
9904,Valeria Mendoza,Tablet,centro,40.0,639.53,07-05-2024,618.0
9865,Andres Ortiz,Impresora, Centro,36.0,489.80,06/02/2026,1595.78
7025,Maria Lopez,Bocina,Sur,,1246.38,2025-03-04,1509.12
1086,Camila Reyes,Silla, Norte,32.0,765.83,09/09/2024,1453.47
2525,Luis Hernandez,ESCRITORIO,Sur,8.0,"$1,067.72",Agosto 18 2025,1280.99
9293,Andres Ortiz,Silla,Norte,15.0,828.89,03/05/2026,1206.69
8726,Andres Ortiz,Escritorio,Occidente,44.0,381.31,11/09/2024,1311.58
5375,Valeria Mendoza,MOUSE,NORTE,70.0,"$1,437.54",Febrero 9 2025,1321.39
3199,Pedro Aguilar,Laptop,occidente,19.0,"$1,273.40",Agosto 10 2024,1043.84
5752,Laura Sanchez,Monitor, Sur,61.0,"$1,116.82",04/03/2024,1310.55
4009,Jose Martinez,Laptop,Sur ,44.0,1280.66,14/11/2024,1421.53
5718,Valeria Mendoza, Camara,occidente,30.0,$966.64,2025-09-21,1362.62
6658,Paola Rios, Camara,norte,42.0,"$1,066.79",04-20-2024,1834.11
8662,Maria Lopez,Escritorio,Norte,27.0,638.87,Abril 2 2025,1483.18
8484,Camila Reyes,Impresora,Norte ,30.0,945.37,17/05/2026,1017.49
68,Miguel Flores,Silla,Norte,46.0,676.94,32/13/2026,1484.22
8300,Daniela Cruz, Monitor,Occidente,19.0,"$1,009.79",2025-01-30,1665.22
41,Jose Martinez, Silla,CENTRO,26.0,$441.89,Mayo 10 2026,1437.87
2270,Pedro Aguilar,Mouse,Occidente ,35.0,$916.76,2026-06-16,2155.96
2382,Daniela Cruz,Camara,Sur,46.0,$487.28,15/11/2024,1600.02
7821,Jose Martinez,Camara,Sur,62.0,589.18,05-03-2025,1203.0
9101,Laura Sanchez,Tablet,Occidente,31.0,592.07,,1041.23
4917,Maria Lopez,Camara,sur,38.0,1273.72,10/06/2024,1301.57
5323,Andres Ortiz,Monitor,Centro,,893.36,2024-12-31,1533.74
5774,Ana Garcia,Teclado,SUR,43.0,456.66,32/13/2026,1701.49
6233,Jose Martinez,TECLADO,Centro,62.0,623.22,12-08-2025,1356.36
6964,Valeria Mendoza,MONITOR,Norte,40.0,$570.39,Enero 5 2026,1338.89
3448,Ricardo Vargas,Monitor,sur,56.0,sin dato,25/08/2024,2023.69
6817,Alejandro Diaz,Camara,SUR,30.0,$762.21,2025-05-04,2279.56
2368,Jose Martinez,Escritorio,Occidente ,42.0,1052.37,08-08-2024,1167.73
7703,Paola Rios,Monitor,Centro,54.0,$-546.38,2026-01-09,1249.17
8425,Luis Hernandez,Bocina,Occidente,41.0,1122.75,2025-10-26,2111.48
2513,Pedro Aguilar,Tablet,Occidente,52.0,1289.96,Febrero 26 2025,1098.77
9909,Fernanda Castro,Mouse,Occidente,15.0,$798.84,Junio 13 2024,1599.39
2724,Miguel Flores,Escritorio,Sur,35.0,1126.47,07-05-2025,1410.24
5949,Isabel Guzman,Teclado,Occidente,39.0,864.43,2025-09-18,1645.63
9459,Diego Romero,Bocina,Norte,18.0,$967.82,32/13/2026,1309.23
8833,Pedro Aguilar,Camara,occidente,38.0,537.97,2025-03-07,1124.13
1144,Camila Reyes, Laptop,Centro,50.0,$273.90,2025-12-02,1062.83
1964,Camila Reyes,SILLA,sur,35.0,1003.08,07/05/2024,765.35
7156,Carlos Ramirez,Teclado,OCCIDENTE,10.0,$743.31,Abril 8 2025,1546.52
8392,Paola Rios,Monitor,Occidente,55.0,1480.91,08-17-2024,1499.74
8538,Diego Romero,Tablet,centro,47.0,$897.10,01/03/2025,1388.29
9495,Ricardo Vargas,TABLET,Sur,40.0,"$1,002.32",2026-01-27,1441.97
4729,Maria Lopez,Impresora, Centro,32.0,439.19,Julio 13 2025,1103.08
5495,Diego Romero, Camara,OCCIDENTE,43.0,1583.99,01-08-2025,1445.13
5756,Daniela Cruz,Bocina,Norte,56.0,"$1,140.05",09/08/2025,1344.0
8058,Jorge Morales,Laptop,,39.0,$732.24,Abril 10 2024,1182.8
9582,Jorge Morales,Teclado,occidente,33.0,"$1,230.70",11/05/2024,1174.87
7231,Ricardo Vargas, Tablet, Norte,36.0,989.33,30/12/2025,1723.28
3790,Sofia Torres,Monitor,Norte ,44.0,620.06,Enero 24 2026,1722.15
9729,Alejandro Diaz,Bocina,Centro,46.0,$746.62,2024-03-22,1124.69
2221,Isabel Guzman,ESCRITORIO,Norte,40.0,$570.60,2026-02-05,1492.92
5076,Miguel Flores,Camara,Centro,51.0,542.29,Mayo 12 2025,1828.35
2332,Alejandro Diaz,Escritorio,,54.0,"$1,262.42",26/02/2024,1635.87
5395,Paola Rios,Escritorio,Sur,34.0,"$1,438.43",09-14-2025,1826.54
7924,Maria Lopez,Mouse,Norte,41.0,989.66,20/05/2025,1229.0
8808,Carlos Ramirez,Impresora,Centro,51.0,927.45,08-31-2025,1441.94
7091,Andres Ortiz,Silla,centro,21.0,779.76,09/10/2025,1189.61
9614,Daniela Cruz,Escritorio,Centro,59.0,477.26,09-10-2025,1327.66
4089,Pedro Aguilar,Laptop,Centro,31.0,$923.00,Enero 30 2024,1254.01
1968,Jorge Morales, Mouse,norte,49.0,$919.82,16/07/2025,1699.29
9258,Jose Martinez,Tablet,Centro,30.0,1188.03,Octubre 16 2024,1254.2
6185,Jose Martinez,Monitor,Occidente,46.0,"$1,447.36",Noviembre 10 2024,1146.08
6758,Jorge Morales, Impresora,Occidente,37.0,636.04,Noviembre 21 2024,1408.34
9874,Miguel Flores,Teclado, Centro,50.0,$-427.18,Julio 23 2024,1132.62
4366,Camila Reyes,Escritorio,Occidente,42.0,583.58,07-08-2025,1526.62
7000,Alejandro Diaz,Laptop, Centro,20.0,$608.15,2025-09-28,1376.82
424,Ricardo Vargas,Teclado,Sur,27.0,1380.44,Enero 20 2025,1600.93
281,Carlos Ramirez,Bocina,Occidente,54.0,795.15,2025-07-26,1007.15
1905,Sofia Torres,Silla,CENTRO,38.0,873.26,Junio 25 2024,1441.51
596,Camila Reyes,Teclado,SUR,40.0,$906.87,01-30-2024,1691.07
8835,Isabel Guzman,Impresora, Sur,39.0,634.31,2026-01-14,1297.26
3918,Camila Reyes,Mouse,Occidente ,64.0,1181.93,Octubre 17 2025,1405.83
6143,Paola Rios,Monitor,OCCIDENTE,39.0,$948.54,,1568.07
5662,Laura Sanchez,Tablet,Sur,23.0,1139.99,2025-04-15,1278.9
5779,Valeria Mendoza,Impresora,Centro,44.0,sin dato,Abril 25 2025,1484.67
3619,Daniela Cruz,Camara,Occidente,36.0,$896.31,09-24-2025,1286.69
6846,Andres Ortiz,Escritorio,occidente,53.0,1072.69,2026-05-06,1168.71
840,Isabel Guzman,Mouse,Centro,43.0,$446.96,Agosto 9 2025,1048.92
4597,Alejandro Diaz,Escritorio,Sur ,31.0,374.98,06-02-2024,974.73
9925,Luis Hernandez,Silla,Occidente,37.0,1051.52,15/10/2025,1131.85
142,Laura Sanchez,Teclado,Centro ,18.0,$597.85,02/08/2025,1520.44
2598,Valeria Mendoza,Teclado,CENTRO,35.0,$984.80,08-11-2024,1719.09
6702,Ana Garcia,Tablet, Centro,41.0,"$1,390.57",28/11/2025,1444.96
8224,Camila Reyes,Mouse,Sur,23.0,sin dato,11-11-2025,1781.23
1378,Diego Romero,Bocina,Sur,36.0,sin dato,Agosto 15 2024,1685.49
3675,Fernanda Castro,Teclado,Occidente,25.0,$853.56,07-11-2025,1471.15
9030,Maria Lopez,Monitor,Centro,40.0,$643.83,11/04/2026,1567.1
9542,Fernanda Castro, Mouse,Sur,20.0,1245.07,Noviembre 13 2025,1362.67
6363,Diego Romero,Tablet,Norte,29.0,$808.40,Mayo 20 2024,1481.55
9639,Isabel Guzman,Laptop,NORTE,58.0,693.18,Mayo 29 2024,1069.28
4742,Jorge Morales,TECLADO,Occidente,54.0,1212.98,2026-05-09,1248.79
3809,Paola Rios, Laptop,OCCIDENTE,28.0,$553.74,30/06/2024,1276.88
1139,Valeria Mendoza,Silla,Sur ,36.0,$597.85,,2193.24
2258,Andres Ortiz,Silla,NORTE,43.0,"$1,320.97",10/11/2025,1696.93
7375,Miguel Flores,Bocina,centro,33.0,666.07,16/07/2025,1315.78
8268,Paola Rios,Silla,Centro,32.0,884.74,Enero 8 2024,1034.57
1788,Luis Hernandez,Camara, Sur,39.0,923.28,02/07/2025,1084.87
3939,Valeria Mendoza,CAMARA,Norte,52.0,$692.29,31/12/2024,2314.2
8289,Paola Rios,Silla,Sur ,40.0,$825.17,2025-08-26,1387.24
4647,Valeria Mendoza,TABLET,Occidente,45.0,$671.58,2026-05-28,1020.87
7569,Miguel Flores, Impresora,Sur,40.0,"$1,014.07",,1235.82
460,Maria Lopez,Teclado,SUR,33.0,1086.04,2024-12-26,1277.69
6116,Jose Martinez, Mouse,,342.0,984.22,Abril 20 2024,1409.41
9827,Isabel Guzman,Teclado,SUR,28.0,614.19,21/06/2025,1429.92
949,Isabel Guzman,Tablet,Sur,51.0,"$1,136.49",07/09/2025,1605.0
3701,Jose Martinez,Mouse,Occidente,-1.0,"$1,066.22",07/01/2026,1541.25
1337,Fernanda Castro,Mouse,Norte,42.0,sin dato,2025-06-26,1187.04
6371,Pedro Aguilar, Monitor,NORTE,27.0,"$1,067.79",2024-05-18,625.29
4629,Diego Romero,Mouse,Centro ,31.0,512.01,Septiembre 14 2025,1279.5
7359,Alejandro Diaz,Escritorio,sin informacion,53.0,"$1,159.15",Junio 3 2024,1335.64
6287,Luis Hernandez,Escritorio,Centro,18.0,$718.31,2025-01-18,585.98
5926,Maria Lopez,Escritorio,Occidente,45.0,822.61,04-17-2024,1960.08
5935,Camila Reyes,Silla,sur,33.0,$308.48,08/03/2025,1312.79
6041,Miguel Flores,Escritorio,Norte,22.0,797.73,2026-05-01,528.44
442,Sofia Torres,Monitor,Occidente,27.0,935.39,2025-12-15,1695.01
6660,Laura Sanchez,Impresora,Centro,50.0,$957.17,13/08/2025,1615.37
1603,Camila Reyes,Bocina,,43.0,$971.97,2026-02-21,613.5
2239,Jorge Morales,Impresora,Occidente,37.0,$719.71,Noviembre 25 2024,1809.25
640,Isabel Guzman, Mouse, Sur,45.0,802.21,16/10/2024,1619.32
8710,Alejandro Diaz,Escritorio,Occidente,47.0,$959.16,Enero 13 2025,1272.73
3831,Alejandro Diaz,Camara,Centro,38.0,$-967.19,08/06/2024,1140.04
9673,Alejandro Diaz, Silla,Norte,53.0,858.45,19/03/2024,1691.14
6145,Luis Hernandez,Tablet,Centro,37.0,1381.10,32/13/2026,1206.99
4220,Jose Martinez,Monitor,Norte,53.0,$762.18,2025-04-14,1275.9
9322,Andres Ortiz,Mouse,Centro,64.0,$972.95,21/04/2024,1604.33
6345,Jose Martinez,Teclado,Sur,16.0,"$1,178.50",10-02-2025,974.4
2502,Luis Hernandez, Camara,sur,46.0,919.55,2025-01-22,1167.38
1959,Andres Ortiz,Laptop,Occidente,59.0,$749.76,27/06/2024,1692.14
1071,Andres Ortiz,Mouse,OCCIDENTE,17.0,"$1,235.73",32/13/2026,2250.46
156,Andres Ortiz,Monitor,Norte,36.0,$833.10,Mayo 30 2024,1218.83
2296,Camila Reyes,Mouse, Norte,65.0,"$1,005.80",Abril 19 2024,1431.47
936,Isabel Guzman,Monitor,NORTE,33.0,$962.27,Febrero 24 2025,1160.76
4579,Carlos Ramirez,Camara,sin informacion,33.0,$822.12,2025-05-31,1896.12
1090,Maria Lopez,Silla,norte,35.0,$817.18,30/04/2026,977.4
6050,Sofia Torres,Teclado,Norte,60.0,$698.88,2025-03-20,1170.56
6416,Luis Hernandez, Mouse,Occidente ,282.0,$-645.21,01-02-2026,495.15
2941,Valeria Mendoza,Bocina,Sur,62.0,1157.31,2024-06-14,589.53
724,Maria Lopez,Laptop,Centro,36.0,$890.98,09/02/2025,1052.08
4385,Miguel Flores,Escritorio,Centro,48.0,$924.24,04/06/2025,1594.8
931,Paola Rios,Mouse,Centro,25.0,$826.72,2026-03-28,1299.87
2910,Sofia Torres,Escritorio,CENTRO,45.0,$866.33,Mayo 14 2025,1352.39
1675,Valeria Mendoza,CAMARA,norte,,"$1,410.99",2024-12-05,1327.47
6764,Alejandro Diaz,Silla,Sur,37.0,$550.20,15/10/2024,1740.57
8635,Camila Reyes, Camara,Sur,31.0,"$1,481.99",2025-08-17,1590.97
6417,Laura Sanchez, Camara,Norte,56.0,834.03,32/13/2026,1305.34
896,Fernanda Castro,Mouse,Norte,35.0,555.62,23/05/2024,1560.66
3248,Luis Hernandez,Impresora,Centro,53.0,sin dato,2026-06-08,1473.86
2327,Sofia Torres,Monitor, Occidente,35.0,sin dato,2025-06-28,1137.0
7097,Jose Martinez,Tablet,norte,33.0,1345.90,2024-01-06,1322.65
8848,Laura Sanchez,Teclado,Occidente,29.0,777.69,Noviembre 10 2024,1370.06
8079,Ana Garcia, Teclado, Sur,25.0,920.86,2026-05-01,1338.79
4626,Miguel Flores,Impresora,Norte,48.0,$996.00,26/02/2024,1267.11
5039,Pedro Aguilar,Escritorio,Norte,49.0,sin dato,Marzo 31 2024,1214.33
6451,Diego Romero,Impresora,Norte ,44.0,sin dato,2025-10-05,1117.19
4137,Pedro Aguilar,Mouse,Norte,64.0,763.97,Abril 30 2025,1642.82
9523,Alejandro Diaz,Impresora,Occidente,28.0,1181.00,2025-06-08,1227.3
1716,Alejandro Diaz,Silla,Centro,30.0,$584.08,07/04/2024,1307.05
1699,Miguel Flores,TABLET,Sur ,57.0,569.00,04/05/2024,169.1
9981,Jorge Morales,Mouse,Centro ,42.0,$833.72,23/04/2026,1782.79
9834,Valeria Mendoza,SILLA,occidente,36.0,1278.94,Octubre 23 2025,1480.19
426,Jose Martinez,Tablet, Norte,47.0,sin dato,Octubre 19 2024,549.1
8470,Luis Hernandez,Monitor,?,42.0,551.25,2024-10-13,1172.91
3832,Laura Sanchez,Camara,Occidente,27.0,$-852.38,2025-07-14,1061.12
6300,Jose Martinez,Laptop,NORTE,40.0,$551.01,Diciembre 2 2025,1893.02
3349,Maria Lopez,ESCRITORIO,Sur,30.0,"$1,274.33",2024-04-03,1043.91
9801,Valeria Mendoza,Laptop,Centro,36.0,$883.43,27/04/2024,911.35
986,Andres Ortiz,Teclado, Occidente,392.0,$805.15,2024-06-24,1752.39
1822,Diego Romero,Tablet,Centro,57.0,$702.36,2025-03-20,1409.32
4572,Luis Hernandez,Tablet,norte,25.0,sin dato,2026-02-16,1556.73
588,Luis Hernandez,Escritorio,Sur ,28.0,1016.97,31/03/2026,1462.76
1761,Miguel Flores,Teclado,Occidente,29.0,$981.31,02/04/2025,1752.89
5078,Ana Garcia,Monitor,Occidente,27.0,$905.27,2024-03-11,1271.02
5346,Miguel Flores,Tablet,Norte,49.0,796.05,21/03/2025,1294.27
8569,Ana Garcia,Monitor,occidente,63.0,$272.66,Junio 4 2024,1574.44
9805,Alejandro Diaz,SILLA,Norte,46.0,879.21,09-05-2025,1168.17
4501,Andres Ortiz,Escritorio,Centro,60.0,688.50,16/11/2025,1772.52
5484,Camila Reyes,IMPRESORA,Norte,22.0,1233.73,23/07/2025,1500.29
2991,Jorge Morales,Laptop,Occidente,30.0,$695.50,Mayo 8 2026,1469.94
9555,Jorge Morales,Teclado,Sur,50.0,616.99,2025-08-10,1523.27
5515,Paola Rios,Silla,Occidente,54.0,"$1,149.57",20/12/2025,1968.32
8150,Ana Garcia,Bocina,Sur,11.0,"$1,012.41",,1848.5
8085,Andres Ortiz,Bocina,CENTRO,50.0,$732.06,06/11/2024,1100.81
9135,Laura Sanchez,Escritorio,Norte,47.0,779.34,,1206.29
5554,Fernanda Castro,Teclado,sur,45.0,"$1,386.83",2024-07-12,1559.94
3558,Sofia Torres,Mouse,SUR,47.0,589.62,2024-10-02,1693.74
1396,Ricardo Vargas,Tablet,Centro,35.0,314.06,15/01/2025,1545.52
265,Pedro Aguilar,Escritorio,Sur,,$-732.65,Diciembre 30 2024,1323.17
7645,Maria Lopez,Bocina,Centro,335.0,1287.71,04-27-2026,897.91
3548,Alejandro Diaz,TABLET,centro,32.0,sin dato,2025-02-20,1213.15
6845,Carlos Ramirez,Silla, Norte,11.0,1529.98,09-05-2025,904.35
8130,Maria Lopez,Monitor,,29.0,$970.12,2026-01-15,943.31
6789,Laura Sanchez,Impresora,Norte,29.0,$500.58,2025-12-28,1985.96
3070,Luis Hernandez,Impresora, Norte,29.0,"$1,001.60",02/07/2024,2043.98
7550,Diego Romero,Escritorio,Occidente,45.0,1147.34,12-15-2025,801.34
5026,Maria Lopez,LAPTOP, Sur,59.0,"$1,526.86",24/09/2024,945.44
8643,Isabel Guzman,Monitor,OCCIDENTE,30.0,636.74,07-03-2025,1157.58
3865,Fernanda Castro,TABLET,Centro,41.0,723.10,2025-01-21,1463.07
9342,Jose Martinez,Teclado,sur,43.0,806.98,04-21-2024,1398.71
2401,Ana Garcia,Laptop,Occidente,15.0,$-484.20,20/09/2024,1380.45
6275,Ricardo Vargas,Laptop,Sur,53.0,1179.40,11/01/2026,1449.34
8733,Miguel Flores,Mouse,Norte,51.0,1165.18,18/02/2025,2100.59
3712,Pedro Aguilar, Mouse,Sur,40.0,$579.14,27/06/2024,1132.16
247,Diego Romero,Teclado,Norte,51.0,288.92,30/06/2025,1048.45
1595,Valeria Mendoza,Escritorio, Norte,34.0,859.77,2025-06-14,1656.06
9973,Fernanda Castro,Escritorio,Centro,22.0,940.25,Octubre 15 2024,380.61
1530,Isabel Guzman,Impresora,Centro,33.0,905.99,Marzo 18 2026,943.02
8469,Valeria Mendoza,Bocina,Sur,46.0,$197.70,Junio 11 2026,953.2
924,Maria Lopez,Monitor,Centro,166.0,"$1,466.50",24/12/2024,1501.97
8048,Isabel Guzman,Impresora,Sur,42.0,"$1,242.75",Septiembre 8 2024,1642.57
7330,Laura Sanchez,Laptop, Occidente,20.0,sin dato,Junio 27 2025,804.58
4365,Ricardo Vargas, Mouse,Centro,36.0,1642.62,04-11-2024,827.54
670,Maria Lopez,Mouse,Norte,37.0,$713.88,32/13/2026,1588.95
3605,Isabel Guzman,Teclado,occidente,14.0,891.33,01-27-2024,1240.65
5109,Sofia Torres,Escritorio,Sur,58.0,339.02,2026-06-11,1203.48
1911,Luis Hernandez,TECLADO,Occidente,42.0,638.16,25/07/2025,1119.74
7277,Carlos Ramirez,Laptop,?,44.0,$906.69,Enero 17 2024,1201.54
8590,Camila Reyes,Monitor,Sur,29.0,792.41,2024-12-24,1075.34
5249,Isabel Guzman,Tablet,Sur,29.0,711.36,Diciembre 13 2024,1323.83
7184,Sofia Torres,LAPTOP,Centro,41.0,881.88,2024-04-17,1327.15
3959,Luis Hernandez,Laptop,Centro,30.0,"$1,182.60",02/07/2024,98000.0
6958,Isabel Guzman,Teclado,Occidente,50.0,"$1,202.75",18/02/2025,1160.69
6027,Daniela Cruz,Monitor,Sur,37.0,834.85,Junio 4 2026,613.33
5644,Andres Ortiz,Silla,Sur,26.0,743.25,17/12/2024,1392.71
2697,Maria Lopez,Silla,centro,33.0,"$1,055.73",06-12-2026,1151.21
2592,Miguel Flores,BOCINA,Occidente,41.0,874.90,2025-09-28,862.14
5907,Jorge Morales, Laptop,Occidente,26.0,$631.44,Marzo 1 2024,1365.58
1782,Sofia Torres,TABLET,Sur,-4.0,$348.41,Julio 20 2024,1325.82
6510,Ana Garcia,Escritorio,Centro ,43.0,"$1,074.70",2024-01-11,905.85
3014,Valeria Mendoza,Tablet,Sur,40.0,$345.14,Febrero 1 2026,1181.34
7134,Alejandro Diaz,Camara,SUR,-9.0,$894.04,Octubre 11 2025,2080.67
2308,Jose Martinez,TECLADO, Occidente,35.0,1148.17,11-05-2024,1727.37
7753,Laura Sanchez,Tablet,Centro,53.0,453.13,2026-06-05,125000.0
3691,Daniela Cruz,Bocina,Centro,54.0,$289.25,Junio 10 2026,813.16
688,Ricardo Vargas,Silla,Occidente,52.0,$735.84,2024-11-26,1658.98
6012,Diego Romero,Bocina,Centro ,17.0,$676.00,Octubre 13 2025,1636.28
7072,Diego Romero,Teclado,Sur ,49.0,$560.83,Agosto 3 2025,1015.62
613,Diego Romero, Laptop,NORTE,41.0,872.84,05-24-2025,1179.79
9543,Carlos Ramirez,Silla,occidente,38.0,672.85,12/09/2025,1233.1
7168,Valeria Mendoza,Laptop, Centro,40.0,498.99,10-13-2024,1249.34
8144,Fernanda Castro,Mouse,CENTRO,38.0,"$1,126.28",Octubre 17 2024,1181.03
3201,Isabel Guzman,Silla,Norte,41.0,$953.80,2025-05-04,1392.82
2268,Valeria Mendoza,Teclado,Occidente,18.0,$970.57,Octubre 10 2025,1339.68
2895,Carlos Ramirez,Silla,Occidente,52.0,sin dato,08/01/2026,1722.71
6630,Carlos Ramirez,Teclado,norte,21.0,721.02,19/01/2024,1038.46
4136,Pedro Aguilar,Tablet,occidente,59.0,1076.38,,1800.77
1899,Valeria Mendoza,BOCINA,Sur,27.0,907.74,Enero 12 2026,1315.67
9814,Alejandro Diaz,Silla,Centro,42.0,492.37,13/03/2026,1655.89
283,Andres Ortiz,Laptop,Sur,35.0,$977.90,Marzo 30 2025,1607.33
259,Jose Martinez,Silla,?,25.0,335.04,09-20-2025,1515.44
2925,Daniela Cruz,Mouse,Occidente,56.0,1332.66,2024-02-25,1321.66
9704,Valeria Mendoza,Escritorio,CENTRO,51.0,855.23,20/04/2025,1538.83
4944,Alejandro Diaz,Camara,Norte,66.0,822.37,08-01-2024,1912.27
2823,Maria Lopez,Mouse,Norte ,,828.43,10-14-2025,1789.65
6530,Sofia Torres,Escritorio, Norte,27.0,$952.85,Febrero 11 2026,1490.98
3340,Alejandro Diaz,Camara,Centro,48.0,$806.89,07/07/2024,1228.18
3526,Laura Sanchez,Tablet,Norte,41.0,1166.75,Octubre 24 2025,869.62
4564,Jose Martinez,LAPTOP,occidente,20.0,618.05,04-08-2026,1424.12
9947,Andres Ortiz,Silla,,33.0,"$1,161.35",01/10/2025,1350.55
6698,Diego Romero,Laptop,CENTRO,51.0,"$1,468.87",22/03/2025,1822.26
5330,Jorge Morales,Monitor,Norte,30.0,$859.46,2024-12-23,1448.79
5224,Camila Reyes,Bocina, Norte,28.0,$835.44,2025-08-19,1392.69
2286,Camila Reyes, Laptop,Centro,38.0,$522.31,Enero 5 2025,1323.41
6064,Luis Hernandez,Mouse,Sur,31.0,976.04,,1139.88
4655,Maria Lopez,Mouse,Occidente,,614.89,13/12/2025,1825.22
5001,Jose Martinez,Laptop,OCCIDENTE,53.0,$398.17,05/01/2024,1538.22
6711,Carlos Ramirez,Escritorio,NORTE,37.0,$681.41,03-23-2024,1825.52
9602,Daniela Cruz,Laptop, Norte,38.0,$877.42,07-29-2024,1706.97
7765,Jorge Morales,Camara,SUR,47.0,911.51,23/07/2025,792.88
485,Jorge Morales,Monitor, Norte,,"$1,606.13",2024-01-05,1489.32
2212,Diego Romero,Tablet,Norte,20.0,1361.84,Septiembre 24 2024,2059.48
5417,Miguel Flores,Silla,Occidente,26.0,706.54,25/11/2024,1411.59
9242,Laura Sanchez,Monitor,Centro,60.0,1120.55,Marzo 31 2025,1460.65
2556,Maria Lopez,Escritorio,norte,44.0,1113.76,2026-04-30,1027.12
8,Andres Ortiz,Monitor,norte,35.0,"$1,007.16",01-14-2024,1287.56
3658,Isabel Guzman,Escritorio,Norte ,34.0,$929.68,06-27-2024,2165.7
6412,Daniela Cruz,Mouse,sur,59.0,961.42,31/10/2024,1478.15
9437,Luis Hernandez,Escritorio,Occidente,,864.20,2024-12-11,1818.0
4875,Jose Martinez,Impresora,Occidente,43.0,"$1,010.87",11/04/2024,1105.19
4403,Miguel Flores,Mouse,Sur,53.0,$698.53,2024-05-28,1177.86
9181,Alejandro Diaz,Bocina,Centro,49.0,"$1,138.27",08-29-2025,1362.32
5547,Jose Martinez,Escritorio,Norte,19.0,$413.19,2025-06-18,403.44
5298,Andres Ortiz,Mouse,Norte,42.0,1102.58,2025-03-09,1687.46
2427,Jose Martinez,Escritorio,SUR,43.0,$609.90,03-06-2025,595.08
6745,Alejandro Diaz,Teclado,Centro,24.0,827.00,2024-10-05,995.27
1815,Alejandro Diaz,Monitor,Centro,35.0,1059.88,2026-06-04,1843.74
7604,Laura Sanchez,Teclado,Occidente,31.0,$646.20,08/03/2026,1700.54
6823,Pedro Aguilar,Monitor,Sur,17.0,sin dato,14/12/2024,1101.57
7755,Jose Martinez,Laptop, Occidente,45.0,764.44,Marzo 2 2026,1578.87
2275,Jose Martinez, Escritorio,Centro,38.0,$554.26,32/13/2026,1913.14
1012,Diego Romero,Mouse,Occidente,28.0,691.17,14/04/2024,1228.6
1578,Diego Romero,Camara,,27.0,483.17,04-30-2026,1073.92
7265,Paola Rios,Mouse,sin informacion,45.0,$293.27,2025-04-10,1341.6
1068,Fernanda Castro,Mouse, Centro,38.0,931.04,2025-11-25,1568.72
1992,Daniela Cruz,Mouse,OCCIDENTE,41.0,1135.50,Marzo 25 2025,1108.5
3971,Jorge Morales,Tablet, Centro,30.0,$529.48,Noviembre 17 2024,998.69
9343,Daniela Cruz,Teclado,CENTRO,36.0,$-770.79,2025-09-12,1496.14
5880,Ana Garcia,Escritorio,SUR,25.0,880.94,Abril 2 2025,1106.8
8677,Diego Romero,Laptop,Occidente,27.0,$694.51,29/05/2025,1808.33
4543,Isabel Guzman,Silla,sur,54.0,923.87,2025-03-16,1659.12
9604,Laura Sanchez,Escritorio,Centro,46.0,587.10,Septiembre 30 2024,1766.09
7194,Alejandro Diaz,Escritorio,sur,39.0,567.26,15/08/2025,1849.42
3868,Camila Reyes,Escritorio,Centro,31.0,988.92,06-09-2026,664.12
9695,Maria Lopez,Impresora,Occidente,19.0,1171.98,2024-04-30,1739.36
6824,Maria Lopez,Silla,Norte,50.0,sin dato,11-05-2024,1132.86
3049,Jose Martinez,Monitor,Centro,54.0,"$1,007.63",2025-01-22,1429.64
7549,Jorge Morales, Laptop,Centro,51.0,$548.56,Noviembre 10 2025,1286.48
782,Fernanda Castro,Silla,centro,62.0,839.19,29/05/2024,1683.03
6748,Jose Martinez,Impresora,Centro ,45.0,843.91,10-29-2025,1210.12
2676,Ricardo Vargas,Mouse,sur,19.0,$576.11,32/13/2026,1110.0
1750,Valeria Mendoza,Monitor,Occidente,10.0,$807.63,2024-03-03,1529.77
6223,Andres Ortiz,Escritorio,Sur ,45.0,"$1,155.25",12-10-2024,1404.23
8313,Daniela Cruz,BOCINA,centro,39.0,$734.38,2025-12-31,1546.89
2792,Jose Martinez,Bocina,Centro,34.0,$891.99,2025-03-28,1352.91
6520,Ana Garcia,Silla,occidente,49.0,$736.94,Abril 17 2026,1538.59
5775,Jorge Morales, Mouse,sin informacion,36.0,$979.21,11/02/2024,1486.26
6358,Ana Garcia,Silla,sin informacion,38.0,$-996.51,2025-03-11,1419.42
4980,Fernanda Castro,Laptop,norte,16.0,"$1,021.96",Diciembre 2 2024,1422.64
8086,Maria Lopez,Mouse, Centro,53.0,955.82,Marzo 23 2026,1423.19
1092,Daniela Cruz,Teclado,Occidente,45.0,"$1,443.65",23/11/2025,1127.98
6527,Ana Garcia,Impresora, Centro,24.0,380.65,31/10/2025,1694.57
8554,Daniela Cruz,Camara,CENTRO,50.0,$-433.16,32/13/2026,1789.25
4628,Jose Martinez,ESCRITORIO,Sur,38.0,"$1,062.59",Noviembre 20 2025,1081.55
2325,Valeria Mendoza,TABLET,sur,30.0,"$1,088.80",Junio 3 2024,1344.07
6535,Pedro Aguilar,Tablet,Occidente ,41.0,$921.59,11/12/2025,1329.19
9239,Fernanda Castro,Tablet,Centro,45.0,$719.09,08-22-2024,1509.65
5056,Isabel Guzman,Bocina,Norte,43.0,727.97,07/07/2025,1298.06
2609,Paola Rios,Mouse,Norte,40.0,"$1,118.11",2025-12-23,1417.87
9290,Carlos Ramirez,Camara,Norte ,39.0,sin dato,2025-04-04,1345.54
2291,Miguel Flores,Escritorio,Sur,45.0,$842.35,Septiembre 25 2025,902.55
1728,Ricardo Vargas,Bocina, Norte,41.0,"$1,441.30",Mayo 13 2025,1358.46
611,Camila Reyes,Mouse,Sur,29.0,"$1,255.93",Noviembre 1 2025,1503.03
7818,Paola Rios,Impresora,SUR,37.0,"$1,613.07",06-07-2025,1605.99
4667,Sofia Torres,TECLADO,norte,30.0,$870.43,09-18-2024,1701.68
6076,Ana Garcia,Impresora,Centro,34.0,1096.86,2025-01-23,1664.72
5414,Alejandro Diaz,Monitor,Norte,55.0,"$1,270.76",2024-05-27,1230.45
344,Paola Rios,Escritorio,sur,39.0,1025.60,2026-05-19,1615.54
4684,Luis Hernandez,Teclado,Occidente ,55.0,$632.22,01-17-2026,1621.51
9046,Diego Romero,Laptop,Norte,32.0,$627.23,17/12/2024,1781.63
3751,Ricardo Vargas,Impresora,Centro,49.0,254.26,11/06/2026,1265.19
8700,Camila Reyes,Laptop,Occidente,39.0,541.74,2025-04-18,1185.86
9585,Diego Romero,Teclado,centro,372.0,"$1,443.51",Octubre 27 2025,1869.69
6000,Luis Hernandez,Tablet,Centro,19.0,$398.84,Diciembre 23 2024,1465.09
3216,Carlos Ramirez,Teclado,Sur,38.0,1689.08,2026-05-02,125000.0
98,Andres Ortiz,Monitor,Occidente,64.0,$526.87,17/01/2025,1609.82
7869,Fernanda Castro,Escritorio,Centro,38.0,$976.17,30/01/2026,1102.58
8169,Jorge Morales,Camara,Occidente,33.0,$956.71,Octubre 28 2024,1271.55
5177,Laura Sanchez,Bocina,?,30.0,1133.42,2024-11-29,1089.12
7280,Paola Rios,LAPTOP,norte,240.0,864.68,32/13/2026,1448.9
6166,Andres Ortiz,Laptop,Sur,34.0,$801.34,06-02-2024,982.1
1538,Maria Lopez,Mouse,Occidente,44.0,774.16,Febrero 17 2024,1553.09
3589,Andres Ortiz,Monitor,NORTE,40.0,531.91,2024-10-15,827.58
7904,Pedro Aguilar,Silla,,37.0,884.57,Junio 16 2026,1426.98
6986,Alejandro Diaz, Impresora,occidente,54.0,$491.89,03/09/2025,1734.32
3649,Pedro Aguilar,Bocina,Norte,32.0,790.16,07-16-2025,1679.37
2658,Carlos Ramirez,IMPRESORA,Occidente,41.0,874.60,17/04/2024,701.86
8049,Valeria Mendoza,Camara,Sur,34.0,1070.83,2025-12-05,644.04
1518,Ana Garcia,Teclado, Occidente,22.0,"$1,164.07",Febrero 28 2026,1248.03
5062,Fernanda Castro,Monitor,Norte,36.0,299.56,Enero 29 2026,1779.6
9627,Miguel Flores,Escritorio,Centro,28.0,"$1,094.90",31/07/2024,1566.87
4625,Miguel Flores,Monitor,Sur,27.0,"$1,233.03",08-05-2025,1818.73
4273,Isabel Guzman,Silla,Centro,35.0,801.41,2024-04-24,1843.45
3670,Laura Sanchez,Impresora,Sur,32.0,745.70,,1005.86
6567,Maria Lopez,Monitor,Sur,45.0,$662.28,12/05/2024,1467.4
5801,Maria Lopez,Mouse,NORTE,54.0,$53.56,04-13-2025,1716.33
2091,Alejandro Diaz,Impresora,CENTRO,52.0,474.92,23/11/2025,1134.53
7098,Maria Lopez, Bocina,Sur,20.0,"$1,132.20",19/03/2025,1558.07
6172,Sofia Torres,Camara,Centro,30.0,$769.11,05-22-2025,1430.2
7522,Pedro Aguilar,Silla,Sur,30.0,$626.24,2024-01-07,1242.86
573,Carlos Ramirez,Monitor,Sur,-7.0,$937.54,02/09/2024,1473.56
7741,Maria Lopez,Bocina,Norte,52.0,1018.61,24/12/2024,1942.5
9844,Jose Martinez,SILLA,Occidente,38.0,264.75,10/11/2024,1343.2
4689,Ana Garcia,Mouse,Centro ,13.0,816.07,05-29-2025,965.3
9344,Sofia Torres,Tablet,Norte,42.0,$814.26,Mayo 25 2024,1392.95
3063,Miguel Flores,Impresora,,63.0,$851.18,2025-04-22,872.51
598,Diego Romero,TECLADO, Centro,59.0,276.42,Diciembre 18 2025,1124.12
6471,Ana Garcia,Laptop,Occidente,45.0,$647.21,22/09/2024,1654.68
7161,Ana Garcia,Impresora,Norte,8.0,"$1,365.54",11-05-2024,1800.6
6634,Valeria Mendoza,Tablet,Sur,56.0,$-291.51,17/05/2025,1401.11
8740,Daniela Cruz,BOCINA,occidente,33.0,858.18,2026-05-02,906.26
7876,Fernanda Castro,LAPTOP,SUR,,989.72,26/01/2024,1716.39
4725,Carlos Ramirez,Bocina,Norte,53.0,1321.67,Abril 21 2025,1410.4
7346,Carlos Ramirez,Tablet, Norte,54.0,$918.90,17/03/2024,2307.75
6305,Sofia Torres,Escritorio, Sur,32.0,352.22,2024-04-18,1199.86
425,Daniela Cruz,Monitor,occidente,53.0,sin dato,Julio 10 2025,1336.11
9721,Camila Reyes,Monitor,Centro,57.0,1017.25,Mayo 28 2026,934.19
9891,Ricardo Vargas,Monitor,Norte,45.0,1174.92,08/03/2026,1622.94
4480,Paola Rios,Camara,Occidente,25.0,"$1,012.35",02-05-2026,732.87
4949,Carlos Ramirez,Mouse,centro,55.0,$50.00,04-19-2026,1509.66
5977,Isabel Guzman,Camara,Norte,-1.0,849.12,01-07-2024,1570.83
371,Sofia Torres,Monitor,centro,29.0,1209.08,2024-11-10,1298.19
1939,Pedro Aguilar,Escritorio,Sur,26.0,$923.14,2024-07-18,1543.95
2353,Valeria Mendoza,Silla,OCCIDENTE,54.0,$544.19,2025-06-16,1264.38
7128,Jose Martinez,Teclado,Sur,51.0,475.42,10/05/2026,1042.84
1754,Miguel Flores,Escritorio, Norte,48.0,"$1,178.74",Diciembre 7 2024,1513.27
3671,Maria Lopez,Tablet,Centro,47.0,$902.43,04-24-2024,1734.92
7299,Daniela Cruz,Laptop,Occidente ,44.0,1376.08,01/03/2026,1647.29
3653,Daniela Cruz,Bocina,OCCIDENTE,18.0,"$1,090.40",05/05/2024,125000.0
5202,Daniela Cruz,Tablet,Centro,34.0,$888.89,02-09-2024,785.05
8294,Ana Garcia,Teclado,Sur,42.0,$533.67,08/09/2025,1751.67
2362,Diego Romero,LAPTOP,Norte,44.0,1046.02,2025-05-19,1331.59
4261,Laura Sanchez,Tablet,Norte,24.0,957.37,Febrero 26 2025,852.54
5433,Sofia Torres,Laptop,Norte,60.0,"$1,078.35",12/09/2024,2105.05
6286,Pedro Aguilar,Teclado, Norte,25.0,"$1,066.30",Febrero 15 2025,1715.87
4992,Paola Rios,BOCINA,Occidente,34.0,607.06,2025-12-19,1036.05
8099,Luis Hernandez,Escritorio,Norte,26.0,603.79,2026-05-30,1401.36
9745,Paola Rios,Mouse,sur,26.0,$474.51,08-28-2025,1210.51
3738,Paola Rios,Escritorio,NORTE,43.0,sin dato,28/12/2025,1041.25
8014,Jorge Morales,Monitor,occidente,21.0,543.90,12-23-2025,1182.21
8813,Ricardo Vargas, Bocina,Occidente,18.0,661.93,Febrero 10 2026,1987.28
9193,Alejandro Diaz,Teclado,Centro ,38.0,$694.87,12-15-2024,1146.31
8989,Ana Garcia, Escritorio,occidente,28.0,1141.95,Mayo 4 2024,1693.74
5592,Ricardo Vargas,BOCINA,Centro,45.0,1099.15,,969.57
1172,Fernanda Castro, Tablet,CENTRO,34.0,880.72,08-10-2024,1817.82
7371,Diego Romero,BOCINA,Occidente,39.0,"$1,172.40",23/05/2024,1826.91
7928,Carlos Ramirez,Silla, Sur,48.0,317.01,07-09-2024,1314.86
9896,Diego Romero,Teclado,Sur,42.0,sin dato,Agosto 25 2024,1104.32
8383,Daniela Cruz,Monitor,Norte,30.0,sin dato,06/06/2024,922.58
1423,Ricardo Vargas,Camara,Occidente,48.0,1179.70,07/10/2025,1540.65
6783,Miguel Flores,Monitor,norte,32.0,$562.53,19/09/2024,1078.35
9725,Carlos Ramirez,Teclado,Norte,33.0,684.12,04-17-2025,1417.12
9042,Luis Hernandez,Tablet,Sur,39.0,$978.50,10/06/2024,1051.66
6107,Ana Garcia,Bocina,norte,46.0,"$1,081.89",Abril 28 2025,1643.08
9628,Isabel Guzman,Laptop,NORTE,49.0,$680.84,02-18-2024,1325.83
8348,Carlos Ramirez,Monitor,Centro,37.0,1359.65,2026-06-02,996.55
6340,Fernanda Castro,Mouse,Norte ,44.0,$703.50,32/13/2026,1224.45
7701,Paola Rios,Teclado,Occidente,19.0,415.13,04-25-2024,1874.38
9712,Isabel Guzman,Laptop,Centro,24.0,"$1,291.70",2025-12-04,1306.89
875,Andres Ortiz,Impresora,Norte,52.0,"$1,307.70",Abril 24 2024,982.29
2298,Jorge Morales,Tablet,norte,39.0,724.96,03-24-2024,1004.2
2644,Jorge Morales, Mouse,sur,21.0,544.50,08-09-2025,1315.43
8026,Isabel Guzman,Camara,occidente,34.0,1260.41,02-25-2025,709.74
1720,Paola Rios,Teclado,Sur,63.0,926.74,,1098.49
5348,Jorge Morales,Impresora,Centro,47.0,821.40,2024-09-28,1025.98
5933,Sofia Torres, Escritorio,Occidente,41.0,$115.76,Diciembre 23 2024,1191.48
841,Carlos Ramirez,Tablet,OCCIDENTE,26.0,$-932.60,Octubre 4 2024,2256.1
3134,Luis Hernandez,Silla,Sur,30.0,716.30,2025-10-31,1434.16
582,Camila Reyes,Mouse,Sur,18.0,870.88,Diciembre 13 2025,1771.65
205,Jorge Morales,Escritorio,Sur,66.0,"$1,004.12",Septiembre 24 2025,1101.28
7897,Alejandro Diaz,Mouse,OCCIDENTE,60.0,$888.16,Junio 30 2024,1396.77
1642,Luis Hernandez,Escritorio,Occidente,36.0,sin dato,04-19-2025,1289.22
2015,Fernanda Castro,TABLET,Centro,41.0,"$1,201.38",Febrero 24 2025,1126.66
3254,Miguel Flores, Escritorio,Norte,24.0,"$1,069.96",32/13/2026,1484.18
8035,Camila Reyes,LAPTOP,centro,49.0,864.81,05/01/2025,1861.28
906,Valeria Mendoza,Bocina,Occidente,301.0,$891.98,2024-10-28,1677.86
632,Sofia Torres,Mouse,Occidente,24.0,$809.73,2026-04-05,1428.83
9272,Luis Hernandez,Laptop,Centro,31.0,$887.50,18/03/2024,979.76
8595,Jose Martinez,Bocina,Norte,28.0,377.42,2026-06-08,467.18
1975,Ricardo Vargas,Impresora,SUR,,$629.24,Marzo 26 2025,1442.53
163,Daniela Cruz, Impresora,Occidente,21.0,1239.05,2025-10-02,864.75
4999,Andres Ortiz,Impresora,centro,27.0,$819.14,18/03/2025,1888.29
1244,Jorge Morales,Mouse,Sur,45.0,366.88,2024-11-03,1754.73
9732,Maria Lopez,Impresora, Norte,12.0,447.10,Enero 3 2026,1203.44
9072,Luis Hernandez,Mouse,Centro,36.0,395.32,Junio 21 2024,870.64
4714,Jorge Morales,Bocina,Occidente,57.0,341.22,Agosto 3 2024,1858.98
876,Paola Rios,Teclado,Occidente,21.0,$993.90,Enero 31 2026,1151.29
1432,Jose Martinez,Monitor,SUR,39.0,791.79,26/10/2024,1352.46
9148,Miguel Flores,Bocina,Norte ,42.0,sin dato,2025-01-01,1846.13
6869,Valeria Mendoza,Camara,Centro,44.0,"$1,260.24",17/06/2026,1582.97
4644,Luis Hernandez,Laptop, Sur,7.0,1108.07,,1164.0
5081,Sofia Torres,Impresora,norte,33.0,"$-1,341.32",Noviembre 12 2024,1311.3
5784,Pedro Aguilar,Tablet, Occidente,38.0,"$1,022.97",15/07/2024,1519.86
9737,Laura Sanchez,Mouse, Centro,39.0,$429.11,,1928.63
7711,Carlos Ramirez,Escritorio,Norte ,31.0,601.47,06-15-2024,640.66
7737,Jose Martinez,Impresora,Centro,21.0,sin dato,21/09/2024,1292.59
8117,Maria Lopez,Monitor,Norte,52.0,"$1,131.62",2025-07-14,1076.64
7532,Diego Romero,Impresora,centro,60.0,684.69,2025-04-15,1031.65
8361,Jose Martinez,Impresora,Norte,37.0,"$1,054.10",2024-08-30,1328.92
8226,Diego Romero,Impresora,Sur,54.0,$684.97,Marzo 9 2025,1075.46
9719,Ricardo Vargas,Monitor,CENTRO,36.0,1455.43,03/01/2026,1255.6
2857,Ricardo Vargas,Monitor,Sur,36.0,1278.76,25/05/2025,1551.97
1862,Carlos Ramirez,Tablet,sur,37.0,sin dato,Julio 28 2024,1397.07
2660,Jose Martinez,Teclado,Occidente,45.0,688.58,2024-07-21,1357.75
3385,Diego Romero, Monitor, Norte,47.0,$668.88,2024-10-26,1766.88
9850,Jorge Morales,Laptop, Norte,43.0,546.08,2026-02-25,1699.99
6232,Fernanda Castro,Tablet,Occidente,51.0,764.96,10-13-2024,1705.47
8386,Ricardo Vargas,Silla,Centro,47.0,$774.35,19/09/2024,1548.47
9049,Daniela Cruz,Tablet,norte,55.0,892.51,01/03/2025,1760.49
7463,Laura Sanchez,Laptop,Sur,43.0,251.69,Marzo 27 2025,1254.86
6887,Alejandro Diaz,IMPRESORA,NORTE,37.0,"$1,231.64",Mayo 3 2024,2044.6
4734,Carlos Ramirez,Monitor,occidente,59.0,1460.76,Junio 16 2026,1841.27
3332,Alejandro Diaz,Bocina,Centro,-6.0,sin dato,08-11-2024,1903.38
9276,Andres Ortiz,Camara,centro,46.0,649.84,04-06-2024,1157.74
7750,Pedro Aguilar, Laptop,,47.0,1157.54,Enero 31 2024,1687.44
8893,Andres Ortiz,Monitor,CENTRO,58.0,"$1,313.56",01/08/2025,1602.4
6405,Camila Reyes,Camara,Centro,42.0,1005.65,07-19-2025,1524.23
8592,Daniela Cruz,Mouse,Occidente,61.0,885.04,2025-11-13,1073.51
9747,Laura Sanchez, Teclado,Occidente,39.0,sin dato,17/09/2025,742.35
7061,Jorge Morales,SILLA, Norte,25.0,$997.57,2025-05-08,1450.04
2097,Isabel Guzman,Mouse,Norte,45.0,424.14,21/09/2025,1588.73
2004,Jorge Morales,Monitor,Norte,39.0,981.51,Julio 29 2025,1125.76
8654,Luis Hernandez,SILLA,Sur ,38.0,1260.49,Mayo 27 2024,1224.5
8000,Jose Martinez,Escritorio,Sur,32.0,1037.51,03-13-2024,1999.51
9014,Daniela Cruz,Silla,Occidente,30.0,sin dato,Mayo 3 2024,1560.71
4677,Ricardo Vargas,Laptop,Centro,56.0,$390.11,2024-05-16,1716.39
5018,Paola Rios,Escritorio,Occidente,26.0,$773.85,04/05/2026,1233.65
7470,Jose Martinez,Bocina,Occidente,22.0,668.87,2025-11-29,1630.35
547,Daniela Cruz,Camara,Sur,30.0,"$1,103.86",Agosto 3 2024,1148.33
1450,Maria Lopez,Camara,Occidente,53.0,584.60,Octubre 26 2025,891.38
3987,Sofia Torres,Teclado,Centro,42.0,$820.79,06-05-2024,1048.5
6901,Ana Garcia,TABLET,,29.0,$865.77,2025-02-14,1599.38
2611,Pedro Aguilar,Camara,SUR,35.0,$874.32,02-21-2024,1265.21
1901,Paola Rios, Tablet,Norte,20.0,996.18,Marzo 19 2024,761.37
3921,Isabel Guzman,Teclado,Norte,58.0,1078.81,32/13/2026,642.41
2758,Fernanda Castro,Teclado,centro,47.0,1055.81,30/01/2026,1640.05
6125,Maria Lopez,Monitor,Sur,26.0,1465.43,2024-03-26,1326.31
7798,Maria Lopez,Mouse,Sur,37.0,sin dato,02-05-2024,2156.49
6398,Jose Martinez,Impresora,Norte,44.0,$531.44,2026-02-03,920.86
1886,Jose Martinez,MONITOR,sur,37.0,$540.76,,1558.46
766,Diego Romero,Bocina,Norte,45.0,662.88,13/08/2025,1719.13
5739,Laura Sanchez,Escritorio,,43.0,$313.50,Diciembre 29 2025,796.1
9753,Diego Romero,MONITOR,Sur,41.0,$932.30,12-14-2025,1912.85
5891,Valeria Mendoza,Monitor,Centro,35.0,831.84,2025-02-19,1253.41
2098,Alejandro Diaz,Teclado,Sur,49.0,1429.50,2025-03-31,1289.27
9564,Pedro Aguilar,Silla,Centro,23.0,488.76,2025-09-14,1479.52
5693,Alejandro Diaz,Monitor,centro,48.0,$795.53,2026-05-17,1606.92
500,Daniela Cruz,Camara,Occidente,29.0,$478.62,2024-03-22,1359.82
5625,Laura Sanchez,Escritorio,Sur,43.0,678.14,2024-07-01,988.83
837,Camila Reyes,Impresora,Occidente ,23.0,$705.99,08/07/2025,1323.96
3472,Valeria Mendoza,TABLET,Occidente,58.0,"$1,368.87",Marzo 2 2025,981.71
4698,Luis Hernandez,TECLADO,Occidente,41.0,$524.24,Abril 9 2024,1267.53
6281,Ana Garcia,Monitor, Sur,20.0,893.54,10/05/2025,1101.43
9267,Paola Rios,Bocina,Centro,41.0,878.19,Marzo 23 2025,1044.16
2172,Valeria Mendoza,Camara,occidente,36.0,515.20,Julio 29 2025,647.39
9506,Miguel Flores,Mouse,sur,48.0,$757.62,04-19-2026,1855.49
5679,Fernanda Castro,Mouse,Norte,34.0,"$1,014.71",2024-06-18,1752.91
9458,Fernanda Castro,Escritorio,Occidente,32.0,1091.35,05/12/2024,1809.1
399,Carlos Ramirez,Teclado,norte,72.0,$604.36,Diciembre 15 2025,1479.05
2011,Jorge Morales,Monitor,Sur,27.0,422.07,Enero 9 2026,1083.51
5167,Valeria Mendoza,Tablet,SUR,43.0,746.61,2026-02-26,1753.7
5872,Jorge Morales,Mouse,SUR,30.0,"$1,316.32",03/12/2024,1429.35
5862,Ricardo Vargas,Teclado,centro,58.0,652.28,12-25-2025,1687.82
1284,Camila Reyes,BOCINA,occidente,24.0,177.74,07-12-2025,1171.11
8637,Ana Garcia,Tablet,occidente,61.0,891.14,Agosto 13 2025,1715.22
2449,Diego Romero,Silla,Norte,52.0,455.37,10/04/2026,1174.26
4257,Sofia Torres,Camara,occidente,,sin dato,Diciembre 26 2024,1181.12
1837,Isabel Guzman,Bocina,Occidente,59.0,616.23,11-05-2025,1444.1
9885,Laura Sanchez,Silla,Norte,,"$1,061.21",,1586.48
1020,Maria Lopez,Silla,Occidente,42.0,$544.28,Diciembre 1 2025,1368.27
9136,Ana Garcia,Camara,,,664.78,02-01-2024,1626.83
5067,Paola Rios,Escritorio,norte,33.0,$969.03,2026-05-22,1797.07
1327,Andres Ortiz, Monitor,Norte,37.0,"$1,121.38",2025-07-14,1603.11
8060,Isabel Guzman,Laptop, Occidente,33.0,1052.12,31/03/2025,1741.17
476,Diego Romero, Monitor,Norte,47.0,$464.97,25/03/2025,1934.32
2811,Paola Rios,Monitor,Occidente,39.0,$534.74,06/04/2026,814.05
8889,Ricardo Vargas,Impresora,norte,26.0,1012.63,2025-05-30,1951.18
1652,Ana Garcia,MONITOR,Centro,34.0,848.55,Mayo 19 2025,1346.54
9900,Andres Ortiz, Silla,Sur ,44.0,1158.27,09/06/2024,1316.15
1170,Isabel Guzman,Bocina,SUR,27.0,$-50.00,32/13/2026,1398.58
2529,Luis Hernandez,Bocina,,45.0,582.48,2025-02-22,1665.19
1207,Paola Rios,IMPRESORA,SUR,23.0,$757.15,10/08/2025,1736.36
6257,Fernanda Castro,Teclado, Norte,41.0,998.05,2024-07-25,1572.43
9038,Diego Romero,MOUSE,Norte,48.0,$485.71,Diciembre 29 2025,1354.79
5470,Carlos Ramirez,Camara,occidente,36.0,sin dato,27/09/2024,1569.43
9661,Jose Martinez,Teclado,,-9.0,$834.46,23/08/2025,1579.33
7853,Laura Sanchez,Teclado,Occidente,48.0,$879.87,10-30-2025,1761.71
432,Valeria Mendoza,Impresora, Centro,36.0,$440.80,03-12-2026,1637.37
8201,Daniela Cruz,Mouse,occidente,21.0,$694.39,Julio 4 2024,1317.27
7872,Carlos Ramirez,Tablet,sur,68.0,716.26,02/06/2024,1198.26
868,Camila Reyes,Impresora,Sur,53.0,717.75,2025-04-03,1213.33
2975,Ana Garcia,Laptop,Occidente,19.0,806.38,2024-02-22,1263.11
5237,Ricardo Vargas,Monitor,Sur,40.0,$214.75,Mayo 24 2024,1324.06
5094,Pedro Aguilar,Silla,occidente,47.0,"$1,368.13",17/02/2026,1468.91
5434,Paola Rios,Silla,Centro,26.0,$609.92,Noviembre 17 2024,1543.73
542,Luis Hernandez,Tablet,Centro,49.0,$995.24,09/10/2025,1565.24
5196,Daniela Cruz,Bocina,sur,43.0,$618.38,19/08/2025,1095.29
1133,Diego Romero,Escritorio,Occidente,8.0,$885.04,2025-09-05,1296.7
3123,Jorge Morales,Impresora,Occidente,45.0,751.51,32/13/2026,1642.95
4502,Paola Rios,Silla,norte,41.0,1148.03,07/11/2025,1502.44
6355,Valeria Mendoza,TECLADO,Occidente,66.0,"$1,268.51",07-30-2025,1517.35
9611,Pedro Aguilar,MONITOR,SUR,57.0,sin dato,10-04-2024,1104.74
3391,Carlos Ramirez,Laptop,Centro,34.0,900.74,Diciembre 11 2024,1396.48
3889,Maria Lopez,Tablet,Sur,26.0,935.45,29/06/2025,1327.46
2963,Pedro Aguilar,Laptop,Sur,46.0,50.00,15/05/2026,1688.72
4156,Jose Martinez,Tablet,occidente,50.0,951.69,2024-12-27,1385.48
3260,Daniela Cruz,Escritorio,Centro,59.0,566.65,05/02/2025,1715.44
6303,Jose Martinez,Teclado,Sur,65.0,361.12,Mayo 20 2025,1396.7
6035,Laura Sanchez,Monitor,centro,41.0,$445.88,Septiembre 2 2025,1402.47
8298,Daniela Cruz,Mouse,Centro,16.0,"$1,167.58",Mayo 30 2024,562.25
7838,Andres Ortiz,Camara,Sur,,$841.33,12-17-2025,1181.29
3053,Diego Romero,MONITOR,Occidente,31.0,1024.82,02-03-2026,1011.76
2584,Andres Ortiz,Tablet,sur,50.0,$678.83,17/09/2025,978.38
2814,Pedro Aguilar,Tablet,Centro,27.0,$554.24,2024-09-15,1679.19
3960,Laura Sanchez,BOCINA,Occidente,26.0,$342.32,2025-02-12,1298.47
2948,Jorge Morales, Silla,Norte,51.0,1528.84,05-27-2026,1770.88
6644,Daniela Cruz,Silla,Norte,21.0,929.91,02-13-2024,2048.5
5175,Laura Sanchez,Escritorio,SUR,55.0,$859.62,23/01/2024,1251.84
6842,Alejandro Diaz,TECLADO,Sur,36.0,745.02,09/04/2026,1421.11
8544,Jorge Morales,Bocina,Occidente,22.0,$775.70,Febrero 16 2026,1837.67
7909,Maria Lopez,Escritorio,Occidente,33.0,$933.80,22/08/2025,867.61
7896,Luis Hernandez,Bocina,Norte,44.0,$773.45,,1238.18
3587,Jorge Morales,Escritorio,,48.0,468.18,2026-03-20,868.55
9503,Laura Sanchez,Tablet,norte,41.0,232.23,01-06-2026,1086.68
9772,Camila Reyes,Camara,?,38.0,"$1,000.90",2025-08-05,1902.25
2564,Daniela Cruz,Teclado,centro,31.0,824.11,Abril 1 2024,1211.59
2631,Isabel Guzman,Laptop,OCCIDENTE,36.0,1239.65,Julio 5 2025,1467.15
3191,Ana Garcia,BOCINA,Occidente,50.0,1147.40,2024-10-23,1307.37
2321,Luis Hernandez,Monitor,Occidente,60.0,$206.59,Diciembre 17 2025,2074.98
8149,Luis Hernandez,Monitor,Occidente,53.0,1042.12,Abril 11 2025,1298.76
5037,Isabel Guzman, Tablet,,54.0,$985.57,Octubre 20 2025,1387.49
1081,Isabel Guzman,Laptop,Centro,49.0,$696.71,2024-01-24,1146.76
4284,Daniela Cruz, Bocina,Centro,44.0,548.04,2024-11-07,1433.36
5892,Daniela Cruz,Teclado,sur,41.0,"$1,211.53",Marzo 29 2026,1608.22
7086,Alejandro Diaz,Mouse,Norte,30.0,$886.87,10/05/2025,1699.92
2086,Andres Ortiz,Bocina,Centro,22.0,745.92,2025-04-18,787.27
6346,Valeria Mendoza,Silla, Occidente,58.0,983.88,05-21-2026,1489.28
2453,Luis Hernandez, Camara,Norte,30.0,397.28,07-11-2025,1608.97
4967,Laura Sanchez,Monitor,Occidente,46.0,$761.21,2026-04-07,2259.93
2024,Ricardo Vargas,Bocina,Occidente,23.0,$944.26,2026-05-10,1416.18
8378,Luis Hernandez,Bocina,Centro,48.0,528.42,2026-05-15,1215.12
9256,Sofia Torres,Mouse, Centro,53.0,$655.37,2024-03-13,1003.23
7910,Luis Hernandez,Impresora,OCCIDENTE,34.0,914.57,,1954.56
8976,Maria Lopez,Silla,sin informacion,34.0,$826.49,10-05-2025,882.34
7322,Laura Sanchez,Teclado,Centro,38.0,"$1,156.67",09-15-2025,1202.12
227,Camila Reyes, Mouse,sur,47.0,328.02,22/08/2024,961.89
1014,Sofia Torres,Monitor, Centro,49.0,$728.47,Junio 13 2024,1547.1
6680,Paola Rios,Bocina,norte,,"$1,221.18",2024-02-24,1369.1
1930,Pedro Aguilar, Escritorio,Centro,41.0,$873.62,05/11/2025,1399.39
1044,Miguel Flores,Teclado,centro,23.0,$862.73,Mayo 2 2026,1442.58
5252,Daniela Cruz,Laptop,CENTRO,43.0,$516.74,2025-02-08,1868.37
1405,Jose Martinez,Camara,Sur,47.0,"$1,262.63",2024-05-21,1165.22
9314,Alejandro Diaz,IMPRESORA,occidente,31.0,666.15,Noviembre 25 2025,1717.78
2180,Jorge Morales,Bocina,Centro,37.0,sin dato,2026-02-16,1455.89
698,Ricardo Vargas,Escritorio,Sur,14.0,1091.31,2026-03-28,760.25
1125,Camila Reyes, Escritorio,Norte ,47.0,$496.49,04/03/2025,736.58
7379,Miguel Flores,Laptop,Norte,55.0,424.53,2025-07-10,1409.25
3896,Isabel Guzman,Bocina,Sur,32.0,$501.85,Marzo 9 2025,1431.49
8463,Andres Ortiz,Escritorio,CENTRO,29.0,"$1,017.35",16/01/2025,1635.05
5111,Paola Rios,Camara, Occidente,34.0,"$1,071.23",2024-12-12,1504.61
7903,Sofia Torres,Laptop,NORTE,35.0,$894.85,,1441.53
1779,Sofia Torres,Tablet,Occidente,35.0,1004.19,06-14-2024,1782.52
8236,Alejandro Diaz,Silla,Norte ,44.0,"$1,156.22",Agosto 16 2025,1334.56
2635,Luis Hernandez,Mouse,Norte,29.0,861.71,2025-12-15,1060.46
7188,Luis Hernandez,IMPRESORA,NORTE,23.0,566.80,10-04-2025,1238.68
7545,Daniela Cruz,Silla,Sur,25.0,1327.94,Enero 8 2024,1040.94
7605,Luis Hernandez,Bocina,Sur,39.0,$838.67,Agosto 6 2025,964.13
3490,Valeria Mendoza,Laptop,sur,59.0,sin dato,2026-03-01,815.44
8505,Jose Martinez,Silla,Occidente,31.0,511.95,2024-11-28,871.25
1038,Ana Garcia,Monitor,Centro,43.0,$920.37,2024-02-03,1000.65
6094,Jorge Morales,Bocina,Centro,45.0,$-551.68,Enero 21 2024,747.69
2257,Diego Romero,Tablet,norte,50.0,"$1,004.00",Enero 27 2024,1271.0
9450,Luis Hernandez,Escritorio,Norte,40.0,1072.52,04/12/2025,755.87
2614,Ricardo Vargas, Escritorio,Sur,25.0,1077.52,2025-07-03,1382.4
314,Carlos Ramirez,Mouse,Sur,34.0,745.06,13/07/2024,1934.11
2650,Sofia Torres,Silla,NORTE,40.0,$946.78,Julio 19 2024,632.26
2282,Miguel Flores,Monitor,sur,38.0,$691.90,2025-11-26,1686.13
6742,Alejandro Diaz,Impresora,Norte,48.0,761.18,2026-05-25,1432.51
2980,Jorge Morales,Tablet,Centro,51.0,275.09,32/13/2026,1135.52
2548,Ricardo Vargas,Laptop,Norte,31.0,$855.44,Agosto 21 2025,1263.0
5513,Isabel Guzman,Silla,Norte,42.0,$859.51,2025-04-29,1388.22
5133,Jorge Morales,Tablet,Norte,37.0,$439.79,04-21-2024,864.44
2160,Sofia Torres,Camara,Occidente,,$441.53,08-13-2025,485.0
7081,Sofia Torres,Laptop,NORTE,41.0,970.97,2024-01-29,1553.96
3138,Jorge Morales,Escritorio,sur,45.0,$631.84,2024-07-11,1664.72
9756,Andres Ortiz,Camara,Sur,47.0,751.95,15/10/2025,1302.77
5851,Jose Martinez,LAPTOP,sur,56.0,"$1,267.66",Enero 2 2025,1203.26
1668,Andres Ortiz,Escritorio,Centro,25.0,$648.41,20/10/2025,1895.85
6446,Diego Romero,Mouse,Centro,39.0,$374.76,06/01/2024,1507.16
3968,Laura Sanchez, Bocina,Norte ,40.0,879.04,2025-07-25,1502.42
1429,Carlos Ramirez,Escritorio,SUR,35.0,647.79,Junio 18 2026,2164.12
8669,Ana Garcia,Mouse,Occidente,23.0,806.58,Mayo 26 2026,1398.77
2521,Daniela Cruz,LAPTOP,Centro,52.0,"$1,419.18",04-11-2025,1255.06
3563,Daniela Cruz,Laptop,NORTE,32.0,1667.26,05-25-2025,1219.56
8034,Carlos Ramirez,Escritorio,Sur,2.0,887.12,32/13/2026,1529.75
4970,Camila Reyes,TECLADO,Centro,45.0,sin dato,13/03/2024,1554.7
1856,Alejandro Diaz,Camara,,31.0,910.56,2024-09-04,1316.75
8890,Maria Lopez,Bocina,?,-9.0,$685.14,17/10/2024,1473.03
5603,Ana Garcia,Escritorio, Norte,46.0,869.75,06/06/2025,1422.19
7272,Luis Hernandez,Impresora,?,31.0,690.83,03-21-2024,959.74
4795,Miguel Flores,Escritorio,Centro,59.0,"$1,204.72",2026-03-24,1288.65
449,Paola Rios,Impresora,centro,33.0,$633.64,07-11-2025,1354.57
8739,Valeria Mendoza,Laptop,centro,27.0,$840.28,Julio 26 2024,2340.8
1285,Miguel Flores,Escritorio,Occidente,8.0,$247.65,07-11-2025,1513.63
5996,Laura Sanchez,Impresora, Sur,33.0,924.96,01-20-2026,801.34
8288,Miguel Flores,Escritorio,Occidente,50.0,$364.40,2025-12-04,1764.95
7752,Daniela Cruz,Mouse,sur,43.0,1118.21,Agosto 9 2025,1483.43
3728,Paola Rios,Mouse,Occidente,44.0,995.62,25/04/2025,1510.55
7354,Sofia Torres,Bocina,sur,48.0,462.98,Enero 26 2024,1188.89
6280,Miguel Flores,Mouse,Occidente,51.0,1138.93,2026-05-17,1546.74
2546,Miguel Flores,Silla,,20.0,1132.96,02-27-2026,1746.31
7296,Miguel Flores,Teclado,occidente,41.0,902.05,15/09/2025,1645.06
6252,Jose Martinez,Mouse,NORTE,53.0,980.13,2024-04-06,1271.09
5927,Valeria Mendoza,Camara,Norte ,40.0,"$1,081.76",18/01/2024,1327.58
2461,Sofia Torres,Impresora, Norte,51.0,932.82,01-25-2026,1126.09
23,Jose Martinez,ESCRITORIO,Norte,36.0,810.58,23/01/2026,1074.28
2067,Valeria Mendoza,Teclado,occidente,35.0,"$1,059.99",07-04-2024,1597.45
1654,Ricardo Vargas,ESCRITORIO,Centro,44.0,$775.99,2024-12-01,1070.25
1377,Pedro Aguilar, Tablet,Centro,49.0,408.92,2026-03-05,939.04
1725,Paola Rios,TECLADO,Occidente,,"$1,062.81",Junio 16 2024,870.92
3755,Ana Garcia,Camara,sin informacion,32.0,813.62,Enero 29 2025,1350.56
4184,Alejandro Diaz,SILLA,norte,63.0,"$1,320.92",Diciembre 31 2025,1243.38
4083,Diego Romero,Laptop, Centro,36.0,"$1,197.99",11-05-2025,1395.18
6580,Daniela Cruz,Teclado,Occidente,50.0,711.66,Enero 27 2024,1503.89
4559,Diego Romero, Impresora, Occidente,44.0,662.58,25/01/2024,1658.02
3538,Maria Lopez,Camara,Norte,46.0,sin dato,29/05/2024,1317.64
7004,Ricardo Vargas,Bocina,Sur ,24.0,$902.37,11/02/2025,997.9
9752,Ricardo Vargas,Mouse,Centro,23.0,$663.00,10-17-2024,1555.14
647,Jorge Morales,Mouse,Occidente,34.0,$806.17,Noviembre 21 2024,1473.76
6382,Jose Martinez,Escritorio,Sur,15.0,1161.48,08-08-2024,1558.42
7528,Laura Sanchez, Escritorio,sur,31.0,647.29,30/08/2025,1673.52
9988,Miguel Flores,Monitor,Sur,39.0,"$1,387.65",03-05-2025,1325.84
7166,Daniela Cruz,Silla,Centro,26.0,1038.44,Enero 13 2025,1148.27
8243,Paola Rios,TECLADO,Norte,43.0,559.60,2024-08-15,1326.34
7698,Laura Sanchez,Bocina,Occidente,50.0,$690.17,Diciembre 20 2025,1464.87
9686,Carlos Ramirez,MONITOR,Sur ,31.0,$525.25,,983.5
4876,Andres Ortiz,Mouse,Norte ,45.0,1329.32,,1592.34
8851,Carlos Ramirez,Tablet,occidente,37.0,"$1,497.85",31/05/2025,1244.71
5342,Fernanda Castro,TABLET,SUR,68.0,437.55,Enero 20 2026,1324.35
7032,Diego Romero,Silla,occidente,30.0,1144.64,Mayo 15 2025,1222.23
2161,Camila Reyes,Laptop,norte,40.0,"$1,023.29",07-21-2024,1263.23
686,Camila Reyes,CAMARA,Norte,37.0,$829.65,2025-06-11,1641.29
2462,Laura Sanchez,Tablet,Norte,40.0,1126.13,,1135.38
7129,Carlos Ramirez, Silla,sur,42.0,492.08,2025-10-24,2185.1
6268,Ana Garcia,Camara,CENTRO,46.0,sin dato,Diciembre 27 2025,1722.05
4942,Daniela Cruz,MONITOR,Centro,42.0,1015.80,10-27-2025,1869.1
5947,Carlos Ramirez,Bocina,Centro,41.0,762.04,2025-10-29,1429.69
4584,Valeria Mendoza,TECLADO,Centro,41.0,649.80,01-06-2024,1393.8
5785,Ricardo Vargas,Impresora, Norte,39.0,$941.15,2025-02-08,1176.72
7570,Paola Rios,Bocina,Occidente,42.0,"$1,035.27",10-04-2025,1108.9
522,Maria Lopez,Escritorio,Occidente,51.0,$299.75,2025-06-02,1687.82
3984,Andres Ortiz,Teclado,Sur,57.0,474.45,03-28-2024,1712.49
9846,Carlos Ramirez,SILLA,Sur,,"$1,058.01",20/07/2025,1370.36
781,Alejandro Diaz,Teclado,CENTRO,52.0,$557.62,32/13/2026,1117.57
8863,Camila Reyes,BOCINA,Centro,36.0,192.23,2025-12-02,1466.8
5608,Ricardo Vargas,Impresora,Norte,59.0,1194.77,2025-06-26,1346.89
5979,Laura Sanchez,Impresora,centro,54.0,$963.85,2024-12-30,1540.72
3748,Pedro Aguilar,Mouse,NORTE,22.0,1314.99,2026-05-22,1105.44
2197,Carlos Ramirez,Laptop,Centro,44.0,$733.25,32/13/2026,1146.89
1378,Diego Romero,Bocina,Sur,36.0,sin dato,Agosto 15 2024,1651.47
4286,Diego Romero,Bocina,Occidente,44.0,$515.81,Julio 5 2024,1131.22
6980,Jorge Morales,Bocina,OCCIDENTE,38.0,"$1,521.19",2026-04-29,2063.39
1828,Pedro Aguilar,TECLADO,Centro,26.0,$-672.46,21/02/2026,1597.49
9963,Diego Romero,Escritorio,,48.0,$274.84,18/12/2024,1577.62
2377,Alejandro Diaz,Bocina,Centro,20.0,$547.71,05-07-2025,1583.33
3840,Pedro Aguilar,Silla,Sur,11.0,$948.34,32/13/2026,1519.24
1247,Alejandro Diaz,Monitor,Centro,40.0,656.65,2025-12-19,1531.7
7505,Diego Romero,Camara,centro,33.0,sin dato,Febrero 16 2024,1435.97
6512,Camila Reyes,Teclado,Norte,51.0,$885.44,2025-05-30,2117.95
5440,Ricardo Vargas,Impresora,Norte,22.0,1374.66,14/03/2025,1521.58
9518,Luis Hernandez,Laptop,norte,73.0,403.74,Abril 13 2024,1136.17
5511,Daniela Cruz,Laptop,Norte,62.0,$970.35,15/05/2025,1925.73
5331,Ricardo Vargas,Escritorio, Centro,20.0,794.51,22/03/2025,1570.75
4532,Maria Lopez,Laptop,Norte,28.0,$893.70,17/12/2025,936.69
366,Paola Rios,Laptop,Norte,43.0,"$1,267.77",01-14-2026,1153.94
5974,Luis Hernandez,Tablet,Occidente,36.0,"$1,136.15",2024-08-15,1179.81
148,Laura Sanchez, Silla,Occidente,65.0,1087.24,06-13-2026,1902.71
1669,Paola Rios,Escritorio,CENTRO,53.0,$996.76,04-14-2024,1425.2
9108,Andres Ortiz,Monitor,occidente,35.0,sin dato,,1537.08
7651,Miguel Flores,Silla,OCCIDENTE,47.0,601.82,2024-07-18,895.12
7789,Camila Reyes,Monitor,norte,38.0,"$1,341.19",14/04/2025,1154.83
3457,Diego Romero,Monitor,Sur,46.0,"$1,294.43",13/12/2024,1520.42
3272,Daniela Cruz,Teclado,centro,24.0,$495.74,2024-11-20,706.87
4941,Valeria Mendoza,Mouse,Norte,35.0,1090.84,2024-05-02,1148.09
6231,Jorge Morales,Bocina,Sur,-1.0,$830.64,28/02/2026,1789.91
9171,Paola Rios,Mouse, Sur,54.0,$995.14,14/04/2026,1355.99
8367,Sofia Torres,Bocina,Occidente,30.0,$597.79,04/03/2025,1341.83
3927,Paola Rios,Impresora,Occidente,37.0,543.28,22/03/2024,1557.45
8800,Diego Romero,Escritorio,Centro,27.0,sin dato,Diciembre 29 2025,125000.0
8081,Alejandro Diaz,Tablet,norte,29.0,690.02,2024-12-01,1700.47
79,Ricardo Vargas, Tablet,Sur,8.0,690.20,02/04/2026,1667.72
7089,Maria Lopez,Camara,centro,32.0,sin dato,Diciembre 25 2024,1499.8
2248,Jose Martinez,Mouse,NORTE,51.0,1184.51,07-11-2025,2260.12
8758,Alejandro Diaz,Mouse,Occidente,44.0,$806.06,05/11/2024,1581.21
6734,Andres Ortiz,Monitor,sur,37.0,"$1,365.35",2024-07-16,1162.5
7452,Diego Romero,Tablet,Occidente,41.0,366.95,Noviembre 7 2025,1445.21
2280,Andres Ortiz,Impresora,Norte,36.0,$780.57,2025-02-10,1708.68
8124,Valeria Mendoza,TABLET,Norte,46.0,1183.02,06-29-2024,930.89
3898,Ana Garcia,Bocina,centro,56.0,"$1,095.47",2024-09-22,1923.78
7178,Diego Romero,Impresora,Centro,21.0,"$1,223.41",2026-03-13,820.63
9735,Miguel Flores,Mouse,Centro,42.0,$935.00,2024-11-02,1267.02
3632,Paola Rios,Monitor, Centro,23.0,$665.99,Mayo 7 2025,1148.67
8881,Jorge Morales, Monitor,SUR,10.0,$618.44,03/05/2024,1294.79
6273,Ricardo Vargas,MOUSE,NORTE,56.0,318.87,01/03/2024,1560.61
393,Miguel Flores,Escritorio,Sur,29.0,$581.73,2024-04-02,1582.08
3192,Andres Ortiz,Mouse,sur,40.0,$-460.58,04-12-2024,768.6
17,Paola Rios,Camara,Sur,37.0,$759.42,Diciembre 12 2024,848.49
4201,Andres Ortiz,CAMARA,Centro,60.0,sin dato,Agosto 11 2024,1513.99
2673,Alejandro Diaz,Teclado, Norte,42.0,$705.96,16/02/2025,1474.17
6165,Laura Sanchez,Mouse,Occidente,30.0,$980.94,Abril 6 2025,1097.84
3494,Valeria Mendoza,Escritorio,SUR,43.0,354.43,,860.43
7395,Ricardo Vargas,Impresora,Centro,23.0,"$-1,544.74",2024-03-15,1119.23
4840,Isabel Guzman,Laptop,NORTE,8.0,1243.07,07-30-2024,1430.59
594,Pedro Aguilar,Tablet,Centro,35.0,sin dato,04-13-2026,638.66
9591,Laura Sanchez,Teclado,Centro,74.0,178.63,08/12/2024,837.21
5828,Andres Ortiz,Camara,Occidente,29.0,881.70,07-01-2025,1323.5
7962,Luis Hernandez,SILLA,CENTRO,37.0,$932.76,2024-07-14,640.84
5888,Jose Martinez,Silla,Occidente,26.0,610.31,01-03-2024,1327.62
2356,Miguel Flores,Mouse,,50.0,"$1,178.42",Diciembre 4 2024,1312.44
6037,Ricardo Vargas,Teclado,Centro,29.0,946.89,10/01/2025,1344.1
4799,Miguel Flores,Monitor, Centro,33.0,$958.21,23/09/2024,1031.59
8903,Ricardo Vargas,Mouse,norte,-7.0,"$1,115.25",14/05/2024,1289.31
4593,Luis Hernandez,Escritorio,sur,51.0,803.08,2025-08-06,1870.44
164,Daniela Cruz,Silla,NORTE,48.0,540.58,2025-06-01,1098.65
9536,Ricardo Vargas,ESCRITORIO,Sur,44.0,$936.74,Marzo 4 2025,1147.22
9715,Andres Ortiz,Teclado,Norte,33.0,"$1,472.16",11-19-2024,1487.5
2877,Andres Ortiz,Camara,SUR,59.0,872.30,2025-12-09,1703.38
7381,Andres Ortiz,BOCINA,Occidente,37.0,1083.65,2024-02-01,1059.98
6357,Andres Ortiz,Bocina,Sur,40.0,"$1,255.56",14/12/2025,1322.63
5543,Carlos Ramirez,Teclado,Norte,42.0,180.11,Noviembre 5 2024,937.68
6008,Valeria Mendoza,Laptop,Sur,34.0,"$1,135.59",01-01-2025,1246.96
7994,Luis Hernandez,Camara,Sur,33.0,$661.81,07/11/2024,1757.59
7639,Camila Reyes,Bocina,norte,37.0,$142.51,08-05-2025,971.34
6794,Luis Hernandez,Silla,Norte,29.0,$255.69,Enero 10 2024,1393.54
7759,Camila Reyes,Mouse, Norte,47.0,sin dato,Marzo 29 2025,1240.23
4838,Luis Hernandez, Impresora,centro,33.0,1088.74,19/04/2025,1721.35
2294,Valeria Mendoza,Bocina,Norte ,38.0,1050.46,2025-01-04,1212.43
6549,Ricardo Vargas,Camara,Norte,47.0,168.78,2026-01-11,1348.7
7899,Alejandro Diaz,Impresora,occidente,50.0,$546.33,02-11-2026,1269.71
4482,Carlos Ramirez,Silla,Centro,29.0,"$1,239.90",2025-03-31,1166.4
3717,Sofia Torres,Silla,Sur ,43.0,978.38,Septiembre 21 2025,1091.25
6141,Sofia Torres,Laptop,Norte,36.0,"$1,246.94",30/05/2026,2128.93
1550,Ana Garcia,Teclado, Norte,28.0,$581.21,04/04/2024,1064.34
2045,Carlos Ramirez,Bocina,Centro,43.0,$572.74,Julio 24 2024,1496.14
768,Jorge Morales,MONITOR,Occidente,24.0,"$1,346.04",2025-08-11,1218.7
5694,Laura Sanchez, Silla,SUR,335.0,763.63,Marzo 27 2026,1222.16
7871,Luis Hernandez,Impresora,Sur,4.0,1184.64,06/02/2026,1328.69
7858,Maria Lopez, Mouse,Centro,53.0,$934.28,Julio 2 2025,1314.53
3303,Fernanda Castro,Silla,Centro ,50.0,$723.74,01-04-2024,1472.81
4518,Luis Hernandez,Bocina,Sur,37.0,918.57,2024-03-19,1512.32
9726,Carlos Ramirez,Laptop,Sur,43.0,1053.39,2024-02-02,1815.31
3293,Laura Sanchez,Laptop,sur,44.0,$651.25,08-11-2024,1224.7
1404,Sofia Torres,Laptop,sur,30.0,$486.34,01/02/2026,1535.02
1383,Sofia Torres,Laptop,Centro,31.0,$916.34,32/13/2026,1851.17
6929,Valeria Mendoza,Teclado,sur,50.0,$803.51,Junio 8 2025,1527.18
5672,Fernanda Castro,Mouse,norte,37.0,$766.72,24/05/2024,2175.78
1639,Jose Martinez,Mouse, Centro,34.0,"$1,098.26",11/04/2025,543.14
6908,Ana Garcia,TABLET,Centro,61.0,630.45,12/12/2024,1732.42
6407,Valeria Mendoza,BOCINA,Centro,48.0,448.45,29/05/2025,1191.18
1180,Ana Garcia,ESCRITORIO,Centro,,"$1,403.90",03-18-2024,1544.21
5449,Daniela Cruz,Bocina,NORTE,38.0,$653.56,Julio 4 2024,1368.43
5079,Camila Reyes,Teclado,Sur,48.0,"$1,458.07",2026-06-03,1860.61
5176,Jose Martinez,Tablet,sur,49.0,$288.62,Mayo 13 2025,1139.05
690,Diego Romero,Teclado,Sur,24.0,sin dato,2026-01-21,1808.18
9116,Valeria Mendoza,Escritorio,sin informacion,30.0,$660.47,07/03/2024,1201.88
6526,Luis Hernandez,Camara,Norte ,54.0,$840.34,Mayo 11 2024,1858.44
4050,Jorge Morales,Monitor,Centro,52.0,1224.57,2024-07-29,1146.79
6489,Maria Lopez,Laptop,Centro,22.0,$986.50,2026-05-05,781.22
7155,Daniela Cruz,Escritorio,Norte ,32.0,919.49,19/02/2026,1492.49
8671,Andres Ortiz,Monitor,sur,30.0,1076.03,09-04-2025,1632.7
6611,Sofia Torres,Camara,Centro ,34.0,841.49,26/12/2025,1527.9
8823,Fernanda Castro,BOCINA,Norte,36.0,998.28,Marzo 2 2026,1508.45
4350,Miguel Flores,Mouse,occidente,37.0,507.73,03/04/2026,1071.24
1885,Fernanda Castro,Bocina,Occidente,35.0,$885.02,10-21-2025,1142.76
8982,Paola Rios,Mouse,Occidente,32.0,$451.68,32/13/2026,1095.85
2495,Daniela Cruz,Escritorio,Occidente,31.0,"$1,148.28",26/03/2025,1887.29
5948,Isabel Guzman,Laptop,Occidente,33.0,$573.69,2025-06-09,1441.84
3037,Camila Reyes,Bocina,Sur,,$905.80,13/08/2025,1039.18
5778,Maria Lopez,Bocina, Occidente,,797.56,29/06/2025,1318.03
846,Ana Garcia,Bocina,Sur,36.0,$665.48,27/03/2026,1528.37
7968,Laura Sanchez, Camara,Centro,40.0,717.69,Abril 19 2024,1193.34
8734,Jorge Morales,Bocina,,35.0,sin dato,2026-06-16,1273.73
7341,Alejandro Diaz,Laptop,sin informacion,44.0,"$1,605.63",16/09/2024,969.19
9277,Jose Martinez, Escritorio,Norte,31.0,"$1,076.25",2024-09-29,1444.36
8536,Camila Reyes,Camara,Occidente,33.0,1534.22,Noviembre 13 2024,1401.84
7138,Camila Reyes,Escritorio,Sur,31.0,sin dato,Enero 8 2025,1721.19
2965,Valeria Mendoza, Tablet,Sur,50.0,699.53,,1507.83
2530,Ricardo Vargas,Impresora,Norte,45.0,432.70,Septiembre 3 2024,1252.09
5773,Daniela Cruz,Bocina,Norte,15.0,1137.16,09/10/2024,2117.62
1049,Andres Ortiz,Laptop,Sur,53.0,"$1,095.79",Diciembre 13 2024,1687.34
7046,Maria Lopez,Tablet,Centro,39.0,448.02,05-09-2025,1151.57
1961,Camila Reyes,Tablet,Norte,27.0,$435.78,Febrero 15 2024,1014.12
2531,Isabel Guzman,Mouse,sur,35.0,"$1,102.74",Marzo 3 2026,1106.37
4918,Carlos Ramirez,Monitor,Occidente,39.0,$672.25,03-14-2025,1776.03
5902,Jose Martinez,Escritorio,sur,39.0,999.90,02/03/2024,442.32
8287,Luis Hernandez,Laptop,Norte,49.0,1013.21,04-03-2024,1705.58
4260,Ana Garcia,Mouse,Occidente,18.0,"$1,189.62",05-13-2024,1437.48
5657,Camila Reyes,Impresora,Sur,44.0,"$1,224.85",29/08/2025,1491.03
6098,Isabel Guzman,Silla,occidente,45.0,1024.64,02/11/2024,977.63
5908,Isabel Guzman,Laptop,Centro,45.0,"$1,198.44",02-19-2025,1829.44
7374,Sofia Torres,Bocina, Centro,34.0,$292.06,2024-11-09,1582.28
2979,Carlos Ramirez, Teclado,Norte,57.0,710.95,29/11/2025,1191.07
9125,Ana Garcia,Silla,centro,-5.0,$557.91,,1718.64
9706,Camila Reyes,Mouse,Centro,32.0,848.78,05/12/2025,1998.01
6722,Sofia Torres,Monitor,norte,51.0,871.64,Marzo 15 2026,654.11
7843,Alejandro Diaz,Escritorio,Sur ,55.0,536.62,12-29-2025,1501.85
8265,Luis Hernandez,Laptop,norte,35.0,$809.13,2025-09-08,1303.78
9026,Alejandro Diaz,Teclado,Centro,26.0,953.55,2026-01-24,716.31
3139,Jorge Morales,Bocina, Centro,41.0,"$1,005.99",05/12/2025,1120.27
8326,Alejandro Diaz,ESCRITORIO,sin informacion,38.0,488.44,23/07/2025,648.6
8821,Jorge Morales,Escritorio,Norte,312.0,1257.88,03/10/2025,1225.55
1827,Maria Lopez,Silla,Occidente,36.0,"$1,185.45",05-21-2026,1574.41
5549,Laura Sanchez,Mouse,Sur,23.0,1126.39,31/03/2024,1338.49
561,Paola Rios,BOCINA,centro,29.0,"$1,278.86",04-29-2026,1007.26
9069,Paola Rios,Laptop,occidente,23.0,758.46,12-14-2025,1393.07
5436,Pedro Aguilar,Camara,CENTRO,23.0,$812.88,Mayo 1 2026,2024.72
4438,Isabel Guzman,Teclado,OCCIDENTE,29.0,$473.53,05/05/2025,2054.16
1443,Isabel Guzman,Mouse,Sur,55.0,920.09,Enero 31 2026,1217.38
4407,Carlos Ramirez,Silla,Sur,47.0,sin dato,2025-04-06,736.07
9817,Laura Sanchez,Silla,Norte,30.0,$496.35,Septiembre 9 2025,1307.57
1690,Luis Hernandez, Impresora,Norte ,38.0,1093.93,24/04/2024,1359.86
43,Valeria Mendoza,Mouse,Occidente,51.0,907.40,16/10/2024,1052.71
9263,Jose Martinez,Bocina,Occidente,28.0,836.52,09/09/2024,1337.98
5963,Camila Reyes,Monitor,Norte,32.0,$428.72,,1417.1
2497,Camila Reyes,Mouse, Centro,38.0,"$1,087.78",04-20-2026,1828.76
8445,Valeria Mendoza, Laptop,Sur,42.0,1122.70,,1738.52
341,Fernanda Castro, Escritorio,Sur,20.0,$514.63,Mayo 26 2025,1615.92
2409,Jorge Morales,Teclado,Sur,61.0,1078.31,,1148.71
8605,Jose Martinez,MONITOR,Sur,24.0,$-614.04,21/09/2024,1602.21
5783,Alejandro Diaz,Impresora,Sur,51.0,$-907.60,06-02-2026,1340.55
4577,Luis Hernandez,Mouse,NORTE,25.0,$885.24,11-09-2024,1513.41
3726,Pedro Aguilar,Laptop,Occidente,39.0,304.41,2024-05-31,897.15
2786,Maria Lopez,Mouse,Centro,60.0,828.30,2026-03-30,1494.26
1013,Laura Sanchez,Laptop,Sur,22.0,1187.22,2025-04-19,1387.64
5281,Valeria Mendoza, Laptop,Centro,55.0,sin dato,11/07/2024,1016.75
4896,Daniela Cruz,Mouse,Centro,54.0,450.86,2026-04-06,1420.44
7122,Valeria Mendoza, Mouse,Norte,35.0,$-844.83,11-04-2024,1303.1
6550,Valeria Mendoza,Teclado, Centro,64.0,$880.72,07-17-2025,1814.03
4038,Fernanda Castro,LAPTOP,Centro,41.0,$616.75,2024-06-29,1691.64
149,Camila Reyes,Silla,centro,29.0,"$1,198.89",2025-03-08,1351.71
286,Isabel Guzman,Mouse,Sur,61.0,$547.51,Diciembre 2 2024,690.62
9942,Fernanda Castro,Bocina,?,46.0,$831.74,,1259.93
8657,Miguel Flores,Silla,Occidente,27.0,"$1,338.76",32/13/2026,1748.53
6771,Ricardo Vargas,Mouse,,275.0,946.20,Agosto 17 2025,1830.31
4444,Jorge Morales,Monitor,Centro,52.0,780.63,04-10-2024,1074.3
7447,Maria Lopez,TECLADO,Centro,50.0,"$1,132.67",06/07/2024,1428.67
237,Andres Ortiz,TABLET,Sur,31.0,sin dato,Julio 16 2024,1397.86
9873,Diego Romero, Monitor,Norte,37.0,$830.83,Mayo 23 2026,1255.53
7124,Paola Rios,Teclado,Norte,39.0,sin dato,Julio 14 2025,1361.25
8603,Carlos Ramirez,Camara,Occidente,44.0,385.23,2024-06-16,1392.35
3084,Laura Sanchez,TECLADO,Norte ,30.0,"$-1,378.84",2025-02-20,1498.44
633,Daniela Cruz,Silla,Sur ,37.0,sin dato,2025-08-23,1430.41
6814,Paola Rios,Monitor,NORTE,43.0,sin dato,Abril 27 2026,1294.62
2494,Fernanda Castro,Tablet,NORTE,40.0,$-334.02,11-24-2025,1094.22
2666,Paola Rios,Silla,Sur,50.0,$586.80,Septiembre 16 2025,1460.31
8744,Maria Lopez,Laptop,Sur,25.0,817.05,,1137.99
8672,Luis Hernandez,Camara,Norte,35.0,$988.48,12-21-2024,1528.9
8721,Valeria Mendoza,Bocina,Centro,41.0,861.63,2025-09-25,1157.71
4212,Valeria Mendoza,Laptop,Centro ,48.0,"$1,190.67",2024-01-12,76000.0
3875,Fernanda Castro,Camara,Occidente,58.0,"$1,002.90",03-19-2026,1552.91
2818,Alejandro Diaz,Escritorio,CENTRO,33.0,$760.25,,1322.42
8514,Ana Garcia,Silla,Norte,28.0,$906.71,11-10-2024,1347.51
2341,Daniela Cruz,Escritorio,Centro,349.0,1212.87,10-11-2025,1719.07
7427,Ricardo Vargas,Laptop,Centro ,29.0,692.87,32/13/2026,1438.32
8859,Carlos Ramirez,Mouse,Sur,50.0,$509.65,Octubre 14 2024,1786.12
8724,Paola Rios,Impresora,Norte,26.0,771.36,03-06-2025,1716.28
9473,Diego Romero, Escritorio,norte,-8.0,$878.10,2026-04-08,1767.07
1736,Diego Romero,Bocina,norte,35.0,488.73,Abril 16 2026,1443.17
7398,Ana Garcia,Monitor, Norte,52.0,602.83,08-30-2024,2061.15
4256,Sofia Torres,Impresora,,,909.64,2026-04-13,1482.77
9249,Paola Rios,Bocina,Occidente,35.0,494.47,2026-02-19,1781.34
2476,Daniela Cruz,Escritorio,Occidente,35.0,558.71,27/01/2025,2078.1
4837,Maria Lopez, Bocina,Occidente,48.0,469.46,10-31-2024,1341.92
3714,Laura Sanchez,TECLADO,norte,28.0,$971.67,Noviembre 1 2024,1071.07
9247,Isabel Guzman,Camara,Sur,45.0,1054.98,Abril 26 2025,1857.58
1805,Maria Lopez,Bocina,Centro,29.0,$481.78,12-25-2025,1485.4
708,Ricardo Vargas,Escritorio,CENTRO,27.0,$925.79,Febrero 2 2026,1468.71
9465,Maria Lopez,Bocina,Occidente ,54.0,995.78,11/05/2025,2144.53
5190,Carlos Ramirez,Escritorio,Centro,,"$1,103.54",2024-06-02,1370.06
5473,Diego Romero,Silla,centro,42.0,979.98,Septiembre 27 2025,1636.85
73,Jorge Morales,Mouse,Sur,31.0,"$1,275.40",2025-10-18,1749.68
7844,Alejandro Diaz,BOCINA,centro,49.0,"$1,339.43",06-04-2026,2007.87
5102,Paola Rios,Camara,Centro,55.0,1014.75,02-20-2025,1944.93
6765,Jorge Morales,Teclado,Centro,36.0,$996.67,2024-10-31,1722.47
1126,Camila Reyes,Monitor,Occidente ,27.0,$717.88,22/03/2026,926.58
1242,Diego Romero, Impresora,Sur,72.0,824.75,17/12/2024,1162.33
8499,Fernanda Castro,Monitor,Norte,,780.27,2024-01-07,702.08
2350,Paola Rios, Impresora,centro,18.0,$701.27,15/02/2025,518.59
6603,Jorge Morales,Monitor,Sur ,384.0,$362.73,2026-02-01,1479.32
6781,Alejandro Diaz,Laptop,centro,,$389.24,2026-05-27,1078.35
4359,Andres Ortiz,Silla,Centro,57.0,$880.94,2024-12-22,975.87
1344,Ricardo Vargas,Camara,Occidente,46.0,$974.80,2025-04-30,1433.25
575,Ana Garcia,Escritorio,Norte,38.0,602.25,14/10/2025,1629.29
8937,Pedro Aguilar, Tablet,Centro ,32.0,849.53,2026-06-08,1140.55
9862,Diego Romero,Laptop,sur,35.0,$386.32,11-26-2025,831.31
6653,Isabel Guzman,Camara,norte,36.0,816.56,32/13/2026,764.35
1101,Jorge Morales, Camara,CENTRO,32.0,$741.02,2025-05-09,1391.47
7328,Andres Ortiz,Tablet,,49.0,564.53,2024-12-31,1141.63
7623,Camila Reyes,Mouse,centro,35.0,968.14,04-21-2024,1276.45
988,Sofia Torres,Mouse,sur,41.0,$828.56,2025-10-11,1414.75
2853,Maria Lopez,Teclado,sur,26.0,788.26,05/05/2024,1851.71
631,Valeria Mendoza,MONITOR,Norte,33.0,670.38,2025-08-20,1990.41
1250,Pedro Aguilar,Laptop,Sur ,,939.77,,1551.49
3180,Jose Martinez,Silla,Norte,30.0,"$1,100.17",08/05/2025,1288.94
483,Carlos Ramirez,Tablet,Sur,19.0,602.16,2026-02-06,621.4
3041,Miguel Flores,Laptop,Norte,45.0,"$1,327.80",Abril 12 2025,1704.97
5011,Camila Reyes,Escritorio,Sur,56.0,$897.38,Junio 28 2025,2182.31
8986,Pedro Aguilar,CAMARA,Occidente,11.0,$479.19,2024-11-05,1153.1
7001,Isabel Guzman, Tablet,OCCIDENTE,-2.0,1032.94,,1178.67
3274,Daniela Cruz,MONITOR,Occidente,30.0,1208.78,Septiembre 25 2024,1639.04
7228,Alejandro Diaz,Laptop,Centro,26.0,$506.70,18/07/2024,998.86
3684,Ricardo Vargas,Tablet,Occidente,48.0,$216.66,2024-09-17,924.63
6675,Ricardo Vargas,Mouse,Occidente,33.0,$751.58,23/04/2024,1197.41
6808,Isabel Guzman,Camara,Centro,23.0,1252.00,2025-04-17,1144.29
6591,Ana Garcia,Bocina,OCCIDENTE,41.0,599.20,Febrero 8 2024,892.82
1317,Valeria Mendoza,Monitor,Centro,25.0,$861.76,09-14-2025,1569.77
3226,Diego Romero,Silla,Norte,22.0,1222.83,32/13/2026,1094.51
1073,Diego Romero,Impresora,Norte,53.0,"$1,119.07",2025-06-12,1480.8
4816,Carlos Ramirez,Silla,Norte,358.0,"$1,143.87",12-27-2024,1782.36
9244,Isabel Guzman,Bocina,centro,31.0,930.40,32/13/2026,1605.69
5753,Maria Lopez, Laptop,Occidente,47.0,936.36,2025-07-18,1381.29
9417,Daniela Cruz,Escritorio,Sur,10.0,941.13,14/01/2024,1735.47
4617,Carlos Ramirez,Bocina,Occidente,19.0,771.01,2024-11-01,1041.5
3098,Sofia Torres,Bocina,Sur,44.0,$847.59,2024-03-14,1562.25
6870,Luis Hernandez, Bocina,Occidente,67.0,$935.53,02/10/2024,1685.38
1301,Diego Romero,Tablet,Centro,33.0,$685.41,2025-02-21,2244.62
7286,Camila Reyes,Laptop, Sur,38.0,$632.20,2025-10-14,1246.76
6285,Jorge Morales,MOUSE,Occidente,41.0,474.29,Octubre 22 2024,1810.87
5496,Jose Martinez,Escritorio,Sur,53.0,332.43,07-26-2024,1353.99
5292,Alejandro Diaz,Teclado,Occidente,31.0,943.15,Mayo 24 2026,1648.68
1799,Jorge Morales,Tablet,Occidente,33.0,sin dato,2024-12-17,1625.91
5204,Andres Ortiz,Tablet,Occidente,46.0,899.98,2025-01-04,1213.2
8228,Paola Rios, Impresora,Norte,37.0,sin dato,Abril 28 2025,1716.34
5048,Fernanda Castro,Monitor,Norte,51.0,$761.44,06-01-2026,1421.48
6442,Carlos Ramirez, Mouse,Centro,49.0,1206.89,2024-06-13,1373.97
8106,Paola Rios,Tablet,Occidente ,44.0,929.76,Julio 2 2024,1331.24
2360,Laura Sanchez,Impresora,Centro,35.0,sin dato,Agosto 7 2024,1776.28
9658,Diego Romero,Impresora,sur,38.0,$831.07,12/11/2025,1471.45
3655,Andres Ortiz,Escritorio,Centro,22.0,1158.22,2026-05-01,1704.36
7053,Andres Ortiz,Laptop,Centro,28.0,sin dato,Abril 15 2026,1487.9
1287,Isabel Guzman,Laptop,Centro,29.0,$811.50,24/10/2024,1120.87
9397,Laura Sanchez,Laptop, Occidente,27.0,sin dato,Abril 9 2025,2289.87
4446,Daniela Cruz,Silla,Centro,,$-898.45,31/05/2026,1989.41
2138,Ana Garcia,TECLADO,Sur,42.0,$-481.67,15/10/2025,870.49
6788,Ana Garcia,Bocina,Norte,50.0,$816.76,16/03/2025,1389.45
8363,Diego Romero,ESCRITORIO,centro,47.0,"$1,326.74",05-18-2026,1343.47
8762,Paola Rios,Impresora,CENTRO,36.0,696.11,Noviembre 1 2024,1370.07
9235,Jorge Morales,Escritorio,centro,56.0,710.66,09-08-2024,1459.32
6895,Andres Ortiz,Escritorio, Occidente,31.0,737.66,11/09/2024,716.14
8825,Valeria Mendoza,Laptop,Norte ,67.0,"$1,965.75",2024-01-19,1421.9
7152,Miguel Flores,Silla,Occidente,49.0,$179.03,06-09-2026,1527.62
964,Laura Sanchez,Laptop,Norte,48.0,"$1,276.90",2024-07-25,2013.96
6013,Andres Ortiz, Impresora,Sur ,22.0,356.92,2024-05-06,1205.69
4883,Jorge Morales,BOCINA,Sur ,23.0,"$1,380.81",2025-03-03,1275.6
141,Pedro Aguilar,Mouse,Centro,31.0,1309.35,Septiembre 1 2024,1442.5
9302,Camila Reyes,Camara, Centro,37.0,1562.12,2025-10-15,1897.99
6937,Jorge Morales,ESCRITORIO,Centro,30.0,$752.65,2026-02-05,979.21
6543,Sofia Torres,Mouse,Centro,30.0,$787.76,2026-05-05,1525.28
5244,Pedro Aguilar,Bocina,Occidente ,33.0,$793.88,Marzo 12 2026,1787.68
4432,Luis Hernandez,Laptop,Norte,43.0,$759.27,28/01/2025,1633.35
407,Daniela Cruz, Teclado,Centro,51.0,$-834.21,2026-01-23,1371.89
8213,Pedro Aguilar,Mouse,Sur,36.0,642.02,2026-04-05,1857.28
8622,Paola Rios,Teclado,norte,35.0,"$1,231.47",Junio 20 2024,1290.52
8884,Sofia Torres,Tablet,Centro ,29.0,$641.23,2024-08-14,1025.57
8235,Miguel Flores,Monitor,Centro,40.0,1100.81,Noviembre 14 2025,1508.3
4400,Andres Ortiz,Escritorio,Occidente,42.0,sin dato,31/08/2025,1425.04
5253,Valeria Mendoza,Monitor,Sur,37.0,$903.40,03-14-2024,1846.67
12,Pedro Aguilar,Impresora,Norte,44.0,"$1,658.91",2025-08-13,1685.66
4761,Pedro Aguilar,Silla,norte,62.0,$697.14,05/03/2026,1753.31
1178,Jose Martinez,Impresora,Norte,23.0,$805.17,Mayo 13 2024,1092.73
2864,Fernanda Castro,Impresora,Norte,55.0,1157.91,02-05-2024,1819.78
6472,Maria Lopez,Monitor,Norte,43.0,611.03,25/01/2026,1660.54
6229,Ana Garcia,Tablet,Centro,43.0,1111.23,2026-03-04,850.83
2990,Daniela Cruz,Camara,Centro,48.0,1306.35,03-11-2026,1661.64
7118,Fernanda Castro,Teclado,Occidente,22.0,$734.12,12-26-2024,1540.71
7011,Ana Garcia,Mouse,Norte,-5.0,"$1,099.33",Abril 14 2025,2041.65
8811,Isabel Guzman,Mouse,Norte,55.0,$750.01,29/04/2025,1653.51
1441,Diego Romero,Bocina,Norte,36.0,$420.22,25/08/2024,1488.39
252,Jorge Morales, Laptop,Sur,69.0,$847.89,Mayo 1 2025,1433.79
2876,Paola Rios,MOUSE,Norte,42.0,930.56,Enero 17 2024,1729.02
9369,Diego Romero,Escritorio,Sur,33.0,764.98,2025-12-18,1754.48
9050,Valeria Mendoza,Laptop,Occidente,45.0,sin dato,2024-04-02,2109.34
7233,Daniela Cruz,Bocina,Occidente,41.0,$-733.79,2026-04-04,1353.6
3727,Maria Lopez,Laptop,Occidente,60.0,$900.26,2024-06-19,1267.67
2773,Laura Sanchez,Silla,?,55.0,$824.00,03-09-2024,1823.97
455,Ricardo Vargas, Laptop,Centro,24.0,408.51,,1684.97
8190,Laura Sanchez,Teclado,Norte,17.0,$775.09,07-12-2025,954.16
1368,Jorge Morales,Silla,Occidente,43.0,"$-1,108.77",2024-01-13,1764.11
3713,Camila Reyes,Bocina,Occidente,29.0,$418.15,Enero 22 2026,1722.83
5422,Pedro Aguilar,Impresora,CENTRO,39.0,"$1,106.11",10/01/2025,1220.16
1389,Alejandro Diaz,Monitor,Norte,48.0,"$1,209.34",05-01-2025,880.23
1001,Camila Reyes,Camara,Norte,38.0,1115.21,Agosto 6 2024,1585.02
7762,Valeria Mendoza,Bocina,Centro,28.0,593.11,05-15-2026,1312.18
3554,Valeria Mendoza,Mouse,Norte,34.0,1134.86,10/08/2024,1484.71
4115,Carlos Ramirez,Camara,Occidente,21.0,$743.28,Mayo 25 2025,1767.08
1668,Andres Ortiz,Escritorio,Centro,25.0,$648.41,20/10/2025,1805.94
3174,Sofia Torres,Laptop,Occidente,40.0,sin dato,,1383.54
9675,Daniela Cruz,Impresora,,27.0,1287.61,2024-09-20,1502.41
489,Diego Romero,TABLET,Norte,33.0,"$-1,125.91",2024-11-13,894.94
3231,Camila Reyes,Bocina,Sur,25.0,"$1,022.08",Abril 28 2026,1815.63
3829,Andres Ortiz,Laptop,Sur,44.0,"$1,202.41",Enero 24 2024,1434.68
8909,Sofia Torres,Laptop,Sur,31.0,$610.71,2024-11-07,1350.05
5209,Jorge Morales,Impresora,norte,44.0,655.09,Febrero 8 2024,1055.56
7849,Luis Hernandez,Escritorio,Occidente ,29.0,250.69,2024-04-28,1172.88
5705,Sofia Torres,Monitor,OCCIDENTE,34.0,1783.18,2025-07-20,1669.79
9930,Laura Sanchez,LAPTOP,Centro,40.0,854.30,Marzo 30 2026,1399.86
8134,Carlos Ramirez, Mouse,Occidente ,39.0,456.36,04-19-2025,1669.1
704,Jose Martinez,Bocina,Sur,21.0,"$1,012.00",26/04/2025,1927.99
5106,Fernanda Castro,TECLADO,Centro,32.0,789.73,2024-06-22,1230.97
9158,Jorge Morales,MONITOR,Norte,41.0,"$1,061.08",2024-08-12,1522.54
3292,Jorge Morales,Laptop,Norte,43.0,1016.13,03/03/2026,1422.36
8126,Jose Martinez,Impresora, Occidente,28.0,$774.55,11-23-2024,1182.17
9921,Laura Sanchez,Teclado,Norte,45.0,$488.56,2024-09-30,1391.92
9291,Ricardo Vargas,Bocina,norte,47.0,"$1,274.59",27/06/2025,1029.02
4910,Fernanda Castro,Tablet,Centro ,25.0,$364.94,2024-08-05,611.83
4441,Sofia Torres,Teclado,sur,26.0,$406.49,2026-03-26,1509.54
987,Fernanda Castro,Camara,Centro,41.0,591.86,Abril 12 2025,1721.66
9511,Laura Sanchez,Escritorio,Centro,43.0,$753.26,2026-04-19,2380.37
9983,Sofia Torres,Impresora,norte,44.0,724.53,23/04/2024,1861.0
7706,Miguel Flores,Monitor, Sur,21.0,$639.27,Agosto 19 2025,1911.01
6258,Andres Ortiz,Escritorio,Centro,29.0,"$1,570.10",2024-11-16,1724.2
6090,Valeria Mendoza, Tablet,Occidente,46.0,$881.77,05-17-2024,421.97
5239,Isabel Guzman,Tablet,Centro,43.0,"$1,054.80",31/07/2024,1582.55
1199,Camila Reyes,Silla,Sur,56.0,777.13,11/01/2024,1655.8
9002,Ana Garcia,Escritorio,norte,47.0,$550.83,20/04/2025,1426.93
7520,Jose Martinez,Monitor,Sur,52.0,"$1,308.42",08-08-2025,1738.96
6813,Daniela Cruz,Teclado,Centro,33.0,535.75,2024-12-04,1869.75
8321,Andres Ortiz,LAPTOP,Norte,37.0,$770.71,04-11-2026,1205.49
7176,Jorge Morales,Impresora,Occidente ,42.0,600.42,24/07/2025,1206.4
4471,Daniela Cruz,Silla,Occidente,43.0,488.21,,579.29
892,Valeria Mendoza,Teclado,Norte,,340.55,Enero 29 2026,1669.88
1970,Jose Martinez,Escritorio, Centro,49.0,662.13,32/13/2026,1182.22
5758,Paola Rios,Tablet,CENTRO,23.0,$695.07,Mayo 25 2024,1676.9
6528,Jorge Morales, Tablet,Sur,17.0,739.66,06-17-2026,1823.74
6295,Luis Hernandez,Tablet,Norte,52.0,399.66,2025-08-23,1868.07
7596,Diego Romero,Escritorio,Sur,-4.0,$689.44,Agosto 2 2024,1290.68
3250,Miguel Flores,Laptop,Occidente,46.0,952.08,Enero 3 2025,1409.54
6571,Camila Reyes, Escritorio,Centro,25.0,$889.31,Junio 2 2025,1283.19
6639,Diego Romero,Bocina,Centro,44.0,sin dato,2024-08-05,1098.78
7352,Alejandro Diaz, Bocina,Occidente,20.0,$210.69,Octubre 18 2024,958.66
9445,Valeria Mendoza,Laptop,Norte,48.0,722.30,04/09/2025,2216.47
7474,Carlos Ramirez,Silla,Centro ,38.0,931.16,2024-11-17,978.95
9479,Carlos Ramirez,TECLADO,centro,42.0,961.15,2024-07-09,1205.51
9009,Ana Garcia,Tablet,Norte,30.0,"$1,064.65",21/12/2025,806.45
1240,Ana Garcia,Laptop,Occidente,59.0,904.94,24/04/2025,1070.08
2290,Daniela Cruz,Escritorio,sin informacion,36.0,985.17,32/13/2026,1950.61
2741,Jose Martinez,Impresora, Norte,44.0,860.55,05-13-2024,1438.94
8468,Diego Romero,Tablet,Norte,48.0,$425.55,2024-03-16,990.3
4586,Fernanda Castro,Camara,Norte ,26.0,"$1,397.99",11-30-2025,1238.12
1230,Carlos Ramirez,Escritorio,?,-3.0,"$1,110.56",Marzo 12 2025,1744.32
6981,Carlos Ramirez,MOUSE,Occidente,39.0,1041.84,2026-03-16,1075.89
5179,Luis Hernandez,Mouse,Occidente,7.0,$530.47,15/05/2025,1744.28
4294,Luis Hernandez,Mouse,SUR,46.0,517.01,Junio 29 2025,1908.63
1059,Daniela Cruz,Camara,Centro,39.0,sin dato,01/09/2024,1550.22
6263,Laura Sanchez,TABLET,sur,33.0,1369.98,20/12/2024,1881.61
282,Jorge Morales,Escritorio,Norte ,58.0,$849.18,10/04/2025,1699.11
969,Isabel Guzman,Laptop, Occidente,20.0,"$1,151.15",11-13-2024,1134.41
3954,Jorge Morales,Camara,Norte,38.0,"$1,291.70",Febrero 11 2025,1406.67
1940,Laura Sanchez,Bocina,Sur ,29.0,$719.77,27/04/2026,1934.76
8817,Miguel Flores,MOUSE,Centro,,$892.89,Enero 17 2024,1038.45
1275,Diego Romero,Monitor,Norte,37.0,1059.13,11/09/2025,1748.8
620,Maria Lopez,Teclado,Norte,29.0,$869.38,17/09/2025,1447.21
440,Miguel Flores,Monitor,Centro,20.0,836.23,2024-03-30,1448.68
1743,Jorge Morales, Silla,OCCIDENTE,37.0,$873.68,29/06/2024,1911.14
1391,Sofia Torres,Laptop,centro,32.0,$793.91,2025-07-06,1388.96
2204,Sofia Torres,Monitor,Norte,28.0,1071.28,Febrero 1 2026,1402.9
3569,Diego Romero,Silla,sin informacion,32.0,1225.91,29/08/2024,1190.94
6117,Camila Reyes,Camara, Occidente,65.0,755.80,04-19-2024,1323.85
4088,Isabel Guzman,Teclado,Norte,29.0,851.13,Febrero 4 2026,1825.48
6053,Miguel Flores, Bocina,Centro,39.0,537.95,Junio 14 2025,990.43
3179,Laura Sanchez,Mouse,Occidente ,38.0,"$1,717.15",10-13-2025,852.04
3193,Andres Ortiz,Bocina,Occidente,19.0,829.79,Mayo 19 2025,1681.98
6100,Laura Sanchez,Escritorio,Norte,43.0,486.49,Agosto 14 2025,1529.06
7030,Isabel Guzman,Mouse,Norte,14.0,"$1,127.12",Abril 18 2026,1367.32
576,Miguel Flores,Silla,Occidente,31.0,705.80,2026-05-05,1458.32
6657,Alejandro Diaz,Escritorio,Occidente,44.0,$610.40,2026-01-28,861.4
7116,Isabel Guzman,Bocina,OCCIDENTE,34.0,331.87,01/08/2025,1232.53
9387,Diego Romero,Escritorio,Sur,51.0,$980.19,03-10-2024,1128.8
6277,Luis Hernandez,IMPRESORA,norte,25.0,979.16,08-26-2024,1353.47
9253,Carlos Ramirez, Tablet,Centro,26.0,905.55,2025-09-13,1250.39
5898,Pedro Aguilar,Teclado,SUR,36.0,915.28,2024-01-25,1555.21
5725,Laura Sanchez,Escritorio,Occidente,44.0,1155.40,02/02/2024,1074.97
270,Ricardo Vargas,Camara,CENTRO,29.0,899.79,11/07/2025,896.82
630,Miguel Flores,Mouse,Centro,55.0,1348.54,09-28-2024,996.94
3082,Camila Reyes,Camara,Occidente,25.0,sin dato,2024-01-09,1498.94
3467,Paola Rios,Teclado,CENTRO,30.0,"$1,211.14",Noviembre 30 2025,1821.67
6431,Alejandro Diaz,Laptop,norte,54.0,$896.86,,979.81
9681,Ana Garcia,Impresora,SUR,44.0,$637.17,Abril 18 2025,691.28
7063,Pedro Aguilar,Impresora,Sur,45.0,860.83,Septiembre 28 2025,1521.3
9931,Sofia Torres,Silla, Norte,34.0,$764.75,27/06/2024,1345.52
5544,Diego Romero,Laptop,Sur,34.0,832.34,03-10-2024,1370.44
4357,Pedro Aguilar,Tablet,Occidente,19.0,1293.81,Marzo 9 2025,1174.79
2114,Isabel Guzman,Monitor,Norte,37.0,$774.49,Febrero 27 2024,1430.67
8220,Paola Rios, Mouse,centro,54.0,$472.39,2025-12-20,790.75
3217,Ana Garcia,Silla,Occidente,55.0,"$1,082.62",2025-03-03,1252.82
3815,Miguel Flores,Camara,Occidente,11.0,779.06,Mayo 21 2025,1076.25
8322,Paola Rios,Mouse,SUR,28.0,892.53,17/08/2025,2124.76
8845,Paola Rios,MOUSE,Centro,,93.82,22/07/2024,1874.14
2279,Miguel Flores,Monitor,norte,42.0,"$1,525.73",2025-12-01,1383.28
4600,Valeria Mendoza,Escritorio,NORTE,12.0,"$1,064.17",Septiembre 8 2024,1722.68
14,Diego Romero, Bocina,Sur ,36.0,"$1,317.78",2024-01-01,779.03
9500,Maria Lopez, Monitor,Occidente,41.0,$796.40,17/02/2024,1820.55
1526,Ana Garcia,Bocina,Norte,390.0,"$1,210.55",06-18-2024,1199.24
2366,Luis Hernandez,Camara,Centro,36.0,$578.85,2025-12-20,1002.42
4649,Carlos Ramirez,Camara,Occidente,46.0,"$1,087.05",Julio 3 2025,1060.65
375,Alejandro Diaz,Bocina, Occidente,12.0,$844.44,2025-11-13,1758.17
8773,Paola Rios,Camara,Occidente,,$786.82,06-15-2025,1353.05
6478,Miguel Flores,ESCRITORIO,,38.0,632.99,Enero 13 2026,1036.69
526,Sofia Torres,Monitor,Norte,32.0,"$1,210.55",Noviembre 5 2024,1261.42
6896,Diego Romero,Escritorio,NORTE,55.0,$858.60,Diciembre 19 2025,2024.48
3592,Carlos Ramirez,Silla,centro,18.0,$955.04,20/11/2024,1086.99
7905,Fernanda Castro,Impresora,Occidente,34.0,sin dato,30/07/2024,950.07
2959,Paola Rios,Impresora,Occidente,22.0,$507.95,Junio 16 2025,1214.94
530,Isabel Guzman,Mouse,Sur,46.0,997.66,,2438.0
3715,Valeria Mendoza,Monitor,Sur,37.0,572.03,2025-02-05,935.96
4733,Diego Romero,Tablet,SUR,37.0,$802.47,2026-04-04,1208.24
1395,Laura Sanchez,Silla,Norte,62.0,1321.29,25/05/2024,836.32
5632,Ricardo Vargas,Mouse,Sur ,50.0,sin dato,16/05/2025,1554.12
6564,Ana Garcia, Silla,Norte,39.0,$773.93,,1215.91
4704,Alejandro Diaz,Monitor,Centro,35.0,sin dato,Septiembre 26 2025,1358.57
1713,Alejandro Diaz,Camara,Norte,35.0,1083.56,07/05/2024,1008.03
4820,Isabel Guzman,Teclado,Centro,53.0,$540.85,Mayo 4 2024,1590.23
956,Fernanda Castro,Impresora,SUR,37.0,$478.67,Septiembre 5 2024,1632.98
6676,Alejandro Diaz,Monitor,Occidente ,34.0,"$1,114.27",2025-10-15,1625.81
3454,Sofia Torres,Laptop,Sur,46.0,586.23,2024-02-15,1132.71
8596,Ricardo Vargas,Tablet,Sur,37.0,507.24,18/01/2025,1386.95
2072,Fernanda Castro,Camara,Occidente,41.0,1181.80,10-26-2025,1262.23
322,Maria Lopez,TABLET,Norte,23.0,925.44,01-23-2026,961.63
159,Paola Rios,Tablet, Centro,39.0,sin dato,04-20-2025,1482.09
7006,Ana Garcia,Monitor,Centro,46.0,282.36,22/08/2024,899.66
353,Carlos Ramirez,Teclado,sur,37.0,945.76,2024-07-02,1586.18
6079,Ricardo Vargas,Teclado,Centro,31.0,"$1,006.15",2026-02-14,1129.02
6237,Camila Reyes,Teclado,Sur,49.0,657.50,11/07/2024,1722.93
2921,Sofia Torres,Tablet,Norte,13.0,934.94,05-06-2024,1065.37
8504,Maria Lopez,MOUSE,Norte,66.0,961.21,2024-08-10,1703.79
4645,Ana Garcia,IMPRESORA,Norte,295.0,$767.74,11/03/2024,990.66
662,Valeria Mendoza,BOCINA,Sur,36.0,$730.47,Marzo 16 2026,1678.57
7058,Camila Reyes,BOCINA,Centro,251.0,$765.56,05-15-2025,1572.45
3666,Jorge Morales,Teclado,Centro,40.0,660.92,2024-05-01,1429.27
7980,Pedro Aguilar,Mouse,Norte,28.0,"$1,116.06",2026-03-18,1859.61
307,Sofia Torres,Escritorio,norte,23.0,"$1,076.49",Febrero 6 2026,1039.73
4791,Jose Martinez,Tablet,NORTE,19.0,461.70,09-20-2024,2150.47
2357,Daniela Cruz,Tablet,Norte,37.0,$908.76,24/01/2026,807.99
1928,Maria Lopez, Mouse,Centro,39.0,1222.50,23/01/2026,1298.03
9609,Jorge Morales,Teclado,CENTRO,37.0,576.98,21/03/2025,1477.91
3428,Alejandro Diaz,Escritorio,sur,52.0,418.01,2025-06-30,1295.86
3639,Luis Hernandez,Laptop,Occidente,27.0,sin dato,2025-07-15,1435.78
1267,Luis Hernandez,Monitor,Norte,32.0,"$1,328.35",Febrero 3 2025,1739.09
1561,Carlos Ramirez,Mouse,Occidente,50.0,$647.30,14/05/2026,1703.73
7180,Carlos Ramirez,Escritorio,CENTRO,48.0,562.00,Octubre 24 2025,1413.43
4110,Sofia Torres, Monitor, Occidente,58.0,653.66,17/01/2025,886.37
7868,Ana Garcia,Tablet,sur,47.0,$902.68,Diciembre 22 2025,1710.31
4905,Jose Martinez,Teclado,Centro,37.0,sin dato,Agosto 29 2024,1418.82
7295,Laura Sanchez,Monitor,Occidente,68.0,$389.80,Mayo 22 2026,1659.56
515,Pedro Aguilar,Mouse,Norte,45.0,872.28,01-13-2024,1619.37
895,Valeria Mendoza,Impresora,OCCIDENTE,15.0,$966.88,Julio 27 2024,1331.03
8602,Jorge Morales, Bocina,Occidente,46.0,1104.79,07/12/2024,1287.59
22,Miguel Flores,Teclado,CENTRO,43.0,$548.31,Junio 6 2026,1641.51
900,Fernanda Castro,Impresora,Sur,22.0,459.30,2025-08-08,1310.62
208,Pedro Aguilar,Escritorio,Occidente,30.0,"$1,073.61",Enero 30 2024,1961.68
459,Camila Reyes,Laptop,Norte,-1.0,$523.20,2025-10-31,1053.92
2431,Maria Lopez,Teclado,Occidente,49.0,$979.90,2024-09-08,1785.78
8443,Sofia Torres,Camara,Centro ,40.0,$-944.58,2025-06-06,1152.77
3390,Andres Ortiz,Impresora,sur,56.0,867.09,32/13/2026,2131.74
3912,Pedro Aguilar,IMPRESORA,Centro,46.0,600.09,12/06/2024,1295.71
5384,Miguel Flores,Impresora, Centro,81.0,$917.93,2024-12-04,1581.03
553,Camila Reyes,Tablet,norte,38.0,$507.39,2025-01-17,2039.27
3145,Diego Romero,Camara,Centro,43.0,$775.40,05-17-2026,1611.81
6918,Ana Garcia,ESCRITORIO,Centro,24.0,1050.33,03-22-2025,663.35
2057,Valeria Mendoza,Silla,Sur,65.0,437.91,06-13-2026,1343.93
1926,Maria Lopez,Impresora,Occidente,35.0,835.34,2025-01-21,1705.5
635,Jose Martinez,Laptop,Norte,24.0,$930.90,06-16-2026,1176.88
6083,Laura Sanchez,Laptop,Centro,58.0,sin dato,02/06/2025,1403.32
8509,Ana Garcia,Mouse,Norte,59.0,$616.15,Agosto 18 2024,2352.03
9545,Fernanda Castro,Laptop,SUR,14.0,$593.35,2025-05-27,1495.65
9969,Laura Sanchez,Tablet,Occidente,47.0,801.41,03-22-2024,937.11
8620,Fernanda Castro,Escritorio, Sur,31.0,1036.33,29/04/2025,1494.98
106,Diego Romero,Silla,Centro,60.0,$-925.23,2025-07-07,1096.87
3042,Carlos Ramirez,TABLET,Sur,37.0,"$1,007.29",,1466.6
1710,Laura Sanchez,Laptop,Occidente,41.0,$830.40,2025-04-22,1516.39
90,Camila Reyes,Teclado,sur,37.0,601.87,2024-12-10,1260.54
7015,Daniela Cruz,Escritorio,sur,41.0,$-911.70,Octubre 7 2025,1080.57
3175,Pedro Aguilar,Laptop,Centro,55.0,"$1,367.70",22/02/2025,1586.86
918,Diego Romero,MONITOR,Sur ,45.0,$608.74,2025-03-27,1388.88
7834,Paola Rios,SILLA,Norte,26.0,924.76,Mayo 10 2025,1328.61
6733,Ricardo Vargas,Camara,Occidente,37.0,$722.81,2024-08-29,2336.4
1950,Sofia Torres,Tablet,Centro,43.0,"$1,134.49",2024-12-03,834.86
6369,Ana Garcia,Silla,Norte,36.0,1146.12,Agosto 15 2024,1733.56
2,Diego Romero, Teclado,?,59.0,1400.37,12/05/2025,1472.96
8033,Fernanda Castro,Teclado,Occidente ,36.0,$970.57,Marzo 21 2025,844.13
6048,Ricardo Vargas,Impresora,norte,16.0,$698.96,27/05/2026,1753.19
2721,Fernanda Castro,Silla,OCCIDENTE,29.0,sin dato,,1400.63
1863,Camila Reyes,Escritorio,Centro,55.0,"$1,080.12",2025-12-29,1416.56
3118,Fernanda Castro,Camara, Centro,44.0,$884.15,Septiembre 18 2025,1189.44
9748,Ricardo Vargas,Teclado,Centro,41.0,348.77,11-08-2025,1961.09
3763,Ricardo Vargas,Camara,Occidente,17.0,755.42,2025-10-12,125000.0
214,Daniela Cruz,Monitor,SUR,41.0,$900.87,Enero 24 2026,760.02
779,Carlos Ramirez,Teclado,occidente,25.0,$706.97,24/04/2025,1751.06
3497,Maria Lopez,Bocina,Centro,30.0,$583.00,03-17-2024,2002.21
9080,Miguel Flores,Laptop,Occidente,52.0,822.48,Septiembre 29 2025,1665.18
2044,Valeria Mendoza,CAMARA,Occidente,48.0,896.15,2024-04-22,1286.68
5421,Camila Reyes, Laptop,Norte,36.0,$800.73,27/09/2024,1467.44
6155,Ana Garcia, Camara,Centro,31.0,"$1,407.38",03-31-2026,1302.26
8358,Andres Ortiz,Bocina,SUR,22.0,$721.56,23/10/2025,1086.5
8965,Alejandro Diaz,Tablet,Norte,34.0,sin dato,01/01/2024,1349.95
8466,Valeria Mendoza,Silla,Occidente,49.0,910.77,Noviembre 15 2025,1180.03
4168,Jose Martinez,Teclado,Centro,22.0,1225.93,2025-04-24,1868.32
3789,Pedro Aguilar,Teclado,Occidente,15.0,1705.18,02-01-2024,1403.12
8587,Diego Romero, Laptop,SUR,50.0,781.17,10-24-2024,1355.26
584,Luis Hernandez,IMPRESORA,Occidente,35.0,sin dato,Mayo 5 2025,1737.51
5846,Jose Martinez,Camara,Norte ,43.0,$879.72,2024-08-26,1818.11
6133,Isabel Guzman,Laptop,Norte,50.0,"$1,060.31",11-13-2024,2535.54
117,Ana Garcia,Tablet,Occidente ,23.0,$727.64,2024-07-23,861.23
6645,Diego Romero,Tablet,Norte,47.0,"$1,467.65",19/09/2024,1185.6
9303,Ricardo Vargas,Camara,Centro,35.0,$833.07,01-16-2026,2021.94
1312,Sofia Torres,Teclado,Sur,37.0,1206.04,2025-04-11,989.11
9227,Valeria Mendoza,Impresora,Occidente,48.0,sin dato,Julio 8 2024,1302.69
8713,Alejandro Diaz,BOCINA,Centro ,44.0,$888.77,Mayo 3 2024,1377.21
1764,Fernanda Castro,Teclado,occidente,28.0,1017.69,10-04-2025,1365.52
1876,Maria Lopez,MOUSE,,38.0,"$1,153.44",23/07/2024,1865.75
3225,Fernanda Castro,Impresora,Norte,60.0,1059.83,22/06/2024,1326.72
527,Isabel Guzman,Camara,Norte,32.0,$748.79,02/11/2024,831.64
7726,Andres Ortiz,Camara, Sur,43.0,$342.15,2025-07-26,1900.71
2947,Ricardo Vargas,Escritorio,Norte,41.0,"$-1,167.24",Noviembre 25 2025,1276.67
4474,Maria Lopez,Mouse,centro,33.0,"$1,066.10",13/02/2026,1076.91
5656,Laura Sanchez,Monitor, Norte,29.0,941.82,2025-08-05,1534.71
6060,Miguel Flores,Silla,sur,25.0,784.54,05-12-2026,992.53
960,Daniela Cruz, Tablet,Occidente,36.0,"$1,207.37",Marzo 23 2024,1651.71
6343,Andres Ortiz,Bocina,norte,46.0,$929.17,32/13/2026,1245.67
3634,Diego Romero,Escritorio,centro,22.0,953.19,Marzo 13 2026,1142.25
1051,Paola Rios,Camara,,52.0,$409.79,Junio 28 2025,697.74
8783,Maria Lopez,Impresora,,40.0,844.35,06-11-2024,964.06
8712,Andres Ortiz, Mouse,Occidente,25.0,$443.38,15/05/2026,1577.18
3381,Camila Reyes,Silla,Centro,37.0,$987.43,Febrero 15 2024,1735.91
3677,Miguel Flores,Mouse,norte,54.0,$993.15,10/03/2024,1219.52
5777,Miguel Flores,Teclado,Occidente ,26.0,1034.76,Enero 20 2025,1303.56
9315,Maria Lopez,Impresora,Occidente,36.0,$844.18,Marzo 6 2025,1160.77
6574,Fernanda Castro,Impresora,Occidente,35.0,$493.62,16/01/2026,2043.3
5180,Daniela Cruz,Impresora,Occidente,61.0,1334.98,05-19-2025,1441.77
1608,Ricardo Vargas,Silla,Norte,34.0,1271.36,2026-04-15,1820.66
3611,Ricardo Vargas, Teclado,Sur,53.0,$353.61,Agosto 13 2024,982.57
2305,Isabel Guzman,Monitor,sur,55.0,sin dato,2025-06-15,1342.54
6636,Maria Lopez,Camara,Sur,14.0,1077.29,2025-11-07,1157.76
6478,Miguel Flores,ESCRITORIO,,38.0,632.99,Enero 13 2026,1049.04
792,Jorge Morales,Impresora,Sur,31.0,$552.94,,1521.47
3057,Camila Reyes, Laptop,Occidente,43.0,$669.52,Marzo 28 2026,1681.44
1981,Andres Ortiz,Escritorio,Centro,44.0,$485.75,Mayo 13 2026,1177.27
3599,Carlos Ramirez,Tablet,Sur ,-9.0,"$1,052.30",07-05-2024,1321.38
934,Fernanda Castro,Bocina,Sur,48.0,"$1,034.42",08-03-2025,1606.75
7425,Pedro Aguilar,Mouse,Sur,47.0,$508.75,19/03/2024,1156.64
5627,Daniela Cruz,Escritorio,Occidente,34.0,926.09,02-18-2025,1614.07
1683,Ana Garcia,Tablet,sur,41.0,1024.89,09-17-2024,1365.72
4180,Jorge Morales,Mouse,CENTRO,30.0,320.71,15/07/2024,1284.22
6447,Carlos Ramirez,Monitor,norte,54.0,1171.06,Julio 21 2024,807.58
4117,Ana Garcia,Tablet,OCCIDENTE,20.0,$575.66,2025-08-05,1331.79
989,Laura Sanchez,Impresora,Occidente,39.0,717.56,Noviembre 9 2024,1190.88
2897,Andres Ortiz,Laptop,Sur,22.0,1192.82,32/13/2026,1187.91
3779,Pedro Aguilar,Impresora,Norte,23.0,732.95,09-06-2024,1316.01
5659,Paola Rios, Silla,Centro,37.0,1176.82,07-14-2024,1426.23
3094,Laura Sanchez,Laptop,Centro,28.0,"$1,185.41",,1213.15
3156,Camila Reyes,Bocina,norte,14.0,sin dato,06/12/2025,972.13
1824,Alejandro Diaz, Monitor,Centro,36.0,899.47,Mayo 29 2024,1488.9
9912,Laura Sanchez,Impresora,Sur,44.0,"$1,105.69",25/03/2026,1498.26
1099,Ana Garcia, Monitor,Centro,36.0,$996.65,,1661.15
2845,Jorge Morales,Escritorio,CENTRO,37.0,"$1,196.34",2024-05-22,2347.57
3343,Luis Hernandez,Teclado,Norte,20.0,811.84,13/04/2024,1440.93
39,Carlos Ramirez,Tablet, Centro,40.0,964.08,Marzo 23 2026,1281.22
6541,Isabel Guzman, Camara,Centro,8.0,"$1,189.77",02/03/2024,1637.3
9626,Paola Rios,Escritorio,occidente,49.0,471.70,2025-05-04,1086.85
8708,Luis Hernandez,Bocina,Norte,24.0,sin dato,Diciembre 21 2024,1449.06
3357,Luis Hernandez,Escritorio,Sur,-3.0,558.00,11/03/2024,1454.14
7814,Camila Reyes,IMPRESORA,sur,40.0,953.73,2024-12-22,1362.95
8221,Sofia Torres,Escritorio,Occidente,36.0,$987.76,02-11-2026,1410.37
9502,Jose Martinez,Tablet, Norte,58.0,$398.11,04/04/2025,1529.1
2429,Diego Romero,Tablet,sur,38.0,"$1,053.32",2025-08-10,1097.04
5044,Ricardo Vargas,Mouse,Centro,39.0,959.32,23/05/2026,1502.27
5347,Jorge Morales,Escritorio,sur,26.0,"$1,566.81",03-01-2026,1675.75
4812,Laura Sanchez,Laptop,Centro,22.0,$-841.83,08-22-2025,2190.68
8477,Jorge Morales,Monitor,Sur,23.0,738.46,22/11/2025,1081.55
687,Daniela Cruz,Bocina,occidente,54.0,1295.86,Septiembre 5 2025,1224.02
4800,Ricardo Vargas,Bocina,Centro,59.0,850.81,2024-02-02,1529.32
7438,Isabel Guzman,Silla,Centro ,40.0,$780.05,2025-01-23,1161.57
2354,Jorge Morales,Bocina,Sur,49.0,1357.25,2025-07-11,1229.21
6354,Alejandro Diaz,Escritorio,Centro,17.0,1036.22,03-13-2026,1665.51
4570,Laura Sanchez,Tablet,Centro,45.0,560.98,2024-09-28,1615.81
8214,Valeria Mendoza,Teclado,Occidente,63.0,"$1,101.78",04-07-2024,1980.23
2753,Ricardo Vargas,Mouse,Norte,22.0,1551.37,Enero 9 2026,1215.29
8074,Sofia Torres,TABLET, Occidente,43.0,754.97,Octubre 18 2024,1697.28
1041,Valeria Mendoza,Escritorio,Sur,29.0,"$1,359.28",08-11-2024,1544.33
7492,Valeria Mendoza,Impresora,Occidente ,25.0,$695.05,,1109.28
1266,Ana Garcia,IMPRESORA,occidente,37.0,$969.50,03/10/2025,1483.54
9540,Valeria Mendoza,Laptop,Sur,31.0,"$1,330.01",2024-07-11,1498.8
7060,Jorge Morales,Teclado,Centro ,36.0,733.05,Octubre 23 2024,1576.08
278,Diego Romero,Teclado,,33.0,$195.40,2025-11-29,1910.66
5085,Paola Rios,Teclado,Norte,48.0,1456.43,Noviembre 1 2024,1285.25
2383,Isabel Guzman,Teclado,,61.0,"$1,461.94",Marzo 26 2026,1936.04
572,Daniela Cruz,Monitor,Norte,39.0,"$1,072.78",05/04/2025,1265.11
1436,Maria Lopez,Tablet,Occidente,41.0,$667.98,05/12/2024,1241.3
5353,Maria Lopez,Teclado,Sur,37.0,580.14,27/07/2025,1216.65
5446,Miguel Flores,Laptop,Norte,27.0,702.27,2025-04-15,1868.23
1008,Paola Rios,Escritorio, Centro,46.0,$884.64,06-15-2026,1819.66
4544,Fernanda Castro,Tablet,Norte,39.0,956.12,2024-01-12,1011.82
9079,Maria Lopez,Teclado,Occidente,52.0,616.77,Mayo 12 2026,1390.57
2065,Ricardo Vargas,Teclado,Centro,52.0,1108.12,2024-03-06,1535.11
1137,Valeria Mendoza,Bocina,Occidente,1.0,1108.81,01-17-2025,1544.57
5344,Daniela Cruz,Monitor,Occidente ,33.0,1295.02,2025-12-05,1675.75
295,Paola Rios,BOCINA,Norte,36.0,$753.48,Mayo 17 2026,1815.42
8781,Paola Rios,Mouse,Centro ,42.0,$524.35,Abril 16 2026,1414.77
2404,Ricardo Vargas,IMPRESORA,Norte,34.0,$928.01,25/05/2026,1304.3
3999,Valeria Mendoza, Silla,Sur ,42.0,"$1,277.02",2024-03-18,1473.56
3742,Sofia Torres,Escritorio,Norte ,35.0,997.95,Octubre 23 2025,981.17
9497,Miguel Flores,Impresora,sur,20.0,$426.16,02-27-2026,1440.65
2720,Jose Martinez,Impresora, Norte,34.0,1069.81,2026-01-02,1167.88
9474,Andres Ortiz,Laptop,Centro,26.0,$679.39,Enero 4 2024,444.64
5151,Jose Martinez,Tablet,Sur,38.0,sin dato,23/08/2024,1594.59
2809,Diego Romero,MONITOR,occidente,50.0,$651.61,Septiembre 8 2024,1952.49
557,Valeria Mendoza,Bocina,SUR,38.0,$604.24,04-10-2025,1037.15
9192,Pedro Aguilar,Impresora,Centro,44.0,$880.08,2024-01-09,1454.45
4796,Jose Martinez,Mouse,Sur,34.0,$-555.09,09/07/2025,978.88
2470,Laura Sanchez,Mouse,Centro,56.0,$733.70,2024-10-30,1692.58
3739,Andres Ortiz,ESCRITORIO,Occidente,26.0,$794.21,18/06/2025,1428.68
4287,Valeria Mendoza,IMPRESORA,?,42.0,$698.22,2025-08-25,1060.82
2605,Diego Romero,Camara, Centro,21.0,$500.27,Agosto 16 2025,746.33
363,Laura Sanchez,Silla,Sur,50.0,$620.81,Julio 6 2024,1231.09
6925,Sofia Torres,Silla,Sur,71.0,"$1,259.88",25/04/2026,1802.63
1705,Isabel Guzman,Monitor,Norte,51.0,$340.60,2025-06-14,1267.61
2140,Daniela Cruz,Monitor,sur,,sin dato,03-07-2024,1349.94
3240,Ana Garcia,Teclado,?,42.0,871.04,01-16-2026,618.3
2384,Miguel Flores, Monitor,norte,55.0,1166.50,Mayo 9 2026,1534.63
7315,Alejandro Diaz,Escritorio,Sur,14.0,$853.92,2026-05-21,1151.16
4312,Alejandro Diaz,Bocina,Norte,46.0,733.64,04-26-2026,1433.64
1313,Diego Romero,Bocina,Occidente,58.0,713.90,01-25-2024,1111.35
3931,Valeria Mendoza,Tablet,Sur,52.0,"$1,140.48",20/04/2025,1712.67
6184,Isabel Guzman,Laptop,CENTRO,47.0,670.26,Febrero 24 2026,1718.12
1592,Sofia Torres,Escritorio,centro,71.0,$491.55,Agosto 16 2024,1695.27
9665,Ana Garcia,ESCRITORIO,centro,28.0,$332.60,2024-11-10,1812.15
2163,Daniela Cruz,Monitor,Occidente,24.0,"$1,097.26",2026-05-20,968.96
2397,Isabel Guzman,Tablet,Sur ,26.0,591.31,03/04/2026,896.06
318,Valeria Mendoza,Impresora,Sur,51.0,463.98,Julio 13 2025,936.81
5234,Jose Martinez,Teclado,Centro,26.0,$789.25,Octubre 6 2025,1701.58
5069,Ana Garcia,Teclado,CENTRO,22.0,"$1,109.35",02-23-2026,1157.16
4037,Andres Ortiz,Silla,Centro,52.0,$457.85,09-15-2025,1682.29
3021,Sofia Torres,Bocina, Occidente,55.0,$50.00,20/01/2024,1811.04
8229,Sofia Torres,Laptop,Norte,47.0,816.17,2024-06-18,780.93
5296,Diego Romero,Mouse,Sur,54.0,1000.69,2024-12-31,976.97
3973,Maria Lopez,Monitor,SUR,19.0,"$1,004.09",21/03/2024,1640.6
5371,Diego Romero,Escritorio,Norte,25.0,344.27,2024-08-04,1383.92
4134,Paola Rios,Bocina,norte,28.0,$820.18,03-16-2025,1243.81
975,Maria Lopez, Camara,sur,63.0,1175.21,17/12/2025,1627.14
7292,Diego Romero,Mouse,Occidente,34.0,781.66,2025-11-02,1682.74
955,Diego Romero,Laptop, Sur,24.0,1437.02,Diciembre 5 2025,1915.25
9584,Ana Garcia,Monitor,Occidente,40.0,450.22,07/05/2025,1526.74
5017,Luis Hernandez,Bocina,Sur,40.0,579.60,05-06-2024,1239.59
9897,Camila Reyes,LAPTOP,Sur ,48.0,453.66,32/13/2026,1321.43
7491,Maria Lopez,BOCINA,Occidente,44.0,509.56,15/08/2024,1192.67
1641,Valeria Mendoza,Silla,Occidente,39.0,$943.67,06/06/2026,1636.34
1291,Laura Sanchez,Camara,Norte,21.0,$419.13,26/02/2024,1470.35
1381,Pedro Aguilar,Teclado,Centro ,49.0,$-404.25,25/07/2025,1562.13
1934,Pedro Aguilar,Bocina,centro,45.0,1070.14,2025-06-20,1448.12
4676,Miguel Flores,Impresora,Centro,50.0,$600.97,06-21-2025,752.27
893,Paola Rios,Teclado,Centro,43.0,"$-1,155.54",04-17-2026,1173.6
7288,Jose Martinez,Mouse,Norte,46.0,1357.89,01/10/2024,863.7
4877,Daniela Cruz,Laptop,occidente,46.0,291.28,06-25-2024,1326.66
7907,Diego Romero,Monitor,Centro,37.0,"$1,516.80",2025-04-14,1912.58
8195,Maria Lopez,Monitor,norte,47.0,"$-1,304.11",2024-09-10,1504.6
9657,Camila Reyes,Camara,Sur,52.0,916.85,2025-02-03,1526.04
2467,Sofia Torres, Camara,Occidente,50.0,513.37,2024-12-06,1102.67
7658,Isabel Guzman,Monitor,Sur,43.0,$996.38,22/04/2025,1071.69
1914,Diego Romero,Silla,Occidente,43.0,$191.23,2026-02-06,1498.55
2737,Ricardo Vargas,Mouse,Sur ,16.0,562.33,2025-05-27,1209.76
727,Valeria Mendoza,Bocina, Occidente,46.0,$972.14,2025-11-10,1715.15
7215,Laura Sanchez,Laptop,centro,37.0,$900.20,2025-05-30,1301.36
8246,Alejandro Diaz,Camara, Sur,36.0,280.86,23/10/2025,849.04
1797,Pedro Aguilar,Impresora,Sur,52.0,348.51,Abril 7 2026,1756.37
3846,Jorge Morales,Impresora,centro,31.0,$805.05,04-28-2026,1305.28
6403,Sofia Torres,Monitor,,32.0,634.78,32/13/2026,1624.86
937,Jose Martinez,Tablet,Sur,60.0,$873.69,10-29-2024,1166.29
2266,Luis Hernandez,BOCINA,NORTE,21.0,$713.26,26/11/2024,1390.76
825,Fernanda Castro,ESCRITORIO,Norte,43.0,$647.42,05-01-2026,1853.99
7275,Luis Hernandez,Bocina,Norte,28.0,$50.00,Marzo 26 2025,1572.39
1390,Isabel Guzman,Bocina,Occidente,57.0,512.81,13/12/2024,1306.69
3565,Diego Romero,Silla,occidente,20.0,"$1,127.05",32/13/2026,1786.32
5430,Alejandro Diaz,Teclado,Norte,21.0,"$1,006.88",2025-08-11,1103.4
7828,Miguel Flores,Impresora,Norte,50.0,sin dato,11/02/2025,1218.04
5691,Miguel Flores,Laptop,Sur,18.0,989.72,2024-11-18,1521.78
7879,Diego Romero,MOUSE,occidente,38.0,"$1,272.87",05/09/2025,1523.63
1869,Ana Garcia,Laptop,Occidente,,sin dato,06/10/2025,972.09
8203,Ricardo Vargas,Tablet,Sur,23.0,1365.66,29/08/2025,1188.71
7487,Camila Reyes,Bocina,,27.0,$514.04,32/13/2026,1537.04
807,Paola Rios,BOCINA,Occidente,30.0,56.45,Septiembre 12 2025,1272.32
4806,Diego Romero,Mouse,Centro,20.0,513.40,2024-10-22,1407.11
9424,Laura Sanchez,Impresora,CENTRO,35.0,$740.87,01-18-2025,1271.82
7512,Sofia Torres,Teclado,occidente,69.0,1019.69,Abril 25 2026,2117.81
8057,Fernanda Castro,TABLET, Centro,51.0,625.71,2025-07-26,1365.49
4495,Sofia Torres,Laptop,Centro,51.0,"$1,228.33",07/06/2024,1221.55
2633,Isabel Guzman,Laptop, Norte,59.0,728.02,Diciembre 29 2025,1395.32
9165,Isabel Guzman,Tablet,Sur,26.0,$721.79,Agosto 5 2025,976.18
8897,Carlos Ramirez,Teclado,Norte ,41.0,$800.50,2025-09-19,1066.17
8624,Diego Romero,Silla, Norte,47.0,$716.46,Mayo 2 2024,1803.02
7833,Daniela Cruz, Bocina,Occidente,43.0,1250.88,32/13/2026,1167.63
4389,Sofia Torres,Mouse,Sur,28.0,1017.55,2025-04-09,1070.38
146,Alejandro Diaz,Impresora,Sur ,50.0,862.93,05-13-2026,1479.53
6468,Luis Hernandez,Escritorio,CENTRO,35.0,837.62,2024-04-10,1516.02
2034,Andres Ortiz,Monitor, Centro,30.0,"$1,040.49",21/08/2024,1278.89
9398,Paola Rios,Monitor,SUR,15.0,sin dato,Abril 2 2025,821.03
1166,Maria Lopez,Mouse,Centro,26.0,$811.28,2024-01-30,1251.17
2051,Jose Martinez, Monitor,centro,41.0,$726.60,,1452.85
3761,Jose Martinez, Tablet,Sur,26.0,$754.88,23/08/2025,1216.11
4436,Isabel Guzman,BOCINA,Sur,51.0,$253.57,06/01/2025,1357.77
3431,Laura Sanchez,Mouse,OCCIDENTE,46.0,$767.66,07-13-2025,1932.88
8191,Laura Sanchez,Camara,Centro,20.0,$689.70,Marzo 4 2026,1687.47
9013,Diego Romero,IMPRESORA,centro,8.0,$722.19,2025-01-29,792.27
7070,Valeria Mendoza,Bocina,Centro ,49.0,656.76,01-26-2025,1134.7
4362,Diego Romero,Teclado,Sur,58.0,$534.97,Abril 21 2026,1424.27
1772,Miguel Flores,Laptop,Norte,65.0,793.09,19/01/2025,1477.56
3512,Ricardo Vargas, Laptop,Centro,29.0,sin dato,10-16-2025,1160.11
272,Ana Garcia,Silla,norte,41.0,$752.88,13/04/2025,1448.06
8437,Jose Martinez,Laptop,Occidente,56.0,784.81,14/05/2026,457.32
2033,Luis Hernandez,Tablet,Centro,34.0,630.17,2025-06-25,1049.43
9955,Paola Rios,Mouse,Centro,33.0,"$1,106.39",2024-04-25,1624.92
3811,Laura Sanchez, Escritorio,sur,36.0,$737.38,24/03/2025,920.84
4347,Ana Garcia,Monitor,sur,30.0,$551.53,04-16-2026,1934.53
546,Luis Hernandez,Camara,Centro,11.0,$826.28,2024-04-26,1138.55
3242,Laura Sanchez,Camara,OCCIDENTE,56.0,$619.29,20/10/2025,1332.1
8931,Alejandro Diaz,Teclado,Occidente,39.0,533.98,32/13/2026,2013.49
8503,Carlos Ramirez, Laptop,Norte,42.0,905.56,16/04/2024,1218.54
6132,Daniela Cruz,Monitor,Norte,27.0,1224.91,2024-11-23,1094.74
7565,Carlos Ramirez,Silla,Centro,38.0,582.27,2024-08-15,2097.17
921,Alejandro Diaz,Escritorio,Occidente,22.0,1182.19,Diciembre 2 2025,1936.49
9389,Daniela Cruz, Tablet,Occidente,24.0,828.91,Abril 3 2025,1081.49
6641,Sofia Torres, Tablet,Norte,12.0,"$1,174.81",2025-10-24,2206.61
7695,Fernanda Castro,Teclado,Occidente,32.0,$846.03,Junio 12 2024,1922.4
8231,Sofia Torres,Impresora,Norte,35.0,463.91,2025-02-17,1385.3
7127,Alejandro Diaz,Monitor,Sur,38.0,403.41,Agosto 6 2024,1350.88
4279,Valeria Mendoza,Camara,Centro,43.0,"$1,305.85",2024-08-02,1521.4
2984,Camila Reyes,Escritorio,norte,40.0,200.84,2026-04-08,1482.36
131,Ricardo Vargas,Teclado, Centro,281.0,316.45,12-08-2025,1610.58
7981,Alejandro Diaz,Monitor,Norte,35.0,566.17,Octubre 24 2025,1994.8
2668,Pedro Aguilar,Impresora,Sur,39.0,"$1,252.53",2024-01-09,964.24
7139,Laura Sanchez,Monitor,Occidente,43.0,$486.60,2025-01-10,1630.68
3224,Diego Romero,Teclado,CENTRO,44.0,"$1,203.13",Noviembre 5 2024,1627.54
7694,Valeria Mendoza,Camara,Occidente,30.0,"$1,088.43",07/04/2024,1666.25
5393,Camila Reyes,MOUSE,norte,54.0,573.77,2024-10-26,1079.27
615,Andres Ortiz,SILLA,Sur,39.0,$661.11,,867.94
8613,Miguel Flores,Silla,occidente,49.0,618.84,04-13-2024,1497.54
1467,Fernanda Castro,Bocina,occidente,57.0,494.13,2026-05-13,1624.36
4498,Miguel Flores,Bocina,Centro,24.0,$881.28,01-24-2025,1380.43
3043,Sofia Torres,Teclado,CENTRO,42.0,$533.43,,1863.81
2420,Daniela Cruz,Camara, Norte,29.0,"$1,392.85",09-07-2024,920.23
5086,Sofia Torres,Escritorio,Norte,23.0,$976.85,12-26-2025,1907.58
3295,Jose Martinez,TECLADO,?,25.0,$951.88,Abril 17 2025,1875.42
6738,Maria Lopez,Mouse,Centro,24.0,$549.56,10-19-2024,1023.41
1501,Paola Rios,Teclado,norte,47.0,1146.25,,1108.6
9019,Maria Lopez,Laptop, Occidente,39.0,$852.87,18/03/2026,1796.81
1522,Valeria Mendoza,Laptop,Norte,39.0,$964.97,2024-01-30,1848.3
9388,Alejandro Diaz,LAPTOP,norte,34.0,202.98,04-17-2025,1346.11
4233,Fernanda Castro,Silla,Norte,42.0,1204.93,2025-03-06,1422.38
7687,Luis Hernandez,CAMARA,Norte,29.0,$-462.74,21/10/2025,1107.89
8821,Jorge Morales,Escritorio,Norte,312.0,1257.88,03/10/2025,1276.65
4431,Isabel Guzman,Camara,Norte,33.0,"$1,174.69",03-13-2024,1179.97
391,Valeria Mendoza, Monitor,Sur,40.0,345.28,Agosto 12 2024,1052.04
8020,Fernanda Castro, Laptop,CENTRO,33.0,654.73,32/13/2026,1099.79
7125,Luis Hernandez,Tablet,Sur ,51.0,1174.29,Febrero 19 2025,1582.01
5914,Jose Martinez,Mouse, Sur,62.0,956.69,01-04-2024,1172.72
8593,Laura Sanchez,Bocina,sur,42.0,sin dato,01/01/2026,1482.2
4807,Jorge Morales,Bocina,sur,22.0,"$1,283.59",2025-09-19,1321.6
9221,Jose Martinez,Escritorio,Occidente,45.0,687.78,Septiembre 7 2025,1330.75
8239,Paola Rios,Camara,Sur,26.0,$772.36,Julio 21 2025,935.83
8045,Daniela Cruz,Escritorio,NORTE,26.0,1045.74,2024-03-17,1652.44
2928,Sofia Torres,Teclado,Sur,65.0,$600.34,,1509.6
3994,Carlos Ramirez,Bocina,Norte,44.0,1228.24,23/05/2025,978.7
9836,Andres Ortiz,Impresora,NORTE,197.0,$669.09,05-30-2024,1515.08
6610,Valeria Mendoza,Bocina,CENTRO,43.0,"$1,078.61",Abril 3 2025,1549.5
5320,Laura Sanchez,Silla,Norte,14.0,1071.68,08-25-2025,1399.46
97,Laura Sanchez,Tablet,Occidente,28.0,$672.86,04-05-2026,1081.65
7120,Paola Rios,Camara,Centro,52.0,$876.65,2025-09-16,1930.33
2422,Diego Romero, Laptop,Centro,45.0,439.78,,1885.99
5605,Fernanda Castro,Camara,CENTRO,33.0,776.06,2024-09-18,1214.88
1751,Isabel Guzman,Monitor,Norte,40.0,1014.47,28/03/2024,952.44
9285,Ana Garcia,Camara,Sur,73.0,835.06,29/12/2025,2100.12
6364,Carlos Ramirez,Bocina,Occidente,44.0,"$1,011.97",2025-12-09,1053.66
339,Laura Sanchez,Camara,Norte,29.0,sin dato,Julio 2 2025,1735.29
8408,Fernanda Castro,Mouse,centro,21.0,$450.79,Agosto 1 2024,1863.29
1342,Maria Lopez,Escritorio,Norte,42.0,sin dato,05-05-2024,1837.6
9829,Alejandro Diaz,Tablet,Centro,62.0,$787.57,2024-05-21,1423.18
7983,Paola Rios,TABLET,Sur,36.0,"$1,160.29",2025-06-25,779.21
3641,Valeria Mendoza,Mouse,NORTE,55.0,$650.72,2026-01-21,1672.85
330,Ricardo Vargas,Escritorio,NORTE,33.0,913.42,04-03-2026,1791.06
9091,Paola Rios,Laptop,occidente,29.0,1200.15,12-19-2025,1391.58
3005,Valeria Mendoza,Teclado,Occidente,197.0,1159.89,01-05-2025,1595.75
6961,Carlos Ramirez, Monitor,Sur,19.0,$838.84,2024-05-26,1549.12
4091,Valeria Mendoza,Tablet,Norte,54.0,"$1,241.38",2024-08-10,1660.81
2323,Sofia Torres,Laptop,NORTE,45.0,$909.75,01-03-2025,1430.52
6668,Laura Sanchez,Silla,sur,34.0,217.11,2025-01-14,801.15
7010,Valeria Mendoza,Escritorio,Norte ,31.0,891.53,2026-01-26,1285.07
4198,Maria Lopez, Teclado, Occidente,43.0,$988.29,2024-10-06,1424.7
3550,Fernanda Castro,Silla,norte,45.0,744.70,Octubre 17 2024,1151.13
8364,Maria Lopez,Laptop,Occidente,22.0,938.42,20/08/2025,1256.65
4204,Maria Lopez,Teclado,Sur,48.0,537.96,02-21-2025,1685.95
9588,Pedro Aguilar,Laptop,occidente,58.0,1174.67,2025-01-07,639.43
9203,Sofia Torres,Bocina,Occidente,30.0,"$1,216.96",01-19-2024,1521.4
6186,Alejandro Diaz,Teclado,Sur,38.0,741.35,08-13-2024,1239.54
1640,Carlos Ramirez, Impresora,,18.0,774.42,2025-11-07,1126.12
61,Isabel Guzman,Monitor,centro,47.0,$-963.80,2024-10-24,1302.84
1241,Paola Rios,Escritorio,occidente,12.0,860.72,08-08-2025,1388.39
5761,Maria Lopez,Monitor,Sur,37.0,834.63,07-03-2025,1077.41
5137,Jorge Morales,Monitor,Sur,61.0,"$1,107.77",Diciembre 21 2024,1949.25
2344,Valeria Mendoza,Impresora,Centro,36.0,1691.59,Septiembre 21 2024,1403.36
2121,Diego Romero,Bocina,Norte ,46.0,609.30,01-18-2025,1506.55
1525,Fernanda Castro,Mouse,Sur,25.0,1038.74,10-23-2024,999.35
7618,Isabel Guzman,Tablet,Centro,49.0,$580.38,02-22-2026,1780.15
154,Carlos Ramirez,Impresora,centro,53.0,$637.08,25/07/2025,1451.59
482,Camila Reyes,Monitor,Sur ,36.0,$313.94,Abril 27 2026,1453.67
6123,Camila Reyes,MONITOR,Occidente ,29.0,797.11,06-01-2026,1845.78
7675,Pedro Aguilar,Teclado,Centro,45.0,637.37,12/10/2024,885.51
7102,Alejandro Diaz,Escritorio,Norte,62.0,$674.63,2025-09-05,1301.14
1763,Ana Garcia,Teclado,Norte,20.0,$-185.83,09/02/2025,1164.72
8943,Isabel Guzman, Tablet, Occidente,46.0,1022.63,10/01/2026,1085.82
7716,Daniela Cruz, Tablet,sur,39.0,$637.61,2025-10-31,1612.51
9351,Andres Ortiz,Silla,Sur,6.0,674.37,Mayo 24 2025,1965.41
7480,Daniela Cruz,Escritorio, Centro,44.0,$639.05,10-25-2025,1172.91
6213,Ricardo Vargas,Bocina, Sur,46.0,1309.24,Enero 6 2025,1799.85
4854,Luis Hernandez,Tablet,Centro,43.0,1045.23,2024-01-29,1563.92
2712,Ana Garcia,IMPRESORA,Norte,33.0,583.00,08-18-2025,1149.02
6767,Andres Ortiz,Camara,Centro,28.0,$887.47,15/10/2024,1545.45
4151,Sofia Torres,Mouse,Occidente,49.0,928.83,Julio 20 2024,1618.19
1334,Camila Reyes,Teclado,Sur,41.0,sin dato,03/07/2024,1262.54
8379,Isabel Guzman,IMPRESORA,occidente,49.0,1110.52,2025-08-28,1308.44
9667,Fernanda Castro,TABLET,NORTE,48.0,974.26,02-19-2025,2172.87
9998,Miguel Flores, Mouse,Sur,54.0,"$1,166.20",Marzo 19 2025,1219.24
9392,Andres Ortiz,Mouse,centro,18.0,801.17,22/06/2024,1121.97
3851,Valeria Mendoza, Teclado,OCCIDENTE,41.0,788.05,Marzo 1 2025,1419.48
8341,Alejandro Diaz,Teclado, Norte,41.0,"$1,303.18",Junio 16 2025,1628.44
4125,Diego Romero,Laptop,Norte,25.0,1022.08,11-12-2025,1331.59
9231,Ricardo Vargas,Monitor,SUR,52.0,888.79,2024-03-07,1124.25
4789,Sofia Torres,Camara,sin informacion,25.0,$850.68,08-06-2024,1221.57
2867,Sofia Torres, Silla,NORTE,-1.0,$755.02,02-27-2025,940.17
1387,Ricardo Vargas, Silla,Centro,39.0,892.24,2026-01-23,1557.66
5942,Jorge Morales,Escritorio,Norte,34.0,1074.39,2024-04-21,1337.4
3068,Valeria Mendoza,Laptop,?,46.0,$824.08,03-17-2024,1037.91
9328,Luis Hernandez,Camara,Centro,35.0,589.83,Febrero 25 2025,1500.28
3630,Camila Reyes,Silla,sur,29.0,$818.25,08-23-2025,1759.7
9738,Daniela Cruz,Monitor,CENTRO,25.0,sin dato,06-13-2026,1721.36
9216,Laura Sanchez,Silla,Centro,30.0,$762.22,Julio 2 2025,1207.23
3029,Laura Sanchez,TECLADO,Occidente,55.0,640.78,32/13/2026,1378.17
2970,Fernanda Castro,Tablet,Sur ,46.0,"$1,129.13",2024-12-17,1662.2
8647,Andres Ortiz,Mouse,Sur,40.0,499.00,2026-05-31,1148.03
6137,Maria Lopez, Camara,Norte ,33.0,660.50,08/09/2024,2023.37
8802,Diego Romero,Escritorio,Norte,40.0,"$1,225.33",Marzo 16 2026,718.38
4264,Diego Romero,Escritorio,NORTE,41.0,"$1,128.74",Octubre 19 2024,1636.43
646,Sofia Torres,CAMARA,NORTE,32.0,723.01,32/13/2026,1566.97
9944,Luis Hernandez,Laptop,Centro,41.0,"$1,040.17",12/01/2024,1487.4
2075,Andres Ortiz,Monitor,Sur,43.0,$559.00,18/03/2025,1614.95
342,Carlos Ramirez,Bocina,?,49.0,$-863.53,02/04/2024,1165.03
8042,Laura Sanchez,Mouse,centro,42.0,740.56,07-01-2025,1203.21
1623,Isabel Guzman,Bocina,sur,25.0,$662.20,32/13/2026,1666.33
7142,Diego Romero,Escritorio,Sur,31.0,"$-1,277.28",2024-05-17,1137.14
5797,Alejandro Diaz,Bocina,norte,32.0,1219.16,2025-02-17,1227.52
7185,Laura Sanchez,Mouse, Centro,-7.0,$897.45,32/13/2026,1562.08
8233,Alejandro Diaz,MONITOR,Centro ,,1139.45,Julio 31 2025,1868.47
5476,Paola Rios,Impresora,Occidente ,46.0,825.81,Enero 4 2026,1110.68
9527,Camila Reyes, Tablet,Sur,23.0,$690.79,02-26-2025,1792.88
75,Andres Ortiz,Bocina,Occidente,17.0,$-712.89,2024-05-14,630.0
3416,Daniela Cruz, Silla,Norte,55.0,sin dato,07/03/2025,496.84
8634,Isabel Guzman,Camara,CENTRO,43.0,1010.40,2025-08-27,1789.93
9504,Paola Rios,Camara, Sur,29.0,$295.27,Octubre 20 2025,1207.06
2052,Sofia Torres,CAMARA,,21.0,613.12,Junio 30 2025,1124.38
2542,Pedro Aguilar,Impresora, Sur,27.0,$219.10,2025-10-23,1339.86
1302,Daniela Cruz,Camara,Centro,43.0,"$1,005.89",23/07/2025,1063.75
5878,Laura Sanchez,Teclado,OCCIDENTE,7.0,881.82,Octubre 29 2024,1497.97
7369,Luis Hernandez,Impresora, Norte,34.0,1526.52,2024-03-04,1319.04
1305,Fernanda Castro,Bocina,NORTE,54.0,234.19,Octubre 10 2025,960.98
8429,Ricardo Vargas, Monitor,Centro,27.0,"$1,158.16",2026-03-04,1203.17
9364,Ana Garcia,Laptop,Occidente,33.0,"$1,082.90",11-17-2024,1294.89
2600,Miguel Flores, Tablet,Centro,31.0,$631.84,Julio 30 2024,1444.69
2574,Miguel Flores,Silla,Occidente,36.0,939.62,2024-12-08,1943.32
3187,Diego Romero,Mouse,Occidente,56.0,1145.46,Mayo 17 2026,1037.15
2769,Jorge Morales,Escritorio,sur,22.0,"$-1,133.21",32/13/2026,1005.83
4832,Maria Lopez,Camara,OCCIDENTE,28.0,1504.63,15/02/2026,1512.02
4224,Paola Rios,Silla,sur,38.0,675.80,02-14-2024,1430.05
9940,Fernanda Castro,Silla,occidente,40.0,$974.52,2025-07-12,1494.64
2107,Diego Romero, Bocina,sur,68.0,"$1,416.78",Diciembre 17 2024,917.87
2680,Miguel Flores,Bocina,?,33.0,677.37,16/03/2024,2132.81
1388,Sofia Torres,Camara,Norte,344.0,"$1,188.05",Diciembre 24 2024,1376.68
9198,Sofia Torres,Bocina,CENTRO,36.0,$961.32,10-16-2024,1657.04
9950,Ricardo Vargas,Escritorio,Norte,40.0,$751.88,19/05/2024,1600.34
7084,Paola Rios,Laptop,Occidente,60.0,1216.13,06/10/2024,941.08
1280,Alejandro Diaz,SILLA,Sur,48.0,$729.88,2026-02-27,1523.9
805,Valeria Mendoza,Escritorio,Centro,37.0,770.24,22/08/2025,1146.62
1556,Jose Martinez,Silla,SUR,32.0,651.67,28/10/2025,1852.58
9769,Valeria Mendoza,MOUSE,Occidente ,28.0,$305.29,29/04/2026,1187.88
4567,Valeria Mendoza,Bocina,Centro ,52.0,$870.79,01-09-2026,1579.05
9960,Isabel Guzman,Monitor,centro,41.0,672.38,06/09/2025,1100.59
4842,Maria Lopez,Monitor,Sur,28.0,920.57,25/05/2025,1292.18
3595,Laura Sanchez,Tablet,Norte ,38.0,"$1,335.66",Octubre 12 2024,1591.2
6036,Luis Hernandez,Bocina, Sur,37.0,$390.92,Enero 27 2024,1364.97
6853,Andres Ortiz,Silla,Norte,37.0,837.05,2026-05-25,1217.31
8706,Andres Ortiz,Mouse, Centro,39.0,725.67,2026-01-20,1322.6
4178,Valeria Mendoza,Monitor,Norte,60.0,$993.95,09-12-2024,1122.06
1309,Daniela Cruz,Mouse,Centro,36.0,773.03,Febrero 13 2024,1204.17
9107,Jorge Morales,Laptop,Occidente,41.0,556.55,01-01-2026,402.07
3453,Jorge Morales,MOUSE,Centro ,38.0,979.62,32/13/2026,1592.07
3696,Fernanda Castro,IMPRESORA,CENTRO,27.0,$882.71,2024-06-12,1530.4
4243,Camila Reyes,Escritorio,Centro,47.0,"$1,033.02",32/13/2026,1113.01
2199,Ricardo Vargas,Mouse,OCCIDENTE,39.0,$555.35,10/11/2024,1474.7
8967,Valeria Mendoza,Monitor,Centro,43.0,521.29,05/03/2026,712.95
4426,Alejandro Diaz,Escritorio,centro,25.0,$955.40,32/13/2026,2111.28
6151,Ana Garcia,Laptop,centro,25.0,$635.31,24/05/2025,1625.57
944,Jorge Morales,LAPTOP,Centro,34.0,776.52,11-03-2025,1890.35
823,Maria Lopez,Monitor,,55.0,$406.67,Enero 14 2025,1896.62
5006,Pedro Aguilar,Monitor,NORTE,58.0,$757.26,15/06/2026,1462.02
6613,Isabel Guzman,Impresora,Norte,63.0,$911.42,2026-02-27,1250.3
8357,Isabel Guzman,Silla,Occidente ,45.0,442.56,2026-02-27,1528.92
5620,Jose Martinez,Laptop,Sur,50.0,452.88,26/07/2024,919.11
4548,Camila Reyes,Teclado,Norte,51.0,864.55,Enero 29 2026,792.28
2539,Paola Rios,Monitor,Sur,44.0,sin dato,Abril 27 2026,1442.22
5208,Diego Romero,Silla,Norte,18.0,$848.26,05-30-2024,1549.89
9797,Fernanda Castro,Impresora,occidente,38.0,1441.63,07-31-2025,1430.47
9279,Pedro Aguilar, Bocina, Sur,35.0,$765.03,2024-07-29,891.19
3055,Diego Romero,TECLADO,Norte,37.0,899.36,,1045.75
3676,Daniela Cruz,Escritorio,Occidente,47.0,"$1,176.59",2025-06-29,1376.23
7777,Camila Reyes,Camara,SUR,21.0,"$1,218.57",2025-09-03,1785.64
7219,Carlos Ramirez, Camara,Centro,47.0,$806.59,,1923.92
6723,Jose Martinez,Bocina,Occidente,50.0,732.61,09/11/2024,1759.21
3301,Fernanda Castro,Bocina,centro,62.0,1037.25,10-22-2025,849.9
3311,Paola Rios,Tablet,NORTE,30.0,"$1,140.49",02/10/2025,1887.08
7222,Andres Ortiz, Monitor,Occidente,30.0,$879.12,2025-01-06,1108.82
8520,Carlos Ramirez,Impresora,occidente,46.0,620.46,Abril 11 2024,1231.97
5955,Andres Ortiz,Silla,Occidente,41.0,$799.74,32/13/2026,1543.3
833,Jorge Morales,Mouse,Occidente,43.0,822.74,12-31-2025,1278.02
3463,Alejandro Diaz,Silla,Occidente,38.0,$-636.05,13/03/2025,1835.17
7644,Fernanda Castro,Impresora,Occidente,51.0,$55.93,02-13-2025,1178.87
55,Jorge Morales,Impresora,Norte,61.0,1294.51,29/12/2025,1661.21
3452,Luis Hernandez,MOUSE,,35.0,$182.95,Julio 31 2025,1306.66
6306,Miguel Flores, Silla,Sur,,824.03,2026-03-29,1336.84
1482,Ana Garcia,BOCINA,occidente,16.0,1142.88,01/08/2025,1173.26
4874,Ricardo Vargas,Laptop,Norte,25.0,677.61,06/09/2024,1017.54
8039,Sofia Torres,CAMARA,sur,21.0,649.05,04/04/2024,919.38
3336,Laura Sanchez,Impresora,Occidente,37.0,884.46,06-02-2026,1207.83
6017,Sofia Torres, Impresora,Sur,58.0,$841.56,02-25-2025,926.21
4927,Miguel Flores,Silla,Occidente ,28.0,123.01,01/11/2024,1959.43
9139,Isabel Guzman,Laptop,Occidente,48.0,$985.24,10-04-2025,957.26
5798,Fernanda Castro,Tablet,Occidente,68.0,$855.98,2025-06-16,1743.08
4696,Camila Reyes,Impresora,norte,67.0,589.10,Octubre 14 2025,1179.55
5084,Daniela Cruz,Mouse,Centro,32.0,1215.41,Abril 12 2026,1283.98
6646,Valeria Mendoza,Laptop,Occidente,51.0,987.86,2024-12-13,1256.06
5491,Jorge Morales,Escritorio,,59.0,$759.77,23/12/2024,1804.84
769,Maria Lopez, Teclado,Sur,40.0,sin dato,2024-04-01,1069.2
2066,Paola Rios,Monitor,Occidente,26.0,"$1,005.95",Julio 18 2025,1542.57
9783,Pedro Aguilar,Bocina,Sur,44.0,"$1,137.19",2026-01-31,1589.19
7312,Luis Hernandez,Teclado,Norte,37.0,$874.92,03-18-2024,2115.02
8478,Paola Rios,Bocina,Centro,23.0,1287.74,2025-07-23,1555.44
4525,Camila Reyes,TABLET,centro,48.0,$850.07,10-22-2025,1415.62
2718,Andres Ortiz,Silla, Norte,36.0,1016.26,2024-04-26,1843.29
2080,Maria Lopez,IMPRESORA,Occidente,56.0,$-613.71,2025-11-08,1230.55
8915,Andres Ortiz,LAPTOP,Norte,46.0,"$1,037.48",02/04/2026,1601.39
952,Sofia Torres,Monitor,NORTE,21.0,1346.25,Junio 15 2026,1718.42
8059,Fernanda Castro,Escritorio,Norte,46.0,"$1,721.10",Abril 16 2026,1313.67
2483,Jose Martinez,Laptop,Occidente,28.0,$414.88,10/05/2025,1748.99
9182,Laura Sanchez,Bocina,Occidente,56.0,$834.46,Octubre 29 2024,782.06
1760,Ricardo Vargas,Teclado,Occidente,52.0,579.88,28/10/2025,1438.8
4423,Diego Romero,Tablet,SUR,14.0,$825.50,2026-03-31,1396.87
6705,Alejandro Diaz,Bocina,Centro,55.0,1149.60,Junio 4 2024,1100.68
5183,Fernanda Castro,Escritorio,OCCIDENTE,43.0,1321.52,17/10/2024,1036.49
8534,Daniela Cruz,IMPRESORA,OCCIDENTE,30.0,548.77,04-01-2026,1604.94
3702,Laura Sanchez,TABLET,Norte,26.0,$198.12,,213.25
4244,Ana Garcia,LAPTOP,Centro,49.0,"$1,079.23",Abril 2 2026,1355.31
689,Daniela Cruz,Camara,Norte,51.0,$739.01,Agosto 30 2025,1854.17
3433,Laura Sanchez, Escritorio,Occidente,40.0,507.15,05/10/2025,1307.12
4945,Ana Garcia, Mouse,Centro,48.0,$981.47,18/04/2025,1904.07
967,Fernanda Castro,Tablet,OCCIDENTE,30.0,"$1,141.48",01-28-2026,894.39
9767,Miguel Flores,Impresora,Norte,37.0,$846.47,2024-12-07,947.75
2714,Paola Rios, Mouse,Centro,53.0,$918.12,07/04/2025,2052.32
4758,Maria Lopez,Impresora,Occidente ,35.0,$836.66,25/11/2025,1700.24
9830,Sofia Torres,MOUSE,Norte,48.0,426.46,2025-12-13,1362.06
6321,Diego Romero, Escritorio,Norte,38.0,$758.66,Diciembre 28 2024,1554.08
5976,Paola Rios,Tablet,Norte,35.0,$50.00,09-19-2025,1332.01
3573,Andres Ortiz,Laptop,Norte,41.0,284.40,Julio 6 2024,1250.73
5300,Camila Reyes,Bocina,SUR,68.0,804.11,05-21-2024,1118.14
1991,Paola Rios, Laptop,NORTE,34.0,310.47,Mayo 31 2025,1332.2
1206,Isabel Guzman,Camara,Occidente,64.0,$843.34,Julio 29 2025,2162.61
4972,Miguel Flores,Bocina,Centro,39.0,sin dato,05-02-2025,1273.27
583,Maria Lopez,Escritorio,norte,42.0,$795.85,Octubre 21 2024,826.64
6784,Andres Ortiz,Impresora,Occidente,19.0,$891.86,2024-07-08,1359.11
3601,Daniela Cruz,Impresora,Sur,47.0,861.56,12-13-2025,1226.01
6491,Alejandro Diaz,MOUSE,Centro ,55.0,"$-1,511.63",06/06/2025,1271.09
8610,Ana Garcia, Laptop, Occidente,45.0,887.29,13/09/2024,327.24
7793,Valeria Mendoza,Silla,sin informacion,33.0,609.51,27/12/2024,834.67
8071,Luis Hernandez,Laptop,Centro,63.0,$599.56,01/06/2024,1459.16
8578,Pedro Aguilar,IMPRESORA,Sur,33.0,737.80,04-12-2025,1353.04
7974,Laura Sanchez,Teclado,Norte,40.0,1161.28,2025-01-03,1694.79
1626,Pedro Aguilar,Escritorio,Sur,53.0,"$1,107.01",Enero 13 2025,1660.63
537,Jorge Morales,Monitor,CENTRO,37.0,"$1,062.48",07/11/2024,904.74
8767,Laura Sanchez, Impresora,centro,23.0,$839.62,Julio 25 2025,647.78
7971,Laura Sanchez,Tablet,Occidente,55.0,$824.34,02-11-2024,1964.82
4213,Daniela Cruz,TABLET,Norte,37.0,$639.40,,1610.69
6457,Carlos Ramirez,Laptop,Norte,47.0,860.10,08-22-2024,1889.13
3508,Camila Reyes,Tablet,Centro,37.0,$664.09,16/05/2024,934.14
8394,Maria Lopez,Silla,NORTE,38.0,1311.45,Octubre 1 2024,1595.27
7113,Isabel Guzman,Mouse,Sur,42.0,269.85,24/04/2026,1054.88
2709,Valeria Mendoza,Bocina,Norte,15.0,"$1,315.32",2025-10-03,1022.93
5032,Camila Reyes,Silla, Centro,41.0,476.46,2024-06-02,1387.99
6515,Camila Reyes,Escritorio,Sur,34.0,"$1,525.32",2024-04-23,1581.74
4663,Jose Martinez,Laptop,,42.0,$874.16,Agosto 28 2024,1195.51
4022,Ana Garcia,Laptop, Occidente,-7.0,$807.82,Agosto 18 2025,1647.56
1855,Maria Lopez,Bocina, Centro,19.0,sin dato,Octubre 11 2024,1565.15
9705,Luis Hernandez,Escritorio,Occidente,48.0,907.87,14/05/2024,923.35
2873,Camila Reyes,Monitor,Sur,52.0,"$1,376.20",2024-01-21,1637.73
3031,Valeria Mendoza,Laptop,Centro,46.0,$951.38,30/07/2025,1736.12
1646,Carlos Ramirez,Bocina,Norte,21.0,558.82,03-15-2026,2195.67
3418,Alejandro Diaz,Escritorio,Sur,39.0,"$-1,630.97",Julio 12 2025,1206.13
3477,Paola Rios,Teclado,Occidente,39.0,"$1,524.13",27/06/2025,1266.34
9837,Ricardo Vargas,Mouse,Sur,52.0,732.94,27/08/2024,930.73
1793,Sofia Torres,TECLADO,Sur,64.0,1191.06,,1192.02
3798,Luis Hernandez, Escritorio,Sur,35.0,$605.71,,1659.45
3369,Daniela Cruz,Silla,norte,45.0,802.13,04-18-2026,1123.45
7197,Sofia Torres,Escritorio,Sur,28.0,$839.96,2024-01-31,1959.96
9932,Ana Garcia,LAPTOP,Centro,42.0,$520.36,01-16-2026,1366.33
5110,Carlos Ramirez,Escritorio, Occidente,47.0,216.34,,1143.04
6025,Jorge Morales,Laptop, Occidente,24.0,$459.97,31/10/2025,680.3
8796,Diego Romero,Camara,Norte,36.0,$855.89,02-24-2025,1822.84
9569,Miguel Flores,Monitor,Centro,41.0,"$1,313.30",30/03/2025,1659.79
127,Luis Hernandez,Impresora,Sur,28.0,1440.65,2024-02-04,1186.47
5960,Alejandro Diaz,Impresora,Occidente,46.0,$530.45,Junio 1 2024,1073.94
3877,Andres Ortiz,Escritorio,Sur,33.0,984.70,32/13/2026,1588.16
4452,Carlos Ramirez,Monitor,norte,37.0,$779.46,2026-03-24,1252.45
7148,Daniela Cruz, Impresora, Centro,45.0,836.29,29/04/2024,1169.98
3532,Luis Hernandez, Escritorio,Norte,56.0,$352.30,2025-12-12,1294.05
828,Alejandro Diaz,Monitor,Centro,30.0,"$1,417.17",01-29-2026,1180.02
7791,Isabel Guzman,Silla, Sur,40.0,1294.54,03/11/2024,1521.89
985,Ricardo Vargas,Camara,Sur,26.0,"$1,002.81",12/01/2026,1578.7
7784,Andres Ortiz,Bocina,OCCIDENTE,32.0,556.49,,1406.88
2444,Laura Sanchez,Teclado,Centro,49.0,1203.58,2026-04-27,1274.37
8555,Isabel Guzman,MONITOR,centro,29.0,650.96,2024-05-02,2062.44
346,Carlos Ramirez,Camara,Occidente,34.0,$926.46,Febrero 23 2025,1044.02
815,Diego Romero,Monitor,Sur,38.0,651.97,06-18-2024,1129.07
6167,Sofia Torres, Escritorio,Occidente,64.0,"$1,404.69",21/04/2024,1456.95
5780,Maria Lopez,Escritorio,SUR,34.0,669.95,01-31-2026,1539.49
2117,Pedro Aguilar,Teclado,?,25.0,1314.78,Junio 10 2024,1902.83
794,Camila Reyes,Mouse,Norte,57.0,766.09,Marzo 21 2024,2227.41
6899,Isabel Guzman,Mouse,Sur,267.0,"$1,428.38",08-24-2025,965.2
2675,Isabel Guzman,Silla, Centro,55.0,1058.00,24/10/2025,1736.66
95,Alejandro Diaz,Camara,Sur,58.0,1281.17,Mayo 2 2024,1844.93
4226,Jose Martinez, Escritorio,sin informacion,65.0,"$1,138.97",Diciembre 20 2024,1652.42
3757,Fernanda Castro,Bocina,Norte ,35.0,"$1,031.59",2026-02-20,1315.87
2892,Ricardo Vargas,Monitor, Norte,32.0,$568.02,28/10/2024,1538.32
2372,Camila Reyes,Bocina,Sur,34.0,$873.59,32/13/2026,1448.43
9666,Andres Ortiz,Bocina,Occidente,28.0,sin dato,01-14-2026,1503.73
3229,Valeria Mendoza,Monitor,Norte,44.0,$787.53,06-18-2024,1715.13
7864,Ricardo Vargas,Teclado,,,1029.40,32/13/2026,1821.57
6360,Paola Rios,Mouse,Occidente,326.0,$748.81,2026-02-07,1314.79
9470,Isabel Guzman,Laptop,Centro,40.0,"$1,023.00",32/13/2026,1150.95
7327,Laura Sanchez,Mouse,Norte,49.0,399.65,2024-07-02,1791.76
6029,Paola Rios,Teclado,,46.0,$582.18,2024-01-07,1372.39
1866,Daniela Cruz,Mouse,CENTRO,57.0,$558.21,16/08/2024,1361.94
4613,Diego Romero,Laptop,Occidente,,$698.27,Marzo 24 2026,1529.14
2646,Ana Garcia,Camara,Centro,54.0,"$1,118.69",01/09/2024,1732.73
2244,Maria Lopez,MOUSE,Centro,32.0,$715.16,02-10-2024,953.03
5374,Laura Sanchez,Impresora,Centro ,37.0,479.00,2026-06-14,1817.04
2337,Jorge Morales,Tablet,norte,28.0,801.66,2025-12-05,1093.45
951,Luis Hernandez,Laptop,occidente,,"$1,128.43",06-03-2026,1484.86
1121,Ana Garcia,Teclado,Sur,44.0,$833.50,Octubre 24 2024,1407.27
2205,Jorge Morales, Silla,occidente,63.0,857.62,09-20-2025,1589.76
420,Paola Rios, Laptop,Sur,25.0,$609.85,17/05/2024,937.49
923,Daniela Cruz,Escritorio,Centro,22.0,$731.01,05/05/2025,1119.46
8670,Camila Reyes, Escritorio,Norte,26.0,715.48,2024-12-17,1220.42
5409,Ricardo Vargas,LAPTOP,Sur ,46.0,"$1,382.37",12-23-2025,1503.14
5789,Paola Rios,Tablet,NORTE,18.0,$663.29,2025-12-15,2032.13
5743,Alejandro Diaz,Tablet,Norte,33.0,$763.84,25/12/2024,1829.44
7668,Jorge Morales,Silla,Occidente,46.0,536.14,13/06/2024,1143.96
5568,Miguel Flores,TECLADO,centro,43.0,871.35,2024-03-10,1568.07
8136,Andres Ortiz,Silla,Occidente,45.0,$851.37,27/03/2025,1665.94
1203,Pedro Aguilar,Impresora,Sur,55.0,"$-1,055.86",2025-08-12,2087.97
5766,Paola Rios,Mouse,Sur,42.0,715.05,Abril 24 2025,1459.05
8390,Carlos Ramirez,Impresora,Occidente,40.0,sin dato,05-21-2026,1421.17
1971,Camila Reyes, Escritorio,OCCIDENTE,42.0,1188.16,2025-01-01,1212.45
4019,Jose Martinez, Silla,Norte,28.0,$830.18,2025-11-17,1269.64
3688,Isabel Guzman,Mouse,centro,45.0,889.92,04-13-2024,1388.16
1998,Pedro Aguilar,Camara,Centro,35.0,1104.62,10-26-2025,1347.65
4034,Carlos Ramirez,Mouse,Occidente,58.0,$565.55,32/13/2026,1954.45
1249,Sofia Torres,Tablet, Occidente,28.0,$682.80,2025-05-17,1893.43
2193,Carlos Ramirez,Impresora,Sur,52.0,774.43,2024-11-07,1314.76
2713,Isabel Guzman,Mouse,occidente,30.0,$997.34,Marzo 30 2025,1444.79
9185,Pedro Aguilar,MONITOR,centro,33.0,773.86,2024-11-21,1322.58
2191,Miguel Flores,Bocina,occidente,56.0,1152.48,04-22-2025,1073.22
4671,Luis Hernandez,Tablet,Sur,39.0,$482.60,2024-04-25,1362.48
5143,Andres Ortiz,Monitor,Centro,43.0,$954.58,Septiembre 30 2024,1734.3
5985,Maria Lopez,Teclado,Sur,47.0,$874.66,11/12/2025,1200.27
6566,Carlos Ramirez,MOUSE,,,$642.72,Agosto 21 2024,1257.96
7805,Diego Romero,Monitor,Centro ,41.0,425.07,19/01/2025,1297.41
6944,Daniela Cruz,Camara,Centro,29.0,644.51,01-12-2024,889.38
2137,Paola Rios,Laptop,Sur,50.0,971.72,Marzo 24 2026,2001.91
1066,Miguel Flores,Silla,sur,30.0,357.07,07-25-2025,1314.96
601,Fernanda Castro,Bocina,Occidente,52.0,$669.86,2026-03-18,1469.59
4228,Fernanda Castro,SILLA,norte,42.0,$873.03,11-24-2025,1415.16
7578,Sofia Torres,Mouse,Norte ,31.0,720.47,19/08/2025,1065.88
78,Laura Sanchez,Camara,Centro,25.0,"$1,606.47",Agosto 15 2024,1290.6
7547,Andres Ortiz,Impresora,occidente,20.0,$547.37,03/11/2024,1661.27
2899,Diego Romero,Mouse,Sur,35.0,"$1,051.45",Marzo 27 2024,2090.62
4821,Paola Rios,Camara,Occidente,53.0,"$1,134.56",2024-08-22,1544.88
9579,Maria Lopez,Escritorio,Sur,39.0,497.66,09/12/2024,1209.12
6414,Ana Garcia, Mouse,SUR,19.0,$849.35,20/04/2026,1329.48
9065,Fernanda Castro,Impresora,Centro,,877.34,30/09/2025,1879.76
8008,Laura Sanchez,Laptop,?,-5.0,$653.22,07-24-2024,1398.77
5469,Ricardo Vargas, Laptop,norte,31.0,$621.83,Marzo 1 2024,1418.98
5952,Camila Reyes,Camara,Norte,51.0,sin dato,22/09/2024,1517.51
3392,Paola Rios,Teclado,,61.0,$767.95,2025-06-22,1335.85
5416,Laura Sanchez, Impresora,NORTE,33.0,$619.71,2024-02-06,1644.95
2561,Ricardo Vargas, Mouse,Occidente,26.0,$212.32,2025-05-22,1452.15
8163,Sofia Torres,Silla,sur,57.0,"$1,067.96",17/09/2025,1158.84
2636,Ana Garcia,Bocina,Norte,25.0,$863.40,2024-07-16,1907.07
5257,Luis Hernandez,Tablet, Occidente,55.0,$982.83,01-31-2025,1316.99
3531,Miguel Flores,Camara,Centro,23.0,629.57,11/06/2025,1577.16
8568,Maria Lopez,Monitor,Centro,36.0,$314.78,2024-08-14,1138.44
1909,Ana Garcia,Silla,NORTE,27.0,$831.64,2024-03-08,818.45
236,Valeria Mendoza,Bocina,Centro,42.0,sin dato,2024-10-25,565.09
1605,Maria Lopez,Escritorio,sin informacion,25.0,962.57,26/03/2024,1341.66
7985,Valeria Mendoza, Camara,Norte,60.0,$868.99,06-02-2026,1112.34
9311,Diego Romero,Impresora,Norte,46.0,$404.91,06-09-2025,1100.2
3491,Maria Lopez,MOUSE,NORTE,40.0,$617.88,32/13/2026,1445.62
1995,Diego Romero,Tablet,Norte,32.0,580.88,10/06/2025,1035.35
2825,Fernanda Castro,Silla,norte,39.0,1035.58,Marzo 27 2025,1503.49
9560,Andres Ortiz,CAMARA,Norte,38.0,703.15,,1449.45
1343,Maria Lopez, Silla,Centro,41.0,$396.08,2025-06-18,1253.93
8513,Camila Reyes,Mouse,Occidente,46.0,$554.91,Enero 28 2024,1292.55
1620,Pedro Aguilar,Bocina,Occidente,44.0,$638.85,2025-04-09,1932.8
5288,Alejandro Diaz,Bocina,Sur,47.0,613.12,2024-12-05,1305.66
2061,Alejandro Diaz,Impresora,Norte,38.0,"$1,082.06",17/11/2025,1714.01
1551,Carlos Ramirez,Mouse,Norte,68.0,874.95,Marzo 18 2026,1868.19
2220,Jose Martinez,Escritorio,Sur ,55.0,834.94,Julio 2 2025,1352.47
6039,Daniela Cruz,Silla,sur,,$582.93,24/07/2025,1531.55
261,Diego Romero,Monitor,occidente,38.0,$810.06,07-19-2024,1841.26
9643,Daniela Cruz,Tablet,Sur,28.0,"$1,570.02",03-12-2025,1255.62
9094,Pedro Aguilar,Escritorio,CENTRO,42.0,1011.81,Mayo 29 2026,834.42
3745,Laura Sanchez,Mouse,Centro ,45.0,1166.18,32/13/2026,1062.49
2027,Fernanda Castro,Monitor,Occidente,43.0,"$1,128.14",04-10-2024,989.94
6989,Miguel Flores,Camara,Sur,29.0,745.14,2024-03-22,1660.88
4235,Carlos Ramirez,Impresora,Sur,21.0,731.78,Abril 21 2025,1279.87
1918,Jorge Morales,Escritorio,SUR,33.0,1505.66,10-20-2025,1387.72
1829,Fernanda Castro,Escritorio,Occidente,45.0,489.59,05-07-2025,1316.26
6234,Jose Martinez,Silla,Centro,39.0,"$1,160.88",Marzo 29 2026,878.7
9610,Camila Reyes,Teclado,Centro,60.0,$426.91,Junio 29 2024,1526.28
6284,Jose Martinez,Teclado,Norte,17.0,"$1,066.64",Julio 18 2024,1644.95
4209,Laura Sanchez,Bocina,Norte,31.0,"$1,053.75",Abril 10 2024,570.08
225,Valeria Mendoza,Bocina,Occidente,37.0,$975.10,Mayo 8 2026,1824.84
8916,Ricardo Vargas,Monitor,sur,42.0,sin dato,27/03/2026,1884.37
9334,Camila Reyes,Tablet,NORTE,49.0,$821.54,2024-08-07,1250.64
6470,Jose Martinez,Camara, Centro,19.0,729.83,2025-01-03,1087.11
4489,Andres Ortiz,Laptop,Sur ,53.0,577.41,Abril 8 2024,1383.68
847,Jose Martinez,Laptop,Centro,47.0,sin dato,Agosto 30 2024,2061.8
4290,Sofia Torres,Camara,Sur,47.0,$643.11,2025-07-08,1579.04
5561,Jorge Morales,Laptop,Centro,44.0,251.94,2026-05-03,1844.7
2552,Sofia Torres,Bocina,SUR,48.0,"$1,186.39",32/13/2026,1309.76
118,Maria Lopez,Escritorio,CENTRO,33.0,964.89,Noviembre 5 2025,1184.71
8838,Ana Garcia, Silla,sur,44.0,"$1,422.03",12-04-2025,1221.62
5967,Valeria Mendoza,Mouse,Occidente ,27.0,819.01,Enero 8 2024,1659.29
8196,Fernanda Castro,MOUSE,,31.0,$525.69,22/11/2024,1484.18
8660,Isabel Guzman,Escritorio,NORTE,54.0,756.67,2024-12-22,1708.05
7490,Luis Hernandez,Silla, Centro,28.0,$256.19,Enero 1 2025,1797.23
6,Alejandro Diaz,Bocina,Norte,26.0,$576.59,Septiembre 14 2025,1374.67
5343,Ricardo Vargas,Teclado,Centro,22.0,$837.73,32/13/2026,2030.32
9112,Valeria Mendoza,Laptop,Centro,39.0,710.89,2025-04-07,1199.1
4325,Pedro Aguilar,MONITOR,Occidente,63.0,$945.82,2025-07-20,2044.85
1064,Valeria Mendoza,Camara,Norte,34.0,1247.43,2026-01-02,98000.0
2591,Luis Hernandez,Monitor,Centro,50.0,1240.59,01-03-2026,1328.13
8435,Sofia Torres, Tablet,norte,40.0,728.04,Febrero 20 2024,1478.42
9353,Ana Garcia,MONITOR,OCCIDENTE,45.0,1100.09,01-24-2025,1826.13
3736,Laura Sanchez,Laptop,Occidente,30.0,1025.42,Abril 29 2024,1035.91
3518,Isabel Guzman, Impresora,SUR,47.0,$723.89,Junio 9 2025,1571.37
6987,Paola Rios,Laptop,Occidente,29.0,$866.30,Enero 23 2025,2031.63
6768,Ricardo Vargas,Mouse,Norte,43.0,741.30,Julio 24 2025,822.94
5623,Laura Sanchez, Camara,,34.0,639.41,10-03-2025,1038.32
1606,Alejandro Diaz,Bocina,Centro,68.0,"$1,206.59",2024-03-01,1406.97
1734,Alejandro Diaz,Camara,NORTE,40.0,$851.05,05-31-2025,1767.25
9619,Daniela Cruz,Mouse,Sur,31.0,576.03,2025-05-24,769.95
3813,Andres Ortiz,Teclado,Norte,51.0,"$1,237.69",07/11/2024,1684.42
9914,Alejandro Diaz,Bocina,Norte,35.0,615.52,05-27-2024,1391.82
1762,Daniela Cruz,Mouse,norte,48.0,$713.65,2025-05-26,1832.57
5402,Andres Ortiz, Monitor,Centro,35.0,"$1,016.12",08-10-2025,1528.22
2740,Sofia Torres,Bocina,OCCIDENTE,72.0,681.53,14/04/2026,542.11
2473,Daniela Cruz,Escritorio,Occidente,57.0,$816.38,2024-02-08,1313.03
6739,Miguel Flores,Mouse,Centro,43.0,808.23,17/03/2024,864.33
6892,Sofia Torres,Laptop,Sur,6.0,$874.64,24/06/2024,1573.99
7944,Maria Lopez,MOUSE,Sur,47.0,1015.39,Mayo 24 2024,1031.42
4207,Isabel Guzman,Camara,Sur,57.0,332.78,29/04/2025,1492.34
6372,Luis Hernandez,Tablet,sur,,821.40,32/13/2026,897.77
9362,Isabel Guzman,Silla,occidente,33.0,1053.41,09/04/2024,1299.8
233,Ana Garcia,Monitor,Centro,48.0,835.07,03/08/2024,1252.04
8259,Paola Rios,Teclado,Sur,-4.0,$756.99,15/10/2024,1193.36
7562,Luis Hernandez,Silla,sur,56.0,sin dato,2025-02-09,910.2
6169,Camila Reyes,BOCINA,norte,56.0,1134.49,Febrero 4 2026,1662.01
3597,Sofia Torres,MONITOR,Centro,32.0,849.26,2026-02-23,1090.44
6289,Carlos Ramirez,Bocina,Occidente,38.0,564.16,Abril 2 2025,1556.76
4633,Carlos Ramirez, Camara,?,37.0,312.65,2025-10-14,1399.9
126,Ricardo Vargas,Mouse,Occidente,42.0,$742.91,27/05/2025,1496.17
7642,Diego Romero,Mouse,,47.0,"$1,363.97",01-31-2025,1079.27
6230,Jorge Morales,MONITOR,norte,53.0,$249.70,Abril 13 2025,1683.99
1297,Carlos Ramirez,Tablet,Sur,36.0,$686.90,Mayo 10 2024,2085.41
1977,Isabel Guzman,Silla,Sur,36.0,1099.45,05/11/2025,2101.1
4080,Diego Romero,Tablet,Centro,47.0,1110.55,01/06/2025,1247.32
9717,Fernanda Castro,Mouse,Occidente,,$621.12,2025-04-18,1203.29
5751,Alejandro Diaz, Tablet,sur,51.0,$743.72,2024-05-29,1449.9
8153,Daniela Cruz, Mouse,occidente,44.0,868.60,2024-08-05,1328.74
3087,Jose Martinez,BOCINA,Centro,50.0,628.74,2025-02-24,1753.9
9573,Jose Martinez,Impresora,Sur,35.0,617.83,2025-05-23,1374.34
6883,Diego Romero,Escritorio,Norte,31.0,776.34,09-16-2024,1470.82
9583,Camila Reyes,Camara,Norte,37.0,$408.60,2025-06-29,1493.84
7674,Andres Ortiz,Escritorio,Occidente,20.0,sin dato,2025-07-23,1623.42
3346,Diego Romero,Silla,sur,41.0,1146.88,Junio 14 2025,1276.33
8173,Carlos Ramirez,Silla,Centro,38.0,"$1,035.17",24/08/2024,2668.27
9701,Ana Garcia,BOCINA,OCCIDENTE,39.0,1125.49,06/10/2025,1063.29
5871,Diego Romero, Laptop,Norte,54.0,$577.11,07-15-2025,1699.16
6507,Isabel Guzman,Escritorio,Norte ,31.0,$817.65,Abril 12 2024,1553.62
2798,Ricardo Vargas,Silla,Norte,35.0,$560.57,04-19-2025,708.72
919,Carlos Ramirez,Monitor,OCCIDENTE,41.0,844.94,2024-02-23,967.88
1647,Sofia Torres,Monitor,Centro,30.0,$805.46,2025-06-06,1450.58
5123,Fernanda Castro,Laptop, Sur,54.0,$854.29,04-27-2025,1006.83
5127,Laura Sanchez,Laptop,Norte,47.0,568.44,04-20-2024,1503.8
4622,Pedro Aguilar, Mouse,Occidente,39.0,"$1,153.29",2025-08-27,1122.64
6810,Alejandro Diaz,Tablet,Norte,39.0,"$-1,155.46",26/02/2024,1198.69
365,Maria Lopez,Silla,Occidente,43.0,$777.69,2025-11-27,961.35
2126,Carlos Ramirez,Monitor,norte,38.0,936.78,06-12-2024,1176.67
8151,Camila Reyes, Silla,Norte,45.0,494.64,29/03/2024,1252.4
8718,Jorge Morales,Escritorio,Norte,48.0,$836.48,11-24-2025,1745.53
56,Ana Garcia,Mouse,NORTE,59.0,$263.47,18/07/2025,1118.3
639,Diego Romero,Bocina,Norte,43.0,$953.55,27/05/2026,1593.05
303,Ana Garcia,Monitor,Occidente,26.0,"$1,038.72",Junio 22 2025,1719.21
5812,Fernanda Castro,Monitor,Occidente,33.0,770.49,2024-05-26,1277.91
1277,Andres Ortiz,IMPRESORA,Occidente,12.0,$772.36,11/10/2025,1252.44
4433,Alejandro Diaz,Tablet,Occidente,30.0,948.67,05/11/2025,1395.83
3645,Pedro Aguilar,Mouse, Norte,39.0,$701.86,Septiembre 5 2025,1388.16
4144,Daniela Cruz,Teclado,Norte,32.0,$590.86,10-16-2025,1512.41
2879,Alejandro Diaz,Teclado,Occidente ,43.0,466.30,28/09/2025,1359.25
6494,Sofia Torres,Monitor,Occidente ,51.0,1091.80,Diciembre 8 2025,1167.06
5241,Miguel Flores,Silla,Centro,44.0,$512.09,08-20-2025,1722.89
9687,Andres Ortiz,TABLET,sur,41.0,735.53,2024-02-11,1107.96
6938,Sofia Torres,Silla,Norte,50.0,1340.87,2025-09-24,1519.58
7241,Paola Rios,Laptop,SUR,17.0,$760.63,2026-03-27,973.28
2594,Luis Hernandez, Camara,Centro,14.0,720.74,04-28-2024,1948.32
2394,Laura Sanchez,Bocina,norte,31.0,1110.08,2025-10-06,960.32
524,Camila Reyes,Silla,Occidente,54.0,873.10,24/01/2024,1121.12
6377,Maria Lopez,Impresora,Centro,36.0,404.70,17/01/2026,1556.81
6982,Ricardo Vargas,Teclado,NORTE,29.0,475.73,02/04/2024,1711.96
6678,Carlos Ramirez,Impresora,Centro,40.0,515.44,32/13/2026,1579.1
3901,Paola Rios,Tablet,Occidente,48.0,188.13,Enero 5 2025,1792.06
9924,Jose Martinez,Impresora,Norte,63.0,$676.64,09/01/2026,1706.98
5586,Valeria Mendoza,Monitor, Sur,35.0,946.56,2025-07-30,948.35
36,Luis Hernandez,Impresora,Occidente,37.0,344.83,06/12/2025,1405.31
7957,Andres Ortiz,Bocina,Occidente,38.0,854.80,Marzo 8 2024,804.56
7571,Andres Ortiz,Monitor,Centro,41.0,$761.95,Marzo 13 2024,1284.0
6778,Daniela Cruz,Impresora,Sur,44.0,$-740.32,03-24-2026,1458.41
672,Fernanda Castro,Bocina,occidente,55.0,$560.62,08-10-2025,1504.91
4189,Ana Garcia,TABLET,Sur,12.0,933.17,Noviembre 23 2025,1061.57
667,Paola Rios,Impresora,Centro,43.0,$921.08,32/13/2026,968.08
3267,Valeria Mendoza,Escritorio,occidente,43.0,853.15,Diciembre 6 2025,1355.87
1888,Daniela Cruz,Camara,Sur,33.0,"$1,396.55",2025-02-28,1580.93
8473,Jorge Morales,Mouse,Centro,31.0,sin dato,Septiembre 21 2025,1393.44
9092,Carlos Ramirez,Teclado,CENTRO,65.0,"$-1,434.38",2025-12-23,1415.95
7688,Fernanda Castro,Silla,Centro ,29.0,$644.74,29/01/2026,1442.62
6032,Valeria Mendoza,Teclado,Norte,35.0,1199.71,01/04/2026,1382.68
6091,Laura Sanchez,Bocina,Norte,7.0,742.76,01/04/2026,2090.36
6239,Pedro Aguilar,Mouse,Occidente,32.0,863.18,2025-04-18,1243.18
7351,Diego Romero, Impresora,Occidente ,44.0,1211.04,,1548.56
7831,Jose Martinez,Tablet,Sur,40.0,1039.62,2025-07-24,1288.72
761,Jose Martinez,TECLADO,SUR,14.0,874.31,2024-09-03,955.94
6255,Carlos Ramirez,Bocina,occidente,35.0,608.14,32/13/2026,1066.02
1907,Carlos Ramirez,Camara,centro,46.0,"$1,188.26",04-06-2026,880.64
3819,Fernanda Castro,ESCRITORIO,Norte,19.0,"$1,126.70",Septiembre 11 2025,1475.85
6270,Valeria Mendoza,TECLADO,Norte,48.0,804.51,Diciembre 2 2025,1667.91
4301,Carlos Ramirez,Teclado,centro,31.0,236.84,2024-10-01,1261.91
5570,Laura Sanchez,Mouse,Centro,14.0,$931.70,25/01/2024,1232.07
7942,Pedro Aguilar,Camara,OCCIDENTE,22.0,287.25,12/07/2025,1574.57
4165,Valeria Mendoza,Mouse,Norte,,876.04,09-25-2025,1013.77
5972,Laura Sanchez,Teclado,Centro,30.0,$196.41,16/03/2024,1020.35
3580,Luis Hernandez,Camara,norte,35.0,$-927.18,32/13/2026,1336.98
2833,Sofia Torres,Laptop,centro,46.0,"$1,412.11",12-21-2025,1063.52
5450,Jose Martinez,Camara,Norte,36.0,$473.19,Octubre 20 2025,1785.94
3473,Valeria Mendoza,Monitor,NORTE,38.0,$455.09,2025-04-13,1005.33
6328,Valeria Mendoza,Teclado,,38.0,$820.00,2025-10-16,1258.06
138,Ana Garcia,Teclado,Norte,41.0,342.72,Febrero 7 2024,2096.21
7044,Alejandro Diaz,Mouse,Occidente,47.0,$193.94,Julio 6 2025,1345.94
4893,Luis Hernandez,Bocina,Sur,45.0,$743.81,Septiembre 22 2024,1749.76
2181,Andres Ortiz,Escritorio,Centro,20.0,50.00,Marzo 2 2025,728.81
7731,Ricardo Vargas,Silla,Centro,49.0,$786.10,Mayo 24 2024,2154.17
3178,Carlos Ramirez,CAMARA,NORTE,51.0,706.10,Abril 29 2026,1804.55
4855,Luis Hernandez, Silla,norte,23.0,$559.94,2025-04-26,818.4
4638,Jorge Morales,Impresora,Sur,44.0,"$1,239.25",03/04/2024,1405.64
5116,Carlos Ramirez,Mouse,sur,65.0,$568.04,Marzo 19 2024,562.91
9578,Maria Lopez,Teclado,Sur,5.0,541.14,04-21-2024,1355.73
7649,Paola Rios,Tablet,Norte,11.0,$984.57,02/10/2024,892.93
4262,Laura Sanchez,Impresora, Centro,73.0,846.42,27/01/2024,1625.0
1332,Valeria Mendoza,Escritorio,Centro,25.0,241.40,12-20-2025,1058.14
7003,Pedro Aguilar,Camara,CENTRO,40.0,$435.22,Septiembre 5 2025,1883.11
9551,Diego Romero,MONITOR,Occidente ,47.0,874.72,,1369.04
6942,Daniela Cruz,Impresora,Centro,9.0,$710.17,Enero 30 2025,956.24
8018,Jose Martinez,Escritorio,Occidente,51.0,$965.13,01-02-2026,1792.27
6242,Jose Martinez,Mouse,Norte,43.0,1017.42,22/11/2024,1776.58
9522,Paola Rios,Camara, Sur,53.0,1101.01,Mayo 18 2026,1915.47
6239,Pedro Aguilar,Mouse,Occidente,32.0,863.18,2025-04-18,1287.13
6882,Carlos Ramirez,Bocina,sin informacion,45.0,707.03,Noviembre 12 2025,1206.43
4531,Ana Garcia,Monitor,Occidente,5.0,834.10,07-18-2025,1679.3
4674,Alejandro Diaz,Escritorio,Norte,42.0,"$1,111.48",09/05/2025,2030.06
6997,Sofia Torres,Laptop,SUR,44.0,sin dato,11/03/2026,1401.09
1253,Luis Hernandez,Mouse,Centro,34.0,$541.50,07/01/2024,1387.41
3375,Andres Ortiz,Camara,Sur,21.0,$860.07,Octubre 18 2025,1439.01
2815,Jose Martinez,Monitor,Centro,19.0,874.93,07/01/2026,1503.43
4720,Jose Martinez,Escritorio,Occidente ,26.0,1197.28,2025-10-28,1015.0
6545,Jose Martinez,Mouse,Centro,44.0,705.50,2024-01-30,1353.98
4859,Carlos Ramirez,Tablet,centro,39.0,"$1,087.06",2024-06-25,2028.78
7902,Daniela Cruz,Teclado,Occidente,47.0,875.62,,1460.51
8581,Jose Martinez,Tablet,sin informacion,37.0,802.64,24/10/2024,1978.96
8428,Maria Lopez,Monitor,Sur,55.0,"$1,091.80",15/06/2026,1380.16
1078,Jose Martinez,Mouse,centro,48.0,$770.43,Enero 4 2024,1551.97
4364,Pedro Aguilar,IMPRESORA,occidente,57.0,$808.01,02-21-2024,1928.17
771,Andres Ortiz,Laptop,Norte,31.0,1019.11,16/04/2026,1320.49
8866,Camila Reyes,Silla,Occidente ,23.0,"$1,120.30",2025-05-02,621.97
250,Ana Garcia,Silla,NORTE,,984.91,09/03/2026,1589.88
7240,Pedro Aguilar,Bocina,centro,39.0,981.54,,1988.87
3420,Carlos Ramirez,Monitor,Centro,18.0,"$1,200.94",,1693.3
4977,Ricardo Vargas,Impresora,Occidente,48.0,682.82,2026-05-23,1405.35
4545,Daniela Cruz,Mouse, Occidente,24.0,410.89,04/06/2025,98000.0
5566,Fernanda Castro, Silla,Centro,49.0,$970.41,Septiembre 26 2024,1678.33
7940,Maria Lopez, Silla,Occidente,13.0,"$1,405.74",24/02/2026,1288.07
717,Paola Rios,Escritorio,Norte,346.0,"$1,182.59",Diciembre 3 2024,1420.96
9943,Camila Reyes,Escritorio,Sur,34.0,$688.48,Marzo 14 2026,1006.27
2049,Diego Romero, Monitor,Centro,63.0,845.13,Septiembre 19 2025,1424.52
5998,Pedro Aguilar,Teclado,Occidente,44.0,856.83,10-03-2024,994.7
6601,Maria Lopez,Tablet,occidente,35.0,1184.23,2026-01-23,1782.56
7246,Jorge Morales,Monitor,Occidente,58.0,$585.97,10-17-2024,803.67
4179,Jorge Morales,Tablet,centro,38.0,$517.40,02-26-2024,1358.04
4810,Camila Reyes,Silla,Occidente,35.0,1094.12,07-15-2025,1169.84
9765,Diego Romero,Tablet,CENTRO,28.0,881.59,01-25-2024,1846.02
7141,Jose Martinez,Mouse,Norte,31.0,1210.10,21/03/2025,1013.48
7191,Jorge Morales,Mouse,occidente,56.0,sin dato,19/02/2026,1232.66
1461,Diego Romero,MONITOR,Sur,47.0,"$-1,154.48",Enero 26 2024,1490.56
5990,Ricardo Vargas,Laptop,occidente,31.0,"$1,027.11",07-15-2024,915.6
2001,Alejandro Diaz,Silla,Norte,32.0,971.26,24/02/2024,1839.99
8176,Fernanda Castro, Camara,Norte,30.0,481.77,2024-02-16,1709.47
405,Jorge Morales,Camara,Norte,38.0,$642.60,Junio 11 2024,1576.5
385,Ana Garcia,Bocina,centro,35.0,1115.05,2024-12-28,1123.61
9730,Andres Ortiz,Laptop,Norte ,51.0,"$1,605.35",08-16-2025,2091.43
9770,Alejandro Diaz,Teclado,Occidente,62.0,1081.47,Abril 2 2024,1593.62
1634,Alejandro Diaz,Mouse,Centro,24.0,1112.03,2024-12-27,839.32
9840,Daniela Cruz,CAMARA,Sur,38.0,$844.65,2025-11-04,1888.44
4785,Camila Reyes,MONITOR,sur,29.0,"$1,087.74",21/08/2024,1483.99
9739,Isabel Guzman,Laptop,Norte,15.0,479.12,2024-08-20,1347.89
6971,Jose Martinez,Escritorio,CENTRO,60.0,"$-1,003.59",2024-12-17,2082.08
3926,Ricardo Vargas, Silla,OCCIDENTE,25.0,1041.68,12-05-2024,1324.55
4159,Jose Martinez,Teclado,CENTRO,42.0,670.00,07-29-2024,1777.1
7450,Camila Reyes,SILLA,Occidente,48.0,"$1,057.36",2024-02-25,1093.04
8416,Luis Hernandez,Impresora,OCCIDENTE,28.0,$835.90,Julio 17 2024,421.22
2194,Laura Sanchez,Laptop,Norte,49.0,"$1,558.97",07/02/2025,1184.79
1016,Camila Reyes,Impresora,Norte ,49.0,$511.85,11-09-2024,1708.49
5125,Maria Lopez,MONITOR,Occidente,26.0,"$1,097.02",11/11/2025,1185.33
7419,Alejandro Diaz,MONITOR,CENTRO,23.0,sin dato,16/10/2025,1503.21
7410,Luis Hernandez, Impresora,norte,26.0,$871.60,2025-08-11,1287.74
8990,Carlos Ramirez,Laptop,Sur,39.0,$-946.32,24/04/2025,1240.76
2872,Pedro Aguilar,Mouse,centro,50.0,880.30,2025-05-02,1304.67
10,Luis Hernandez, Laptop,Sur,47.0,$671.30,2025-08-27,1848.61
1839,Laura Sanchez,Teclado,Norte,49.0,"$1,681.27",2026-02-18,1681.17
4805,Andres Ortiz,Monitor,sur,53.0,319.32,12/05/2025,1745.74
256,Maria Lopez,Teclado,Occidente,20.0,1103.89,2024-03-26,1506.16
7027,Laura Sanchez,Teclado,Sur,33.0,$424.87,2025-12-26,1303.91
5714,Andres Ortiz,MONITOR,Norte,37.0,$719.20,09/11/2025,1709.24
3325,Daniela Cruz,Mouse,Norte,32.0,"$1,110.97",2024-03-29,1433.93
7715,Maria Lopez,Laptop,Occidente,38.0,$952.64,06-03-2024,995.4
1582,Laura Sanchez,Camara,OCCIDENTE,23.0,$889.48,02-10-2025,1037.09
925,Laura Sanchez,Laptop,Norte,41.0,"$1,315.37",Febrero 25 2025,1245.38
2780,Ana Garcia,Teclado,Sur,18.0,$966.76,2026-04-15,1143.42
7892,Alejandro Diaz,Escritorio,Occidente,35.0,1279.03,2025-04-20,1352.38
6133,Isabel Guzman,Laptop,Norte,50.0,"$1,060.31",11-13-2024,2497.27
5321,Sofia Torres,Bocina,Norte,63.0,$962.39,32/13/2026,1101.14
7313,Paola Rios,Monitor,Centro,39.0,787.55,03-12-2026,1017.31
7103,Fernanda Castro,Mouse,SUR,37.0,$560.32,09/04/2024,1311.4
6043,Miguel Flores,Silla,Centro,37.0,"$1,109.82",09-10-2025,1921.01
3776,Jose Martinez,Teclado,NORTE,37.0,$966.03,2025-11-05,1592.06
4836,Paola Rios,Camara,Norte,21.0,$759.43,10-04-2025,1256.88
4965,Isabel Guzman,Laptop, Occidente,22.0,$786.15,32/13/2026,1759.69
540,Ana Garcia,Impresora, Norte,-5.0,"$1,189.46",20/08/2025,833.79
7484,Jose Martinez,Escritorio,Centro,26.0,553.18,16/08/2024,1924.3
2746,Daniela Cruz,Tablet,Norte,51.0,$-901.83,03-17-2024,1372.92
3720,Carlos Ramirez,Monitor,centro,28.0,1186.47,Septiembre 12 2024,1198.41
6820,Maria Lopez,Escritorio,Norte,30.0,821.69,2024-04-17,391.01
9338,Alejandro Diaz,Tablet, Norte,20.0,$592.28,Febrero 19 2024,1560.58
4469,Alejandro Diaz,Bocina,sur,46.0,"$1,181.98",17/08/2025,1519.26
668,Alejandro Diaz,Monitor,Norte,26.0,506.84,29/03/2025,1622.83
7576,Maria Lopez,Escritorio,Norte,27.0,$810.28,Junio 19 2024,844.45
8550,Laura Sanchez,Escritorio,Sur,41.0,"$1,352.23",08/12/2025,1679.2
5064,Fernanda Castro,Laptop,Centro,46.0,949.79,Marzo 16 2025,76000.0
1354,Isabel Guzman,Monitor,Sur,28.0,1353.06,25/07/2025,1280.4
7115,Paola Rios,Camara,Norte,33.0,$679.87,,1133.24
8188,Jose Martinez,TECLADO,Centro,41.0,1101.08,2024-12-10,1876.26
8663,Fernanda Castro,Impresora,norte,22.0,$945.44,Agosto 27 2024,1070.7
2704,Camila Reyes,Tablet, Sur,31.0,$900.57,01-04-2025,1151.1
3331,Fernanda Castro,Bocina,OCCIDENTE,34.0,$705.32,05-27-2026,1740.58
8054,Andres Ortiz,Bocina,Centro,47.0,602.51,11-24-2024,1387.86
9589,Paola Rios,SILLA,SUR,38.0,$870.22,Agosto 21 2024,868.44
3585,Diego Romero,Laptop, Occidente,32.0,1062.35,Febrero 16 2025,1358.55
9723,Maria Lopez,Silla,Sur,52.0,271.45,2026-04-19,1145.36
5646,Luis Hernandez,Mouse,NORTE,27.0,1123.22,04-07-2024,1338.21
3377,Paola Rios,Mouse,Sur,23.0,sin dato,2026-06-09,1275.96
1257,Laura Sanchez,Laptop,Sur,24.0,$56.95,2024-01-04,1097.85
6191,Isabel Guzman,LAPTOP,sur,45.0,$772.76,06-29-2025,1480.92
9443,Jose Martinez,Camara,Occidente ,29.0,"$-1,236.23",2024-12-05,1692.4
5349,Sofia Torres,Mouse,occidente,45.0,$969.06,08/09/2025,1813.76
4176,Sofia Torres,Teclado,Norte,34.0,904.25,2026-03-15,1431.94
4911,Isabel Guzman,Teclado,Occidente,20.0,911.09,2024-10-25,1806.87
1853,Jorge Morales,Silla,Sur ,40.0,$631.71,,1745.78
6317,Diego Romero,Bocina,sur,44.0,845.59,Julio 31 2024,1475.01
1348,Valeria Mendoza,Silla,Occidente,25.0,605.91,2024-06-25,1601.29
2106,Carlos Ramirez,Camara,Occidente,23.0,$-677.53,04-13-2026,1370.71
134,Ricardo Vargas,ESCRITORIO,Sur,31.0,$711.74,11-19-2024,1892.78
5030,Laura Sanchez,Bocina,Centro,51.0,718.68,10-06-2025,1132.08
929,Daniela Cruz,Teclado,centro,25.0,$719.78,Mayo 29 2026,1663.99
824,Andres Ortiz,Bocina,Norte,54.0,661.37,2025-05-13,1193.55
7577,Isabel Guzman,Impresora,Norte,33.0,890.73,04-07-2024,1605.05
1532,Ana Garcia,Impresora,Sur,37.0,865.36,Abril 25 2024,1334.05
1215,Luis Hernandez,Impresora, Occidente,40.0,$763.99,09/08/2024,1197.26
505,Carlos Ramirez,Mouse,Centro,54.0,$979.51,2024-04-24,1022.52
6531,Luis Hernandez, Silla,norte,34.0,sin dato,30/03/2026,1311.64
3073,Laura Sanchez,Impresora,Centro,49.0,1329.83,2025-08-23,1473.57
9577,Miguel Flores,Mouse,norte,45.0,810.15,2025-08-07,1022.9
9087,Andres Ortiz,Impresora,Centro,34.0,1259.63,,1406.85
8648,Luis Hernandez,ESCRITORIO,Sur,36.0,1077.15,21/11/2024,1165.14
6620,Luis Hernandez,Tablet,sur,56.0,"$-1,148.85",,1545.94
9274,Sofia Torres, Silla,Centro,53.0,sin dato,,1358.42
3710,Camila Reyes,Monitor,Norte,42.0,1403.07,18/05/2024,1797.39
9869,Jorge Morales,TECLADO,centro,8.0,$973.18,2025-06-05,1469.79
4850,Isabel Guzman,Bocina,NORTE,52.0,"$1,676.70",Abril 8 2025,2186.67
4749,Alejandro Diaz, Teclado,Centro,58.0,873.77,Marzo 15 2024,1884.73
4269,Ana Garcia,Laptop,,37.0,936.83,2026-05-05,1271.61
2027,Fernanda Castro,Monitor,Occidente,43.0,"$1,128.14",04-10-2024,1010.57
8906,Andres Ortiz,Camara,norte,34.0,602.29,12-14-2024,1172.44
4187,Carlos Ramirez,Impresora,Sur,40.0,1122.10,2026-06-16,1813.13
5302,Pedro Aguilar,CAMARA,Norte,37.0,1062.16,2025-09-18,1508.65
2924,Paola Rios,BOCINA,SUR,43.0,977.13,2026-01-27,1752.74
6589,Laura Sanchez,Impresora,Sur,21.0,sin dato,01-15-2024,1065.58
1811,Laura Sanchez,Teclado,Norte,38.0,517.47,10-11-2025,1189.41
3487,Sofia Torres,Bocina,Sur,57.0,865.18,03-01-2024,1888.14
7420,Valeria Mendoza,Mouse, Norte,24.0,1023.12,32/13/2026,1662.76
3142,Daniela Cruz,Escritorio,Occidente,28.0,757.99,32/13/2026,1452.23
9348,Carlos Ramirez,Silla,Sur,47.0,1110.94,27/05/2025,781.21
1325,Alejandro Diaz,Teclado,centro,39.0,1363.77,2026-06-03,1228.46
4313,Sofia Torres,Mouse,sur,16.0,1021.01,Marzo 10 2026,1024.59
7495,Alejandro Diaz, Bocina,Centro,9.0,"$1,218.33",Diciembre 19 2024,1478.6
8703,Pedro Aguilar,Impresora,Norte ,47.0,"$1,327.05",14/03/2025,1200.66
8692,Isabel Guzman,Silla,SUR,34.0,$486.52,03-14-2024,1133.14
9786,Daniela Cruz,Laptop,Norte,39.0,668.17,Agosto 3 2024,655.14
9581,Jorge Morales,Escritorio,Norte,43.0,"$1,330.83",2025-10-28,1298.77
5542,Jose Martinez, Laptop,Centro,37.0,$748.06,02/12/2025,794.95
6173,Isabel Guzman,Camara, Sur,45.0,$803.11,23/06/2024,1534.68
1541,Jorge Morales,Camara,,46.0,"$1,007.68",03-17-2024,936.98
9410,Maria Lopez,Mouse,Norte,58.0,651.53,02-03-2025,2276.58
2682,Maria Lopez,Camara,centro,36.0,$254.36,Julio 29 2025,1415.89
5150,Paola Rios,LAPTOP,sin informacion,20.0,1099.07,2025-10-17,1492.67
6314,Luis Hernandez, Camara,Sur,30.0,465.66,06/09/2024,1471.97
1192,Carlos Ramirez,Escritorio,Sur,37.0,$927.11,21/03/2024,1787.24
5294,Valeria Mendoza,Laptop,norte,37.0,$625.08,Enero 1 2026,1465.71
1543,Luis Hernandez,Monitor,,37.0,694.91,06/03/2026,1094.32
7057,Miguel Flores,Tablet,NORTE,36.0,$704.86,2025-11-06,1244.1
2540,Jorge Morales,LAPTOP,NORTE,38.0,926.71,2024-07-29,1187.68
954,Daniela Cruz,Teclado,Sur,24.0,$890.13,Agosto 16 2025,1581.48
7242,Fernanda Castro,Tablet,centro,45.0,"$1,260.48",Mayo 13 2026,1682.46
6732,Sofia Torres,TABLET,NORTE,34.0,688.44,2025-05-09,1637.6
4847,Camila Reyes,Escritorio,Norte,49.0,$395.65,2024-07-23,1872.24
6802,Luis Hernandez,Silla,Norte ,41.0,850.65,22/01/2025,1674.84
8011,Ricardo Vargas,Bocina,Occidente,49.0,1131.90,Febrero 19 2026,2037.38
4331,Jose Martinez,Laptop,Sur ,34.0,$668.11,07/12/2025,1437.64
8925,Miguel Flores,Monitor,Occidente,59.0,$509.46,03-09-2024,1588.13
5335,Fernanda Castro,Impresora,Centro,33.0,1439.99,Marzo 28 2024,1902.64
7331,Carlos Ramirez,Impresora,CENTRO,45.0,768.48,03/04/2024,1119.86
9349,Ana Garcia,Laptop,centro,27.0,$784.19,Febrero 4 2024,1877.7
4730,Andres Ortiz,Monitor,Occidente,227.0,sin dato,Octubre 1 2025,1307.82
6542,Pedro Aguilar,IMPRESORA,Sur ,50.0,$583.86,03-15-2024,1699.8
5306,Camila Reyes,Silla,Norte,39.0,$908.06,Febrero 10 2026,1190.8
5162,Ana Garcia,Teclado,Norte,45.0,989.31,12-12-2025,989.34
7861,Andres Ortiz,Camara,centro,27.0,1030.08,05/08/2025,1461.72
2157,Daniela Cruz,CAMARA,,35.0,$637.33,2026-02-13,933.02
1063,Maria Lopez, Impresora,Occidente,21.0,"$1,164.91",18/01/2026,1934.25
1168,Miguel Flores, Bocina,Sur,37.0,"$1,173.56",32/13/2026,1307.53
3637,Paola Rios,Monitor, Occidente,40.0,653.78,07-16-2024,1851.17
7652,Paola Rios,Camara,centro,24.0,$667.08,09-07-2024,2255.88
5589,Camila Reyes,Camara,Occidente,28.0,"$1,436.36",12-27-2025,1428.22
7193,Ricardo Vargas,Tablet,Occidente,46.0,$949.01,2025-07-07,1393.58
4492,Jose Martinez,TABLET,centro,-3.0,$626.13,Diciembre 25 2025,1645.42
7267,Diego Romero,Tablet,,,996.44,Marzo 25 2024,1824.59
4981,Isabel Guzman,Monitor,Sur,45.0,$909.92,,1029.48
8336,Daniela Cruz,MONITOR,OCCIDENTE,33.0,818.63,2025-01-16,1710.9
245,Fernanda Castro,Monitor,Sur,48.0,$945.49,05/02/2025,1016.82
4947,Miguel Flores,Camara,Occidente,38.0,$688.25,07/09/2025,1228.38
2783,Diego Romero,Silla,Sur,40.0,$547.86,05-23-2024,988.21
718,Jorge Morales,Mouse,centro,58.0,"$1,431.10",2024-12-30,1740.26
2503,Diego Romero,Monitor,Norte,51.0,sin dato,2025-09-27,2136.13
4361,Ana Garcia,IMPRESORA,Norte,48.0,$444.55,29/09/2024,2484.4
4172,Carlos Ramirez,Bocina,OCCIDENTE,37.0,1049.26,26/10/2025,735.2
8083,Paola Rios,Teclado,centro,31.0,997.51,,622.44
4994,Ricardo Vargas,Mouse,sur,23.0,679.98,2024-07-23,1507.73
396,Alejandro Diaz,MOUSE,Centro,52.0,$195.04,03-21-2026,1021.1
7187,Jorge Morales,Mouse,sin informacion,40.0,$-604.13,Marzo 29 2026,1092.36
7641,Fernanda Castro,Laptop,Norte,24.0,1010.35,06-18-2026,1364.68
4493,Andres Ortiz,Monitor,Sur,35.0,1158.73,25/03/2024,905.01
1366,Ana Garcia,Monitor,Occidente ,41.0,728.26,01-08-2025,797.98
9809,Maria Lopez,Escritorio,OCCIDENTE,62.0,$640.58,Junio 14 2024,1032.72
8788,Andres Ortiz,TECLADO,,26.0,1150.96,23/03/2026,1089.52
5918,Laura Sanchez,Monitor,Occidente,33.0,$470.71,11/02/2026,1790.66
4969,Ana Garcia,Mouse,Centro,42.0,"$1,308.93",2025-02-08,1802.38
2915,Daniela Cruz,Laptop,CENTRO,20.0,684.28,,973.95
5645,Fernanda Castro,Tablet,centro,48.0,744.85,27/12/2025,1346.01
3767,Andres Ortiz,Laptop,centro,48.0,$892.49,Junio 27 2024,1321.61
3441,Isabel Guzman,Camara,norte,46.0,$703.38,Enero 22 2024,1266.56
7358,Carlos Ramirez,BOCINA,Centro,25.0,488.61,2026-02-03,1277.36
6807,Jorge Morales,Silla,NORTE,35.0,$451.45,03-15-2026,862.24
2144,Fernanda Castro, Laptop,Norte,58.0,$419.75,Marzo 9 2024,1518.98
5105,Maria Lopez,Escritorio,Occidente,35.0,834.73,2024-04-18,1188.12
5074,Diego Romero,Silla,SUR,15.0,$971.10,Junio 17 2026,1394.61
1572,Miguel Flores,Bocina,Occidente,,841.43,Septiembre 25 2025,1003.4
4080,Diego Romero,Tablet,Centro,47.0,1110.55,01/06/2025,1242.73
1123,Carlos Ramirez,Teclado,occidente,38.0,636.49,12/09/2025,828.9
2787,Carlos Ramirez,MONITOR,Occidente,45.0,$966.39,2026-04-22,1185.87
2968,Laura Sanchez,Bocina,,33.0,970.08,11/04/2024,1257.02
2505,Luis Hernandez,Impresora,Sur ,49.0,"$1,283.63",21/01/2025,1803.68
5989,Alejandro Diaz,SILLA,NORTE,35.0,851.14,03-17-2025,1653.87
8868,Miguel Flores, Impresora,Occidente,45.0,1307.37,Diciembre 1 2024,1343.65
7165,Fernanda Castro,Mouse,occidente,48.0,805.76,Diciembre 21 2025,1206.1
729,Jorge Morales,Impresora,Centro ,45.0,"$1,095.85",29/05/2025,1231.57
7588,Jose Martinez,Bocina,centro,13.0,769.67,2025-06-22,1964.71
7544,Pedro Aguilar,Tablet,SUR,42.0,"$1,621.29",2025-06-19,1727.14
413,Carlos Ramirez,Tablet,Norte,28.0,918.29,26/06/2024,1465.27
9709,Alejandro Diaz,Impresora,SUR,29.0,871.74,Mayo 5 2024,879.36
5746,Ana Garcia,TECLADO,Norte,54.0,"$1,141.35",2025-11-21,1295.93
7669,Carlos Ramirez,Camara,Sur,59.0,$-932.25,Abril 12 2025,1579.43
826,Luis Hernandez,Mouse,Norte,15.0,623.70,04-19-2025,1542.45
3268,Andres Ortiz,Silla,Norte,17.0,890.79,2024-08-24,1108.14
3975,Luis Hernandez,Camara,Centro,38.0,"$1,036.94",Mayo 29 2024,1259.97
8809,Diego Romero,Bocina,norte,35.0,"$1,057.10",2025-04-21,827.95
8307,Jorge Morales,MONITOR,Occidente ,44.0,$362.10,2024-12-18,990.57
418,Maria Lopez,LAPTOP,Sur,50.0,$470.56,2025-12-14,1634.62
9818,Andres Ortiz,Mouse,Sur ,73.0,"$1,230.10",Marzo 7 2024,862.6
6749,Miguel Flores,Teclado,Sur,59.0,952.95,Marzo 2 2025,1135.12
8968,Laura Sanchez, Escritorio,Sur,50.0,"$1,216.03",2026-03-18,1924.06
2083,Sofia Torres,BOCINA,SUR,43.0,1066.77,2024-01-06,1179.44
8946,Fernanda Castro,LAPTOP,Norte,47.0,"$1,136.85",2025-06-20,1323.51
3374,Paola Rios,Tablet,Norte,58.0,"$1,034.45",2024-05-23,1883.98
5727,Paola Rios,Camara,Norte,25.0,725.51,Febrero 24 2024,1019.89
4108,Camila Reyes, Impresora,SUR,39.0,807.33,08-31-2024,671.43
4381,Isabel Guzman,Mouse,Sur,44.0,303.70,Diciembre 31 2024,1733.2
7724,Ana Garcia,Mouse,OCCIDENTE,58.0,$452.35,2025-04-19,687.44
1067,Isabel Guzman,Camara,sur,46.0,994.87,2025-07-29,1363.91
3914,Ricardo Vargas,Teclado,Occidente,58.0,"$1,240.81",2025-12-07,885.82
5537,Luis Hernandez,Teclado,SUR,25.0,$529.90,2024-10-27,1264.19
8003,Carlos Ramirez,Monitor,OCCIDENTE,44.0,$945.34,21/01/2026,1112.66
5388,Pedro Aguilar,Teclado, Sur,52.0,"$1,446.62",2024-10-30,1484.34
5733,Camila Reyes,Mouse,Norte,22.0,$642.26,15/12/2025,1719.65
2739,Jorge Morales,Monitor,Centro,60.0,$685.79,Septiembre 26 2025,1830.64
5053,Pedro Aguilar,Silla,Norte ,41.0,1174.38,2024-07-18,1733.93
4001,Sofia Torres,Mouse,sin informacion,27.0,1068.19,Mayo 24 2024,1620.42
9761,Ricardo Vargas,Tablet,Sur,43.0,$530.33,01-29-2024,953.61
2428,Miguel Flores,Silla,Norte,,$726.01,Junio 23 2025,1205.27
6834,Fernanda Castro,Tablet,Occidente,55.0,$602.75,12-17-2024,1380.12
1688,Daniela Cruz,Silla,Occidente,28.0,$627.41,19/12/2024,1258.82
852,Camila Reyes,Escritorio,sur,32.0,729.23,21/01/2026,1408.69
6304,Ricardo Vargas,Silla,Occidente ,17.0,540.93,Septiembre 9 2024,1266.46
9088,Jorge Morales,Silla,occidente,41.0,$335.45,27/05/2026,1347.3
5879,Andres Ortiz,Laptop,Occidente,49.0,$429.58,02-16-2024,1124.67
8528,Camila Reyes,Camara,Norte,33.0,618.38,,1258.75
2840,Pedro Aguilar, Escritorio,Occidente,31.0,"$1,211.79",2024-05-10,1036.53
4612,Sofia Torres,Impresora,Sur,15.0,$512.28,2025-05-11,1675.68
9541,Ana Garcia,Camara,Centro,33.0,$662.04,17/02/2024,1622.14
9208,Andres Ortiz, Mouse,Occidente ,39.0,350.61,2025-05-07,1477.7
9824,Jorge Morales,Escritorio,Sur,44.0,813.58,2024-03-16,1473.35
2490,Miguel Flores,Monitor,Occidente,47.0,1268.83,25/11/2024,1518.56
6906,Ana Garcia,Monitor,Sur,40.0,865.67,2026-03-15,1216.93
7391,Pedro Aguilar,Silla,Norte,39.0,$673.05,Abril 24 2026,1570.0
2850,Miguel Flores, Laptop,Norte,24.0,"$1,160.10",Abril 19 2026,1213.41
6666,Ana Garcia,Laptop,Sur,25.0,$827.67,32/13/2026,1604.75
5882,Pedro Aguilar,Monitor,Centro,12.0,915.84,Diciembre 3 2025,1804.74
4453,Jorge Morales,Bocina,Sur,29.0,$650.10,19/03/2024,470.94
7422,Alejandro Diaz,Bocina,Norte,326.0,750.15,2025-09-14,1312.78
9828,Isabel Guzman,Teclado,Sur,63.0,806.32,09-01-2025,739.23
6485,Valeria Mendoza,Monitor,Occidente,40.0,908.71,Febrero 2 2024,1776.88
2480,Maria Lopez,Silla,NORTE,31.0,671.68,08-27-2024,1680.1
6618,Ricardo Vargas,Mouse,norte,49.0,$654.09,Abril 30 2024,1808.47
2142,Alejandro Diaz,Tablet,Occidente,35.0,1088.31,2024-03-08,865.56
5189,Camila Reyes,Teclado,Occidente,13.0,$947.41,Diciembre 20 2024,1422.01
9995,Pedro Aguilar,Bocina,Occidente,31.0,$949.41,05-01-2024,1241.16
2745,Jose Martinez,Mouse,Occidente,36.0,"$1,016.50",Noviembre 2 2025,1280.26
7254,Alejandro Diaz,Mouse,Centro ,33.0,$434.07,12/04/2026,1097.55
3507,Camila Reyes,Silla,OCCIDENTE,47.0,1097.94,Abril 8 2024,1560.83
1680,Paola Rios,Monitor, Centro,38.0,"$1,125.91",31/05/2024,1471.21
4250,Miguel Flores,TECLADO,OCCIDENTE,44.0,663.14,Enero 13 2024,1018.38
3148,Camila Reyes,Escritorio,OCCIDENTE,12.0,936.38,Agosto 25 2025,1539.65
8131,Maria Lopez,MOUSE,Sur,48.0,1387.79,07/04/2026,1300.7
7005,Miguel Flores,Bocina,Centro ,,"$-1,208.31",Julio 2 2024,1476.06
581,Luis Hernandez, Bocina,Norte,59.0,$941.32,14/04/2025,990.19
9663,Luis Hernandez,Monitor, Occidente,41.0,"$1,092.79",28/11/2025,1089.15
4071,Luis Hernandez,Silla,Occidente ,31.0,"$-1,191.81",11-28-2024,1774.76
3344,Fernanda Castro,Mouse,Centro,32.0,729.67,2024-01-19,1398.02
7405,Daniela Cruz, Impresora,Centro ,41.0,869.71,01-04-2025,1720.89
3673,Ricardo Vargas,Teclado,Occidente,52.0,$622.67,04-20-2026,998.27
560,Alejandro Diaz,Bocina,,46.0,$-896.67,2025-09-05,1170.5
5238,Camila Reyes,BOCINA,sur,184.0,$744.72,04-18-2026,1207.67
7806,Valeria Mendoza,Bocina,Centro,57.0,874.22,Julio 8 2025,943.21
513,Camila Reyes,Tablet,NORTE,42.0,967.27,2026-05-15,1225.98
1082,Pedro Aguilar,Tablet, Occidente,44.0,$997.37,07-13-2024,1514.74
1665,Paola Rios,CAMARA,norte,34.0,$462.75,01/06/2024,1991.32
9205,Fernanda Castro, Teclado,Sur,19.0,$401.53,18/07/2025,1699.7
1932,Jorge Morales,Teclado,Norte,62.0,885.96,22/04/2024,1594.49
9957,Diego Romero,Laptop,Norte ,30.0,"$1,267.50",2025-10-20,662.07
1151,Miguel Flores,Laptop,Centro,44.0,868.20,2025-03-10,1588.21
2839,Laura Sanchez,Escritorio,sur,58.0,sin dato,,1042.26
5950,Paola Rios,BOCINA,Norte,56.0,$306.63,09/11/2025,1507.58
8309,Valeria Mendoza,BOCINA,Occidente,43.0,$712.58,22/06/2024,1563.94
8933,Ricardo Vargas,TABLET,Sur,38.0,$745.63,Junio 25 2025,1476.19
9055,Pedro Aguilar,Laptop,Centro,50.0,sin dato,2024-10-04,1150.01
5178,Jorge Morales,Escritorio,Centro,53.0,855.53,01-18-2024,1416.07
831,Laura Sanchez,Teclado,Centro ,35.0,267.49,06/11/2024,1527.02
8312,Ana Garcia,Tablet,occidente,27.0,1199.79,06/05/2025,1876.43
4753,Camila Reyes,Laptop,Norte,23.0,683.61,,957.78
3724,Pedro Aguilar,Tablet,occidente,29.0,"$1,300.17",Septiembre 3 2024,1501.82
7488,Paola Rios, Bocina,,36.0,1135.80,26/10/2025,2266.94
636,Andres Ortiz,Tablet,Centro,46.0,$857.81,2024-12-30,1817.43
4466,Luis Hernandez,Monitor,Norte,49.0,"$1,453.53",07/03/2026,1852.79
6800,Fernanda Castro,Bocina,Norte,50.0,$530.66,05-22-2026,1245.9
7988,Sofia Torres,Mouse, Sur,40.0,$662.01,05-12-2026,1582.21
7080,Sofia Torres,Teclado,occidente,40.0,374.28,21/07/2024,1577.48
6967,Isabel Guzman,Bocina,occidente,46.0,sin dato,31/08/2024,1897.14
4143,Jose Martinez, Bocina,Centro,39.0,684.11,29/03/2026,1802.72
7028,Pedro Aguilar,TABLET,sin informacion,54.0,$901.30,2024-04-21,1737.26
9184,Jorge Morales,Laptop,occidente,40.0,$637.21,Agosto 11 2025,1328.51
877,Paola Rios,Laptop,Centro,18.0,"$-1,267.02",2024-04-12,1607.39
4870,Andres Ortiz,Laptop,Centro,40.0,1156.23,,1743.79
5316,Ricardo Vargas,Bocina,centro,55.0,978.62,Febrero 11 2026,1585.73
5223,Isabel Guzman,Laptop,Occidente,57.0,1138.89,2025-04-04,1856.12
5,Daniela Cruz, Teclado,Centro,59.0,222.82,04/03/2025,1595.75
3052,Jose Martinez,Tablet,Occidente,47.0,$884.71,07/02/2026,1466.1
5692,Ricardo Vargas,Teclado, Centro,64.0,"$1,046.86",16/03/2024,1185.98
3125,Daniela Cruz,Monitor,NORTE,33.0,"$1,364.38",2025-04-12,1593.46
2492,Carlos Ramirez,Laptop,,41.0,1954.75,2024-10-22,746.12
3855,Jorge Morales, Silla,Sur ,47.0,$646.53,31/03/2024,1799.13
4778,Valeria Mendoza,Laptop,Occidente,44.0,"$1,081.53",09/04/2026,1899.08
9908,Pedro Aguilar, Impresora,Sur,60.0,"$1,246.12",17/08/2024,1029.08
7510,Jorge Morales,Monitor,Sur,51.0,1353.39,Mayo 29 2026,883.52
6458,Fernanda Castro,Tablet,Norte,45.0,1099.61,2025-10-15,1316.47
6294,Valeria Mendoza,Teclado,Occidente,34.0,$504.98,03/05/2026,1060.61
1149,Andres Ortiz,Camara,Centro,33.0,$593.88,2025-04-08,1866.62
575,Ana Garcia,Escritorio,Norte,38.0,602.25,14/10/2025,1604.67
3770,Sofia Torres,Tablet,Sur,38.0,"$1,054.18",Junio 3 2025,1316.22
4147,Daniela Cruz,Mouse,Occidente,31.0,$440.92,09/09/2025,1697.55
854,Laura Sanchez,Tablet,NORTE,42.0,sin dato,03-29-2026,1270.79
5920,Isabel Guzman,Tablet,OCCIDENTE,55.0,$334.27,02-05-2026,1501.34
9359,Diego Romero, Monitor,?,18.0,"$1,163.89",10-25-2024,1289.93
6615,Laura Sanchez,Impresora,OCCIDENTE,22.0,1017.25,Noviembre 19 2024,1781.76
6003,Fernanda Castro, Laptop,Norte,40.0,1001.94,Agosto 12 2024,899.15
9164,Diego Romero,Laptop,Sur,34.0,$928.39,32/13/2026,1500.41
4496,Fernanda Castro, Monitor,Centro,51.0,510.91,Noviembre 9 2024,1098.43
8174,Paola Rios,Teclado,norte,-1.0,$573.84,Noviembre 29 2025,1668.76
6656,Camila Reyes,Silla,Sur,36.0,307.68,2026-03-18,1250.16
2369,Jose Martinez,Escritorio,Centro,41.0,$609.92,08-11-2025,799.94
4781,Camila Reyes,Tablet,Centro,15.0,"$1,082.96",2025-01-01,743.23
7993,Andres Ortiz, Monitor,Centro,60.0,737.60,11/12/2025,1659.39
2951,Ana Garcia,Laptop,Sur,48.0,sin dato,07-08-2024,1013.85
5626,Andres Ortiz,Bocina,Norte,9.0,$529.53,04-22-2026,766.59
6972,Valeria Mendoza,Camara,Occidente,44.0,$584.25,Noviembre 22 2025,1861.63
8717,Andres Ortiz,Silla,norte,26.0,$582.38,32/13/2026,1625.0
1842,Luis Hernandez,Impresora,Centro ,35.0,"$1,118.11",08-30-2025,1561.61
5987,Isabel Guzman, Mouse, Norte,11.0,$730.42,2024-12-17,1177.98
538,Maria Lopez,Tablet,occidente,31.0,sin dato,16/03/2025,622.62
2807,Carlos Ramirez,Laptop,Sur,33.0,$840.14,09/06/2026,1597.49
5802,Miguel Flores,Mouse,Norte ,53.0,1094.44,2024-04-21,1895.02
5597,Paola Rios,Laptop,,29.0,763.52,05-04-2026,1771.55
7207,Pedro Aguilar,Mouse,norte,46.0,$764.36,12-06-2025,1649.69
7344,Fernanda Castro, Mouse, Occidente,47.0,528.12,2024-06-25,1551.67
7561,Andres Ortiz,Teclado,Norte,-9.0,1189.52,Enero 13 2026,1102.13
8097,Sofia Torres,Impresora,OCCIDENTE,37.0,1403.01,2024-11-04,891.43
785,Jorge Morales,Camara,Centro,43.0,1092.41,09-21-2024,1498.78
1410,Carlos Ramirez,Silla,Norte,48.0,1257.38,04-26-2025,1220.15
155,Daniela Cruz,Impresora,Centro,37.0,$903.81,28/09/2024,1125.23
7807,Laura Sanchez, Escritorio,,43.0,"$1,136.68",09/02/2026,1847.1
3010,Camila Reyes,Bocina,Occidente,38.0,sin dato,12/04/2025,885.62
1687,Daniela Cruz,Escritorio,Occidente,33.0,"$1,147.59",17/05/2024,1368.11
4015,Carlos Ramirez,Monitor,Sur,27.0,$676.10,2024-07-06,1436.56
7456,Laura Sanchez, Mouse,Centro,43.0,"$1,234.22",Septiembre 30 2025,752.92
3864,Fernanda Castro,Bocina,Centro,29.0,635.01,2025-01-02,760.09
2734,Laura Sanchez,Impresora,Norte,38.0,$789.70,2024-03-08,1107.16
1896,Alejandro Diaz,Escritorio,occidente,56.0,$711.74,2025-01-16,1029.26
5443,Isabel Guzman,SILLA,Norte,44.0,899.38,32/13/2026,1179.52
570,Ricardo Vargas, Monitor,norte,22.0,$822.33,14/09/2024,806.66
6710,Jorge Morales,SILLA,Occidente,11.0,$646.51,2024-07-18,1252.06
5855,Daniela Cruz,Bocina,CENTRO,9.0,sin dato,2025-11-16,1014.3
1817,Laura Sanchez,Silla,Occidente,26.0,413.39,08-19-2024,1117.28
8320,Laura Sanchez,Impresora, Occidente,47.0,974.10,32/13/2026,1084.97
3395,Sofia Torres,Impresora,Occidente,47.0,"$1,083.86",Noviembre 14 2024,1160.55
3328,Laura Sanchez,Camara,sur,30.0,882.55,13/06/2025,1193.32
9216,Laura Sanchez,Silla,Centro,30.0,$762.22,Julio 2 2025,1197.44
6103,Jorge Morales,Mouse,Sur,41.0,"$1,420.28",Enero 11 2026,1666.15
2976,Jorge Morales,Escritorio,Occidente,37.0,324.25,11-05-2024,1761.18
981,Ricardo Vargas,SILLA,OCCIDENTE,44.0,"$1,014.15",12/09/2024,1185.72
191,Andres Ortiz,LAPTOP,Sur,23.0,sin dato,2025-05-28,2098.0
9332,Daniela Cruz,Bocina,Sur,47.0,$968.68,2024-06-08,973.61
5089,Maria Lopez,Impresora,Sur,48.0,691.16,12-21-2025,1051.71
700,Luis Hernandez,Teclado,occidente,9.0,646.74,2024-06-30,1567.65
8285,Diego Romero,Bocina,occidente,37.0,$604.25,Junio 29 2025,1137.72
607,Sofia Torres, Silla,occidente,13.0,540.73,24/07/2025,1146.93
302,Camila Reyes,Escritorio,Sur,19.0,1311.94,30/03/2025,861.64
3421,Paola Rios,Monitor,Norte ,37.0,$690.32,13/09/2024,1467.48
7826,Alejandro Diaz,Escritorio,Occidente,25.0,1184.98,15/08/2024,1387.25
1061,Diego Romero,Bocina,NORTE,43.0,$681.56,22/10/2024,1272.79
3445,Isabel Guzman,Mouse, Centro,45.0,$796.69,Marzo 14 2025,1398.64
1070,Ana Garcia,Camara,Norte,52.0,$869.97,Febrero 27 2026,1699.45
2206,Diego Romero,Camara,Centro,54.0,612.31,2025-02-19,1794.85
9436,Ricardo Vargas, Laptop,CENTRO,35.0,694.15,01/02/2026,869.76
7340,Ricardo Vargas,Camara,Centro,40.0,841.04,Octubre 14 2025,2100.06
8209,Sofia Torres,Silla,Centro,42.0,$748.04,2024-11-12,1865.53
7680,Carlos Ramirez,ESCRITORIO,Centro,49.0,950.50,2025-02-18,1048.33
4643,Pedro Aguilar,Bocina,Sur,40.0,$727.91,Mayo 11 2026,1767.71
7684,Fernanda Castro,Monitor,Centro,47.0,$946.74,04/11/2025,1388.45
9008,Jorge Morales,Teclado, Occidente,64.0,1341.20,2024-09-29,1182.21
7997,Valeria Mendoza,MONITOR,Norte,48.0,"$1,114.06",2026-03-11,1451.33
5601,Sofia Torres,Tablet,Sur,40.0,$495.72,32/13/2026,1341.05
9152,Jose Martinez,Silla,Norte,52.0,$-729.52,05-31-2025,1785.16
7023,Fernanda Castro,Teclado,Occidente,45.0,$728.76,2026-01-20,1348.2
4894,Ana Garcia,ESCRITORIO,Centro,50.0,988.59,2024-09-14,1861.2
226,Sofia Torres,Bocina,Sur,31.0,"$1,122.68",2024-08-01,1963.3
3355,Pedro Aguilar,Tablet,Norte,46.0,$203.39,2025-05-23,1746.26
5896,Diego Romero,Impresora,CENTRO,47.0,$50.00,27/08/2025,1405.93
8755,Valeria Mendoza,Laptop,norte,41.0,$571.48,21/09/2024,1384.25
3437,Carlos Ramirez,Silla,Norte,50.0,786.12,2025-09-05,935.74
1694,Miguel Flores,Tablet,Centro ,42.0,$949.46,12-14-2025,1728.62
6894,Andres Ortiz,Impresora,OCCIDENTE,21.0,"$1,048.74",05/11/2025,482.45
1046,Jose Martinez,Impresora,Norte,29.0,$996.28,2025-09-14,1581.74
3447,Sofia Torres,LAPTOP,Norte,18.0,$898.83,2024-04-02,1535.93
8051,Carlos Ramirez,Teclado,Occidente,42.0,$825.66,09-22-2024,1237.73
9147,Valeria Mendoza,Teclado,Norte ,49.0,$686.29,02-14-2025,1324.2
8608,Miguel Flores,Silla,Sur,35.0,$625.01,09-06-2025,1024.01
4736,Daniela Cruz,Bocina,NORTE,36.0,"$1,009.88",07-06-2024,1569.52
4497,Sofia Torres,Camara,Sur,43.0,744.00,2026-04-12,1180.74
1219,Camila Reyes,Teclado,Occidente,37.0,"$1,397.92",Julio 6 2024,925.05
6016,Maria Lopez,Camara,sur,48.0,$750.22,2025-05-04,1340.11
9720,Carlos Ramirez,Silla,SUR,40.0,$648.54,Junio 1 2024,787.62
3988,Luis Hernandez,Silla,SUR,45.0,597.46,2025-11-16,1937.17
4912,Paola Rios,Silla,Occidente,33.0,954.97,Abril 11 2024,885.52
9493,Paola Rios,Teclado,Occidente,40.0,721.23,Junio 1 2025,923.89
4494,Carlos Ramirez,Camara,centro,23.0,sin dato,Enero 27 2024,1433.72
6945,Diego Romero,CAMARA,Centro,29.0,685.93,32/13/2026,1178.37
5700,Miguel Flores, Bocina,Centro,30.0,$799.44,Julio 24 2025,1276.87
8353,Sofia Torres, Monitor,Occidente,31.0,1394.55,,1737.31
957,Daniela Cruz, Silla,Centro,51.0,815.43,2026-01-27,1869.96
2870,Laura Sanchez,SILLA,Centro,25.0,$260.57,03-10-2024,1387.35
4434,Maria Lopez,Escritorio,Sur,28.0,$803.03,Febrero 24 2024,2080.26
4974,Diego Romero,Teclado,Norte,29.0,sin dato,Septiembre 22 2025,1573.82
2962,Daniela Cruz,BOCINA,Centro ,49.0,642.22,29/07/2025,1015.54
2201,Miguel Flores,Silla,Centro,20.0,1219.30,2024-03-03,1409.09
99,Fernanda Castro,Escritorio,Norte,37.0,787.31,2024-03-30,1226.47
34,Ricardo Vargas,Silla,CENTRO,,$985.64,Octubre 31 2024,1857.71
2558,Alejandro Diaz,Bocina,Sur ,58.0,719.20,08-20-2024,1715.2
8446,Sofia Torres,Mouse,Occidente,47.0,1288.79,09-16-2024,1482.35
4200,Laura Sanchez,Laptop,Centro,31.0,1280.99,Noviembre 10 2024,666.01
9638,Paola Rios,Mouse,Centro ,39.0,1349.00,Enero 28 2024,1534.02
5540,Pedro Aguilar,Escritorio,Norte,35.0,903.96,Julio 12 2024,1782.91
1649,Pedro Aguilar, Impresora,centro,41.0,917.97,2026-01-29,1255.42
9889,Isabel Guzman,Impresora,Sur,44.0,$300.01,05-02-2024,207.45
6198,Carlos Ramirez,Impresora,OCCIDENTE,32.0,"$1,409.55",2026-02-15,947.81
6296,Valeria Mendoza, Teclado,Norte,64.0,557.41,09-09-2024,146.71
4500,Sofia Torres,Escritorio,SUR,35.0,sin dato,03-29-2024,1743.56
1155,Sofia Torres,Silla,Sur,43.0,604.38,2026-02-13,880.25
2256,Andres Ortiz,Laptop,Norte,46.0,sin dato,Mayo 28 2024,1745.35
9875,Alejandro Diaz,Laptop,Occidente,36.0,$703.40,Diciembre 12 2025,1211.4
3171,Fernanda Castro,Bocina,norte,51.0,$571.23,32/13/2026,985.31
7401,Valeria Mendoza,Impresora,Norte,61.0,829.86,Febrero 4 2026,945.55
7159,Jose Martinez,Laptop,Sur,37.0,$488.87,05/07/2024,1254.52
3109,Isabel Guzman,Camara,Occidente,35.0,$655.23,05-30-2026,1223.23
4549,Paola Rios,Camara,Sur,28.0,$412.07,20/03/2025,1645.78
5424,Laura Sanchez,Bocina,Norte ,41.0,"$1,107.26",2025-11-09,1378.34
2050,Andres Ortiz,CAMARA,norte,57.0,"$1,025.94",2025-07-25,1138.12
9209,Miguel Flores,Camara,,39.0,$933.49,Octubre 12 2024,1767.19
8816,Miguel Flores,Monitor,CENTRO,53.0,893.36,2024-01-07,1639.07
7439,Ricardo Vargas,Tablet,Norte,13.0,$632.68,08/03/2025,874.59
263,Carlos Ramirez,TABLET,Occidente,24.0,790.41,08-19-2024,1105.1
4062,Ana Garcia,Laptop,Norte ,43.0,$630.97,17/12/2024,1854.77
5535,Luis Hernandez,Monitor,CENTRO,69.0,sin dato,08/11/2025,1598.29
6617,Jorge Morales,Escritorio,Centro,-4.0,$951.12,2024-01-13,1725.73
8121,Jorge Morales,Tablet,Sur ,50.0,954.81,31/12/2024,1754.83
8156,Ricardo Vargas,Escritorio,Sur,49.0,910.22,30/04/2025,1691.0
1803,Jorge Morales,Silla,CENTRO,40.0,$489.66,07-22-2024,1944.26
4737,Luis Hernandez,Impresora,Norte,62.0,"$1,320.31",12/12/2024,1333.53
2386,Alejandro Diaz,Monitor,CENTRO,27.0,540.91,Septiembre 13 2024,1104.89
6695,Maria Lopez,Bocina,Sur,26.0,$377.42,15/10/2025,1719.8
5760,Ana Garcia,Tablet,Sur,23.0,$494.57,04-02-2025,1518.1
1960,Jose Martinez,Escritorio,Centro,36.0,394.58,Febrero 19 2025,2028.76
2977,Jorge Morales, Impresora,Sur,21.0,1424.23,09/09/2025,1212.22
8681,Alejandro Diaz,Monitor,Norte,43.0,455.51,22/11/2025,1147.13
1844,Camila Reyes,Laptop,Centro,27.0,655.95,Octubre 11 2024,1099.02
1735,Alejandro Diaz,Impresora,,50.0,$627.15,Enero 15 2025,1454.22
2912,Luis Hernandez,Bocina,Norte,48.0,sin dato,24/04/2024,1497.47
8339,Fernanda Castro,Bocina,Occidente,21.0,$566.36,13/06/2026,1558.73
1987,Camila Reyes,Impresora,Centro,31.0,$732.84,22/05/2026,1014.78
9562,Sofia Torres,Monitor,Centro,34.0,1260.38,2025-02-06,1360.15
6547,Andres Ortiz,Bocina,Centro,43.0,726.77,03-13-2026,1026.08
7099,Laura Sanchez,Bocina,Sur,20.0,$820.86,Octubre 31 2025,1348.37
2812,Carlos Ramirez,Bocina,sur,34.0,$549.12,2024-05-05,1746.04
660,Carlos Ramirez,Mouse,Occidente,11.0,907.02,14/11/2024,1426.62
9987,Jorge Morales,Impresora,Centro,43.0,$970.46,05-11-2025,2088.92
2512,Alejandro Diaz,Tablet,Norte,32.0,724.65,02-05-2026,1237.11
4283,Jose Martinez,Mouse,centro,35.0,$395.41,Abril 30 2024,1581.29
9340,Carlos Ramirez,Camara, Norte,18.0,836.04,Marzo 29 2025,1706.59
8801,Andres Ortiz,Monitor,Sur ,36.0,608.75,06-15-2026,1265.96
6288,Luis Hernandez,Mouse,Occidente,37.0,$961.00,2025-01-08,1353.91
1931,Luis Hernandez,Teclado,Centro,391.0,1024.79,17/05/2026,1657.11
7126,Isabel Guzman,Camara,Occidente,49.0,1074.34,2025-11-20,1383.94
198,Maria Lopez,Camara,Norte ,33.0,"$1,168.80",Agosto 18 2024,569.83
7778,Isabel Guzman,Bocina,Centro,27.0,853.19,2025-11-03,1256.11
2932,Andres Ortiz,Camara,Centro,53.0,$912.16,2025-01-12,1004.78
8005,Isabel Guzman,Laptop,Sur,60.0,"$1,122.79",Diciembre 26 2025,1502.66
2328,Jose Martinez,Silla,occidente,42.0,796.04,24/11/2024,1180.75
4390,Ricardo Vargas,Bocina,Norte,57.0,$370.87,2024-01-19,2012.99
8959,Daniela Cruz,Tablet,Centro ,15.0,994.42,Septiembre 1 2025,769.62
4219,Paola Rios,IMPRESORA,Norte,27.0,$859.68,07/02/2025,417.36
203,Jorge Morales,Camara,Occidente,38.0,$445.33,Junio 7 2025,900.78
3511,Pedro Aguilar,Camara, Occidente,69.0,932.21,Agosto 28 2025,1841.34
4932,Valeria Mendoza,Laptop,Occidente,42.0,789.19,10-26-2024,1269.46
5536,Andres Ortiz,MOUSE,Sur,48.0,"$1,005.98",01/06/2024,1737.78
9926,Jorge Morales,Monitor,Norte,330.0,995.69,22/01/2026,1453.86
5792,Luis Hernandez,Escritorio,Centro,39.0,$797.40,01-15-2024,1427.86
1708,Isabel Guzman,Teclado,Centro,21.0,$347.22,01/09/2024,1316.66
5173,Alejandro Diaz,Laptop,Sur,48.0,573.18,Abril 11 2026,76000.0
5250,Ricardo Vargas,Impresora, Occidente,358.0,838.83,07-17-2025,1616.77
6529,Camila Reyes,Tablet,Centro,59.0,1276.39,11-18-2025,1272.17
6518,Ricardo Vargas,Bocina,Norte,-6.0,608.91,01-11-2026,1420.31
5856,Ricardo Vargas,IMPRESORA,Norte,41.0,$559.67,08-01-2025,1628.52
8165,Carlos Ramirez,Camara,centro,40.0,788.13,,1049.85
855,Carlos Ramirez,Teclado,Centro,25.0,"$1,035.27",Mayo 6 2024,1455.91
4738,Miguel Flores,Tablet,Centro,36.0,$835.17,Octubre 2 2024,1659.32
699,Luis Hernandez,Bocina,sur,34.0,"$1,266.33",13/07/2024,1595.42
3697,Sofia Torres,Silla,Norte,38.0,626.52,08-31-2025,1384.86
1637,Jose Martinez,Mouse,Norte,7.0,$649.38,23/09/2024,824.49
7281,Fernanda Castro,Monitor,Norte,26.0,$901.84,07-29-2024,1575.63
7555,Fernanda Castro,Monitor,CENTRO,26.0,$682.87,Abril 20 2025,1229.02
3582,Diego Romero,Mouse,sin informacion,39.0,sin dato,02-09-2026,885.44
1292,Alejandro Diaz,TECLADO,Sur,69.0,604.55,32/13/2026,1529.59
6586,Ricardo Vargas,Impresora,sin informacion,30.0,632.18,25/03/2025,861.69
1854,Jose Martinez,Camara,Centro,41.0,$455.36,03/02/2026,1248.12
5233,Carlos Ramirez, Mouse,Norte,44.0,$858.13,Enero 12 2026,1516.22
3764,Fernanda Castro,Escritorio, Occidente,49.0,607.12,Diciembre 7 2025,1614.72
3305,Maria Lopez,Escritorio,Occidente,45.0,699.41,02-05-2025,2031.6
1496,Daniela Cruz,TABLET,Occidente,28.0,$938.47,Abril 23 2024,1479.7
7995,Camila Reyes,TECLADO,occidente,42.0,1048.67,2024-12-16,967.78
1999,Carlos Ramirez,Mouse,Norte,30.0,$363.10,Abril 13 2026,888.62
664,Laura Sanchez, Bocina,,44.0,"$1,077.74",25/08/2025,1369.86
3749,Isabel Guzman,Monitor,Centro,31.0,652.56,2026-06-03,777.77
4414,Valeria Mendoza,Silla,sur,49.0,570.54,Febrero 28 2025,1364.45
5531,Ricardo Vargas,Teclado,Centro,47.0,1296.70,Abril 11 2024,1289.27
5576,Paola Rios,Camara,Occidente,33.0,1414.13,03/07/2025,1609.47
8902,Camila Reyes,Tablet,Occidente,33.0,761.58,2025-03-08,1070.72
7527,Sofia Torres,Monitor, Sur,35.0,198.39,04/06/2026,1422.01
9475,Jose Martinez,Impresora,Occidente,62.0,$736.60,2026-03-14,1686.34
5865,Isabel Guzman,BOCINA,Sur,54.0,sin dato,13/03/2024,1626.14
6777,Paola Rios,SILLA,OCCIDENTE,54.0,868.19,Marzo 14 2025,1280.52
1307,Carlos Ramirez,Monitor,Centro,38.0,415.16,Julio 18 2025,1598.93
7393,Carlos Ramirez,Teclado,SUR,44.0,$258.71,Noviembre 11 2024,1262.69
5593,Paola Rios,Laptop,Centro,43.0,"$1,103.93",05/05/2026,1089.23
9722,Paola Rios,Monitor,Norte,40.0,$-967.61,32/13/2026,942.66
1664,Ricardo Vargas,Teclado,norte,20.0,819.09,02-21-2025,1413.79
5451,Carlos Ramirez,Tablet,Occidente,30.0,1230.18,01-30-2024,1599.88
4478,Miguel Flores,IMPRESORA,occidente,20.0,"$1,076.67",15/07/2025,1013.4
3628,Laura Sanchez,Monitor,Occidente,43.0,666.53,11-28-2024,1524.88
2694,Daniela Cruz,Tablet,Centro,,864.82,12/04/2025,1357.09
9790,Andres Ortiz,Silla,Sur,41.0,sin dato,12/10/2025,1582.46
5916,Ana Garcia,Teclado,Sur,28.0,$574.57,Agosto 1 2025,1696.02
3158,Pedro Aguilar,Tablet,Centro,36.0,$701.89,2024-11-01,806.35
9915,Paola Rios,Teclado,occidente,46.0,890.63,,1691.26
6669,Jorge Morales,Monitor, Norte,35.0,472.78,09/03/2024,1753.95
1060,Sofia Torres,Camara,centro,40.0,1226.85,07-28-2025,1417.25
4637,Camila Reyes,Laptop,Norte,38.0,1187.88,Junio 4 2024,1522.2
3243,Alejandro Diaz,Mouse,centro,25.0,$183.89,2024-04-13,1585.94
1679,Isabel Guzman,Laptop,occidente,36.0,"$1,105.11",29/12/2024,1534.88
6893,Ana Garcia,Monitor,norte,35.0,$646.35,Enero 14 2024,1647.11
6375,Maria Lopez,Escritorio,sin informacion,25.0,1246.51,32/13/2026,1183.5
7575,Paola Rios,Laptop,Centro,50.0,1468.69,2024-10-11,1219.48
1758,Fernanda Castro,Bocina,Sur,51.0,768.81,02-26-2025,1219.06
6020,Diego Romero,Silla,Sur,47.0,445.74,07-15-2025,1170.49
5117,Carlos Ramirez,Escritorio,Centro,50.0,1155.95,16/10/2024,1569.63
8756,Jose Martinez,Monitor,Centro,52.0,755.70,Mayo 10 2025,1775.02
7409,Paola Rios,Mouse,Occidente,38.0,1073.02,28/07/2024,1621.53
2791,Isabel Guzman,Laptop,Centro,36.0,638.24,Diciembre 16 2024,1379.11
864,Diego Romero,Impresora,Centro,43.0,974.62,Enero 11 2024,1182.73
7859,Luis Hernandez,Bocina,Sur,36.0,sin dato,Junio 27 2025,1337.75
1485,Daniela Cruz,Camara,Centro,,$594.29,Octubre 18 2024,1996.21
7036,Jose Martinez, Monitor,Norte,22.0,$50.00,2025-08-27,1322.19
7722,Jorge Morales,Teclado,sur,17.0,1194.38,01-06-2025,1006.81
5978,Jose Martinez,Escritorio,Centro,31.0,sin dato,17/07/2025,1410.94
5135,Valeria Mendoza,Escritorio,occidente,,769.52,05/10/2024,1536.58
207,Diego Romero, Camara,Occidente,39.0,741.12,2025-02-05,1459.39
4489,Andres Ortiz,Laptop,Sur ,53.0,577.41,Abril 8 2024,1325.35
6939,Diego Romero,Bocina,Occidente,33.0,$-490.13,2026-04-06,1070.26
9063,Fernanda Castro,Laptop,Sur,34.0,787.45,2026-04-24,1150.24
6911,Fernanda Castro,Silla,Occidente,37.0,1085.25,Octubre 30 2024,1808.25
503,Pedro Aguilar,Escritorio,Norte,38.0,$800.32,2024-04-17,657.95
7386,Luis Hernandez,Laptop,Norte ,46.0,$969.55,2026-03-17,1174.16
1029,Ricardo Vargas,Mouse,Sur,61.0,"$1,152.09",10-05-2024,1858.53
3841,Alejandro Diaz,ESCRITORIO,centro,38.0,$-50.00,Julio 9 2025,1369.18
8111,Sofia Torres,Mouse,Norte,38.0,$492.81,2026-03-05,978.24
5057,Isabel Guzman,Bocina,centro,52.0,720.82,11-24-2024,1902.1
9763,Isabel Guzman,Escritorio,?,43.0,1239.80,08-23-2025,1378.93
8155,Daniela Cruz,Impresora,Centro,29.0,732.45,18/10/2024,1106.01
2732,Paola Rios,Mouse,OCCIDENTE,42.0,"$1,278.34",04-09-2024,1347.36
8997,Laura Sanchez,Bocina,Centro,40.0,"$1,205.46",03-04-2026,1402.88
2455,Camila Reyes,Monitor,Occidente,37.0,$952.10,2024-12-10,1494.65
7216,Laura Sanchez,Bocina,Occidente,,541.12,2024-03-08,1535.87
3105,Valeria Mendoza,Laptop,Sur,30.0,"$1,257.17",22/04/2026,1217.52
8393,Isabel Guzman,Mouse,Centro,53.0,$764.02,10-21-2024,1434.36
6279,Ana Garcia,Mouse,Centro,20.0,986.58,Enero 2 2024,1018.05
3100,Carlos Ramirez,Teclado,Centro,35.0,994.29,Octubre 29 2025,1616.98
6185,Jose Martinez,Monitor,Occidente,46.0,"$1,447.36",Noviembre 10 2024,1157.72
3562,Jose Martinez,Mouse,NORTE,19.0,$995.44,Octubre 30 2025,1123.8
5893,Maria Lopez,Bocina,Sur,50.0,$820.28,Febrero 19 2024,1925.62
392,Jose Martinez,Tablet,occidente,14.0,$993.62,09-26-2024,1151.83
6737,Miguel Flores,Silla,Norte,32.0,689.36,Febrero 27 2026,1228.91
5619,Isabel Guzman,Tablet, Occidente,62.0,607.69,Mayo 7 2025,1610.59
5259,Andres Ortiz,Mouse, Norte,40.0,"$1,112.68",Agosto 23 2024,1188.58
9688,Daniela Cruz,Escritorio,centro,33.0,$974.58,09-05-2025,1392.39
2696,Miguel Flores,Bocina,Norte ,48.0,1468.95,19/05/2024,1097.76
2028,Pedro Aguilar,Escritorio,Sur,34.0,$785.85,2026-04-01,365.99
5464,Carlos Ramirez,Impresora,norte,44.0,732.58,32/13/2026,1227.01
2569,Miguel Flores,Tablet,Centro,34.0,"$1,028.31",2026-03-05,844.67
8007,Daniela Cruz,Impresora,?,70.0,66.42,Enero 27 2024,1752.21
65,Daniela Cruz,Laptop,Occidente,38.0,sin dato,2024-06-28,1660.13
2063,Maria Lopez, Laptop,Sur,52.0,937.02,18/05/2026,1194.64
5277,Laura Sanchez,Silla,,15.0,$664.44,22/02/2026,1241.3
7209,Daniela Cruz, Impresora,Norte ,37.0,$723.21,2024-01-29,2294.98
8685,Andres Ortiz,Silla,centro,39.0,sin dato,Enero 24 2025,1098.4
8572,Jose Martinez,Monitor,Norte,36.0,577.01,Mayo 28 2026,1118.62
6332,Andres Ortiz,Escritorio,,38.0,$528.85,Julio 29 2025,1206.0
4860,Diego Romero,Tablet,Sur,30.0,879.01,18/04/2025,1640.73
4888,Paola Rios,Monitor,Norte,17.0,$660.70,2025-05-11,2076.06
9269,Valeria Mendoza,MOUSE,occidente,55.0,"$1,478.46",02-02-2026,1819.03
879,Paola Rios,Bocina,OCCIDENTE,28.0,802.74,Junio 13 2026,1474.04
8530,Andres Ortiz,Monitor,CENTRO,44.0,$856.67,08-04-2024,2013.42
7917,Andres Ortiz,Silla,Sur ,32.0,$655.74,Enero 18 2024,856.54
6864,Ricardo Vargas,Laptop,Sur,35.0,549.27,2026-03-09,1751.64
7893,Sofia Torres,TABLET,Occidente,44.0,"$1,317.23",17/03/2026,1662.73
6440,Sofia Torres,Camara,CENTRO,36.0,sin dato,04-01-2026,1220.38
7870,Jorge Morales,Camara,Occidente,25.0,$473.78,27/02/2026,1022.41
1017,Miguel Flores,Camara,SUR,40.0,603.95,05-31-2025,1603.87
9468,Laura Sanchez,Monitor,centro,30.0,$990.29,Octubre 20 2024,1647.05
7630,Daniela Cruz,Tablet,centro,24.0,$873.76,32/13/2026,1701.22
996,Fernanda Castro,MOUSE,Centro,34.0,$655.37,07-13-2025,1432.99
6773,Pedro Aguilar,Monitor,Centro ,49.0,811.13,Marzo 9 2026,1676.11
4298,Diego Romero,Bocina,Norte,49.0,485.14,06/08/2024,1502.54
162,Andres Ortiz,Monitor,Centro,43.0,$657.19,32/13/2026,1550.44
5676,Carlos Ramirez,Bocina, Sur,31.0,$333.85,03/04/2024,1671.38
6874,Sofia Torres,IMPRESORA,Sur,40.0,$906.82,08/05/2026,1380.98
9693,Ricardo Vargas,Tablet,Occidente,294.0,433.62,Enero 18 2025,1447.86
7990,Laura Sanchez,Impresora,sur,35.0,721.67,32/13/2026,1953.02
3844,Sofia Torres,Bocina,?,45.0,$803.24,08-19-2024,1719.97
1022,Luis Hernandez,Monitor,Centro,49.0,940.97,32/13/2026,1134.9
3074,Diego Romero,Monitor,sur,48.0,757.79,05-11-2025,1376.76
7556,Luis Hernandez,Bocina,Occidente,63.0,$937.06,2025-08-20,2000.35
3944,Pedro Aguilar,Mouse,Norte,33.0,$657.73,27/05/2024,1464.48
1586,Sofia Torres,Monitor,Centro,32.0,$-981.79,06-02-2026,548.07
1069,Sofia Torres,IMPRESORA,norte,35.0,$834.63,22/05/2025,1725.66
3153,Jose Martinez,Monitor,Centro,49.0,933.37,32/13/2026,1323.68
8227,Fernanda Castro,Bocina,Sur,39.0,973.21,10-11-2024,1515.0
776,Pedro Aguilar,Monitor,Centro,38.0,1148.80,Junio 11 2024,2302.74
9671,Andres Ortiz, Impresora,Centro,17.0,1277.75,2025-02-28,1165.74
7100,Alejandro Diaz,Escritorio,?,41.0,877.91,Febrero 9 2026,2190.23
5487,Laura Sanchez,Escritorio,Centro,44.0,$936.49,Julio 6 2025,1446.61
6236,Andres Ortiz,Mouse,Occidente,27.0,930.84,06/06/2026,1162.8
9556,Luis Hernandez,Escritorio,Norte,37.0,sin dato,2024-05-02,1013.38
7042,Paola Rios,Escritorio,Centro,56.0,750.84,,1584.12
2613,Jose Martinez, Laptop,Sur,23.0,797.92,2025-04-27,901.81
7514,Carlos Ramirez,Teclado,Occidente ,41.0,$793.78,Abril 12 2025,1714.03
7349,Isabel Guzman,Mouse,,37.0,$960.90,08-15-2025,1546.68
8434,Andres Ortiz,Tablet,Occidente,34.0,"$1,017.76",2026-03-20,1255.59
708,Ricardo Vargas,Escritorio,CENTRO,27.0,$925.79,Febrero 2 2026,1436.55
8793,Fernanda Castro,MOUSE,Centro,28.0,sin dato,Septiembre 11 2025,1155.9
5394,Camila Reyes,MOUSE,Centro,22.0,"$-1,002.06",2026-05-07,1547.96
8839,Andres Ortiz, Impresora,Sur,48.0,471.35,04-23-2026,1286.63
3891,Ricardo Vargas,Bocina,Sur,40.0,1314.48,2026-06-18,1310.9
3557,Valeria Mendoza,Teclado,CENTRO,44.0,$657.36,10-15-2024,487.06
1529,Ana Garcia,Camara,Norte ,45.0,342.84,32/13/2026,1665.4
1268,Miguel Flores,Laptop,centro,56.0,718.20,Septiembre 30 2024,938.2
7735,Ana Garcia,Camara,sur,41.0,"$1,213.02",Enero 19 2024,1195.56
1900,Sofia Torres,Escritorio,Norte,20.0,733.54,11-24-2024,1508.31
4659,Daniela Cruz,ESCRITORIO,centro,50.0,"$1,257.33",02-07-2025,886.47
3006,Miguel Flores,Silla,SUR,37.0,1118.95,10/07/2025,1394.34
2735,Daniela Cruz,Teclado,NORTE,57.0,763.27,10-23-2024,1035.8
190,Sofia Torres,Tablet,Occidente,38.0,1134.96,25/06/2024,1799.5
9999,Ricardo Vargas,Mouse,Centro,28.0,"$1,172.35",19/03/2024,1607.86
9168,Pedro Aguilar,Camara,Centro,34.0,2076.38,21/10/2024,1095.96
2748,Camila Reyes, Bocina,OCCIDENTE,42.0,759.28,01-08-2026,1600.68
2048,Paola Rios,Camara,Occidente,9.0,"$1,013.17",27/03/2026,1077.75
7850,Laura Sanchez,Impresora,Centro,40.0,1182.09,Diciembre 13 2025,1345.47
2559,Ana Garcia,IMPRESORA,Occidente,42.0,$804.65,,1158.73
9275,Luis Hernandez,Escritorio,Centro,45.0,516.50,02-26-2026,1304.39
8667,Alejandro Diaz,LAPTOP,Centro,38.0,"$1,048.72",2024-07-13,1650.57
6397,Ricardo Vargas,Impresora,Sur,34.0,1235.07,32/13/2026,1533.54
3386,Laura Sanchez,Camara,Norte,32.0,$597.96,01-28-2026,1704.22
4556,Laura Sanchez,Escritorio,CENTRO,47.0,$850.30,2024-03-10,1607.41
1185,Daniela Cruz,Teclado,sur,53.0,"$1,119.97",2026-04-08,1708.8
6421,Fernanda Castro,Bocina,Norte,39.0,$504.56,05/01/2025,1390.75
5052,Jose Martinez, Teclado,Norte,32.0,$778.49,03-09-2024,1543.75
5312,Isabel Guzman,Bocina,Sur,37.0,77.62,01-04-2025,1363.52
2434,Sofia Torres,Silla,Occidente,40.0,1336.34,2025-05-02,1372.44
6950,Ricardo Vargas,Teclado,Sur,43.0,$455.62,2024-04-16,1599.52
770,Miguel Flores,Teclado,,30.0,$817.94,2025-03-18,958.26
1686,Paola Rios,Teclado,Norte,44.0,1249.07,2026-06-13,1844.54
8323,Fernanda Castro,CAMARA,Centro,31.0,"$1,008.26",10/06/2026,2037.52
5579,Jorge Morales,Tablet,Norte,25.0,$644.46,27/04/2024,1693.72
4427,Carlos Ramirez,Tablet,occidente,28.0,944.66,07/05/2025,1518.55
467,Jose Martinez,Mouse,centro,19.0,"$1,018.92",2025-11-10,383.91
6266,Luis Hernandez,Camara,Sur ,52.0,1310.13,02-28-2026,1122.36
5735,Andres Ortiz,Tablet,Centro,23.0,$413.90,2025-10-05,1237.09
5192,Isabel Guzman,CAMARA,Centro,46.0,$859.83,Mayo 12 2026,1823.09
5391,Jose Martinez,Teclado,norte,35.0,sin dato,Abril 12 2024,1196.02
861,Pedro Aguilar,Laptop,SUR,46.0,1218.78,2024-03-25,1054.78
7271,Sofia Torres,Laptop,Sur,46.0,$912.62,03-07-2026,1304.6
